fri,entry_ts,instrument,cp,strike,expiry,T_days,wknd_frac,abs_delta,iv_in,iv_out,iv_change,index_move_pct,vega_usd,gamma_per_vega,theta_per_vega,volga_per_vega,vanna_per_vega,charm_per_day,vega_traded_in_window,net_per_vega,gross_per_vega
2019-03-29,2019-03-29 12:44:08.966000+00:00,ETH-5APR19-140-C,C,140,2019-04-05 08:00:00+00:00,6.83333,0.294002,0.518653,0.6492,0.577,-0.0722,1.64382,7.63529,82.2776,-0.0475024,-0.00302923,0.472387,-0.00122354,7.61818,0.0221379,0.0549364
2019-04-05,2019-04-05 11:17:51.404000+00:00,ETH-12APR19-160-C,C,160,2019-04-12 08:00:00+00:00,6.83333,0.291435,0.613791,0.8607,0.9428,0.0821,1.02487,8.60577,62.0595,-0.062978,0.0578063,-1.45894,0.00480946,8.62509,-0.126309,-0.091523
2019-04-19,2019-04-19 11:53:28.209000+00:00,ETH-26APR19-180-C,C,180,2019-04-26 08:00:00+00:00,6.83333,0.292489,0.388962,0.7526,0.7928,0.0402,-0.0881977,9.12313,70.9735,-0.0550683,0.144388,3.74001,-0.0108036,26.9428,0.0353325,0.0652732
2019-05-03,2019-05-03 12:07:29.611000+00:00,ETH-10MAY19-170-P,P,170,2019-05-10 08:00:00+00:00,6.83333,0.292906,0.565473,0.6414,0.6287,-0.0127,-2.8823,8.98839,83.2782,-0.0469317,0.0648689,2.87743,-0.00727203,8.98482,-0.0227853,0.0104183
2019-05-24,2019-05-24 11:56:28.159000+00:00,ETH-31MAY19-270-C,C,270,2019-05-31 08:00:00+00:00,6.83333,0.292578,0.354986,1.0421,1.0087,-0.0334,-0.265251,12.9106,51.2567,-0.0762512,0.183681,3.60884,-0.0140167,38.7149,0.0934308,0.124359
2019-05-24,2019-05-24 12:34:40.433000+00:00,ETH-31MAY19-260-C,C,260,2019-05-31 08:00:00+00:00,6.83333,0.293718,0.448136,1.0356,1.0681,0.0325,0.119586,13.6784,51.5784,-0.0757756,0.0340653,1.9167,-0.00786139,13.6535,0.0110636,0.0425702
2019-07-26,2019-07-26 12:05:27.695000+00:00,ETH-2AUG19-210-P,P,210,2019-08-02 08:00:00+00:00,6.83333,0.292845,0.386509,1.0618,0.9368,-0.125,-4.40887,11.3462,50.3057,-0.0776927,0.0388683,-0.985025,0.00400726,22.6859,0.0661316,0.0976487
2019-07-26,2019-07-26 12:08:15.886000+00:00,ETH-2AUG19-230-C,C,230,2019-08-02 08:00:00+00:00,6.83333,0.292929,0.373472,1.0749,0.9112,-0.1637,-4.84064,11.2443,49.6927,-0.0786512,0.140867,3.1926,-0.0130121,44.2842,0.0721223,0.103444
2019-07-26,2019-07-26 11:25:35.007000+00:00,ETH-2AUG19-220-C,C,220,2019-08-02 08:00:00+00:00,6.83333,0.291663,0.49697,0.962,0.8917,-0.0703,-5.2297,11.8927,55.5246,-0.0703902,0.00113648,1.05956,-0.00407102,11.9135,0.0338324,0.0666031
2019-09-27,2019-09-27 12:25:48.757000+00:00,ETH-4OCT19-170-C,C,170,2019-10-04 08:00:00+00:00,6.83333,0.293453,0.451829,0.9707,1.0265,0.0558,4.90292,8.98611,55.0269,-0.0710268,0.0315265,1.90883,-0.00734693,8.97395,0.0131103,0.044788
2019-10-04,2019-10-04 11:20:47.430000+00:00,ETH-11OCT19-170-C,C,170,2019-10-11 08:00:00+00:00,6.83333,0.291521,0.630528,0.6892,0.6333,-0.0559,1.37433,9.01739,77.5024,-0.0504293,0.115936,-2.53896,0.00661051,9.03677,0.0512714,0.0850294
2019-11-29,2019-11-29 11:54:23.933000+00:00,ETH-6DEC19-160-C,C,160,2019-12-06 08:00:00+00:00,6.83333,0.292516,0.366275,0.6416,0.6205,-0.0211,-1.836,7.96372,83.2522,-0.0469463,0.228923,4.89413,-0.0118299,15.9174,-0.00228521,0.0295759
2019-12-06,2019-12-06 12:33:28.992000+00:00,ETH-13DEC19-150-C,C,150,2019-12-13 08:00:00+00:00,6.83333,0.293682,0.418094,0.6067,0.6056,-0.00109997,0.261353,7.85232,88.0413,-0.0443927,0.0983602,3.48492,-0.00826693,39.0933,0.0369876,0.0671828
2020-01-17,2020-01-17 12:25:41.442000+00:00,ETH-24JAN20-170-C,C,170,2020-01-24 08:00:00+00:00,6.83333,0.293449,0.47444,0.7799,0.7373,-0.0425999,3.85012,9.14553,68.4891,-0.0570659,0.0139762,1.59873,-0.00496988,18.339,0.0404977,0.0729223
2020-01-24,2020-01-24 11:34:02.768000+00:00,ETH-31JAN20-160-C,C,160,2020-01-31 08:00:00+00:00,6.83333,0.291913,0.485052,0.5827,0.633,0.0503,0.490922,8.67379,91.6675,-0.0426366,0.0075798,1.47202,-0.00342348,17.335,-0.0462491,-0.0136351
2020-01-31,2020-01-31 12:10:28.628000+00:00,ETH-7FEB20-180-P,P,180,2020-02-07 08:00:00+00:00,6.83333,0.292995,0.478028,0.6172,0.6655,0.0483,1.94308,9.82122,86.5435,-0.045161,-0.00261933,0.347311,-0.000854875,39.0895,-0.0478864,-0.0164027
2020-02-07,2020-02-07 12:09:17.851000+00:00,ETH-14FEB20-230-C,C,230,2020-02-14 08:00:00+00:00,6.83333,0.29296,0.37584,0.8427,0.9127,0.07,1.78629,11.4386,63.3851,-0.061661,0.161929,3.74251,-0.0119823,46.047,-0.0480521,-0.0160138
2020-02-14,2020-02-14 11:20:02.188000+00:00,ETH-21FEB20-280-C,C,280,2020-02-21 08:00:00+00:00,6.83333,0.291499,0.442497,1.0442,1.0851,0.0409,-3.1561,14.6627,51.1536,-0.0764049,0.0400684,2.01646,-0.00832167,29.2779,-0.0414172,-0.00922151
2020-02-28,2020-02-28 12:09:48.052000+00:00,ETH-6MAR20-220-P,P,220,2020-03-06 08:00:00+00:00,6.83333,0.292975,0.493042,0.9105,0.8955,-0.015,0.81436,11.9402,58.6652,-0.066622,-0.00205753,0.859575,-0.00312547,23.9572,-0.0622401,-0.0280977
2020-02-28,2020-02-28 12:11:10.137000+00:00,ETH-1MAR20-215-P,P,215,2020-03-01 08:00:00+00:00,1.83333,0.730363,0.428963,1.0231,1.3328,0.3097,1.22245,6.04463,194.596,-0.279027,0.018573,-1.46576,0.0113803,29.9572,-0.0692657,-0.0134718
2020-02-28,2020-02-28 12:11:13.927000+00:00,ETH-6MAR20-210-P,P,210,2020-03-06 08:00:00+00:00,6.83333,0.293017,0.366238,0.9327,1.0485,0.1158,0.656969,11.2033,57.2688,-0.0682463,0.0784371,-1.67761,0.00589516,22.4559,-0.14281,-0.109939
2020-02-28,2020-02-28 11:43:13.116000+00:00,ETH-1MAR20-220-P,P,220,2020-03-01 08:00:00+00:00,1.83333,0.722679,0.475861,0.9451,0.8854,-0.0597,0.00459967,6.22011,210.656,-0.257755,-0.000413454,0.0963871,-0.000701155,12.0536,0.0884581,0.14895
2020-03-06,2020-03-06 12:16:58.032000+00:00,ETH-13MAR20-240-P,P,240,2020-03-13 08:00:00+00:00,6.83333,0.293188,0.493807,0.6313,0.6585,0.0272,-2.09026,13.0678,84.6105,-0.0461927,-0.00174767,0.819576,-0.00206628,13.0566,-0.138123,-0.103325
2020-03-06,2020-03-06 12:22:40.484000+00:00,ETH-8MAR20-240-P,P,240,2020-03-08 08:00:00+00:00,1.83333,0.733573,0.557337,0.5969,0.5551,-0.0418,-0.503132,6.66969,333.541,-0.162791,0.0446236,4.39022,-0.0200002,6.64022,-0.0725571,0.00016217
2020-03-06,2020-03-06 12:44:05.132000+00:00,ETH-8MAR20-240-C,C,240,2020-03-08 08:00:00+00:00,1.83333,0.739624,0.468661,0.5645,0.6984,0.1339,-1.41318,6.73891,352.685,-0.153955,0.0161817,2.94071,-0.012762,6.68189,-0.503779,-0.431885
2020-03-13,2020-03-13 11:34:47.734000+00:00,ETH-20MAR20-140-C,C,140,2020-03-20 08:00:00+00:00,6.83333,0.291935,0.443267,1.8737,1.724,-0.1497,-7.10802,7.05567,28.5076,-0.1371,0.0305388,1.55858,-0.011545,14.0881,-0.28921,-0.25524
2020-03-13,2020-03-13 11:34:44.407000+00:00,ETH-20MAR20-130-C,C,130,2020-03-20 08:00:00+00:00,6.83333,0.291934,0.555048,1.9118,1.7544,-0.1574,-6.08876,7.04241,27.9394,-0.139888,-0.00891869,0.471423,-0.00356549,7.05129,-0.380006,-0.34486
2020-03-13,2020-03-13 12:39:32.836000+00:00,ETH-15MAR20-140-C,C,140,2020-03-15 08:00:00+00:00,1.83333,0.738333,0.369598,1.9013,2.153,0.2517,-8.33432,3.55411,104.713,-0.518536,0.0804161,3.44459,-0.0478342,3.52328,0.332959,0.377326
2020-03-27,2020-03-27 12:01:48.855000+00:00,ETH-3APR20-140-C,C,140,2020-04-03 08:00:00+00:00,6.83333,0.292737,0.437076,1.0358,0.9511,-0.0847,-3.24164,7.30557,51.5685,-0.0757902,0.0458784,2.11737,-0.00865056,21.9146,-0.016657,0.0151262
2020-04-17,2020-04-17 12:37:48.481000+00:00,ETH-19APR20-170-P,P,170,2020-04-19 08:00:00+00:00,1.83333,0.737839,0.496438,0.9655,1.7635,0.798,11.4756,4.79817,206.205,-0.263318,-0.000572339,0.863292,-0.00642693,9.52741,0.0351897,0.0794546
2020-05-01,2020-05-01 11:52:32.995000+00:00,ETH-8MAY20-220-P,P,220,2020-05-08 08:00:00+00:00,6.83333,0.292461,0.559004,0.8547,0.781,-0.0737,-0.00252819,11.593,62.4952,-0.062539,0.0461413,2.2702,-0.00766485,34.8472,0.12837,0.160524
2020-05-01,2020-05-01 11:51:32.425000+00:00,ETH-3MAY20-220-C,C,220,2020-05-03 08:00:00+00:00,1.83333,0.72495,0.414645,1.0271,1.1115,0.0844,-0.560289,5.96606,193.838,-0.280118,0.0607702,3.96837,-0.0307043,11.6659,0.364404,0.414028
2020-05-01,2020-05-01 12:15:45.283000+00:00,ETH-8MAY20-210-C,C,210,2020-05-08 08:00:00+00:00,6.83333,0.293152,0.606547,0.7535,0.7666,0.0131001,0.388488,11.3041,70.8887,-0.0551341,0.0599194,-1.62076,0.0047029,11.2946,-0.0094789,0.0234903
2020-05-08,2020-05-08 11:33:01.238000+00:00,ETH-15MAY20-220-C,C,220,2020-05-15 08:00:00+00:00,6.83333,0.291883,0.392667,0.7851,0.7883,0.0032,-1.58293,11.1711,68.0355,-0.0574463,0.132194,3.54038,-0.010696,11.188,0.0507335,0.0810997
2020-05-22,2020-05-22 11:53:20.268000+00:00,ETH-29MAY20-200-P,P,200,2020-05-29 08:00:00+00:00,6.83333,0.292485,0.410693,0.6499,0.7231,0.0732,1.39984,10.8154,82.189,-0.0475537,0.0475617,-1.53937,0.00389525,21.6383,-0.0504166,-0.0196522
2020-05-22,2020-05-22 11:45:06.768000+00:00,ETH-29MAY20-200-C,C,200,2020-05-29 08:00:00+00:00,6.83333,0.292241,0.56997,0.7493,0.7772,0.0279,2.25322,10.8875,71.286,-0.0548268,0.0173762,-0.720116,0.00212189,10.8958,-0.0624801,-0.0304346
2020-05-29,2020-05-29 12:13:17.358000+00:00,ETH-5JUN20-220-C,C,220,2020-06-05 08:00:00+00:00,6.83333,0.293079,0.514962,0.6297,1.2086,0.5789,10.7513,11.9947,84.8255,-0.0460756,-0.0028986,0.564221,-0.00141806,23.9771,-0.461531,-0.427249
2020-06-05,2020-06-05 11:25:07.889000+00:00,ETH-7JUN20-245-C,C,245,2020-06-07 08:00:00+00:00,1.83333,0.717792,0.469792,0.6573,0.6661,0.00879997,-0.883621,6.87473,302.892,-0.179264,0.0143554,2.64432,-0.0133634,6.9204,0.226258,0.279518
2020-06-12,2020-06-12 11:51:55.016000+00:00,ETH-19JUN20-240-P,P,240,2020-06-19 08:00:00+00:00,6.83333,0.292443,0.541495,0.6118,0.5677,-0.0441,0.306694,12.8711,87.3073,-0.0447659,0.0320414,2.24569,-0.00545778,38.6117,0.068404,0.09957
2020-06-26,2020-06-26 11:34:12.377000+00:00,ETH-3JUL20-230-P,P,230,2020-07-03 08:00:00+00:00,6.83333,0.291918,0.470518,0.5376,0.4639,-0.0737,-4.61455,12.5547,99.3576,-0.0393366,5.64367e-05,-0.00557632,1.19409e-05,25.1424,0.0242292,0.0558364
2020-07-03,2020-07-03 12:30:21.659000+00:00,ETH-10JUL20-230-P,P,230,2020-07-10 08:00:00+00:00,6.83333,0.293589,0.60244,0.3201,0.3514,0.0313,0.665736,11.9915,166.869,-0.0234219,0.24535,6.91804,-0.00855258,11.9715,-0.0942348,-0.0607813
2020-07-24,2020-07-24 11:50:01.862000+00:00,ETH-31JUL20-280-C,C,280,2020-07-31 08:00:00+00:00,6.83333,0.292387,0.452202,0.6049,0.936,0.3311,10.0885,14.9724,88.3032,-0.044261,0.0403331,2.45232,-0.00588221,45.0972,-0.224205,-0.189125
2020-07-24,2020-07-24 11:35:03.644000+00:00,ETH-31JUL20-270-P,P,270,2020-07-31 08:00:00+00:00,6.83333,0.291943,0.357862,0.5607,0.7584,0.1977,9.76729,14.1402,95.2642,-0.0410268,0.18713,-3.75168,0.00786171,42.4508,-0.174516,-0.140324
2020-07-31,2020-07-31 12:22:24.605000+00:00,ETH-7AUG20-350-C,C,350,2020-08-07 08:00:00+00:00,6.83333,0.293351,0.462414,0.7955,0.6333,-0.1622,12.5573,18.7155,67.146,-0.0582073,0.0240151,1.86474,-0.00589864,56.0554,0.0984481,0.132481
2020-08-07,2020-08-07 12:31:31.653000+00:00,ETH-14AUG20-400-P,P,400,2020-08-14 08:00:00+00:00,6.83333,0.293624,0.541731,0.7054,0.6715,-0.0339,0.789882,21.3977,75.7225,-0.0516146,0.0297681,2.08244,-0.00583519,64.3219,-0.0638021,-0.0300967
2020-08-07,2020-08-07 11:24:32.836000+00:00,ETH-14AUG20-410-C,C,410,2020-08-14 08:00:00+00:00,6.83333,0.291632,0.384654,0.7861,0.8202,0.0341,1.08318,20.6466,67.9489,-0.0575195,0.150184,3.73339,-0.0112261,20.6881,-0.0688507,-0.0360555
2020-08-14,2020-08-14 11:59:01.045000+00:00,ETH-21AUG20-430-P,P,430,2020-08-21 08:00:00+00:00,6.83333,0.292654,0.476089,0.7251,0.8822,0.1571,0.950617,23.4538,73.6652,-0.0530561,-0.00324564,0.395554,-0.00114351,70.3204,-0.111985,-0.0805178
2020-08-14,2020-08-14 12:07:19.778000+00:00,ETH-21AUG20-440-C,C,440,2020-08-21 08:00:00+00:00,6.83333,0.292901,0.431586,0.8277,0.9683,0.1406,1.19655,23.0587,64.5338,-0.0605634,0.0594042,2.52079,-0.00821079,23.0497,-0.0758251,-0.0449827
2020-08-21,2020-08-21 12:19:35.820000+00:00,ETH-28AUG20-400-C,C,400,2020-08-28 08:00:00+00:00,6.83333,0.293267,0.559989,0.6475,0.6691,0.0216,-1.87369,21.792,82.4936,-0.047378,0.0145133,-0.70302,0.00179755,43.5489,-0.0795058,-0.0448684
2020-08-28,2020-08-28 11:51:38.376000+00:00,ETH-30AUG20-390-P,P,390,2020-08-30 08:00:00+00:00,1.83333,0.724977,0.402298,0.6677,0.6181,-0.0496,1.71894,10.8076,298.174,-0.1821,0.0743496,-4.23488,0.0211451,32.7584,0.0906982,0.136631
2020-08-28,2020-08-28 11:50:50.429000+00:00,ETH-4SEP20-400-C,C,400,2020-09-04 08:00:00+00:00,6.83333,0.292411,0.457034,0.5842,0.5667,-0.0175,1.23883,21.4521,91.4321,-0.0427463,0.0347414,2.35107,-0.00545397,21.4623,0.0304756,0.0625035
2020-09-25,2020-09-25 11:52:04.603000+00:00,ETH-27SEP20-350-C,C,350,2020-09-27 08:00:00+00:00,1.83333,0.725097,0.37953,0.7133,0.4866,-0.2267,2.84146,9.28223,279.112,-0.194536,0.154123,7.07781,-0.0371351,9.29768,0.306114,0.360258
2020-09-25,2020-09-25 11:21:15.453000+00:00,ETH-2OCT20-340-C,C,340,2020-10-02 08:00:00+00:00,6.83333,0.291535,0.538023,0.6,0.6523,0.0523,4.38976,18.5575,89.0244,-0.0439024,0.00212999,-0.163039,0.000388939,18.5941,-0.151287,-0.119014
2020-10-02,2020-10-02 12:17:30.160000+00:00,ETH-4OCT20-340-C,C,340,2020-10-04 08:00:00+00:00,1.83333,0.732127,0.497105,0.7988,0.7398,-0.0589999,2.33451,9.59364,249.238,-0.217855,0.000561506,1.12446,-0.00692602,19.091,0.116522,0.170465
2020-10-02,2020-10-02 12:38:55.112000+00:00,ETH-9OCT20-340-P,P,340,2020-10-09 08:00:00+00:00,6.83333,0.293845,0.503231,0.6617,0.5788,-0.0829,2.36514,18.4695,80.7233,-0.0484171,0.00117597,1.08731,-0.00287354,55.2552,0.0945421,0.126464
2020-10-02,2020-10-02 12:44:00.646000+00:00,ETH-9OCT20-350-P,P,350,2020-10-09 08:00:00+00:00,6.83333,0.293998,0.608209,0.7819,0.5353,-0.2466,2.50423,17.769,68.3139,-0.0572122,0.13334,3.55924,-0.0107065,17.725,0.292944,0.326196
2020-10-16,2020-10-16 11:53:52.146000+00:00,ETH-18OCT20-370-C,C,370,2020-10-18 08:00:00+00:00,1.83333,0.725588,0.477362,0.5287,0.5208,-0.00789997,-0.00288638,10.4148,376.567,-0.144191,0.0101517,2.51811,-0.0102493,30.4822,0.110305,0.162404
2020-10-16,2020-10-16 11:25:19.792000+00:00,ETH-23OCT20-360-P,P,360,2020-10-23 08:00:00+00:00,6.83333,0.291655,0.394192,0.5693,0.5101,-0.0592,0.78974,19.2963,93.8251,-0.0416561,0.0900937,-2.45009,0.00537351,19.332,0.0881844,0.118094
2020-10-30,2020-10-30 12:17:31.727000+00:00,ETH-1NOV20-380-C,C,380,2020-11-01 08:00:00+00:00,1.83333,0.732134,0.464536,0.4887,0.5222,0.0335,2.29864,10.6628,407.389,-0.133282,0.0223424,3.55811,-0.0133558,21.2023,0.159918,0.217256
2020-11-06,2020-11-06 12:04:06.883000+00:00,ETH-8NOV20-440-P,P,440,2020-11-08 08:00:00+00:00,1.83333,0.728408,0.472055,0.7148,0.8498,0.135,-1.02412,12.4381,278.527,-0.194945,0.00190528,-0.383557,0.00210892,37.278,-0.510765,-0.443454
2020-11-06,2020-11-06 12:06:14.508000+00:00,ETH-13NOV20-440-P,P,440,2020-11-13 08:00:00+00:00,6.83333,0.292869,0.476798,0.6777,0.6572,-0.0205,-1.15171,24.0035,78.8175,-0.0495878,-0.00296507,0.372327,-0.00100611,23.9959,-0.161762,-0.126127
2020-11-06,2020-11-06 11:36:38.911000+00:00,ETH-8NOV20-450-C,C,450,2020-11-08 08:00:00+00:00,1.83333,0.720896,0.407071,0.8437,1.0058,0.1621,-1.007,12.1772,235.974,-0.2301,0.0829849,4.95334,-0.0313375,60.6359,-0.437256,-0.37182
2020-11-06,2020-11-06 11:16:25.947000+00:00,ETH-8NOV20-440-C,C,440,2020-11-08 08:00:00+00:00,1.83333,0.715466,0.541363,0.7966,0.8891,0.0925,-1.8485,12.4263,249.926,-0.217255,0.00625575,-0.846653,0.00517247,12.5289,-0.258285,-0.188845
2020-11-13,2020-11-13 12:36:37.382000+00:00,ETH-20NOV20-480-C,C,480,2020-11-20 08:00:00+00:00,6.83333,0.293776,0.383236,0.5985,0.5545,-0.044,-0.860469,24.393,89.2475,-0.0437927,0.187217,4.61809,-0.0105653,48.6849,0.0168302,0.0480798
2020-11-13,2020-11-13 12:41:30.500000+00:00,ETH-20NOV20-460-C,C,460,2020-11-20 08:00:00+00:00,6.83333,0.293923,0.612452,0.5363,0.5229,-0.0134,-1.12466,24.5521,99.5984,-0.0392415,0.112706,-2.88753,0.00593856,24.4971,-0.0204017,0.0130756
2020-11-20,2020-11-20 12:01:27.807000+00:00,ETH-27NOV20-520-C,C,520,2020-11-27 08:00:00+00:00,6.83333,0.292726,0.447999,0.8716,0.9472,0.0756,8.63643,27.5116,61.2834,-0.0637756,0.0374818,2.09594,-0.00723441,218.593,-0.108607,-0.0753579
2020-11-20,2020-11-20 12:11:45.672000+00:00,ETH-27NOV20-520-P,P,520,2020-11-27 08:00:00+00:00,6.83333,0.293033,0.585492,0.7256,0.8892,0.1636,8.84022,27.0103,73.6144,-0.0530927,0.0936904,3.17338,-0.00898517,80.8911,-0.308378,-0.271815
2020-11-20,2020-11-20 12:15:30.422000+00:00,ETH-22NOV20-500-C,C,500,2020-11-22 08:00:00+00:00,1.83333,0.73157,0.576899,1.1512,2.8793,1.7281,10.8416,14.0484,172.942,-0.313964,0.0188467,-1.37334,0.0119646,42.4175,-0.684444,-0.626344
2020-11-20,2020-11-20 11:38:37.089000+00:00,ETH-27NOV20-500-C,C,500,2020-11-27 08:00:00+00:00,6.83333,0.292048,0.556798,0.7307,0.9248,0.1941,9.84961,27.2678,73.1006,-0.0534659,0.00839468,-0.429331,0.00124027,162.613,-0.216862,-0.182952
2020-11-20,2020-11-20 11:36:23.900000+00:00,ETH-27NOV20-500-P,P,500,2020-11-27 08:00:00+00:00,6.83333,0.291983,0.445835,0.6815,0.8697,0.1882,9.22123,27.2677,78.378,-0.0498659,0.00859528,-0.461083,0.00124346,81.911,-0.138616,-0.106013
2020-11-20,2020-11-20 11:21:02.803000+00:00,ETH-22NOV20-520-C,C,520,2020-11-22 08:00:00+00:00,1.83333,0.716698,0.380014,1.2132,1.4433,0.2301,10.7438,13.6027,164.104,-0.330873,0.100209,4.58592,-0.04091,82.1247,-0.132884,-0.0762923
2020-11-27,2020-11-27 12:07:31.878000+00:00,ETH-4DEC20-500-P,P,500,2020-12-04 08:00:00+00:00,6.83333,0.292907,0.408865,0.8645,0.79,-0.0745,6.94027,27.1219,61.7867,-0.0632561,0.0298882,-0.947996,0.00318757,81.3504,0.082847,0.115539
2020-12-04,2020-12-04 11:59:58.071000+00:00,ETH-11DEC20-580-C,C,580,2020-12-11 08:00:00+00:00,6.83333,0.292682,0.558437,0.7788,0.7975,0.0187,3.16504,31.6339,68.5858,-0.0569854,0.00763476,-0.379566,0.00116799,126.308,-0.0519254,-0.0179287
2020-12-04,2020-12-04 11:59:32.029000+00:00,ETH-11DEC20-610-P,P,610,2020-12-11 08:00:00+00:00,6.83333,0.292669,0.604266,0.8047,0.7916,-0.0131,1.52895,31.0421,66.3783,-0.0588805,0.123062,3.40149,-0.010557,62.5967,-0.178832,-0.144372
2020-12-04,2020-12-04 12:00:28.215000+00:00,ETH-11DEC20-570-C,C,570,2020-12-11 08:00:00+00:00,6.83333,0.292697,0.633151,0.7654,0.7979,0.0325,2.84439,30.2631,69.7866,-0.0560049,0.104666,-2.24851,0.00648735,60.3168,-0.110889,-0.0746789
2020-12-04,2020-12-04 11:32:01.807000+00:00,ETH-6DEC20-590-P,P,590,2020-12-06 08:00:00+00:00,1.83333,0.719648,0.473292,0.7835,0.8207,0.0372,1.75266,16.6804,254.105,-0.213682,0.000986744,-0.207627,0.00125158,16.7686,0.130476,0.187456
2020-12-04,2020-12-04 11:30:16.447000+00:00,ETH-11DEC20-590-P,P,590,2020-12-11 08:00:00+00:00,6.83333,0.291801,0.448404,0.7798,0.7657,-0.0141,0.703738,32.1971,68.4979,-0.0570585,0.00383159,-0.21586,0.000666682,161.075,-0.0850546,-0.0532939
2020-12-04,2020-12-04 11:15:59.448000+00:00,ETH-11DEC20-580-P,P,580,2020-12-11 08:00:00+00:00,6.83333,0.29138,0.368816,0.7695,0.7726,0.00310005,0.566351,30.8318,69.4147,-0.0563049,0.100375,-2.18654,0.00635245,30.906,-0.0497532,-0.0172254
2020-12-11,2020-12-11 11:19:05.759000+00:00,ETH-13DEC20-540-C,C,540,2020-12-13 08:00:00+00:00,1.83333,0.716176,0.513494,0.8082,1.4242,0.616,5.39196,15.2636,246.339,-0.220418,-0.000983813,0.412543,-0.00256954,15.3813,0.00643171,0.0626466
2020-12-18,2020-12-18 12:11:07.399000+00:00,ETH-25DEC20-640-C,C,640,2020-12-25 08:00:00+00:00,6.83333,0.293014,0.583585,0.8431,0.8494,0.00630005,-0.875037,34.7755,63.355,-0.0616902,0.0239431,-0.829254,0.00273095,69.5108,0.181531,0.21473
2020-12-18,2020-12-18 12:12:08.985000+00:00,ETH-20DEC20-660-C,C,660,2020-12-20 08:00:00+00:00,1.83333,0.730635,0.432138,0.8987,0.9539,0.0552,0.491075,18.1564,221.532,-0.2451,0.0443832,3.67526,-0.0251022,18.1129,0.308298,0.363929
2020-12-18,2020-12-18 12:12:32.052000+00:00,ETH-25DEC20-670-C,C,670,2020-12-25 08:00:00+00:00,6.83333,0.293056,0.453654,0.9411,0.9309,-0.0102,0.829631,35.4908,56.7577,-0.068861,0.0302773,1.90302,-0.00710494,141.571,0.0321284,0.0634248
2020-12-18,2020-12-18 12:34:13.140000+00:00,ETH-20DEC20-650-P,P,650,2020-12-20 08:00:00+00:00,1.83333,0.736823,0.4852,0.8016,1.052,0.2504,-0.11005,18.3745,248.367,-0.218618,-0.000909338,0.344596,-0.00212853,18.2551,-0.00701416,0.048417
2020-12-25,2020-12-25 11:59:20.649000+00:00,ETH-1JAN21-650-C,C,650,2021-01-01 08:00:00+00:00,6.83333,0.292663,0.428491,0.8688,0.8733,0.00450005,1.00263,33.9287,61.4809,-0.0635707,0.0620464,2.5161,-0.00859038,203.002,0.0155263,0.0482598
2020-12-25,2020-12-25 12:04:23.203000+00:00,ETH-27DEC20-630-C,C,630,2020-12-27 08:00:00+00:00,1.83333,0.728483,0.516441,0.8392,0.7879,-0.0513,0.887683,17.8095,237.239,-0.228873,-0.000896163,0.306621,-0.00198249,35.5468,0.268169,0.328417
2020-12-25,2020-12-25 12:07:01.396000+00:00,ETH-27DEC20-640-C,C,640,2020-12-27 08:00:00+00:00,1.83333,0.729213,0.428763,0.8833,1.0336,0.1503,0.724941,17.5739,225.394,-0.2409,0.0490571,3.86262,-0.0258898,158.267,0.197005,0.256464
2020-12-25,2020-12-25 12:07:59.201000+00:00,ETH-1JAN21-640-C,C,640,2021-01-01 08:00:00+00:00,6.83333,0.292921,0.489637,0.888,0.8215,-0.0665,0.659587,34.5574,60.1516,-0.0649756,0.00430299,1.21332,-0.00430191,103.398,0.119444,0.151835
2020-12-25,2020-12-25 11:50:10.705000+00:00,ETH-1JAN21-640-P,P,640,2021-01-01 08:00:00+00:00,6.83333,0.292391,0.52014,0.7623,0.8394,0.0771,1.04929,34.5184,70.0704,-0.0557781,0.0102771,1.48495,-0.00451542,205.318,-0.105953,-0.0717423
2020-12-25,2020-12-25 12:14:44.757000+00:00,ETH-1JAN21-610-P,P,610,2021-01-01 08:00:00+00:00,6.83333,0.293122,0.360421,0.7853,0.7796,-0.0057,0.585379,32.2753,68.0181,-0.057461,0.11356,-2.32385,0.00683855,96.9254,-0.0401352,-0.00778695
2021-01-08,2021-01-08 12:05:54.461000+00:00,ETH-15JAN21-1280-P,P,1280,2021-01-15 08:00:00+00:00,6.83333,0.292859,0.468066,1.8981,1.9267,0.0286,2.44909,68.753,28.1411,-0.138885,-0.00758408,0.691248,-0.00522365,137.356,0.0235632,0.05621
2021-01-08,2021-01-08 12:25:06.531000+00:00,ETH-10JAN21-1300-C,C,1300,2021-01-10 08:00:00+00:00,1.83333,0.734256,0.463093,2.1859,2.1334,-0.0525,2.24272,35.6571,91.0796,-0.596155,0.0103097,1.59041,-0.0266954,425.792,0.449982,0.508065
2021-01-15,2021-01-15 12:00:22.354000+00:00,ETH-22JAN21-1400-C,C,1400,2021-01-22 08:00:00+00:00,6.83333,0.292694,0.353538,1.8637,1.9153,0.0516,-1.85266,62.6339,28.6605,-0.136368,0.127183,2.47361,-0.0171578,250.45,0.0108657,0.0434375
2021-01-15,2021-01-15 11:42:22.971000+00:00,ETH-17JAN21-1260-C,C,1260,2021-01-17 08:00:00+00:00,1.83333,0.722452,0.462719,1.799,2.1223,0.3233,-1.50651,34.7592,110.668,-0.490636,0.0116304,1.7398,-0.0240277,138.798,0.337772,0.396636
2021-01-22,2021-01-22 12:29:20.340000+00:00,ETH-29JAN21-1280-C,C,1280,2021-01-29 08:00:00+00:00,6.83333,0.293558,0.431583,1.5265,1.4228,-0.1037,1.84287,64.9872,34.9916,-0.111695,0.0428341,1.82243,-0.0109486,64.8839,0.137438,0.170246
2021-01-22,2021-01-22 11:18:12.433000+00:00,ETH-24JAN21-1220-C,C,1220,2021-01-24 08:00:00+00:00,1.83333,0.715939,0.470349,1.3957,0.9976,-0.3981,1.93833,33.9718,142.646,-0.380645,0.00948178,1.76591,-0.0189508,102.87,0.513543,0.572947
2021-01-22,2021-01-22 11:17:18.140000+00:00,ETH-24JAN21-1260-C,C,1260,2021-01-24 08:00:00+00:00,1.83333,0.715697,0.365237,1.547,1.2846,-0.2624,1.771,32.0809,128.695,-0.421909,0.103028,4.17548,-0.0468801,64.6963,0.661518,0.720951
2021-01-22,2021-01-22 11:17:17.204000+00:00,ETH-24JAN21-1240-C,C,1240,2021-01-24 08:00:00+00:00,1.83333,0.715693,0.419889,1.5367,1.2283,-0.3084,2.05312,33.3773,129.557,-0.4191,0.041771,2.87944,-0.0334128,33.6634,0.62037,0.679129
2021-01-29,2021-01-29 11:46:14.902000+00:00,ETH-5FEB21-1360-C,C,1360,2021-02-05 08:00:00+00:00,6.83333,0.292274,0.620836,1.6962,1.3107,-0.3855,-2.78048,74.0246,31.4908,-0.124112,0.0137238,-0.325937,0.00210603,1184.76,0.349598,0.383745
2021-01-29,2021-01-29 11:44:08.579000+00:00,ETH-5FEB21-1440-C,C,1440,2021-02-05 08:00:00+00:00,6.83333,0.292212,0.520628,1.7812,1.3713,-0.4099,-3.02652,77.166,29.988,-0.130332,-0.0055634,0.788383,-0.00560131,386.122,0.45486,0.486518
2021-01-29,2021-01-29 11:42:26.004000+00:00,ETH-5FEB21-1600-C,C,1600,2021-02-05 08:00:00+00:00,6.83333,0.292161,0.375067,1.8963,1.4422,-0.4541,-2.76632,73.8829,28.1678,-0.138754,0.0972999,2.22937,-0.0160477,957.691,0.437201,0.467848
2021-02-05,2021-02-05 12:00:56.071000+00:00,ETH-12FEB21-1760-C,C,1760,2021-02-12 08:00:00+00:00,6.83333,0.292711,0.422322,1.2477,1.1229,-0.1248,0.758547,89.8255,42.8105,-0.0912951,0.0575802,2.14774,-0.0104996,1429.78,0.111568,0.144477
2021-02-05,2021-02-05 12:02:57.218000+00:00,ETH-7FEB21-1680-C,C,1680,2021-02-07 08:00:00+00:00,1.83333,0.728087,0.465847,1.1162,1.2816,0.1654,1.11939,46.8599,178.365,-0.304418,0.012636,2.08235,-0.0178573,93.7772,-0.133347,-0.0686203
2021-02-05,2021-02-05 12:10:40.996000+00:00,ETH-12FEB21-1680-C,C,1680,2021-02-12 08:00:00+00:00,6.83333,0.293001,0.52864,1.2449,1.1305,-0.1144,1.08585,91.261,42.9068,-0.0910902,-0.00568528,0.577865,-0.00286587,182.218,0.0933959,0.126675
2021-02-05,2021-02-05 12:23:02.541000+00:00,ETH-7FEB21-1720-C,C,1720,2021-02-07 08:00:00+00:00,1.83333,0.733676,0.361546,1.0145,1.0838,0.0693,0.696722,44.4435,196.245,-0.276682,0.147436,5.90218,-0.0433911,88.4399,-0.0625427,0.00142841
2021-02-05,2021-02-05 11:22:46.431000+00:00,ETH-7FEB21-1700-C,C,1700,2021-02-07 08:00:00+00:00,1.83333,0.71716,0.387193,1.1016,1.2101,0.1085,1.50371,44.9305,180.729,-0.300436,0.0964237,4.70435,-0.0383243,184.337,0.13361,0.195477
2021-02-12,2021-02-12 11:25:24.194000+00:00,ETH-14FEB21-1820-C,C,1820,2021-02-14 08:00:00+00:00,1.83333,0.717865,0.418063,1.0358,0.8271,-0.2087,1.80862,49.4511,192.21,-0.282491,0.0568333,3.84274,-0.0300313,49.793,0.254622,0.314688
2021-02-12,2021-02-12 11:25:18.257000+00:00,ETH-14FEB21-1840-C,C,1840,2021-02-14 08:00:00+00:00,1.83333,0.717839,0.361676,1.0373,0.9535,-0.0838,2.2821,47.4237,191.932,-0.2829,0.148004,5.8532,-0.0439308,47.7819,0.150677,0.211249
2021-02-19,2021-02-19 11:59:59.570000+00:00,ETH-21FEB21-1980-C,C,1980,2021-02-21 08:00:00+00:00,1.83333,0.727271,0.395072,1.0174,1.262,0.2446,-0.555183,52.8699,195.686,-0.277473,0.0884708,4.69076,-0.0355197,475.406,-0.180791,-0.117083
2021-02-19,2021-02-19 11:50:36.293000+00:00,ETH-26FEB21-1960-C,C,1960,2021-02-26 08:00:00+00:00,6.83333,0.292404,0.510229,1.0744,1.168,0.0936,-1.36685,106.202,49.7158,-0.0786146,-0.00289156,0.825951,-0.0035432,212.506,-0.102952,-0.0711964
2021-02-19,2021-02-19 11:47:43.350000+00:00,ETH-21FEB21-1940-C,C,1940,2021-02-21 08:00:00+00:00,1.83333,0.723906,0.499391,1.0673,1.3554,0.2881,-1.73179,54.6874,186.537,-0.291082,0.000123557,1.02254,-0.00841548,164.543,-0.000361089,0.0598459
2021-02-19,2021-02-19 11:33:39.241000+00:00,ETH-26FEB21-1880-P,P,1880,2021-02-26 08:00:00+00:00,6.83333,0.291901,0.374842,0.9671,1.1359,0.1688,-0.974663,100.843,55.2318,-0.0707634,0.0617354,-1.41305,0.00518688,100.986,-0.0711052,-0.0392169
2021-02-19,2021-02-19 12:32:01.809000+00:00,ETH-21FEB21-1900-C,C,1900,2021-02-21 08:00:00+00:00,1.83333,0.736205,0.637757,1.0023,1.2626,0.2603,-2.29575,51.6592,198.634,-0.273355,0.0978878,-3.93778,0.0286185,51.3139,-0.371717,-0.306681
2021-02-19,2021-02-19 12:33:02.772000+00:00,ETH-21FEB21-1960-C,C,1960,2021-02-21 08:00:00+00:00,1.83333,0.736492,0.469813,1.06,1.4673,0.4073,-2.56332,54.7974,187.822,-0.289091,0.0105784,1.99561,-0.016266,163.369,-0.34167,-0.278126
2021-02-19,2021-02-19 12:35:40.653000+00:00,ETH-26FEB21-2000-C,C,2000,2021-02-26 08:00:00+00:00,6.83333,0.293748,0.467117,1.0795,1.1268,0.0473,-1.7855,106.327,49.4809,-0.0789878,0.017478,1.55585,-0.00668568,212.252,-0.123807,-0.0911958
2021-02-19,2021-02-19 11:19:17.759000+00:00,ETH-21FEB21-1920-C,C,1920,2021-02-21 08:00:00+00:00,1.83333,0.71623,0.551997,1.0288,1.2134,0.1846,-1.29465,54.1937,193.518,-0.280582,0.00742376,-0.798703,0.00628194,54.6131,-0.094872,-0.0341225
2021-02-26,2021-02-26 11:57:32.347000+00:00,ETH-5MAR21-1440-P,P,1440,2021-03-05 08:00:00+00:00,6.83333,0.29261,0.392885,1.3755,1.2292,-0.1463,-1.87234,78.3293,38.8329,-0.100646,0.0165228,-0.444261,0.00235219,468.199,0.171651,0.205125
2021-03-05,2021-03-05 12:15:53.048000+00:00,ETH-12MAR21-1440-P,P,1440,2021-03-12 08:00:00+00:00,6.83333,0.293156,0.402336,1.0852,1.1287,0.0435001,12.6073,78.2213,49.221,-0.0794049,0.022495,-0.665,0.00279561,313.16,-0.141804,-0.107537
2021-03-19,2021-03-19 12:00:49.615000+00:00,ETH-26MAR21-1760-P,P,1760,2021-03-26 08:00:00+00:00,6.83333,0.292708,0.355833,0.8852,0.8089,-0.0763,-0.621537,93.1503,60.3419,-0.0647707,0.103756,-2.05163,0.00677475,280.831,0.182205,0.213977
2021-03-19,2021-03-19 12:01:04.612000+00:00,ETH-26MAR21-1920-C,C,1920,2021-03-26 08:00:00+00:00,6.83333,0.292715,0.359075,0.8524,0.7834,-0.069,-1.66145,93.511,62.6638,-0.0623707,0.202188,4.09443,-0.0130608,186.443,0.0503787,0.0820912
2021-03-19,2021-03-19 11:53:04.672000+00:00,ETH-21MAR21-1820-C,C,1820,2021-03-21 08:00:00+00:00,1.83333,0.725371,0.493895,0.7795,0.8109,0.0314,-0.102717,51.3301,255.408,-0.212591,0.00139537,1.27871,-0.0076851,204.883,-0.0124124,0.0479856
2021-03-19,2021-03-19 12:17:11.849000+00:00,ETH-21MAR21-1820-P,P,1820,2021-03-21 08:00:00+00:00,1.83333,0.732041,0.486055,0.7604,0.6327,-0.1277,-0.531555,51.4492,261.824,-0.207382,-0.000869015,0.350096,-0.00205152,102.563,0.398959,0.460335
2021-03-26,2021-03-26 11:43:39.711000+00:00,ETH-2APR21-1600-P,P,1600,2021-04-02 08:00:00+00:00,6.83333,0.292198,0.413769,0.7772,0.7737,-0.00349998,5.02175,86.795,68.727,-0.0568683,0.0312999,-1.04956,0.00318159,173.837,-0.0203185,0.0112218
2021-04-02,2021-04-02 11:57:10.929000+00:00,ETH-4APR21-2000-P,P,2000,2021-04-04 08:00:00+00:00,1.83333,0.726497,0.449957,0.7391,0.8135,0.0743999,-1.16596,56.3954,269.369,-0.201573,0.0124987,-1.40178,0.00792608,226.278,-0.554723,-0.4907
2021-04-02,2021-04-02 12:09:38.785000+00:00,ETH-9APR21-2100-C,C,2100,2021-04-09 08:00:00+00:00,6.83333,0.29297,0.375088,0.7509,0.8624,0.1115,-0.255926,104.911,71.1342,-0.0549439,0.178379,4.09706,-0.0116811,735.42,-0.196477,-0.161736
2021-04-02,2021-04-02 12:34:07.236000+00:00,ETH-9APR21-2050-C,C,2050,2021-04-09 08:00:00+00:00,6.83333,0.293701,0.467615,0.7848,0.8781,0.0932999,-1.31693,109.934,68.0615,-0.0574244,0.0194219,1.75375,-0.00547924,219.626,-0.0567874,-0.0235576
2021-04-02,2021-04-02 11:21:36.305000+00:00,ETH-9APR21-2000-C,C,2000,2021-04-09 08:00:00+00:00,6.83333,0.291545,0.559459,0.7637,0.8346,0.0709,-0.880671,109.06,69.9419,-0.0558805,0.0088575,-0.432475,0.00130448,109.274,-0.0694372,-0.0348232
2021-04-09,2021-04-09 12:20:41.425000+00:00,ETH-16APR21-2100-C,C,2100,2021-04-16 08:00:00+00:00,6.83333,0.2933,0.545425,0.6293,0.7926,0.1633,2.09888,114.585,84.8794,-0.0460463,0.00507177,-0.324918,0.000811376,1716.96,-0.314296,-0.280223
2021-04-09,2021-04-09 12:35:14.792000+00:00,ETH-16APR21-2050-P,P,2050,2021-04-16 08:00:00+00:00,6.83333,0.293735,0.359671,0.5957,0.747,0.1513,2.49252,107.679,89.667,-0.0435878,0.16706,-3.40254,0.00759079,107.467,-0.272986,-0.238712
2021-04-16,2021-04-16 11:50:44.825000+00:00,ETH-23APR21-2500-C,C,2500,2021-04-23 08:00:00+00:00,6.83333,0.292408,0.356516,0.6474,0.6792,0.0318,-4.82838,122.957,82.5064,-0.0473707,0.259537,5.1544,-0.0124555,123.024,0.0105768,0.0446345
2021-04-16,2021-04-16 11:45:50.240000+00:00,ETH-23APR21-2350-P,P,2350,2021-04-23 08:00:00+00:00,6.83333,0.292262,0.378994,0.6586,0.6126,-0.046,-2.35628,125.26,81.1033,-0.0481902,0.10212,-2.42101,0.00607293,758.876,-0.0455026,-0.0105195
2021-04-16,2021-04-16 12:19:09.732000+00:00,ETH-18APR21-2360-P,P,2360,2021-04-18 08:00:00+00:00,1.83333,0.73259,0.406906,0.5995,0.7147,0.1152,-1.74801,65.5035,332.095,-0.1635,0.0753268,-4.52649,0.020356,131.544,-0.322411,-0.251126
2021-04-16,2021-04-16 12:20:33.950000+00:00,ETH-23APR21-2400-C,C,2400,2021-04-23 08:00:00+00:00,6.83333,0.293296,0.530643,0.6697,0.5961,-0.0736,-2.65207,130.992,79.759,-0.0490024,-0.00169148,0.160752,-0.000428716,1041.49,0.0515904,0.0863697
2021-04-16,2021-04-16 12:28:28.505000+00:00,ETH-18APR21-2400-P,P,2400,2021-04-18 08:00:00+00:00,1.83333,0.735203,0.511481,0.6646,1.245,0.5804,-4.18343,67.6642,299.565,-0.181255,0.00322204,1.60237,-0.00820843,67.2975,-0.773878,-0.705945
2021-04-16,2021-04-16 11:27:19.207000+00:00,ETH-23APR21-2450-C,C,2450,2021-04-23 08:00:00+00:00,6.83333,0.291714,0.416587,0.6746,0.6074,-0.0672,-1.80747,127.718,79.1797,-0.049361,0.0949696,3.28741,-0.00866239,1022.08,0.0528284,0.085484
2021-04-16,2021-04-16 11:24:17.044000+00:00,ETH-18APR21-2340-P,P,2340,2021-04-18 08:00:00+00:00,1.83333,0.717565,0.439401,0.6935,0.7719,0.0784,-0.764157,65.8037,287.081,-0.189136,0.0229792,-2.11666,0.011187,198.961,-0.00332026,0.058286
2021-04-16,2021-04-16 11:24:04.346000+00:00,ETH-18APR21-2320-P,P,2320,2021-04-18 08:00:00+00:00,1.83333,0.717508,0.377526,0.6629,0.7253,0.0624,-1.40884,63.3017,300.333,-0.180791,0.126288,-5.67888,0.027634,128.3,-0.150033,-0.0911085
2021-04-16,2021-04-16 11:15:46.508000+00:00,ETH-18APR21-2400-C,C,2400,2021-04-18 08:00:00+00:00,1.83333,0.71529,0.414901,0.6253,0.7381,0.1128,-2.45819,65.5774,318.393,-0.170536,0.0907767,5.89932,-0.0277822,66.1553,-0.0506729,0.00732778
2021-04-23,2021-04-23 11:55:17.493000+00:00,ETH-30APR21-2240-P,P,2240,2021-04-30 08:00:00+00:00,6.83333,0.292543,0.386321,0.9742,0.9854,0.0112,-2.03483,120.8,54.8292,-0.0712829,0.0461708,-1.16779,0.00435811,725.801,-0.00301021,0.0311005
2021-04-30,2021-04-30 11:51:28.058000+00:00,ETH-7MAY21-2750-P,P,2750,2021-05-07 08:00:00+00:00,6.83333,0.292429,0.470701,0.7284,0.8632,0.1348,7.40075,150.06,73.3315,-0.0532976,-0.00264032,0.262552,-0.000761779,450.468,-0.122987,-0.0906247
2021-05-07,2021-05-07 12:03:36.580000+00:00,ETH-14MAY21-3450-P,P,3450,2021-05-14 08:00:00+00:00,6.83333,0.29279,0.45533,0.9021,1.0548,0.1527,12.4628,188.309,59.2114,-0.0660073,-0.00139588,0.0909181,-0.000325528,752.048,-0.197882,-0.163652
2021-05-07,2021-05-07 11:50:59.651000+00:00,ETH-14MAY21-3400-P,P,3400,2021-05-14 08:00:00+00:00,6.83333,0.292415,0.401945,0.9187,1.0444,0.1257,11.7186,184.201,58.1415,-0.067222,0.0331639,-0.975873,0.00347207,2027.6,-0.175163,-0.14102
2021-05-07,2021-05-07 12:13:14.693000+00:00,ETH-14MAY21-3400-C,C,3400,2021-05-14 08:00:00+00:00,6.83333,0.293077,0.578772,0.9105,1.0619,0.1514,12.8114,185.083,58.6652,-0.066622,0.0161761,-0.594976,0.0021214,184.956,-0.211952,-0.17571
2021-05-07,2021-05-07 12:16:29.914000+00:00,ETH-14MAY21-3500-C,C,3500,2021-05-14 08:00:00+00:00,6.83333,0.293174,0.490364,0.9129,1.0851,0.1722,12.658,188.943,58.5109,-0.0667976,0.00392071,1.19239,-0.00434644,2264.43,-0.214151,-0.179208
2021-05-07,2021-05-07 12:18:24.986000+00:00,ETH-14MAY21-3450-C,C,3450,2021-05-14 08:00:00+00:00,6.83333,0.293232,0.529273,0.9068,1.0751,0.1683,13.0245,188.08,58.9045,-0.0663512,-0.0040995,0.40769,-0.00147261,1691.21,-0.235349,-0.200133
2021-05-07,2021-05-07 12:21:54.998000+00:00,ETH-14MAY21-3600-C,C,3600,2021-05-14 08:00:00+00:00,6.83333,0.293336,0.393238,0.9346,0.9336,-0.000999985,13.0245,181.522,57.1524,-0.0683854,0.115263,3.11487,-0.0112099,913.919,-0.107682,-0.0731526
2021-05-07,2021-05-07 12:24:28.941000+00:00,ETH-14MAY21-3350-P,P,3350,2021-05-14 08:00:00+00:00,6.83333,0.293413,0.374725,0.8648,1.0714,0.2066,12.7382,179.213,61.7653,-0.0632781,0.0740909,-1.69687,0.00557018,8196.54,-0.21721,-0.183423
2021-05-14,2021-05-14 11:56:54.780000+00:00,ETH-16MAY21-4000-C,C,4000,2021-05-16 08:00:00+00:00,1.83333,0.726423,0.527564,1.0077,1.1578,0.1501,-6.09134,113.095,197.57,-0.274827,-0.000155856,0.0318039,-0.000246539,113.161,-0.0799919,-0.026785
2021-05-14,2021-05-14 12:03:20.871000+00:00,ETH-21MAY21-4000-C,C,4000,2021-05-21 08:00:00+00:00,6.83333,0.292783,0.531641,1.0425,1.1069,0.0644,-8.88903,217.907,51.2371,-0.0762805,-0.00481657,0.443315,-0.00184008,1527.05,-0.00741898,0.0262908
2021-05-14,2021-05-14 12:08:06.465000+00:00,ETH-21MAY21-3900-P,P,3900,2021-05-21 08:00:00+00:00,6.83333,0.292924,0.393447,1.0473,1.0508,0.00349998,-5.75891,211.175,51.0022,-0.0766317,0.0327763,-0.88624,0.00357417,633.949,0.192687,0.226229
2021-05-14,2021-05-14 12:15:03.417000+00:00,ETH-21MAY21-3850-C,C,3850,2021-05-21 08:00:00+00:00,6.83333,0.293131,0.627085,1.0539,1.1362,0.0823,-5.07177,206.786,50.6828,-0.0771146,0.0552783,-1.2469,0.00498026,2682.46,-0.280379,-0.244775
2021-05-14,2021-05-14 12:15:16.862000+00:00,ETH-21MAY21-4150-C,C,4150,2021-05-21 08:00:00+00:00,6.83333,0.293138,0.420901,1.0209,1.0975,0.0766,-5.49502,213.881,52.3211,-0.0747,0.06619,2.42695,-0.00970139,1711.9,-0.160099,-0.126911
2021-05-14,2021-05-14 11:40:05.868000+00:00,ETH-21MAY21-4100-C,C,4100,2021-05-21 08:00:00+00:00,6.83333,0.292092,0.467851,1.0193,1.1112,0.0919,-9.07663,218.433,52.4033,-0.0745829,0.017489,1.58004,-0.00641159,218.658,-0.0796249,-0.0469842
2021-05-14,2021-05-14 12:29:38.197000+00:00,ETH-16MAY21-3950-C,C,3950,2021-05-16 08:00:00+00:00,1.83333,0.73553,0.55178,0.9885,1.6209,0.6324,-7.77738,111.482,201.407,-0.269591,0.00784866,-0.853062,0.00644778,221.77,-0.241183,-0.182743
2021-05-21,2021-05-21 11:59:42.268000+00:00,ETH-28MAY21-3000-C,C,3000,2021-05-28 08:00:00+00:00,6.83333,0.292674,0.352178,1.588,1.9812,0.3932,-14.5298,137.049,33.6364,-0.116195,0.142591,2.74639,-0.0162093,276.434,-0.491838,-0.459287
2021-05-21,2021-05-21 12:02:17.956000+00:00,ETH-28MAY21-2800-C,C,2800,2021-05-28 08:00:00+00:00,6.83333,0.292751,0.490955,1.6098,2.0343,0.4245,-16.2161,148.397,33.1809,-0.11779,0.00341723,1.10282,-0.00708893,1603.83,-0.522777,-0.48948
2021-05-21,2021-05-21 11:39:41.274000+00:00,ETH-23MAY21-2600-P,P,2600,2021-05-23 08:00:00+00:00,1.83333,0.72172,0.394227,1.8813,2.3827,0.5014,-13.6724,72.8401,105.826,-0.513082,0.0193632,-1.01629,0.0142199,728.243,0.105712,0.16396
2021-05-21,2021-05-21 11:37:23.549000+00:00,ETH-28MAY21-2700-C,C,2700,2021-05-28 08:00:00+00:00,6.83333,0.292012,0.524514,1.6811,2.1016,0.4205,-14.3958,145.299,31.7736,-0.123007,-0.00615166,0.733537,-0.00491606,145.464,-0.504082,-0.470168
2021-05-21,2021-05-21 11:37:23.547000+00:00,ETH-28MAY21-2600-C,C,2600,2021-05-28 08:00:00+00:00,6.83333,0.292012,0.589215,1.7171,2.1053,0.3882,-14.7838,141.917,31.1075,-0.125641,-0.00123835,0.0401325,-0.000268328,142.079,-0.502275,-0.467054
2021-05-28,2021-05-28 12:00:18.235000+00:00,ETH-4JUN21-2500-P,P,2500,2021-06-04 08:00:00+00:00,6.83333,0.292692,0.502583,1.6076,0.9371,-0.6705,-7.40989,133.011,33.2263,-0.117629,0.000911443,1.02942,-0.00660965,2706.02,0.55081,0.583915
2021-05-28,2021-05-28 12:01:22.617000+00:00,ETH-4JUN21-2500-C,C,2500,2021-06-04 08:00:00+00:00,6.83333,0.292724,0.511079,1.6066,1.8314,0.2248,-7.09914,133.971,33.247,-0.117556,-0.00332146,0.873593,-0.00560359,946.512,-0.275739,-0.242339
2021-05-28,2021-05-28 12:01:27.896000+00:00,ETH-30MAY21-2450-C,C,2450,2021-05-30 08:00:00+00:00,1.83333,0.727677,0.535744,1.8379,2.0653,0.2274,-6.99346,69.214,108.325,-0.501245,-0.00197857,0.311131,-0.00439167,971.736,0.090805,0.152956
2021-05-28,2021-05-28 11:58:15.230000+00:00,ETH-4JUN21-2300-P,P,2300,2021-06-04 08:00:00+00:00,6.83333,0.292631,0.353937,1.7116,1.8929,0.1813,-7.40887,124.314,31.2074,-0.125239,0.0307674,-0.600078,0.00382416,124.325,-0.160488,-0.127346
2021-05-28,2021-05-28 11:57:03.958000+00:00,ETH-4JUN21-2600-C,C,2600,2021-06-04 08:00:00+00:00,6.83333,0.292596,0.423875,1.6115,1.7681,0.1566,-5.16342,130.345,33.1459,-0.117915,0.0491654,1.871,-0.0118226,1376.57,-0.299167,-0.265627
2021-05-28,2021-05-28 11:49:45.493000+00:00,ETH-4JUN21-2700-C,C,2700,2021-06-04 08:00:00+00:00,6.83333,0.292379,0.36345,1.6009,1.7424,0.1415,-7.47286,125.383,33.3654,-0.117139,0.124149,2.59578,-0.0156141,795.157,-0.101587,-0.0686221
2021-05-28,2021-05-28 12:13:33.158000+00:00,ETH-30MAY21-2650-C,C,2650,2021-05-30 08:00:00+00:00,1.83333,0.731026,0.367795,1.5697,2.1423,0.5726,-8.88273,67.7779,126.834,-0.4281,0.0960076,4.0252,-0.0460386,135.155,0.0640317,0.107764
2021-05-28,2021-05-28 12:13:34.149000+00:00,ETH-4JUN21-2800-C,C,2800,2021-06-04 08:00:00+00:00,6.83333,0.293087,0.355976,1.5074,1.7156,0.2082,-10.7161,129.545,35.4349,-0.110298,0.140716,2.78829,-0.0156835,530.843,-0.120562,-0.0893218
2021-05-28,2021-05-28 12:37:08.307000+00:00,ETH-4JUN21-2600-P,P,2600,2021-06-04 08:00:00+00:00,6.83333,0.293792,0.492395,1.5381,1.6361,0.098,-11.8518,139.357,34.7277,-0.112544,-0.00241244,0.907703,-0.00557524,139.095,-0.0575374,-0.026049
2021-06-04,2021-06-04 11:57:48.650000+00:00,ETH-6JUN21-2700-C,C,2700,2021-06-06 08:00:00+00:00,1.83333,0.72667,0.393568,1.3433,1.3503,0.00699997,0.11712,71.4098,148.21,-0.366355,0.0734911,3.83798,-0.0383299,71.4423,0.195731,0.25395
2021-06-04,2021-06-04 11:53:09.961000+00:00,ETH-11JUN21-2800-C,C,2800,2021-06-11 08:00:00+00:00,6.83333,0.29248,0.384044,1.2522,1.2165,-0.0357,-0.271199,137.091,42.6566,-0.0916244,0.109885,2.72201,-0.013034,550.644,0.0494074,0.0813306
2021-06-04,2021-06-04 12:10:11.570000+00:00,ETH-11JUN21-2600-C,C,2600,2021-06-11 08:00:00+00:00,6.83333,0.292986,0.511073,1.3592,1.2728,-0.0864,2.36885,140.16,39.2986,-0.0994537,-0.00323911,0.850297,-0.00461427,702.74,0.0453044,0.0776627
2021-06-18,2021-06-18 12:02:19.534000+00:00,ETH-25JUN21-2400-C,C,2400,2021-06-25 08:00:00+00:00,6.83333,0.292752,0.406611,0.9366,0.9615,0.0249,-7.11483,122.591,57.0304,-0.0685317,0.0919043,2.84336,-0.0103439,1946.1,0.00279352,0.0348885
2021-06-18,2021-06-18 12:12:19.875000+00:00,ETH-25JUN21-2400-P,P,2400,2021-06-25 08:00:00+00:00,6.83333,0.29305,0.61757,0.8938,0.9352,0.0414,-6.43616,119.889,59.7613,-0.0654,0.140807,3.44361,-0.0117565,239.459,-0.226074,-0.190582
2021-06-18,2021-06-18 12:44:08.694000+00:00,ETH-20JUN21-2300-C,C,2300,2021-06-20 08:00:00+00:00,1.83333,0.739641,0.4415,0.9496,1.1208,0.1712,-4.73671,63.5757,209.658,-0.258982,0.0325559,3.16,-0.0228956,63.0253,0.0217498,0.0728425
2021-06-25,2021-06-25 11:58:18.240000+00:00,ETH-2JUL21-1800-P,P,1800,2021-07-02 08:00:00+00:00,6.83333,0.292632,0.407375,1.1426,1.1834,0.0407999,-1.1167,97.9563,46.7483,-0.0836049,0.0159894,-0.498737,0.00221443,1761.29,0.0115469,0.0442568
2021-06-25,2021-06-25 11:57:47.395000+00:00,ETH-27JUN21-1900-C,C,1900,2021-06-27 08:00:00+00:00,1.83333,0.726664,0.384379,1.1821,1.4032,0.2211,-1.7905,50.0175,168.421,-0.322391,0.0940461,4.51116,-0.0393791,101.775,0.0379229,0.0934169
2021-06-25,2021-06-25 11:50:06.447000+00:00,ETH-2JUL21-1900-P,P,1900,2021-07-02 08:00:00+00:00,6.83333,0.292389,0.53585,1.1156,1.1148,-0.000799942,-2.52305,100.702,47.8797,-0.0816293,0.0196066,1.5903,-0.00705736,1106.39,-0.0632473,-0.0307137
2021-06-25,2021-06-25 12:24:35.736000+00:00,ETH-2JUL21-1900-C,C,1900,2021-07-02 08:00:00+00:00,6.83333,0.293416,0.490832,1.1152,1.168,0.0528001,-2.95598,102.131,47.8969,-0.0816,0.00357921,1.14918,-0.00511735,2218.97,-0.200696,-0.165801
2021-06-25,2021-06-25 12:25:15.211000+00:00,ETH-2JUL21-2000-C,C,2000,2021-07-02 08:00:00+00:00,6.83333,0.293436,0.352598,1.0942,1.1366,0.0424001,-3.14928,94.9994,48.8162,-0.0800634,0.182004,3.52237,-0.0143345,94.8531,-0.155362,-0.121278
2021-06-25,2021-06-25 12:28:28.131000+00:00,ETH-27JUN21-1850-P,P,1850,2021-06-27 08:00:00+00:00,1.83333,0.735201,0.433091,1.1633,1.2899,0.1266,-3.3271,52.1153,171.143,-0.317264,0.0123648,-1.03823,0.00918261,104.542,-0.59211,-0.52618
2021-07-02,2021-07-02 12:09:03.729000+00:00,ETH-9JUL21-2000-P,P,2000,2021-07-09 08:00:00+00:00,6.83333,0.292953,0.414705,1.0873,1.0581,-0.0292001,8.4219,108.929,49.1259,-0.0795585,0.0132067,-0.448045,0.00190113,435.908,0.00273505,0.0346816
2021-07-09,2021-07-09 12:00:31.550000+00:00,ETH-16JUL21-2000-P,P,2000,2021-07-16 08:00:00+00:00,6.83333,0.292699,0.355031,0.9788,0.9346,-0.0442,2.15549,106.127,54.5716,-0.0716195,0.0903356,-1.77591,0.00647918,2129.14,0.05513,0.0872747
2021-07-09,2021-07-09 12:07:01.025000+00:00,ETH-11JUL21-2100-P,P,2100,2021-07-11 08:00:00+00:00,1.83333,0.729211,0.562799,0.94,0.952,0.012,1.83164,57.8989,211.799,-0.256364,0.0376616,3.36822,-0.0241122,172.377,0.0424969,0.10566
2021-07-09,2021-07-09 11:45:00.104000+00:00,ETH-16JUL21-2200-C,C,2200,2021-07-16 08:00:00+00:00,6.83333,0.292237,0.357419,0.9219,0.8626,-0.0593,1.66202,106.406,57.9397,-0.0674561,0.195141,3.89947,-0.0134295,106.501,0.0327701,0.0651889
2021-07-09,2021-07-09 11:39:05.804000+00:00,ETH-16JUL21-2100-P,P,2100,2021-07-16 08:00:00+00:00,6.83333,0.292062,0.506598,0.9266,0.8726,-0.054,2.36861,113.456,57.6458,-0.0678,0.00258436,1.13165,-0.00418755,113.577,0.109231,0.142253
2021-07-09,2021-07-09 12:38:19.360000+00:00,ETH-11JUL21-2050-P,P,2050,2021-07-11 08:00:00+00:00,1.83333,0.737985,0.424952,0.9539,1.0225,0.0686,2.32543,57.5403,208.713,-0.260155,0.0238428,-1.78611,0.0129068,171.002,-0.0634421,-0.00453024
2021-07-09,2021-07-09 12:39:09.307000+00:00,ETH-11JUL21-2100-C,C,2100,2021-07-11 08:00:00+00:00,1.83333,0.738222,0.433003,0.9081,0.9565,0.0484,1.95257,57.807,219.239,-0.247664,0.0425478,3.59485,-0.024824,57.36,-0.164407,-0.0983878
2021-07-16,2021-07-16 11:59:29.292000+00:00,ETH-23JUL21-1800-P,P,1800,2021-07-23 08:00:00+00:00,6.83333,0.292668,0.38576,0.9222,0.8927,-0.0295,3.81345,96.9387,57.9209,-0.067478,0.0517083,-1.30139,0.00459554,2223.75,0.0605066,0.0929475
2021-07-16,2021-07-16 12:22:40.985000+00:00,ETH-18JUL21-1900-C,C,1900,2021-07-18 08:00:00+00:00,1.83333,0.733576,0.441169,0.8743,0.871,-0.00330002,1.42435,52.559,227.715,-0.238445,0.0351757,3.37403,-0.0225021,52.3257,0.239139,0.293475
2021-07-23,2021-07-23 12:00:15.655000+00:00,ETH-30JUL21-2000-P,P,2000,2021-07-30 08:00:00+00:00,6.83333,0.292691,0.388016,0.813,0.9481,0.1351,7.00752,107.545,65.7007,-0.0594878,0.0606249,-1.55745,0.00485676,1069.88,-0.102034,-0.0694507
2021-07-23,2021-07-23 11:54:19.294000+00:00,ETH-25JUL21-2050-P,P,2050,2021-07-25 08:00:00+00:00,1.83333,0.725712,0.463748,0.7849,1.0947,0.3098,5.80502,57.925,253.651,-0.214064,0.00410658,-0.636503,0.00383644,57.9875,-0.233951,-0.186423
2021-07-23,2021-07-23 11:45:19.833000+00:00,ETH-30JUL21-2100-C,C,2100,2021-07-30 08:00:00+00:00,6.83333,0.292247,0.453887,0.7733,0.9118,0.1385,6.36842,111.845,69.0736,-0.0565829,0.0332776,2.09644,-0.00643168,1118.06,-0.217468,-0.184463
2021-07-23,2021-07-23 12:41:44.940000+00:00,ETH-30JUL21-2100-P,P,2100,2021-07-30 08:00:00+00:00,6.83333,0.29393,0.562221,0.7706,0.9234,0.1528,5.87221,110.778,69.3156,-0.0563854,0.0529513,2.47999,-0.00754064,110.533,-0.215744,-0.180101
2021-07-30,2021-07-30 11:59:14.876000+00:00,ETH-6AUG21-2400-C,C,2400,2021-08-06 08:00:00+00:00,6.83333,0.292661,0.440617,0.8512,0.9266,0.0754,8.57829,126.456,62.7522,-0.0622829,0.046672,2.28291,-0.0076752,126.461,-0.133047,-0.100491
2021-07-30,2021-07-30 12:38:21.276000+00:00,ETH-6AUG21-2300-P,P,2300,2021-08-06 08:00:00+00:00,6.83333,0.293828,0.412161,0.8659,0.9437,0.0778001,8.11509,124.879,61.6868,-0.0633585,0.0264611,-0.871969,0.00294242,249.316,-0.0490186,-0.0172721
2021-08-06,2021-08-06 12:02:04.726000+00:00,ETH-13AUG21-2800-P,P,2800,2021-08-13 08:00:00+00:00,6.83333,0.292745,0.551379,0.9409,1.1782,0.2373,15.5526,147.843,56.7697,-0.0688463,0.0353855,2.00294,-0.00746463,298.214,-0.348534,-0.311469
2021-08-06,2021-08-06 12:12:21.591000+00:00,ETH-13AUG21-2700-P,P,2700,2021-08-13 08:00:00+00:00,6.83333,0.293051,0.414981,0.9328,1.148,0.2152,13.443,146.824,57.2627,-0.0682537,0.0200389,-0.682151,0.00248357,882.112,-0.212706,-0.178411
2021-08-06,2021-08-06 12:18:15.325000+00:00,ETH-13AUG21-2800-C,C,2800,2021-08-13 08:00:00+00:00,6.83333,0.293227,0.510088,0.9611,1.2281,0.267,13.2604,151.982,55.5766,-0.0703244,-0.00280308,0.806943,-0.00309663,755.291,-0.252499,-0.216264
2021-08-13,2021-08-13 11:59:30.854000+00:00,ETH-15AUG21-3250-P,P,3250,2021-08-15 08:00:00+00:00,1.83333,0.727139,0.54052,0.9662,0.8757,-0.0905,1.94634,90.568,206.056,-0.263509,0.017929,2.48605,-0.0184264,2369.43,0.35482,0.410336
2021-08-13,2021-08-13 11:58:22.444000+00:00,ETH-15AUG21-3300-C,C,3300,2021-08-15 08:00:00+00:00,1.83333,0.726825,0.393876,1.01,0.9194,-0.0906,0.799917,88.0361,197.12,-0.275455,0.0909112,4.76267,-0.0357712,534.331,0.548723,0.601811
2021-08-13,2021-08-13 11:56:12.433000+00:00,ETH-15AUG21-3200-P,P,3200,2021-08-15 08:00:00+00:00,1.83333,0.726229,0.429965,0.9805,0.9559,-0.0246001,1.47401,89.9593,203.05,-0.267409,0.0192748,-1.54053,0.0114673,807.768,0.221085,0.274716
2021-08-13,2021-08-13 11:46:53.822000+00:00,ETH-20AUG21-3400-C,C,3400,2021-08-20 08:00:00+00:00,6.83333,0.292294,0.377391,0.9891,0.963,-0.0261,1.40434,167.873,54.0033,-0.0723732,0.141598,3.31011,-0.012453,168.001,0.0430978,0.0746646
2021-08-20,2021-08-20 11:58:52.471000+00:00,ETH-27AUG21-3100-P,P,3100,2021-08-27 08:00:00+00:00,6.83333,0.292649,0.362645,0.8373,0.8661,0.0288,0.676927,164.536,63.7939,-0.0612659,0.0994043,-2.06737,0.00649981,328.804,-0.0276479,0.00421643
2021-08-20,2021-08-20 12:15:36.254000+00:00,ETH-27AUG21-3300-C,C,3300,2021-08-27 08:00:00+00:00,6.83333,0.293148,0.430462,0.8434,0.8457,0.00230003,0.520021,172.697,63.3325,-0.0617122,0.0602388,2.5162,-0.00834735,345.169,0.0410588,0.0726787
2021-08-20,2021-08-20 11:20:22.246000+00:00,ETH-22AUG21-3250-P,P,3250,2021-08-22 08:00:00+00:00,1.83333,0.716517,0.57176,0.8172,0.8169,-0.000299988,0.414922,89.2692,243.626,-0.222873,0.0537645,4.15355,-0.0257405,89.9659,0.191692,0.252906
2021-08-27,2021-08-27 11:57:34.142000+00:00,ETH-29AUG21-3150-P,P,3150,2021-08-29 08:00:00+00:00,1.83333,0.726604,0.449924,0.7612,0.8181,0.0568999,2.41111,88.8323,261.549,-0.2076,0.0118971,-1.33349,0.00776531,445.035,0.077113,0.126118
2021-08-27,2021-08-27 12:05:29.853000+00:00,ETH-3SEP21-3300-P,P,3300,2021-09-03 08:00:00+00:00,6.83333,0.292847,0.614822,0.8337,0.8563,0.0225999,2.50147,165.891,64.0694,-0.0610024,0.142055,3.558,-0.0113539,331.03,-0.0041189,0.0291775
2021-08-27,2021-08-27 11:53:52.577000+00:00,ETH-29AUG21-3200-C,C,3200,2021-08-29 08:00:00+00:00,1.83333,0.72559,0.415456,0.8043,0.8296,0.0253,2.77307,87.2177,247.533,-0.219355,0.0720119,4.75151,-0.0288027,441.754,0.295001,0.349284
2021-09-03,2021-09-03 12:00:16.554000+00:00,ETH-10SEP21-3900-P,P,3900,2021-09-10 08:00:00+00:00,6.83333,0.292691,0.422773,0.9159,0.9095,-0.00639999,-1.84902,212.371,58.3193,-0.0670171,0.0147788,-0.554462,0.0019902,424.87,0.0673559,0.097146
2021-09-03,2021-09-03 11:55:23.757000+00:00,ETH-10SEP21-3900-C,C,3900,2021-09-10 08:00:00+00:00,6.83333,0.292546,0.579677,0.8917,0.8693,-0.0224,-1.88641,212.22,59.902,-0.0652463,0.0178327,-0.648135,0.00226215,212.271,0.0969901,0.12866
2021-09-03,2021-09-03 11:54:33.377000+00:00,ETH-10SEP21-4000-C,C,4000,2021-09-10 08:00:00+00:00,6.83333,0.292521,0.499017,0.9291,0.8934,-0.0357001,-1.79775,216.517,57.4907,-0.0679829,0.000348889,1.01967,-0.00378389,216.577,0.0872984,0.11795
2021-09-03,2021-09-03 12:09:49.337000+00:00,ETH-5SEP21-3950-C,C,3950,2021-09-05 08:00:00+00:00,1.83333,0.729989,0.528889,0.9404,0.7429,-0.1975,-1.56005,111.68,211.709,-0.256473,0.000448311,-0.0872916,0.000631332,669.074,0.485709,0.534397
2021-09-03,2021-09-03 11:46:31.173000+00:00,ETH-5SEP21-4050-C,C,4050,2021-09-05 08:00:00+00:00,1.83333,0.723578,0.376313,0.9452,0.9861,0.0409,-2.17076,106.405,210.634,-0.257782,0.128153,5.71952,-0.0396545,428.94,0.289496,0.332077
2021-09-10,2021-09-10 12:00:26.159000+00:00,ETH-17SEP21-3300-P,P,3300,2021-09-17 08:00:00+00:00,6.83333,0.292696,0.387212,0.9061,0.9688,0.0627,-4.20973,177.767,58.95,-0.0663,0.0514324,-1.31161,0.00455579,1421.3,-0.0998635,-0.067486
2021-09-10,2021-09-10 11:54:26.899000+00:00,ETH-12SEP21-3400-C,C,3400,2021-09-12 08:00:00+00:00,1.83333,0.725747,0.503548,0.8794,0.9811,0.1017,-4.30348,95.9935,226.394,-0.239836,-0.000537471,0.858217,-0.00581942,287.548,-0.00564088,0.0429737
2021-09-10,2021-09-10 11:54:14.310000+00:00,ETH-17SEP21-3400-C,C,3400,2021-09-17 08:00:00+00:00,6.83333,0.292512,0.513113,0.8782,0.9393,0.0611,-3.79088,184.886,60.8229,-0.0642585,-0.00326588,0.726627,-0.00254735,554.017,-0.0932198,-0.0608773
2021-09-10,2021-09-10 12:07:46.244000+00:00,ETH-12SEP21-3450-C,C,3450,2021-09-12 08:00:00+00:00,1.83333,0.72942,0.41309,0.8422,1.0598,0.2176,-4.40438,93.8242,236.394,-0.229691,0.0725813,4.67226,-0.0296226,279.808,-0.0859248,-0.0418539
2021-09-10,2021-09-10 11:23:20.694000+00:00,ETH-12SEP21-3350-C,C,3350,2021-09-12 08:00:00+00:00,1.83333,0.717313,0.565837,0.9041,0.8595,-0.0446001,-4.22427,94.2219,220.209,-0.246573,0.018859,-1.59831,0.0109894,94.8848,-0.0502841,0.00821174
2021-09-17,2021-09-17 11:57:40.070000+00:00,ETH-19SEP21-3450-C,C,3450,2021-09-19 08:00:00+00:00,1.83333,0.726631,0.512385,0.8278,0.7845,-0.0433,-0.652716,97.5074,240.506,-0.225764,-0.00103597,0.470985,-0.00300494,876.532,0.37622,0.4308
2021-09-17,2021-09-17 12:02:33.717000+00:00,ETH-24SEP21-3440-C,C,3440,2021-09-24 08:00:00+00:00,6.83333,0.292759,0.518907,0.8495,0.8208,-0.0287,-0.0362407,187.331,62.8777,-0.0621585,-0.00384128,0.592027,-0.00200648,4877.41,0.0829413,0.115306
2021-09-17,2021-09-17 11:56:25.341000+00:00,ETH-24SEP21-3360-P,P,3360,2021-09-24 08:00:00+00:00,6.83333,0.292577,0.383369,0.8504,0.8333,-0.0171,-0.607567,180.451,62.8112,-0.0622244,0.0629079,-1.54971,0.00503708,2348.37,0.0377168,0.0685329
2021-09-17,2021-09-17 12:08:45.256000+00:00,ETH-19SEP21-3400-P,P,3400,2021-09-19 08:00:00+00:00,1.83333,0.729692,0.466221,0.8786,0.7667,-0.1119,0.482413,96.1067,226.6,-0.239618,0.00216668,-0.360797,0.00243561,283.248,0.185646,0.244555
2021-09-17,2021-09-17 12:23:06.152000+00:00,ETH-24SEP21-3440-P,P,3440,2021-09-24 08:00:00+00:00,6.83333,0.293372,0.480173,0.8444,0.8011,-0.0433,-0.402788,187.37,63.2575,-0.0617854,-0.00387683,0.569001,-0.00191664,375.157,-0.0251161,0.00812326
2021-09-17,2021-09-17 11:33:55.074000+00:00,ETH-24SEP21-3600-C,C,3600,2021-09-24 08:00:00+00:00,6.83333,0.291909,0.393357,0.8364,0.8062,-0.0302,-0.847051,182.434,63.8625,-0.0612,0.124956,3.3688,-0.010848,1648.97,0.0740612,0.105597
2021-09-17,2021-09-17 11:33:42.943000+00:00,ETH-24SEP21-3480-P,P,3480,2021-09-24 08:00:00+00:00,6.83333,0.291903,0.489167,0.8422,0.8157,-0.0265,-0.959369,189.221,63.4227,-0.0616244,-0.00283166,0.765345,-0.00257354,189.473,0.00172325,0.0337808
2021-09-17,2021-09-17 12:27:37.196000+00:00,ETH-24SEP21-3400-P,P,3400,2021-09-24 08:00:00+00:00,6.83333,0.293507,0.432533,0.8593,0.8076,-0.0517,-0.655172,185.338,62.1606,-0.0628756,0.0103344,-0.444665,0.00150428,553.932,-0.005497,0.0271434
2021-09-24,2021-09-24 11:59:52.118000+00:00,ETH-1OCT21-2900-P,P,2900,2021-10-01 08:00:00+00:00,6.83333,0.292679,0.546243,0.9513,0.885,-0.0663,3.53185,153.568,56.1491,-0.0696073,0.0300839,1.89255,-0.00714251,451.554,0.10117,0.133063
2021-09-24,2021-09-24 12:00:32.044000+00:00,ETH-1OCT21-2800-P,P,2800,2021-10-01 08:00:00+00:00,6.83333,0.292699,0.442181,1.0109,0.9077,-0.1032,3.0984,152.836,52.8387,-0.0739683,0.00102493,-0.0515031,0.000205762,2435.57,0.0409238,0.0720523
2021-09-24,2021-09-24 11:53:13.354000+00:00,ETH-1OCT21-2900-C,C,2900,2021-10-01 08:00:00+00:00,6.83333,0.292481,0.442778,0.9544,0.852,-0.1024,2.32311,152.441,55.9667,-0.0698341,0.04144,2.10289,-0.00793342,1487.37,0.314443,0.345108
2021-09-24,2021-09-24 11:48:37.880000+00:00,ETH-1OCT21-3000-P,P,3000,2021-10-01 08:00:00+00:00,6.83333,0.292345,0.640313,0.9791,0.8551,-0.124,3.49569,144.979,54.5548,-0.0716415,0.181258,3.6841,-0.0135051,726.151,0.186349,0.220001
2021-09-24,2021-09-24 11:48:37.284000+00:00,ETH-26SEP21-2900-P,P,2900,2021-09-26 08:00:00+00:00,1.83333,0.724152,0.6061,1.0703,0.8145,-0.2558,3.30355,77.2363,186.014,-0.2919,0.0871957,4.55828,-0.0362744,780.704,0.592002,0.647835
2021-09-24,2021-09-24 11:44:19.754000+00:00,ETH-26SEP21-2800-P,P,2800,2021-09-26 08:00:00+00:00,1.83333,0.722981,0.458201,1.1269,1.0486,-0.0783,4.28608,79.1416,176.671,-0.307336,0.00234655,-0.315211,0.00272398,946.412,0.423092,0.46734
2021-09-24,2021-09-24 12:31:20.763000+00:00,ETH-1OCT21-3000-C,C,3000,2021-10-01 08:00:00+00:00,6.83333,0.293618,0.358425,0.9305,0.8378,-0.0927,3.21841,145.289,57.4042,-0.0680854,0.190262,3.84243,-0.0133752,289.712,0.0566682,0.0895739
2021-10-01,2021-10-01 11:59:38.197000+00:00,ETH-8OCT21-3200-C,C,3200,2021-10-08 08:00:00+00:00,6.83333,0.292672,0.565273,0.8971,0.8437,-0.0534,4.80067,174.524,59.5414,-0.0656415,0.00762226,-0.338952,0.0011982,2786.84,0.0961153,0.129984
2021-10-01,2021-10-01 12:02:54.434000+00:00,ETH-8OCT21-3400-C,C,3400,2021-10-08 08:00:00+00:00,6.83333,0.292769,0.378999,0.8512,0.8296,-0.0216,4.22098,169.6,62.7522,-0.0622829,0.15363,3.64494,-0.0118177,3659.57,0.0489232,0.0817788
2021-10-01,2021-10-01 12:02:57.743000+00:00,ETH-8OCT21-3300-C,C,3300,2021-10-08 08:00:00+00:00,6.83333,0.292771,0.48494,0.8833,0.8512,-0.0321,3.91664,177.882,60.4717,-0.0646317,0.00677491,1.31221,-0.00462616,1406.87,0.0936938,0.126488
2021-10-01,2021-10-01 12:06:25.292000+00:00,ETH-8OCT21-3300-P,P,3300,2021-10-08 08:00:00+00:00,6.83333,0.292874,0.504697,0.897,0.8387,-0.0582999,3.69208,178.512,59.5481,-0.0656341,0.00175847,1.09558,-0.00392485,1777.29,-0.00546715,0.0272637
2021-10-01,2021-10-01 11:33:06.833000+00:00,ETH-8OCT21-3200-P,P,3200,2021-10-08 08:00:00+00:00,6.83333,0.291885,0.441322,0.8608,0.8762,0.0154,4.46927,174.597,62.0523,-0.0629854,0.00512509,-0.253674,0.000862701,3492.34,-0.0509435,-0.0186843
2021-10-08,2021-10-08 11:55:05.083000+00:00,ETH-10OCT21-3600-C,C,3600,2021-10-10 08:00:00+00:00,1.83333,0.725921,0.546674,0.8232,0.6972,-0.126,-1.18797,101.609,241.85,-0.224509,0.00840496,-1.01087,0.00637274,507.188,0.402983,0.455395
2021-10-08,2021-10-08 11:51:10.403000+00:00,ETH-15OCT21-3800-C,C,3800,2021-10-15 08:00:00+00:00,6.83333,0.292421,0.364124,0.8294,0.8277,-0.00170006,-1.17557,186.503,64.4015,-0.0606878,0.193302,4.06356,-0.0126719,4997.45,0.0381425,0.0682353
2021-10-08,2021-10-08 11:50:02.667000+00:00,ETH-10OCT21-3650-C,C,3650,2021-10-10 08:00:00+00:00,1.83333,0.72454,0.456092,0.8068,0.7615,-0.0453,-1.19607,101.757,246.766,-0.220036,0.0230002,2.93427,-0.0181436,513.918,0.311489,0.362369
2021-10-08,2021-10-08 11:50:01.456000+00:00,ETH-10OCT21-3550-P,P,3550,2021-10-10 08:00:00+00:00,1.83333,0.724535,0.355652,0.8504,0.7113,-0.1391,-1.60753,95.6507,234.114,-0.231927,0.135312,-5.15053,0.0315318,388.887,0.412809,0.462875
2021-10-08,2021-10-08 11:49:27.596000+00:00,ETH-15OCT21-3600-C,C,3600,2021-10-15 08:00:00+00:00,6.83333,0.29237,0.551752,0.8362,0.8127,-0.0235001,-1.33383,196.485,63.8778,-0.0611854,0.00243986,-0.137066,0.000453923,393.237,0.0569748,0.0882644
2021-10-08,2021-10-08 12:10:57.425000+00:00,ETH-15OCT21-3500-P,P,3500,2021-10-15 08:00:00+00:00,6.83333,0.293009,0.364461,0.8441,0.826,-0.0181001,-1.00881,186.023,63.28,-0.0617634,0.0947794,-1.99953,0.0063486,1123.55,0.0790658,0.109401
2021-10-08,2021-10-08 12:11:10.307000+00:00,ETH-15OCT21-3600-P,P,3600,2021-10-15 08:00:00+00:00,6.83333,0.293016,0.460316,0.8405,0.7994,-0.0411,-0.991089,196.486,63.551,-0.0615,-0.00182068,0.133539,-0.000446073,1373.27,0.101515,0.131844
2021-10-08,2021-10-08 12:15:11.281000+00:00,ETH-15OCT21-3700-C,C,3700,2021-10-15 08:00:00+00:00,6.83333,0.293135,0.442121,0.8455,0.8217,-0.0238,-0.915124,195.2,63.1752,-0.0618659,0.0448953,2.25678,-0.00754101,786.169,0.0915544,0.121375
2021-10-15,2021-10-15 12:03:42.714000+00:00,ETH-22OCT21-3800-P,P,3800,2021-10-22 08:00:00+00:00,6.83333,0.292793,0.495279,0.913,0.8585,-0.0545,1.47622,206.104,58.5045,-0.0668049,-0.00146816,0.9051,-0.00330031,206.066,0.119501,0.151466
2021-10-15,2021-10-15 12:04:11.541000+00:00,ETH-22OCT21-3900-C,C,3900,2021-10-22 08:00:00+00:00,6.83333,0.292808,0.422635,0.9151,0.8482,-0.0669,1.59761,202.24,58.3703,-0.0669585,0.0682835,2.55809,-0.00917354,406.339,0.0511862,0.0828806
2021-10-15,2021-10-15 12:06:58.209000+00:00,ETH-22OCT21-3800-C,C,3800,2021-10-22 08:00:00+00:00,6.83333,0.29289,0.503601,0.9304,0.8605,-0.0699,1.54273,205.981,57.4104,-0.068078,-0.00115253,0.928758,-0.00345121,411.925,0.0343321,0.0662868
2021-10-15,2021-10-15 12:21:33.716000+00:00,ETH-22OCT21-4000-C,C,4000,2021-10-22 08:00:00+00:00,6.83333,0.293326,0.35413,0.9154,0.8637,-0.0517,1.41415,192.793,58.3511,-0.0669805,0.20364,3.98319,-0.0135814,192.543,0.031147,0.0634255
2021-10-15,2021-10-15 12:38:23.281000+00:00,ETH-22OCT21-3700-P,P,3700,2021-10-22 08:00:00+00:00,6.83333,0.293829,0.41096,0.9283,0.8446,-0.0837,1.54575,201.003,57.5403,-0.0679244,0.023709,-0.77052,0.00278553,200.602,0.13771,0.168832
2021-10-22,2021-10-22 12:01:20.926000+00:00,ETH-29OCT21-4100-P,P,4100,2021-10-29 08:00:00+00:00,6.83333,0.292723,0.442288,0.8597,0.8377,-0.022,1.12445,223.717,62.1317,-0.0629049,0.00465054,-0.234129,0.000795507,1565.77,-0.0235528,0.0091646
2021-10-22,2021-10-22 11:56:25.150000+00:00,ETH-24OCT21-4100-P,P,4100,2021-10-24 08:00:00+00:00,1.83333,0.726288,0.438371,0.7553,0.7483,-0.00699997,0.442249,115.325,263.592,-0.205991,0.0208812,-1.89877,0.0109264,346.456,-0.100091,-0.0400295
2021-10-22,2021-10-22 12:05:13.257000+00:00,ETH-29OCT21-4200-C,C,4200,2021-10-29 08:00:00+00:00,6.83333,0.292838,0.466239,0.8266,0.8443,0.0177,1.43727,224.82,64.6197,-0.0604829,0.0202601,1.74868,-0.00575262,901.225,-0.0723062,-0.0391187
2021-10-22,2021-10-22 11:43:13.182000+00:00,ETH-24OCT21-4150-C,C,4150,2021-10-24 08:00:00+00:00,1.83333,0.722679,0.476171,0.7638,0.6598,-0.104,0.420088,116.573,260.658,-0.208309,0.00899499,2.11078,-0.0124094,234.325,0.269661,0.327291
2021-10-22,2021-10-22 12:17:20.890000+00:00,ETH-29OCT21-4000-P,P,4000,2021-10-29 08:00:00+00:00,6.83333,0.2932,0.37436,0.8466,0.8422,-0.00440002,1.65385,213.833,63.0931,-0.0619463,0.0772608,-1.76376,0.00566604,1911.06,-0.0474194,-0.0134487
2021-10-22,2021-10-22 11:41:37.488000+00:00,ETH-24OCT21-4100-C,C,4100,2021-10-24 08:00:00+00:00,1.83333,0.722246,0.570362,0.7635,0.665,-0.0985,0.580719,115.04,260.761,-0.208227,0.0287738,-2.28444,0.0132386,115.449,0.286891,0.34905
2021-10-22,2021-10-22 11:40:11.818000+00:00,ETH-24OCT21-4150-P,P,4150,2021-10-24 08:00:00+00:00,1.83333,0.721858,0.511533,0.7587,0.696,-0.0627,0.99836,116.933,262.411,-0.206918,0.00319681,1.54349,-0.00902614,233.085,0.0160059,0.0749916
2021-10-22,2021-10-22 11:27:04.205000+00:00,ETH-24OCT21-4200-C,C,4200,2021-10-24 08:00:00+00:00,1.83333,0.718313,0.394143,0.788,0.6663,-0.1217,0.383159,112.59,252.653,-0.214909,0.112068,5.84456,-0.034237,226.433,0.160135,0.214647
2021-10-22,2021-10-22 11:23:01.715000+00:00,ETH-29OCT21-4300-C,C,4300,2021-10-29 08:00:00+00:00,6.83333,0.291587,0.391449,0.8409,0.8361,-0.00479996,0.96393,217.417,63.5208,-0.0615293,0.128572,3.40121,-0.0109956,435.739,0.0237154,0.0552238
2021-10-29,2021-10-29 11:59:11.445000+00:00,ETH-5NOV21-4500-C,C,4500,2021-11-05 08:00:00+00:00,6.83333,0.292659,0.394691,0.8579,0.851,-0.00690002,-0.824061,228.132,62.2621,-0.0627732,0.119728,3.27571,-0.0108309,682.759,0.101294,0.132911
2021-10-29,2021-10-29 12:11:42.522000+00:00,ETH-5NOV21-4400-C,C,4400,2021-11-05 08:00:00+00:00,6.83333,0.293032,0.468039,0.857,0.8737,0.0167001,0.396988,235.546,62.3275,-0.0627073,0.0184408,1.68295,-0.00574218,2120.23,0.0280607,0.0594407
2021-10-29,2021-10-29 12:12:33.779000+00:00,ETH-5NOV21-4300-P,P,4300,2021-11-05 08:00:00+00:00,6.83333,0.293057,0.454981,0.8532,0.8655,0.0123,1.08454,234.718,62.6051,-0.0624293,-0.000484092,0.0312854,-0.000105933,1642.39,0.0511548,0.0827014
2021-10-29,2021-10-29 11:46:55.773000+00:00,ETH-5NOV21-4400-P,P,4400,2021-11-05 08:00:00+00:00,6.83333,0.292295,0.555762,0.8469,0.851,0.00409996,0.673856,232.418,63.0708,-0.0619683,0.0424872,2.21164,-0.00740769,941.557,0.0307186,0.0638504
2021-10-29,2021-10-29 12:19:05.436000+00:00,ETH-31OCT21-4400-C,C,4400,2021-10-31 08:00:00+00:00,1.83333,0.73257,0.385379,0.8066,0.6607,-0.1459,0.845245,117.124,246.827,-0.219982,0.124914,6.07514,-0.0362285,236.649,0.254262,0.309001
2021-10-29,2021-10-29 12:29:41.944000+00:00,ETH-5NOV21-4300-C,C,4300,2021-11-05 08:00:00+00:00,6.83333,0.293569,0.556425,0.8569,0.8899,0.033,0.659925,234.648,62.3347,-0.0627,0.00407743,-0.210046,0.000711691,234.292,-0.0727654,-0.0407536
2021-10-29,2021-10-29 12:40:36.502000+00:00,ETH-31OCT21-4350-P,P,4350,2021-10-31 08:00:00+00:00,1.83333,0.738634,0.525358,0.7878,0.6151,-0.1727,-0.132914,122.13,252.718,-0.214855,0.00943046,2.12273,-0.0128697,121.18,0.319822,0.374748
2021-10-29,2021-10-29 12:40:42.763000+00:00,ETH-31OCT21-4400-P,P,4400,2021-10-31 08:00:00+00:00,1.83333,0.738664,0.608161,0.7907,0.6137,-0.177,0.752374,117.889,251.791,-0.215645,0.112824,5.85332,-0.0343926,116.895,0.523264,0.579909
2021-10-29,2021-10-29 11:18:44.785000+00:00,ETH-31OCT21-4300-C,C,4300,2021-10-31 08:00:00+00:00,1.83333,0.716083,0.557759,0.8329,0.6628,-0.1701,-0.260669,121.119,239.033,-0.227155,0.015234,-1.47267,0.00935804,122.073,0.468311,0.526214
2021-11-05,2021-11-05 11:55:49.439000+00:00,ETH-7NOV21-4450-P,P,4450,2021-11-07 08:00:00+00:00,1.83333,0.726124,0.433596,0.6829,0.7356,0.0527,0.613945,124.932,291.537,-0.186245,0.0291374,-2.45713,0.0127591,249.564,0.0180155,0.0787029
2021-11-05,2021-11-05 11:49:57.006000+00:00,ETH-12NOV21-4600-C,C,4600,2021-11-12 08:00:00+00:00,6.83333,0.292384,0.441353,0.7731,0.8044,0.0313,0.439427,243.158,69.0915,-0.0565683,0.0484108,2.39599,-0.00731818,4874.48,0.00992864,0.0407775
2021-11-05,2021-11-05 12:32:07.163000+00:00,ETH-7NOV21-4400-P,P,4400,2021-11-07 08:00:00+00:00,1.83333,0.73623,0.353061,0.6656,0.6491,-0.0164999,0.823622,117.894,299.115,-0.181527,0.184757,-6.95074,0.0332515,354.313,0.0311354,0.084213
2021-11-05,2021-11-05 11:21:59.797000+00:00,ETH-7NOV21-4550-C,C,4550,2021-11-07 08:00:00+00:00,1.83333,0.716952,0.392147,0.6204,0.5838,-0.0366,0.68077,122.226,320.907,-0.1692,0.142352,7.2773,-0.033513,1364.75,0.077516,0.132851
2021-11-12,2021-11-12 11:59:39.108000+00:00,ETH-19NOV21-4700-C,C,4700,2021-11-19 08:00:00+00:00,6.83333,0.292673,0.456641,0.8142,0.8496,0.0354,1.77879,250.402,65.6038,-0.0595756,0.0294669,1.97755,-0.00639293,2235.83,-0.0820179,-0.0509718
2021-11-12,2021-11-12 12:05:24.370000+00:00,ETH-14NOV21-4650-C,C,4650,2021-11-14 08:00:00+00:00,1.83333,0.728765,0.386453,0.7106,0.7027,-0.00790001,1.40942,124.149,280.173,-0.1938,0.137337,6.7232,-0.0353406,507.012,0.0542175,0.113246
2021-11-12,2021-11-12 12:13:11.077000+00:00,ETH-14NOV21-4600-P,P,4600,2021-11-14 08:00:00+00:00,1.83333,0.730923,0.459428,0.6646,0.6833,0.0187,1.21729,129.866,299.565,-0.181255,0.00836384,-1.15997,0.0059139,387.745,0.232568,0.289209
2021-11-19,2021-11-19 12:01:05.291000+00:00,ETH-26NOV21-4100-P,P,4100,2021-11-26 08:00:00+00:00,6.83333,0.292715,0.438429,0.8675,0.8188,-0.0487,6.72729,223.655,61.5731,-0.0634756,0.00647547,-0.305428,0.00104564,1563.82,0.0230457,0.0557636
2021-11-19,2021-11-19 11:57:11.314000+00:00,ETH-26NOV21-4300-C,C,4300,2021-11-26 08:00:00+00:00,6.83333,0.292599,0.394784,0.8366,0.7639,-0.0727,6.86895,218.254,63.8473,-0.0612146,0.121689,3.33187,-0.0107436,869.921,-0.0174131,0.0159067
2021-11-19,2021-11-19 12:06:12.146000+00:00,ETH-21NOV21-4100-P,P,4100,2021-11-21 08:00:00+00:00,1.83333,0.728985,0.405575,0.7803,1.3463,0.566,6.45797,113.989,255.147,-0.212809,0.0561178,-3.31684,0.0193965,457.261,-0.181698,-0.134853
2021-11-19,2021-11-19 11:53:26.795000+00:00,ETH-26NOV21-4000-P,P,4000,2021-11-26 08:00:00+00:00,6.83333,0.292488,0.36745,0.8752,0.8466,-0.0285999,6.81873,213.173,61.0313,-0.064039,0.0847251,-1.82828,0.00603474,425.317,-0.0308166,0.00200745
2021-11-26,2021-11-26 11:57:59.838000+00:00,ETH-3DEC21-4000-P,P,4000,2021-12-03 08:00:00+00:00,6.83333,0.292623,0.473428,0.9939,0.8929,-0.101,2.16302,217.819,53.7425,-0.0727244,-0.00464999,0.509904,-0.00201969,4119.03,0.117945,0.149222
2021-11-26,2021-11-26 11:57:30.666000+00:00,ETH-28NOV21-4100-C,C,4100,2021-11-28 08:00:00+00:00,1.83333,0.726588,0.376547,0.9895,0.6878,-0.3017,2.20495,107.647,201.204,-0.269864,0.122422,5.48816,-0.0398514,770.4,0.592441,0.645782
2021-11-26,2021-11-26 11:57:01.926000+00:00,ETH-28NOV21-4050-P,P,4050,2021-11-28 08:00:00+00:00,1.83333,0.726456,0.545164,1.021,0.7711,-0.2499,1.92497,112.547,194.996,-0.278455,0.0206779,2.56932,-0.0200982,682.969,0.398426,0.453048
2021-11-26,2021-11-26 12:03:07.538000+00:00,ETH-3DEC21-3800-P,P,3800,2021-12-03 08:00:00+00:00,6.83333,0.292776,0.352863,1.0643,0.9419,-0.1224,3.5419,201.921,50.1876,-0.0778756,0.0822828,-1.59274,0.0063048,403.772,0.141684,0.172864
2021-11-26,2021-11-26 12:03:08.458000+00:00,ETH-28NOV21-3900-P,P,3900,2021-11-28 08:00:00+00:00,1.83333,0.728139,0.395232,1.1166,0.9571,-0.1595,3.14677,108.368,178.301,-0.304527,0.0443523,-2.35623,0.0195844,108.3,0.208343,0.250612
2021-11-26,2021-11-26 12:04:19.893000+00:00,ETH-28NOV21-3950-P,P,3950,2021-11-28 08:00:00+00:00,1.83333,0.728468,0.46023,1.1036,0.9288,-0.1748,2.05443,111.655,180.401,-0.300982,0.00195614,-0.27646,0.00234095,329.004,0.226085,0.278016
2021-11-26,2021-11-26 12:17:25.103000+00:00,ETH-28NOV21-4050-C,C,4050,2021-11-28 08:00:00+00:00,1.83333,0.732103,0.413312,1.0391,0.7696,-0.2695,1.87906,109.739,191.599,-0.283391,0.0612185,3.96113,-0.030993,1131.12,0.585598,0.639783
2021-11-26,2021-11-26 11:37:32.129000+00:00,ETH-28NOV21-4150-C,C,4150,2021-11-28 08:00:00+00:00,1.83333,0.721136,0.366957,0.9605,0.678,-0.2825,1.10824,107.889,207.278,-0.261955,0.145742,6.01899,-0.042052,108.411,0.527541,0.579492
2021-11-26,2021-11-26 12:29:06.324000+00:00,ETH-28NOV21-4000-P,P,4000,2021-11-28 08:00:00+00:00,1.83333,0.73538,0.46514,1.006,0.8893,-0.1167,0.910826,113.081,197.903,-0.274364,0.00139918,-0.225881,0.00174555,672.58,0.360496,0.411134
2021-11-26,2021-11-26 11:24:43.587000+00:00,ETH-3DEC21-4300-C,C,4300,2021-12-03 08:00:00+00:00,6.83333,0.291637,0.351141,0.9053,0.8624,-0.0429,1.11308,206.408,59.0021,-0.0662415,0.214584,4.09317,-0.0137528,413.748,0.042246,0.0729724
2021-12-03,2021-12-03 12:00:22.474000+00:00,ETH-10DEC21-4600-C,C,4600,2021-12-10 08:00:00+00:00,6.83333,0.292694,0.532019,0.811,0.8516,0.0406001,-11.8558,250.977,65.8627,-0.0593415,-0.00303348,0.27593,-0.000890914,501.813,-0.202243,-0.168451
2021-12-03,2021-12-03 12:18:37.707000+00:00,ETH-10DEC21-4800-C,C,4800,2021-12-10 08:00:00+00:00,6.83333,0.293238,0.370475,0.7904,0.9111,0.1207,-9.97353,238.013,67.5792,-0.0578341,0.183106,4.05305,-0.0121164,237.755,-0.29867,-0.266004
2021-12-10,2021-12-10 12:00:42.992000+00:00,ETH-17DEC21-4100-P,P,4100,2021-12-17 08:00:00+00:00,6.83333,0.292704,0.431479,0.9386,0.8953,-0.0433,-2.38485,223.584,56.9088,-0.068678,0.00812522,-0.344036,0.00127067,223.575,-0.0334509,-6.27796e-05
2021-12-10,2021-12-10 12:01:55.068000+00:00,ETH-12DEC21-4100-C,C,4100,2021-12-12 08:00:00+00:00,1.83333,0.727801,0.605663,0.9403,0.8808,-0.0595,-1.88897,113.597,211.731,-0.256445,0.057371,-3.02097,0.0211317,340.202,-0.230126,-0.161358
2021-12-10,2021-12-10 12:01:57.828000+00:00,ETH-17DEC21-4300-C,C,4300,2021-12-17 08:00:00+00:00,6.83333,0.292741,0.42857,0.9203,0.8579,-0.0624,-2.18167,223.99,58.0405,-0.067339,0.0598272,2.42935,-0.00878623,667.358,-0.0447066,-0.0114738
2021-12-10,2021-12-10 12:02:57.561000+00:00,ETH-17DEC21-4400-C,C,4400,2021-12-17 08:00:00+00:00,6.83333,0.292771,0.357412,0.9078,0.8462,-0.0616,-2.80842,213.058,58.8397,-0.0664244,0.19699,3.94105,-0.0133672,1922.77,-0.0192321,0.0137737
2021-12-10,2021-12-10 12:06:05.031000+00:00,ETH-12DEC21-4100-P,P,4100,2021-12-12 08:00:00+00:00,1.83333,0.728953,0.360664,0.9088,0.8341,-0.0746999,-2.40008,111.086,219.07,-0.247855,0.114472,-4.53264,0.0298097,223.395,-0.276945,-0.20885
2021-12-10,2021-12-10 11:52:45.067000+00:00,ETH-17DEC21-4100-C,C,4100,2021-12-17 08:00:00+00:00,6.83333,0.292467,0.573549,0.9395,0.89,-0.0495,-1.98942,223.44,56.8543,-0.0687439,0.0112287,-0.44255,0.00163233,893.562,0.0382476,0.0724466
2021-12-10,2021-12-10 11:49:47.819000+00:00,ETH-12DEC21-4200-C,C,4200,2021-12-12 08:00:00+00:00,1.83333,0.724473,0.469439,0.8957,0.8019,-0.0938,-2.16349,117.585,222.274,-0.244282,0.0120649,2.21222,-0.0152342,233.628,-0.00640867,0.043917
2021-12-10,2021-12-10 11:49:34.197000+00:00,ETH-12DEC21-4150-P,P,4150,2021-12-12 08:00:00+00:00,1.83333,0.724411,0.461591,0.8943,0.8313,-0.063,-2.19289,117.272,222.622,-0.2439,0.00357256,-0.522415,0.00358583,350.634,-0.0607937,-0.00341172
2021-12-10,2021-12-10 11:46:27.371000+00:00,ETH-17DEC21-4000-P,P,4000,2021-12-17 08:00:00+00:00,6.83333,0.292281,0.36304,0.9598,0.9052,-0.0546001,-1.66899,213.162,55.6518,-0.0702293,0.0800357,-1.6689,0.00601662,637.095,0.0533738,0.0860557
2021-12-10,2021-12-10 12:13:40.031000+00:00,ETH-17DEC21-4200-C,C,4200,2021-12-17 08:00:00+00:00,6.83333,0.29309,0.519196,0.9303,0.8634,-0.0669,-2.77727,228.544,57.4166,-0.0680707,-0.0040974,0.621414,-0.00230631,676.793,-0.0406509,-0.00587143
2021-12-10,2021-12-10 11:38:49.530000+00:00,ETH-17DEC21-4000-C,C,4000,2021-12-17 08:00:00+00:00,6.83333,0.292054,0.619873,0.9677,0.9026,-0.0650999,-1.17188,215.103,55.1975,-0.0708073,0.0545623,-1.30602,0.00481796,215.347,0.0768203,0.111446
2021-12-10,2021-12-10 12:31:59.228000+00:00,ETH-12DEC21-4150-C,C,4150,2021-12-12 08:00:00+00:00,1.83333,0.736193,0.540831,0.8893,0.8803,-0.00900002,-2.03704,117.246,223.874,-0.242536,0.00451572,-0.622921,0.00424935,349.663,0.0130124,0.0753026
2021-12-17,2021-12-17 11:55:14.008000+00:00,ETH-24DEC21-3800-P,P,3800,2021-12-24 08:00:00+00:00,6.83333,0.292541,0.444243,0.8362,0.8271,-0.00910004,3.36727,207.357,63.8778,-0.0611854,0.00432854,-0.225602,0.000746105,1244.97,0.0616519,0.0920031
2021-12-17,2021-12-17 11:41:50.661000+00:00,ETH-19DEC21-3850-C,C,3850,2021-12-19 08:00:00+00:00,1.83333,0.722305,0.506254,0.8339,0.7824,-0.0515,2.46463,108.751,238.747,-0.227427,-0.000811324,0.737274,-0.00474027,324.639,0.371547,0.426334
2021-12-17,2021-12-17 11:28:14.252000+00:00,ETH-19DEC21-3950-P,P,3950,2021-12-19 08:00:00+00:00,1.83333,0.718627,0.643759,0.8652,0.5835,-0.2817,2.68869,101.713,230.11,-0.235964,0.185476,7.05209,-0.043918,102.421,0.168835,0.236593
2021-12-24,2021-12-24 12:02:45.346000+00:00,ETH-31DEC21-4200-C,C,4200,2021-12-31 08:00:00+00:00,6.83333,0.292765,0.404347,0.7288,0.8598,0.131,0.618877,216.254,73.2912,-0.0533268,0.113519,3.42744,-0.00968885,649.989,-0.0813476,-0.0510693
2021-12-24,2021-12-24 11:55:55.354000+00:00,ETH-26DEC21-4100-C,C,4100,2021-12-26 08:00:00+00:00,1.83333,0.726151,0.470196,0.6464,0.6515,0.00510002,0.358273,115.082,308,-0.176291,0.0139781,2.6343,-0.0130937,578.359,0.264691,0.314788
2021-12-24,2021-12-24 11:55:04.116000+00:00,ETH-26DEC21-4050-C,C,4050,2021-12-26 08:00:00+00:00,1.83333,0.725917,0.564762,0.6487,0.5868,-0.0619,0.657509,113.725,306.908,-0.176918,0.0294754,-2.54897,0.0125817,226.084,0.205207,0.258251
2021-12-24,2021-12-24 11:50:48.393000+00:00,ETH-31DEC21-4100-P,P,4100,2021-12-31 08:00:00+00:00,6.83333,0.29241,0.485716,0.7373,0.8345,0.0971999,-0.00755922,223.328,72.4463,-0.0539488,-0.00315935,0.645317,-0.00189914,894.535,-0.0795347,-0.0489494
2021-12-24,2021-12-24 11:49:19.422000+00:00,ETH-26DEC21-4050-P,P,4050,2021-12-26 08:00:00+00:00,1.83333,0.724343,0.397939,0.6253,0.629,0.00370003,0.160079,111.897,318.393,-0.170536,0.0890124,-4.84704,0.0225995,333.811,0.263519,0.314971
2021-12-24,2021-12-24 11:44:14.204000+00:00,ETH-31DEC21-4100-C,C,4100,2021-12-31 08:00:00+00:00,6.83333,0.292215,0.520211,0.742,0.8368,0.0948,0.0374314,223.512,71.9874,-0.0542927,-0.00347281,0.501181,-0.0014834,672.119,-0.0415253,-0.0110737
2021-12-24,2021-12-24 11:43:04.825000+00:00,ETH-26DEC21-4100-P,P,4100,2021-12-26 08:00:00+00:00,1.83333,0.722641,0.494463,0.6395,0.6233,-0.0162,0.250011,115.865,311.323,-0.174409,-0.000679633,0.695997,-0.00343178,232.418,0.31948,0.370461
2021-12-31,2021-12-31 11:58:28.130000+00:00,ETH-7JAN22-3700-C,C,3700,2022-01-07 08:00:00+00:00,6.83333,0.292637,0.596899,0.7278,0.6727,-0.0551,-0.370389,199.833,73.3919,-0.0532537,0.0491352,-1.4637,0.00412869,798.293,0.0212406,0.0555231
2021-12-31,2021-12-31 12:14:44.182000+00:00,ETH-2JAN22-3800-C,C,3800,2022-01-02 08:00:00+00:00,1.83333,0.731355,0.475541,0.6496,0.477,-0.1726,-0.454331,106.826,306.482,-0.177164,0.010064,2.32604,-0.0116297,319.626,0.112817,0.165741
2021-12-31,2021-12-31 11:18:31.438000+00:00,ETH-7JAN22-3900-C,C,3900,2022-01-07 08:00:00+00:00,6.83333,0.291454,0.398461,0.7474,0.6803,-0.0671,-0.373845,199.502,71.4673,-0.0546878,0.124436,3.52375,-0.0101745,199.961,0.0490845,0.0805211
2021-12-31,2021-12-31 11:16:05.036000+00:00,ETH-2JAN22-3750-P,P,3750,2022-01-02 08:00:00+00:00,1.83333,0.715373,0.416781,0.6546,0.4685,-0.1861,-0.385241,104.592,304.141,-0.178527,0.0533396,-3.55867,0.0175656,105.488,0.13531,0.193294
2022-01-07,2022-01-07 12:10:56.366000+00:00,ETH-14JAN22-3200-C,C,3200,2022-01-14 08:00:00+00:00,6.83333,0.293009,0.56394,0.7414,0.7364,-0.005,-4.97714,174.366,72.0456,-0.0542488,0.0129133,-0.586439,0.00171423,695.454,-0.205,-0.169387
2022-01-07,2022-01-07 11:47:21.830000+00:00,ETH-14JAN22-3200-P,P,3200,2022-01-14 08:00:00+00:00,6.83333,0.292308,0.446016,0.7442,0.7586,0.0144,-4.41548,174.574,71.7746,-0.0544537,0.00618906,-0.333197,0.00098131,174.687,-0.0850078,-0.0505258
2022-01-07,2022-01-07 12:19:49.303000+00:00,ETH-14JAN22-3300-C,C,3300,2022-01-14 08:00:00+00:00,6.83333,0.293274,0.461397,0.7316,0.7301,-0.00150002,-5.58529,176.678,73.0107,-0.0535317,0.0260192,1.96618,-0.00571851,353.388,-0.180478,-0.146259
2022-01-07,2022-01-07 12:35:59.504000+00:00,ETH-9JAN22-3200-C,C,3200,2022-01-09 08:00:00+00:00,1.83333,0.737325,0.631843,0.7332,0.8135,0.0803,-5.54679,86.929,271.537,-0.199964,0.129143,-5.44282,0.0290951,172.42,-0.0737181,-0.0205602
2022-01-14,2022-01-14 12:04:09.378000+00:00,ETH-21JAN22-3200-P,P,3200,2022-01-21 08:00:00+00:00,6.83333,0.292807,0.483722,0.626,0.6022,-0.0238,4.43656,174.499,85.3269,-0.0458049,-0.00292351,0.523373,-0.0013075,5930.51,0.0308648,0.0629919
2022-01-21,2022-01-21 11:58:44.748000+00:00,ETH-28JAN22-2800-P,P,2800,2022-01-28 08:00:00+00:00,6.83333,0.292646,0.41003,0.7157,0.6569,-0.0588,-15.8669,151.563,74.6327,-0.0523683,0.0411756,-1.32292,0.00368508,3035.38,-0.234837,-0.202024
2022-01-21,2022-01-21 12:01:59.951000+00:00,ETH-28JAN22-2900-C,C,2900,2022-01-28 08:00:00+00:00,6.83333,0.292742,0.451172,0.69,0.9437,0.2537,-14.5406,154.612,77.4125,-0.0504878,0.0385977,2.29943,-0.00628953,1653.32,-0.170921,-0.139639
2022-01-21,2022-01-21 12:13:00.375000+00:00,ETH-28JAN22-2800-C,C,2800,2022-01-28 08:00:00+00:00,6.83333,0.29307,0.532662,0.7279,0.9724,0.2445,-14.2511,152.817,73.3818,-0.053261,-0.00198442,0.176922,-0.000512638,1968.99,-0.250335,-0.21698
2022-01-21,2022-01-21 12:41:11.702000+00:00,ETH-28JAN22-2700-C,C,2700,2022-01-28 08:00:00+00:00,6.83333,0.293913,0.587387,0.761,0.9445,0.1835,-12.4512,146.386,70.1901,-0.0556829,0.033757,-1.11846,0.00331784,583.678,-0.292879,-0.25736
2022-01-28,2022-01-28 11:59:58.559000+00:00,ETH-4FEB22-2400-P,P,2400,2022-02-04 08:00:00+00:00,6.83333,0.292682,0.490173,0.7831,0.8048,0.0217001,8.61576,130.561,68.2092,-0.0573,-0.00259571,0.770091,-0.00240793,775.508,-0.0323204,0.000598684
2022-01-28,2022-01-28 12:04:34.478000+00:00,ETH-4FEB22-2400-C,C,2400,2022-02-04 08:00:00+00:00,6.83333,0.292819,0.516862,0.7917,0.7216,-0.0700999,8.43126,130.721,67.4683,-0.0579293,-0.00352752,0.609564,-0.00192579,261.156,0.0361112,0.0695096
2022-01-28,2022-01-28 12:21:34.067000+00:00,ETH-4FEB22-2300-P,P,2300,2022-02-04 08:00:00+00:00,6.83333,0.293326,0.358259,0.8474,0.9195,0.0721,8.55291,121.778,63.0336,-0.0620049,0.10572,-2.12943,0.00674806,487.903,-0.155932,-0.122967
2022-02-04,2022-02-04 12:09:22.319000+00:00,ETH-11FEB22-2800-P,P,2800,2022-02-11 08:00:00+00:00,6.83333,0.292962,0.433382,0.6489,0.7202,0.0713,6.48738,152.365,82.3157,-0.0474805,0.0204067,-0.889168,0.00227232,761.605,-0.0776946,-0.0452945
2022-02-11,2022-02-11 12:02:12.884000+00:00,ETH-13FEB22-3100-C,C,3100,2022-02-13 08:00:00+00:00,1.83333,0.727883,0.459309,0.6157,1.1593,0.5436,-5.62035,86.7228,323.357,-0.167918,0.024172,3.34011,-0.0157753,350.377,-0.376771,-0.330815
2022-02-11,2022-02-11 12:05:18.227000+00:00,ETH-18FEB22-3000-P,P,3000,2022-02-18 08:00:00+00:00,6.83333,0.292841,0.368745,0.6805,0.6414,-0.0391,-5.60148,159.032,78.4932,-0.0497927,0.119175,-2.59911,0.00667857,317.559,-0.0404995,-0.0074374
2022-02-18,2022-02-18 11:28:58.998000+00:00,ETH-25FEB22-3000-C,C,3000,2022-02-25 08:00:00+00:00,6.83333,0.291763,0.352193,0.6488,0.6683,0.0195,-4.95397,146.708,82.3284,-0.0474732,0.274747,5.2822,-0.012734,737.08,-0.0221928,0.00920118
2022-02-25,2022-02-25 12:03:17.615000+00:00,ETH-4MAR22-2700-P,P,2700,2022-03-04 08:00:00+00:00,6.83333,0.292781,0.540984,0.742,0.772,0.03,4.27742,144.335,71.9874,-0.0542927,0.0283404,2.01332,-0.00593522,569.95,-0.0653954,-0.029974
2022-02-25,2022-02-25 12:03:18.465000+00:00,ETH-4MAR22-2600-P,P,2600,2022-03-04 08:00:00+00:00,6.83333,0.292781,0.395401,0.7841,0.8058,0.0217,4.10735,140.164,68.1222,-0.0573732,0.0534337,-1.47231,0.00445156,838.326,-0.0608653,-0.0272209
2022-02-25,2022-02-25 11:39:50.894000+00:00,ETH-4MAR22-2700-C,C,2700,2022-03-04 08:00:00+00:00,6.83333,0.292085,0.430289,0.757,0.7606,0.00360001,4.31348,141.736,70.5609,-0.0553902,0.0649558,2.69849,-0.00803365,5062.39,0.0376089,0.0716531
2022-02-25,2022-02-25 12:20:44.763000+00:00,ETH-27FEB22-2700-P,P,2700,2022-02-27 08:00:00+00:00,1.83333,0.733033,0.573295,0.7312,0.8709,0.1397,3.63688,74.2487,272.28,-0.199418,0.0592496,4.54753,-0.0252107,594.531,-0.201052,-0.136324
2022-02-25,2022-02-25 11:33:00.507000+00:00,ETH-27FEB22-2600-P,P,2600,2022-02-27 08:00:00+00:00,1.83333,0.719912,0.418599,0.7851,1.195,0.4099,5.71692,72.683,253.587,-0.214118,0.0395622,-2.70663,0.0160409,220.196,-0.288147,-0.244014
2022-02-25,2022-02-25 12:40:14.520000+00:00,ETH-4MAR22-2800-C,C,2800,2022-03-04 08:00:00+00:00,6.83333,0.293885,0.353841,0.7677,0.768,0.000300064,2.69965,136.273,69.5775,-0.0561732,0.233362,4.56039,-0.0130388,135.944,-0.0081389,0.0264346
2022-03-04,2022-03-04 12:02:26.694000+00:00,ETH-11MAR22-2700-C,C,2700,2022-03-11 08:00:00+00:00,6.83333,0.292756,0.584169,0.7252,0.7743,0.0491,-2.56559,146.438,73.655,-0.0530634,0.0332165,-1.14212,0.00323427,293.034,-0.0797401,-0.0468175
2022-03-11,2022-03-11 11:38:47.648000+00:00,ETH-13MAR22-2600-P,P,2600,2022-03-13 08:00:00+00:00,1.83333,0.721477,0.385383,0.713,0.7066,-0.00639999,-2.78789,71.3939,279.23,-0.194455,0.0991441,-4.78526,0.0252087,144.87,0.242074,0.293799
2022-03-11,2022-03-11 11:24:30.372000+00:00,ETH-13MAR22-2600-C,C,2600,2022-03-13 08:00:00+00:00,1.83333,0.717625,0.571502,0.7623,0.6975,-0.0648,-1.78548,72.9213,261.171,-0.2079,0.0301662,-2.35106,0.0135952,147.406,0.363546,0.416741
2022-03-11,2022-03-11 11:23:32.240000+00:00,ETH-18MAR22-2500-P,P,2500,2022-03-18 08:00:00+00:00,6.83333,0.291602,0.356578,0.8014,0.8276,0.0262,-0.58698,131.982,66.6517,-0.058639,0.118708,-2.35693,0.00705004,264.792,0.110415,0.140544
2022-03-18,2022-03-18 11:32:14.648000+00:00,ETH-25MAR22-2800-P,P,2800,2022-03-25 08:00:00+00:00,6.83333,0.29186,0.494041,0.6844,0.7451,0.0607,6.02816,152.366,78.0459,-0.0500781,-0.00170737,0.841683,-0.00230053,762.532,-0.0720749,-0.039465
2022-03-25,2022-03-25 11:59:37.835000+00:00,ETH-1APR22-3100-P,P,3100,2022-04-01 08:00:00+00:00,6.83333,0.292672,0.385548,0.6683,0.6402,-0.0281001,-0.81691,165.882,79.9261,-0.0489,0.086855,-2.18179,0.00558239,1990.53,0.0502629,0.0808739
2022-03-25,2022-03-25 11:59:33.236000+00:00,ETH-1APR22-3200-C,C,3200,2022-04-01 08:00:00+00:00,6.83333,0.29267,0.477293,0.6647,0.6124,-0.0523,-0.741249,172.775,80.359,-0.0486366,0.0126724,1.62621,-0.00431036,1721.3,0.0728874,0.103666
2022-03-25,2022-03-25 11:58:51.048000+00:00,ETH-1APR22-3100-C,C,3100,2022-04-01 08:00:00+00:00,6.83333,0.292649,0.616472,0.6596,0.6321,-0.0275,-0.812934,165.664,80.9803,-0.0482634,0.0925144,-2.28242,0.00575488,827.792,0.0620043,0.0948692
2022-03-25,2022-03-25 11:49:50.132000+00:00,ETH-27MAR22-3200-C,C,3200,2022-03-27 08:00:00+00:00,1.83333,0.724483,0.446087,0.6486,0.4269,-0.2217,-1.02537,88.9922,306.955,-0.176891,0.038108,3.95651,-0.0196061,6965.78,0.226177,0.268852
2022-03-25,2022-03-25 12:27:34.018000+00:00,ETH-1APR22-3200-P,P,3200,2022-04-01 08:00:00+00:00,6.83333,0.293505,0.517945,0.6598,0.6258,-0.034,-0.95522,173.088,80.9558,-0.0482781,0.00917395,1.49634,-0.00393933,172.844,0.0615294,0.0922918
2022-03-25,2022-03-25 12:43:06.157000+00:00,ETH-1APR22-3300-C,C,3300,2022-04-01 08:00:00+00:00,6.83333,0.293971,0.357826,0.6561,0.5773,-0.0788,-1.22904,162.563,81.4123,-0.0480073,0.250855,5.04672,-0.0123805,162.148,0.0436904,0.0748599
2022-04-01,2022-04-01 11:57:49.496000+00:00,ETH-8APR22-3200-P,P,3200,2022-04-08 08:00:00+00:00,6.83333,0.292618,0.372568,0.6722,0.679,0.0068,5.54927,169.993,79.4624,-0.0491854,0.112736,-2.53452,0.0064545,1181.02,-0.0480329,-0.01602
2022-04-01,2022-04-01 11:57:29.904000+00:00,ETH-8APR22-3300-P,P,3300,2022-04-08 08:00:00+00:00,6.83333,0.292609,0.504238,0.6591,0.6533,-0.00580002,4.86439,179.22,81.0418,-0.0482268,0.00162697,1.11794,-0.00294282,358.274,-0.0637078,-0.0308038
2022-04-08,2022-04-08 11:57:21.228000+00:00,ETH-15APR22-3300-P,P,3300,2022-04-15 08:00:00+00:00,6.83333,0.292604,0.548137,0.5883,0.5299,-0.0584,-0.294937,176.514,90.7949,-0.0430463,0.0414331,2.50298,-0.00583841,176.538,0.0273937,0.0596176
2022-04-08,2022-04-08 11:53:33.302000+00:00,ETH-15APR22-3200-P,P,3200,2022-04-15 08:00:00+00:00,6.83333,0.292491,0.380309,0.5909,0.5393,-0.0516,-0.0936969,170.351,90.3954,-0.0432366,0.115466,-2.76919,0.00623905,5470.18,0.0683495,0.100043
2022-04-08,2022-04-08 11:48:31.203000+00:00,ETH-15APR22-3200-C,C,3200,2022-04-15 08:00:00+00:00,6.83333,0.292342,0.623011,0.5901,0.5432,-0.0469,-0.186597,170.005,90.5179,-0.043178,0.123687,-2.88318,0.00646947,683.626,0.0263328,0.0601298
2022-04-08,2022-04-08 12:25:33.699000+00:00,ETH-10APR22-3300-C,C,3300,2022-04-10 08:00:00+00:00,1.83333,0.734383,0.377556,0.4686,0.4455,-0.0231,-0.342169,87.96,424.863,-0.1278,0.227372,10.3413,-0.0356117,268.855,0.0468597,0.0925984
2022-04-15,2022-04-15 11:57:05.094000+00:00,ETH-22APR22-3100-C,C,3100,2022-04-22 08:00:00+00:00,6.83333,0.292596,0.373367,0.4896,0.4789,-0.0107,1.14657,156.825,109.099,-0.0358244,0.257294,5.82169,-0.0108057,784.085,0.0207777,0.0515389
2022-04-15,2022-04-15 12:34:19.375000+00:00,ETH-17APR22-3000-P,P,3000,2022-04-17 08:00:00+00:00,1.83333,0.736853,0.394073,0.4477,0.4682,0.0205,1.22452,82.5027,444.697,-0.1221,0.140506,-7.42039,0.0247188,163.311,0.0911226,0.136894
2022-04-22,2022-04-22 11:57:39.154000+00:00,ETH-29APR22-3100-C,C,3100,2022-04-29 08:00:00+00:00,6.83333,0.292613,0.353813,0.5263,0.548,0.0217,-2.88758,153.12,101.491,-0.0385098,0.318662,6.20887,-0.012165,924.31,-0.014605,0.0165648
2022-04-22,2022-04-22 11:50:03.818000+00:00,ETH-29APR22-3000-P,P,3000,2022-04-29 08:00:00+00:00,6.83333,0.292388,0.468335,0.5398,0.5397,-9.99832e-05,-2.84446,163.755,98.9526,-0.0394976,0.000824281,-0.0758166,0.000162946,655.619,-0.0494312,-0.0181005
2022-04-22,2022-04-22 11:17:16.633000+00:00,ETH-29APR22-3000-C,C,3000,2022-04-29 08:00:00+00:00,6.83333,0.291418,0.531974,0.5488,0.5298,-0.019,-2.05332,163.755,97.3299,-0.0401561,0.000753355,-0.0686158,0.000149919,164.111,-0.00665427,0.02446
2022-04-29,2022-04-29 12:01:38.277000+00:00,ETH-6MAY22-2800-P,P,2800,2022-05-06 08:00:00+00:00,6.83333,0.292732,0.406433,0.6086,0.6312,0.0226,-3.89544,151.052,87.7664,-0.0445317,0.0596832,-1.84269,0.00435545,6799.1,-0.0445205,-0.0126513
2022-04-29,2022-04-29 12:04:58.805000+00:00,ETH-6MAY22-2900-C,C,2900,2022-05-06 08:00:00+00:00,6.83333,0.292831,0.411097,0.5899,0.6028,0.0129,-3.63806,151.088,90.5486,-0.0431634,0.116287,3.78324,-0.00869162,1677.41,-0.033996,-0.00239085
2022-04-29,2022-04-29 11:54:58.601000+00:00,ETH-1MAY22-2800-P,P,2800,2022-05-01 08:00:00+00:00,1.83333,0.725892,0.359187,0.5934,0.7613,0.1679,-4.17383,75.2423,335.509,-0.161836,0.193959,-7.58239,0.0325071,151.542,-0.38762,-0.323032
2022-04-29,2022-04-29 11:45:14.619000+00:00,ETH-6MAY22-2800-C,C,2800,2022-05-06 08:00:00+00:00,6.83333,0.292245,0.590985,0.6119,0.6404,0.0285,-3.70557,151.21,87.2931,-0.0447732,0.0550977,-1.74937,0.00416363,298.988,-0.0959973,-0.0616665
2022-05-06,2022-05-06 12:01:05.094000+00:00,ETH-8MAY22-2700-P,P,2700,2022-05-08 08:00:00+00:00,1.83333,0.727572,0.55878,0.6149,0.5864,-0.0285,-1.21241,74.9535,323.778,-0.1677,0.046022,4.39242,-0.0206004,451.331,0.382671,0.439587
2022-05-06,2022-05-06 12:03:30.880000+00:00,ETH-13MAY22-2700-C,C,2700,2022-05-13 08:00:00+00:00,6.83333,0.292788,0.499299,0.6124,0.5961,-0.0163,-1.91413,146.844,87.2218,-0.0448098,0.000243276,1.02079,-0.00249682,6128.63,0.0270199,0.0583715
2022-05-06,2022-05-06 11:52:11.333000+00:00,ETH-13MAY22-2600-P,P,2600,2022-05-13 08:00:00+00:00,6.83333,0.292451,0.353003,0.6386,0.6353,-0.00330002,-1.52326,136.08,83.6433,-0.0467268,0.171337,-3.31853,0.00788267,1100.57,0.0218585,0.052736
2022-05-06,2022-05-06 11:51:45.752000+00:00,ETH-8MAY22-2700-C,C,2700,2022-05-08 08:00:00+00:00,1.83333,0.725011,0.425662,0.6285,0.536,-0.0925,-1.42054,74.3065,316.772,-0.171409,0.069419,5.21593,-0.0248366,1044.89,0.209294,0.254679
2022-05-06,2022-05-06 12:13:42.636000+00:00,ETH-13MAY22-2600-C,C,2600,2022-05-13 08:00:00+00:00,6.83333,0.293091,0.642803,0.6415,0.6279,-0.0136,-1.05983,136.544,83.2652,-0.046939,0.158504,-3.16714,0.00758979,819.489,-0.0203022,0.0137251
2022-05-06,2022-05-06 12:30:47.882000+00:00,ETH-13MAY22-2800-C,C,2800,2022-05-13 08:00:00+00:00,6.83333,0.293602,0.363153,0.585,0.5803,-0.00470001,-2.3495,139.379,91.3071,-0.0428049,0.256451,5.36475,-0.0117928,139.128,-7.13924e-05,0.0305759
2022-05-13,2022-05-13 12:00:46.992000+00:00,ETH-20MAY22-2200-C,C,2200,2022-05-20 08:00:00+00:00,6.83333,0.292706,0.378229,0.8496,0.7923,-0.0573,-2.11815,109.655,62.8703,-0.0621659,0.155631,3.66774,-0.0118617,885.824,-0.0248417,0.00755637
2022-05-13,2022-05-13 11:53:01.237000+00:00,ETH-15MAY22-2100-C,C,2100,2022-05-15 08:00:00+00:00,1.83333,0.725355,0.538958,0.9961,0.8147,-0.1814,-2.62883,59.353,199.87,-0.271664,0.00267674,-0.386003,0.00295072,647.646,0.0352013,0.0950976
2022-05-13,2022-05-13 12:33:15.024000+00:00,ETH-20MAY22-2100-C,C,2100,2022-05-20 08:00:00+00:00,6.83333,0.293675,0.564863,0.8995,0.8181,-0.0814,-3.39669,114.538,59.3826,-0.0658171,0.00728965,-0.326365,0.001157,456.895,0.0230491,0.0561714
2022-05-20,2022-05-20 11:58:58.989000+00:00,ETH-27MAY22-2100-C,C,2100,2022-05-27 08:00:00+00:00,6.83333,0.292653,0.432578,0.7227,0.7189,-0.00379997,-4.15688,110.566,73.9098,-0.0528805,0.0631449,2.71744,-0.00773165,1324.66,-0.0237402,0.00719519
2022-05-27,2022-05-27 12:00:52.032000+00:00,ETH-3JUN22-1850-C,C,1850,2022-06-03 08:00:00+00:00,6.83333,0.292709,0.354359,0.8087,0.7814,-0.0273,2.05655,89.8131,66.05,-0.0591732,0.223667,4.37598,-0.0131819,1030.1,0.00264516,0.0338978
2022-05-27,2022-05-27 11:57:28.638000+00:00,ETH-29MAY22-1800-C,C,1800,2022-05-29 08:00:00+00:00,1.83333,0.726578,0.409589,0.8705,0.5123,-0.3582,1.10838,48.791,228.709,-0.237409,0.0763173,4.70766,-0.030784,548.895,0.474088,0.525907
2022-05-27,2022-05-27 12:15:33.307000+00:00,ETH-3JUN22-1800-C,C,1800,2022-06-03 08:00:00+00:00,6.83333,0.293146,0.467236,0.837,0.8274,-0.00959999,1.64392,96.3741,63.8168,-0.0612439,0.0192748,1.71658,-0.00571931,1948.97,-0.0525222,-0.0216709
2022-05-27,2022-05-27 12:21:34.864000+00:00,ETH-3JUN22-1750-C,C,1750,2022-06-03 08:00:00+00:00,6.83333,0.293326,0.591095,0.868,0.8734,0.00539993,0.702942,94.9335,61.5376,-0.0635122,0.0295688,-0.938608,0.00316891,94.8267,-0.0730512,-0.0396967
2022-05-27,2022-05-27 11:38:02.702000+00:00,ETH-3JUN22-1750-P,P,1750,2022-06-03 08:00:00+00:00,6.83333,0.292031,0.419456,0.8753,0.8691,-0.00619995,1.09382,95.1919,61.0244,-0.0640463,0.0194276,-0.698148,0.00239078,658.374,0.0674047,0.0995832
2022-05-27,2022-05-27 12:35:56.233000+00:00,ETH-29MAY22-1800-P,P,1800,2022-05-29 08:00:00+00:00,1.83333,0.737309,0.489474,0.8021,0.4586,-0.3435,-0.579863,50.8696,248.212,-0.218755,-0.00100303,0.53217,-0.00329032,151.15,0.402023,0.45543
2022-05-27,2022-05-27 12:37:06.112000+00:00,ETH-3JUN22-1800-P,P,1800,2022-06-03 08:00:00+00:00,6.83333,0.293791,0.458598,0.8327,0.8179,-0.0148,-0.520526,98.2496,64.1463,-0.0609293,-0.00124256,0.0873325,-0.000288891,294.162,0.0813849,0.112684
2022-06-03,2022-06-03 12:15:29.878000+00:00,ETH-10JUN22-1850-C,C,1850,2022-06-10 08:00:00+00:00,6.83333,0.293145,0.35096,0.7321,0.6957,-0.0364,1.93572,89.8865,72.9608,-0.0535683,0.252003,4.81698,-0.0130924,179.605,0.0666457,0.0980433
2022-06-03,2022-06-03 11:37:01.185000+00:00,ETH-5JUN22-1800-C,C,1800,2022-06-05 08:00:00+00:00,1.83333,0.720997,0.399093,0.7423,0.3854,-0.3569,1.36809,48.5106,268.208,-0.202445,0.10722,5.88584,-0.0325953,234.324,0.510874,0.565108
2022-06-03,2022-06-03 12:24:16.645000+00:00,ETH-10JUN22-1750-P,P,1750,2022-06-10 08:00:00+00:00,6.83333,0.293407,0.447955,0.8063,0.7487,-0.0575999,2.3118,95.5052,66.2466,-0.0589976,0.00332266,-0.185649,0.000592777,954.848,0.102321,0.133183
2022-06-03,2022-06-03 12:33:09.726000+00:00,ETH-5JUN22-1800-P,P,1800,2022-06-05 08:00:00+00:00,1.83333,0.736525,0.614382,0.7347,0.3101,-0.4246,1.71388,48.0237,270.983,-0.200373,0.133818,6.54255,-0.0355536,141.893,0.468028,0.527546
2022-06-03,2022-06-03 12:37:53.452000+00:00,ETH-5JUN22-1750-P,P,1750,2022-06-05 08:00:00+00:00,1.83333,0.737863,0.423488,0.7812,0.8116,0.0304,2.25206,49.0196,254.853,-0.213055,0.0335752,-2.46761,0.0145931,48.6572,0.230582,0.278604
2022-06-10,2022-06-10 12:33:12.106000+00:00,ETH-17JUN22-1700-P,P,1700,2022-06-17 08:00:00+00:00,6.83333,0.293674,0.395869,0.8904,1.011,0.1206,-11.8583,91.8653,59.9895,-0.0651512,0.0420674,-1.16541,0.00400285,456.811,-0.195137,-0.16283
2022-06-17,2022-06-17 11:56:58.509000+00:00,ETH-19JUN22-1100-C,C,1100,2022-06-19 08:00:00+00:00,1.83333,0.72644,0.482592,1.1854,2.0643,0.8789,-10.3309,30.8485,167.953,-0.323291,0.00471123,1.52042,-0.0138844,1181.75,-0.226197,-0.181861
2022-06-17,2022-06-17 11:55:50.721000+00:00,ETH-24JUN22-1100-C,C,1100,2022-06-24 08:00:00+00:00,6.83333,0.292559,0.513364,1.2278,1.3154,0.0875999,-8.93595,59.5036,43.5043,-0.089839,-0.00366778,0.800725,-0.00392451,1312.53,-0.273975,-0.240569
2022-06-17,2022-06-17 11:52:27.932000+00:00,ETH-24JUN22-1100-P,P,1100,2022-06-24 08:00:00+00:00,6.83333,0.292459,0.481196,1.2313,1.2551,0.0238,-8.80418,59.6038,43.3807,-0.0900951,-0.00464314,0.720403,-0.00353895,297.659,-0.203596,-0.170238
2022-06-17,2022-06-17 12:16:45.233000+00:00,ETH-24JUN22-1050-C,C,1050,2022-06-24 08:00:00+00:00,6.83333,0.293182,0.625152,1.3277,1.3751,0.0473999,-9.14005,56.7777,40.231,-0.0971488,0.0329708,-0.755566,0.00380805,113.445,-0.418317,-0.381172
2022-06-24,2022-06-24 12:00:16.820000+00:00,ETH-26JUN22-1200-C,C,1200,2022-06-26 08:00:00+00:00,1.83333,0.72735,0.483289,0.8587,0.692,-0.1667,3.73691,33.7499,231.852,-0.234191,0.00501319,1.68841,-0.0111699,97.062,-0.0645216,0.00309045
2022-06-24,2022-06-24 12:02:43.608000+00:00,ETH-1JUL22-1250-C,C,1250,2022-07-01 08:00:00+00:00,6.83333,0.292764,0.384924,0.8942,0.9866,0.0924001,3.74736,62.606,59.7346,-0.0654293,0.135713,3.39081,-0.0116031,2412.51,-0.104874,-0.0712822
2022-06-24,2022-06-24 12:03:43.984000+00:00,ETH-26JUN22-1200-P,P,1200,2022-06-26 08:00:00+00:00,1.83333,0.728303,0.50462,0.8828,0.7676,-0.1152,3.20152,33.8356,225.522,-0.240764,0.000967698,1.18428,-0.00806121,503.367,-0.161088,-0.0990951
2022-06-24,2022-06-24 12:10:36.416000+00:00,ETH-26JUN22-1250-P,P,1250,2022-06-26 08:00:00+00:00,1.83333,0.730207,0.643913,0.9702,0.7755,-0.1947,1.98109,32.1263,205.206,-0.2646,0.165713,6.3528,-0.0444143,96.1538,-0.0350817,0.033294
2022-06-24,2022-06-24 12:31:03.623000+00:00,ETH-26JUN22-1250-C,C,1250,2022-06-26 08:00:00+00:00,1.83333,0.735931,0.361104,0.9,0.7426,-0.1574,1.63968,32.4017,221.212,-0.245455,0.163503,6.53481,-0.0426112,32.1823,0.0818461,0.142041
2022-07-01,2022-07-01 12:01:28.658000+00:00,ETH-3JUL22-1050-C,C,1050,2022-07-03 08:00:00+00:00,1.83333,0.72768,0.512588,0.9826,0.6043,-0.3783,1.09736,29.666,202.616,-0.267982,-0.00122311,0.546666,-0.00413995,118.36,0.624021,0.678909
2022-07-01,2022-07-01 11:50:30.036000+00:00,ETH-8JUL22-1000-P,P,1000,2022-07-08 08:00:00+00:00,6.83333,0.292401,0.358144,1.1171,1.0131,-0.104,1.77943,53.3878,47.8154,-0.081739,0.068559,-1.37835,0.00575667,267.768,0.146598,0.177328
2022-07-01,2022-07-01 11:45:24.234000+00:00,ETH-8JUL22-1050-P,P,1050,2022-07-08 08:00:00+00:00,6.83333,0.292249,0.486479,1.0557,0.9439,-0.1118,1.88665,56.9654,50.5964,-0.0772463,-0.0035437,0.765898,-0.0032276,342.021,0.140357,0.171817
2022-07-01,2022-07-01 11:44:12.889000+00:00,ETH-8JUL22-1100-C,C,1100,2022-07-08 08:00:00+00:00,6.83333,0.292214,0.379366,1.014,0.8665,-0.1475,1.8967,54.354,52.6772,-0.0741951,0.135327,3.21636,-0.0124247,109.153,0.19021,0.221465
2022-07-01,2022-07-01 11:28:45.479000+00:00,ETH-3JUL22-1050-P,P,1050,2022-07-03 08:00:00+00:00,1.83333,0.718767,0.503395,1.023,0.8013,-0.2217,1.80248,29.5891,194.615,-0.279,0.000716132,1.124,-0.00886616,59.2608,0.395723,0.450949
2022-07-08,2022-07-08 12:00:12.475000+00:00,ETH-10JUL22-1200-C,C,1200,2022-07-10 08:00:00+00:00,1.83333,0.72733,0.61938,0.9091,0.7023,-0.2068,-0.767856,32.97,218.998,-0.247936,0.0800172,-3.71587,0.0248736,32.9686,0.558148,0.613793
2022-07-08,2022-07-08 12:00:12.654000+00:00,ETH-10JUL22-1250-C,C,1250,2022-07-10 08:00:00+00:00,1.83333,0.727331,0.360757,0.8512,0.6898,-0.1614,-0.346847,32.4027,233.894,-0.232145,0.174503,6.90822,-0.0425525,162.119,0.334109,0.378155
2022-07-08,2022-07-08 12:01:08.472000+00:00,ETH-10JUL22-1200-P,P,1200,2022-07-10 08:00:00+00:00,1.83333,0.727587,0.359128,0.8815,0.5095,-0.372,-0.643728,32.4526,225.855,-0.240409,0.12205,-4.77404,0.0304065,325.559,0.461894,0.509695
2022-07-08,2022-07-08 12:30:01.464000+00:00,ETH-15JUL22-1200-P,P,1200,2022-07-15 08:00:00+00:00,6.83333,0.293579,0.406781,0.9161,0.7876,-0.1285,-0.826481,65.1056,58.3066,-0.0670317,0.0283794,-0.880111,0.00313211,325.354,0.0733858,0.104617
2022-07-15,2022-07-15 12:06:55.114000+00:00,ETH-22JUL22-1200-P,P,1200,2022-07-22 08:00:00+00:00,6.83333,0.292889,0.456039,0.7944,1.0665,0.2721,12.5179,65.5029,67.239,-0.0581268,0.000239566,-0.0158567,5.0006e-05,261.817,-0.453812,-0.417124
2022-07-15,2022-07-15 11:41:20.619000+00:00,ETH-22JUL22-1250-C,C,1250,2022-07-22 08:00:00+00:00,6.83333,0.292129,0.408604,0.7875,1.0218,0.2343,11.8603,64.4176,67.8281,-0.057622,0.099699,3.14809,-0.00964011,518.039,-0.342368,-0.304705
2022-07-15,2022-07-15 12:41:32.075000+00:00,ETH-22JUL22-1250-P,P,1250,2022-07-22 08:00:00+00:00,6.83333,0.293924,0.575375,0.7963,1.0167,0.2204,11.2749,65.2612,67.0785,-0.0582659,0.0709905,2.73874,-0.00855561,65.1155,-0.724196,-0.684449
2022-07-22,2022-07-22 11:55:04.354000+00:00,ETH-24JUL22-1650-P,P,1650,2022-07-24 08:00:00+00:00,1.83333,0.725918,0.524241,1.0329,0.632,-0.4009,-4.34235,46.234,192.749,-0.2817,0.00791148,1.83227,-0.0145665,320.448,-0.17062,-0.115702
2022-07-22,2022-07-22 12:08:00.181000+00:00,ETH-24JUL22-1600-P,P,1600,2022-07-24 08:00:00+00:00,1.83333,0.729484,0.372715,1.0375,0.7375,-0.3,-4.04627,43.8379,191.895,-0.282955,0.0783806,-3.41035,0.0258859,43.766,-0.192995,-0.130532
2022-07-22,2022-07-22 11:49:13.232000+00:00,ETH-24JUL22-1650-C,C,1650,2022-07-24 08:00:00+00:00,1.83333,0.724315,0.462368,1.0391,1.1581,0.119,-3.58389,45.9945,191.599,-0.283391,0.0153707,2.28746,-0.0182462,319.851,-0.186633,-0.136027
2022-07-22,2022-07-22 11:29:03.924000+00:00,ETH-29JUL22-1650-C,C,1650,2022-07-29 08:00:00+00:00,6.83333,0.291766,0.506994,1.075,1.0969,0.0219,-4.59086,89.3115,49.688,-0.0786585,-0.00209158,0.882195,-0.00378726,89.4515,-0.0185478,0.0147784
2022-07-29,2022-07-29 11:57:14.373000+00:00,ETH-31JUL22-1650-P,P,1650,2022-07-31 08:00:00+00:00,1.83333,0.726513,0.361912,0.9075,0.854,-0.0535,0.655821,44.7413,219.384,-0.2475,0.112648,-4.49633,0.0295584,683.919,0.17865,0.231409
2022-07-29,2022-07-29 11:48:08.929000+00:00,ETH-31JUL22-1700-P,P,1700,2022-07-31 08:00:00+00:00,1.83333,0.724023,0.553588,0.9482,0.8137,-0.1345,0.886741,47.0911,209.967,-0.2586,0.0288539,3.01165,-0.0218197,468.47,0.27487,0.337038
2022-07-29,2022-07-29 11:46:59.481000+00:00,ETH-31JUL22-1700-C,C,1700,2022-07-31 08:00:00+00:00,1.83333,0.723707,0.429736,0.9078,0.7826,-0.1252,0.596279,46.6787,219.311,-0.247582,0.047351,3.76108,-0.0259157,567.427,0.194394,0.255061
2022-08-05,2022-08-05 11:59:57.577000+00:00,ETH-7AUG22-1750-C,C,1750,2022-08-07 08:00:00+00:00,1.83333,0.727262,0.39512,0.9652,0.7131,-0.2521,-1.42909,46.7885,206.269,-0.263236,0.0921602,4.8886,-0.0351196,3122.7,0.254262,0.301169
2022-08-05,2022-08-05 11:59:44.715000+00:00,ETH-12AUG22-1700-P,P,1700,2022-08-12 08:00:00+00:00,6.83333,0.292675,0.454483,0.9912,0.9387,-0.0525,-1.25994,92.7749,53.8889,-0.0725268,-0.00245481,0.156907,-0.000617137,1112.57,0.0895799,0.12094
2022-08-05,2022-08-05 11:59:37.997000+00:00,ETH-7AUG22-1750-P,P,1750,2022-08-07 08:00:00+00:00,1.83333,0.727172,0.610332,1.0004,0.9474,-0.053,-0.228984,46.5214,199.011,-0.272836,0.0983447,4.95216,-0.0367309,281.033,0.615646,0.675016
2022-08-05,2022-08-05 12:00:41.213000+00:00,ETH-12AUG22-1650-C,C,1650,2022-08-12 08:00:00+00:00,6.83333,0.292703,0.638883,0.9954,0.9164,-0.079,-0.471487,87.9273,53.6615,-0.0728341,0.0783038,-1.60995,0.00600883,264.677,-0.0883471,-0.0540065
2022-08-05,2022-08-05 12:00:41.715000+00:00,ETH-12AUG22-1650-P,P,1650,2022-08-12 08:00:00+00:00,6.83333,0.292704,0.36078,0.9823,0.9429,-0.0394,-1.50689,87.8751,54.3771,-0.0718756,0.0805251,-1.65145,0.00608064,2204,0.0605554,0.0920186
2022-08-05,2022-08-05 12:01:04.499000+00:00,ETH-7AUG22-1700-P,P,1700,2022-08-07 08:00:00+00:00,1.83333,0.727569,0.42069,0.9439,0.752,-0.1919,-1.7306,47.6409,210.924,-0.257427,0.0282391,-1.99125,0.0142059,1003.02,0.231087,0.286741
2022-08-05,2022-08-05 12:02:13.576000+00:00,ETH-12AUG22-1700-C,C,1700,2022-08-12 08:00:00+00:00,6.83333,0.292749,0.557788,0.9976,0.9305,-0.0671,-0.976185,92.7923,53.5431,-0.0729951,0.00129175,-0.0649465,0.00025606,1573.92,-0.0136123,0.0190155
2022-08-05,2022-08-05 11:55:59.966000+00:00,ETH-12AUG22-1800-C,C,1800,2022-08-12 08:00:00+00:00,6.83333,0.292564,0.382375,0.9941,0.9298,-0.0643,-1.34108,89.3707,53.7316,-0.072739,0.131093,3.20071,-0.0121517,1247.37,0.0680399,0.0993886
2022-08-05,2022-08-05 11:50:21.397000+00:00,ETH-12AUG22-1750-C,C,1750,2022-08-12 08:00:00+00:00,6.83333,0.292396,0.458044,0.9775,0.9508,-0.0267,-1.07824,92.8305,54.6441,-0.0715244,0.0258143,1.78864,-0.00694451,1005.79,0.0226187,0.0539771
2022-08-05,2022-08-05 11:45:35.694000+00:00,ETH-7AUG22-1700-C,C,1700,2022-08-07 08:00:00+00:00,1.83333,0.723326,0.542462,0.9341,0.8149,-0.1192,-1.12334,48.026,213.137,-0.254755,0.00463352,-0.612462,0.00438643,1294.59,0.317495,0.373854
2022-08-12,2022-08-12 12:37:51.178000+00:00,ETH-19AUG22-1900-C,C,1900,2022-08-19 08:00:00+00:00,6.83333,0.293813,0.49022,0.872,0.861,-0.011,5.08378,102.65,61.2553,-0.0638049,0.0039906,1.20317,-0.00418921,204.903,0.0628178,0.0947634
2022-08-19,2022-08-19 11:57:03.103000+00:00,ETH-26AUG22-1750-C,C,1750,2022-08-26 08:00:00+00:00,6.83333,0.292595,0.442086,0.9342,0.9365,0.00230003,-6.76907,92.0173,57.1769,-0.0683561,0.0426697,2.14004,-0.00790073,2559.66,-0.126603,-0.0945648
2022-08-19,2022-08-19 12:03:43.705000+00:00,ETH-26AUG22-1700-C,C,1700,2022-08-26 08:00:00+00:00,6.83333,0.292794,0.527265,0.9474,0.9148,-0.0325999,-6.52869,92.6222,56.3802,-0.0693219,-0.00442054,0.472272,-0.0017829,3149.43,-0.113905,-0.0809471
2022-08-19,2022-08-19 12:04:44.285000+00:00,ETH-26AUG22-1800-C,C,1800,2022-08-26 08:00:00+00:00,6.83333,0.292824,0.356004,0.9273,0.9703,0.043,-6.64459,86.8856,57.6023,-0.0678512,0.197364,3.90861,-0.0135234,525.571,-0.122008,-0.0903318
2022-08-19,2022-08-19 11:53:02.520000+00:00,ETH-26AUG22-1700-P,P,1700,2022-08-26 08:00:00+00:00,6.83333,0.292476,0.468208,0.9598,0.9224,-0.0374001,-7.43485,92.6726,55.6518,-0.0702293,-0.00428525,0.392679,-0.00150056,1481.44,-0.0388477,-0.00643399
2022-08-19,2022-08-19 11:53:00.216000+00:00,ETH-26AUG22-1650-C,C,1650,2022-08-26 08:00:00+00:00,6.83333,0.292475,0.619194,0.9715,0.882,-0.0895,-6.65995,88.767,54.9816,-0.0710854,0.0532509,-1.28264,0.00475307,2365.24,-0.0835882,-0.0487059
2022-08-19,2022-08-19 11:50:36.647000+00:00,ETH-21AUG22-1700-C,C,1700,2022-08-21 08:00:00+00:00,1.83333,0.724695,0.529828,0.895,1.2411,0.3461,-7.20804,48.0623,222.448,-0.244091,0.000955884,-0.180172,0.00123996,716.702,-0.325898,-0.278071
2022-08-19,2022-08-19 11:33:01.744000+00:00,ETH-26AUG22-1800-P,P,1800,2022-08-26 08:00:00+00:00,6.83333,0.291883,0.649253,0.9172,0.9301,0.0129,-6.52787,86.2946,58.2366,-0.0671122,0.213309,4.05983,-0.0138156,175.72,0.0827569,0.117335
2022-08-26,2022-08-26 12:02:21.827000+00:00,ETH-2SEP22-1700-C,C,1700,2022-09-02 08:00:00+00:00,6.83333,0.292753,0.382215,0.8998,0.9714,0.0716,-8.58111,84.864,59.3628,-0.065839,0.140763,3.43361,-0.0117984,2582.96,-0.0640919,-0.0332556
2022-08-26,2022-08-26 12:30:04.087000+00:00,ETH-2SEP22-1600-C,C,1600,2022-09-02 08:00:00+00:00,6.83333,0.29358,0.591743,0.9102,0.9459,0.0357,-9.15478,86.8358,58.6845,-0.0666,0.0273406,-0.861788,0.00304986,517.865,-0.327478,-0.292639
2022-08-26,2022-08-26 12:30:06.210000+00:00,ETH-2SEP22-1650-C,C,1650,2022-09-02 08:00:00+00:00,6.83333,0.293581,0.498374,0.9127,0.9394,0.0267001,-8.87438,89.3231,58.5238,-0.0667829,0.000546985,1.03105,-0.00375855,625.487,-0.286556,-0.25351
2022-08-26,2022-08-26 12:30:58.683000+00:00,ETH-2SEP22-1750-C,C,1750,2022-09-02 08:00:00+00:00,6.83333,0.293607,0.360766,0.8666,0.9924,0.1258,-10.4614,85.3653,61.637,-0.0634098,0.194633,3.99951,-0.012995,85.2081,-0.146419,-0.115359
2022-09-02,2022-09-02 11:52:27.627000+00:00,ETH-4SEP22-1600-C,C,1600,2022-09-04 08:00:00+00:00,1.83333,0.725202,0.476911,0.829,0.7284,-0.1006,-2.30711,44.9304,240.158,-0.226091,0.008184,1.98844,-0.0126896,713.741,-0.147187,-0.0951026
2022-09-09,2022-09-09 12:02:19.498000+00:00,ETH-16SEP22-1700-C,C,1700,2022-09-16 08:00:00+00:00,6.83333,0.292752,0.515823,1.1039,1.1147,0.0108,4.36766,92.2223,48.3872,-0.0807732,-0.00400332,0.737256,-0.00324806,1201.64,0.0588791,0.0907044
2022-09-09,2022-09-09 12:06:46.739000+00:00,ETH-16SEP22-1750-C,C,1750,2022-09-16 08:00:00+00:00,6.83333,0.292885,0.43958,1.0983,1.138,0.0397,4.88213,91.2612,48.6339,-0.0803634,0.0418051,2.01101,-0.00872047,1007.07,-0.00697041,0.0242944
2022-09-09,2022-09-09 11:41:45.974000+00:00,ETH-16SEP22-1650-P,P,1650,2022-09-16 08:00:00+00:00,6.83333,0.292142,0.409043,1.1413,1.1514,0.0101,4.93311,89.8209,46.8016,-0.0835098,0.0149007,-0.473333,0.0021013,355.473,0.100292,0.131422
2022-09-09,2022-09-09 12:24:30.089000+00:00,ETH-16SEP22-1800-C,C,1800,2022-09-16 08:00:00+00:00,6.83333,0.293414,0.36915,1.0792,1.1133,0.0341,4.17052,87.514,49.4947,-0.0789659,0.148696,3.25857,-0.013286,356.279,0.0322604,0.0636782
2022-09-09,2022-09-09 11:33:18.650000+00:00,ETH-16SEP22-1650-C,C,1650,2022-09-16 08:00:00+00:00,6.83333,0.291891,0.593187,1.1051,1.1862,0.0811,4.7882,89.7444,48.3347,-0.080861,0.0180689,-0.559884,0.00240346,895.487,-0.067004,-0.0337515
2022-09-09,2022-09-09 12:28:30.706000+00:00,ETH-11SEP22-1750-C,C,1750,2022-09-11 08:00:00+00:00,1.83333,0.735213,0.351701,0.8068,0.7706,-0.0362,3.69749,45.0019,246.766,-0.220036,0.204254,7.61708,-0.0441145,552.831,0.238182,0.297511
2022-09-09,2022-09-09 12:29:16.833000+00:00,ETH-16SEP22-1700-P,P,1700,2022-09-16 08:00:00+00:00,6.83333,0.293556,0.472383,1.1275,1.1366,0.00910004,3.97783,92.4624,47.3744,-0.0825,-0.00522413,0.550098,-0.00247132,184.746,0.082447,0.113481
2022-09-09,2022-09-09 11:15:44.139000+00:00,ETH-16SEP22-1750-P,P,1750,2022-09-16 08:00:00+00:00,6.83333,0.291372,0.557682,1.0988,1.1054,0.00660004,4.39843,91.428,48.6118,-0.0804,0.0392787,1.96949,-0.00855218,91.6422,0.080882,0.113106
2022-09-16,2022-09-16 11:57:07.731000+00:00,ETH-23SEP22-1500-C,C,1500,2022-09-23 08:00:00+00:00,6.83333,0.292598,0.47463,0.8675,0.8338,-0.0337,-0.877828,80.5286,61.5731,-0.0634756,0.0133825,1.53634,-0.00531244,883.642,0.0134706,0.0453142
2022-09-16,2022-09-16 11:54:22.001000+00:00,ETH-18SEP22-1450-P,P,1450,2022-09-18 08:00:00+00:00,1.83333,0.725724,0.3588,0.8075,0.6872,-0.1203,-0.90378,39.1367,246.552,-0.220227,0.136621,-5.32531,0.031056,118.329,0.321101,0.382021
2022-09-16,2022-09-16 11:21:24.932000+00:00,ETH-23SEP22-1450-C,C,1450,2022-09-23 08:00:00+00:00,6.83333,0.29154,0.565438,0.89,0.8671,-0.0229,-1.12691,79.076,60.0164,-0.065122,0.00797964,-0.353762,0.00124056,633.887,0.117542,0.149816
2022-09-23,2022-09-23 11:59:36.118000+00:00,ETH-30SEP22-1300-C,C,1300,2022-09-30 08:00:00+00:00,6.83333,0.292671,0.490348,0.9173,0.8292,-0.0881001,2.80244,70.1708,58.2303,-0.0671195,0.00394956,1.19281,-0.0043689,1479.11,0.094738,0.126261
2022-09-23,2022-09-23 12:02:18.435000+00:00,ETH-25SEP22-1300-P,P,1300,2022-09-25 08:00:00+00:00,1.83333,0.727909,0.550463,0.9432,0.5934,-0.3498,2.8522,36.0736,211.08,-0.257236,0.0260153,2.89611,-0.020895,578.823,0.499388,0.550384
2022-09-23,2022-09-23 12:03:35.317000+00:00,ETH-25SEP22-1300-C,C,1300,2022-09-25 08:00:00+00:00,1.83333,0.728263,0.454314,0.9202,0.6132,-0.307,2.19185,36.1662,216.356,-0.250964,0.0224092,2.75796,-0.0194414,1335.39,0.42808,0.481842
2022-09-23,2022-09-23 11:55:51.258000+00:00,ETH-30SEP22-1350-C,C,1350,2022-09-30 08:00:00+00:00,6.83333,0.29256,0.366968,0.9018,0.8,-0.1018,2.61317,66.1892,59.2311,-0.0659854,0.174703,3.75543,-0.0127669,2475.56,0.137348,0.168768
2022-09-23,2022-09-23 11:41:17.420000+00:00,ETH-30SEP22-1250-P,P,1250,2022-09-30 08:00:00+00:00,6.83333,0.292127,0.393003,0.9475,0.8719,-0.0756,2.64034,67.5479,56.3743,-0.0693293,0.0407076,-1.09526,0.00399477,471.233,0.0685051,0.100062
2022-09-23,2022-09-23 12:28:37.120000+00:00,ETH-30SEP22-1300-P,P,1300,2022-09-30 08:00:00+00:00,6.83333,0.293537,0.474426,0.9133,0.8226,-0.0907,1.39171,70.8309,58.4853,-0.0668268,-0.0042712,0.485954,-0.00176901,141.085,0.106926,0.13872
2022-09-30,2022-09-30 11:58:50.001000+00:00,ETH-7OCT22-1300-P,P,1300,2022-10-07 08:00:00+00:00,6.83333,0.292648,0.398647,0.8444,0.8204,-0.024,-1.55594,70.2565,63.2575,-0.0617854,0.042989,-1.22319,0.00399146,2249.84,0.0703676,0.100476
2022-09-30,2022-09-30 11:50:54.193000+00:00,ETH-2OCT22-1350-C,C,1350,2022-10-02 08:00:00+00:00,1.83333,0.724775,0.414124,0.7303,0.6141,-0.1162,-1.56398,36.8117,272.615,-0.199173,0.0801321,5.20056,-0.0286022,1534.73,0.28381,0.327208
2022-09-30,2022-09-30 12:14:06.195000+00:00,ETH-7OCT22-1350-P,P,1350,2022-10-07 08:00:00+00:00,6.83333,0.293103,0.526117,0.8327,0.8006,-0.0321,-1.62247,72.5156,64.1463,-0.0609293,0.0140804,1.57387,-0.00522333,1088.27,0.0750243,0.105968
2022-09-30,2022-09-30 12:21:50.299000+00:00,ETH-7OCT22-1350-C,C,1350,2022-10-07 08:00:00+00:00,6.83333,0.293334,0.475888,0.823,0.7583,-0.0647,-1.69193,72.5977,64.9023,-0.0602195,0.0126641,1.53534,-0.00503771,649.444,0.114564,0.145085
2022-09-30,2022-09-30 12:29:40.345000+00:00,ETH-7OCT22-1400-C,C,1400,2022-10-07 08:00:00+00:00,6.83333,0.293568,0.366025,0.7797,0.7449,-0.0348,-2.43561,69.1109,68.5066,-0.0570512,0.196525,4.20314,-0.012347,68.9906,0.0764854,0.107053
2022-09-30,2022-09-30 12:30:17.297000+00:00,ETH-2OCT22-1300-P,P,1300,2022-10-02 08:00:00+00:00,1.83333,0.735713,0.388311,0.8298,0.5051,-0.3247,-0.569986,35.8483,239.926,-0.226309,0.0761108,-3.80244,0.0233791,142.413,0.540865,0.591687
2022-10-07,2022-10-07 11:59:03.159000+00:00,ETH-9OCT22-1350-C,C,1350,2022-10-09 08:00:00+00:00,1.83333,0.727012,0.537638,0.6505,0.5847,-0.0658,-2.90317,38.125,306.058,-0.177409,0.00702931,-1.04964,0.00524156,491.324,0.209864,0.254239
2022-10-07,2022-10-07 11:57:31.710000+00:00,ETH-14OCT22-1400-C,C,1400,2022-10-14 08:00:00+00:00,6.83333,0.292609,0.372356,0.6622,0.6447,-0.0175,-3.13034,70.0775,80.6624,-0.0484537,0.204728,4.59437,-0.0115239,1267.53,0.0412392,0.0713038
2022-10-07,2022-10-07 11:55:39.148000+00:00,ETH-14OCT22-1350-C,C,1350,2022-10-14 08:00:00+00:00,6.83333,0.292554,0.531612,0.7021,0.6309,-0.0712,-2.95257,73.6805,76.0784,-0.0513732,-0.00189203,0.174336,-0.000487345,2340.46,0.0934105,0.124122
2022-10-07,2022-10-07 12:09:54.055000+00:00,ETH-9OCT22-1350-P,P,1350,2022-10-09 08:00:00+00:00,1.83333,0.730011,0.458961,0.6679,0.7194,0.0515,-2.91553,38.1107,298.085,-0.182155,0.00857142,-1.17482,0.00601857,227.412,0.214975,0.266606
2022-10-14,2022-10-14 11:59:10.809000+00:00,ETH-21OCT22-1300-C,C,1300,2022-10-21 08:00:00+00:00,6.83333,0.292659,0.602789,0.599,0.6065,0.0075,-3.59564,69.8385,89.173,-0.0438293,0.0777045,-2.17939,0.00504005,348.395,0.00674479,0.0394933
2022-10-14,2022-10-14 11:57:28.064000+00:00,ETH-21OCT22-1350-C,C,1350,2022-10-21 08:00:00+00:00,6.83333,0.292608,0.415008,0.5651,0.6134,0.0483,-4.11213,70.6145,94.5224,-0.0413488,0.110964,3.77698,-0.00833059,6356.68,-0.00667196,0.024062
2022-10-14,2022-10-14 12:03:43.957000+00:00,ETH-21OCT22-1300-P,P,1300,2022-10-21 08:00:00+00:00,6.83333,0.292794,0.390067,0.58,0.6357,0.0557,-3.43822,69.56,92.0942,-0.042439,0.096121,-2.51698,0.00560802,4350.5,0.00105456,0.0315859
2022-10-14,2022-10-14 12:10:35.384000+00:00,ETH-21OCT22-1350-P,P,1350,2022-10-21 08:00:00+00:00,6.83333,0.292998,0.575185,0.5658,0.6514,0.0856,-4.27801,71.113,94.4055,-0.0414,0.0893542,3.44712,-0.00765145,1218.02,-0.13492,-0.103203
2022-10-21,2022-10-21 12:00:18.247000+00:00,ETH-28OCT22-1250-P,P,1250,2022-10-28 08:00:00+00:00,6.83333,0.292692,0.387375,0.5596,0.5714,0.0118,3.02064,66.7499,95.4515,-0.0409463,0.107181,-2.73738,0.00587283,2693.27,-0.0191103,0.0118378
2022-10-21,2022-10-21 11:59:41.097000+00:00,ETH-28OCT22-1300-C,C,1300,2022-10-28 08:00:00+00:00,6.83333,0.292674,0.403584,0.5196,0.5488,0.0292,2.98585,67.5231,102.8,-0.0380195,0.148058,4.43322,-0.00893036,537.869,-0.00785756,0.0232503
2022-10-21,2022-10-21 12:11:29.054000+00:00,ETH-28OCT22-1250-C,C,1250,2022-10-28 08:00:00+00:00,6.83333,0.293025,0.604348,0.54,0.5755,0.0355,3.24316,67.0038,98.916,-0.0395122,0.0933716,-2.57993,0.00537311,1760.95,0.0602464,0.0931438
2022-10-28,2022-10-28 11:57:50.650000+00:00,ETH-4NOV22-1550-C,C,1550,2022-11-04 08:00:00+00:00,6.83333,0.292619,0.361432,0.6445,0.7435,0.099,8.30854,76.7047,82.8776,-0.0471585,0.243721,5.02206,-0.0121396,1237.39,-0.139787,-0.106051
2022-10-28,2022-10-28 11:51:40.069000+00:00,ETH-4NOV22-1550-P,P,1550,2022-11-04 08:00:00+00:00,6.83333,0.292435,0.635837,0.6507,0.7166,0.0659,7.97603,76.9174,82.088,-0.0476122,0.233172,4.90348,-0.0119971,228.774,-0.0765805,-0.0408312
2022-10-28,2022-10-28 12:10:18.853000+00:00,ETH-4NOV22-1500-C,C,1500,2022-11-04 08:00:00+00:00,6.83333,0.29299,0.498124,0.6601,0.7547,0.0946,8.39082,81.5103,80.919,-0.0483,0.000669465,1.05152,-0.00277229,1143.27,-0.110968,-0.0772978
2022-11-04,2022-11-04 12:01:01.978000+00:00,ETH-11NOV22-1550-P,P,1550,2022-11-11 08:00:00+00:00,6.83333,0.292714,0.414034,0.7017,0.7444,0.0427,3.12905,83.9893,76.1218,-0.0513439,0.0374993,-1.26196,0.00345441,1331.49,-0.0509839,-0.0197518
2022-11-04,2022-11-04 11:55:52.676000+00:00,ETH-11NOV22-1600-P,P,1600,2022-11-11 08:00:00+00:00,6.83333,0.29256,0.538012,0.7198,0.7399,0.0200999,2.98326,85.7099,74.2076,-0.0526683,0.0257241,1.96933,-0.00563596,427.199,-0.0179137,0.0143136
2022-11-04,2022-11-04 12:04:54.700000+00:00,ETH-11NOV22-1600-C,C,1600,2022-11-11 08:00:00+00:00,6.83333,0.292829,0.450187,0.7159,0.7127,-0.0032,3.15965,85.1909,74.6119,-0.0523829,0.0389934,2.27746,-0.00646131,941.235,0.0306113,0.062143
2022-11-04,2022-11-04 12:05:20.777000+00:00,ETH-6NOV22-1550-P,P,1550,2022-11-06 08:00:00+00:00,1.83333,0.728749,0.370678,0.6543,0.9484,0.2941,3.32824,42.0994,304.281,-0.178445,0.142835,-6.11151,0.0292027,166.304,-0.149214,-0.107237
2022-11-04,2022-11-04 12:05:30.638000+00:00,ETH-6NOV22-1600-C,C,1600,2022-11-06 08:00:00+00:00,1.83333,0.728794,0.357907,0.6491,0.5636,-0.0855,3.31797,41.5975,306.718,-0.177027,0.229479,8.90449,-0.0417177,2894.85,0.102112,0.156275
2022-11-04,2022-11-04 12:15:21.818000+00:00,ETH-6NOV22-1575-P,P,1575,2022-11-06 08:00:00+00:00,1.83333,0.73153,0.503806,0.636,0.715,0.079,3.48092,44.4653,313.036,-0.173455,0.000803167,1.20811,-0.00592458,843.528,-0.024289,0.0193814
2022-11-04,2022-11-04 11:33:20.119000+00:00,ETH-11NOV22-1650-C,C,1650,2022-11-11 08:00:00+00:00,6.83333,0.291892,0.360728,0.7221,0.7205,-0.00159996,2.56308,81.1754,73.9712,-0.0528366,0.225492,4.6146,-0.0124869,1163.82,-0.00259698,0.0288669
2022-11-04,2022-11-04 12:39:35.102000+00:00,ETH-6NOV22-1600-P,P,1600,2022-11-06 08:00:00+00:00,1.83333,0.738344,0.499356,0.6709,0.4887,-0.1822,1.73729,45.1911,296.752,-0.182973,-0.000133134,0.958794,-0.00496016,89.7445,0.266325,0.310762
2022-11-04,2022-11-04 12:42:14.065000+00:00,ETH-6NOV22-1625-C,C,1625,2022-11-06 08:00:00+00:00,1.83333,0.739097,0.358834,0.6775,0.5564,-0.1211,1.83231,42.3048,293.861,-0.184773,0.214871,8.46193,-0.0414587,41.9155,0.3102,0.364447
2022-11-11,2022-11-11 11:58:14.973000+00:00,ETH-13NOV22-1300-C,C,1300,2022-11-13 08:00:00+00:00,1.83333,0.726791,0.384526,0.9961,0.8613,-0.1348,-1.29341,34.3957,199.87,-0.271664,0.107437,5.16084,-0.0379665,242.329,0.291226,0.34009
2022-11-11,2022-11-11 12:08:07.652000+00:00,ETH-18NOV22-1300-C,C,1300,2022-11-18 08:00:00+00:00,6.83333,0.292925,0.443916,0.9919,1.0189,0.027,-1.48666,68.2973,53.8508,-0.0725781,0.039308,2.03843,-0.00799591,1231.52,0.0217091,0.0531687
2022-11-11,2022-11-11 12:18:47.958000+00:00,ETH-13NOV22-1275-C,C,1275,2022-11-13 08:00:00+00:00,1.83333,0.732489,0.472084,1.019,0.7287,-0.2903,-0.824817,35.6888,195.379,-0.277909,0.00967121,1.96272,-0.0153849,142.543,0.38233,0.438612
2022-11-11,2022-11-11 11:39:42.164000+00:00,ETH-13NOV22-1250-P,P,1250,2022-11-13 08:00:00+00:00,1.83333,0.721724,0.3998,1.0544,0.8969,-0.1575,-1.42498,34.7754,188.819,-0.287564,0.0434126,-2.40639,0.0189415,34.915,0.500502,0.553727
2022-11-11,2022-11-11 12:23:35.624000+00:00,ETH-18NOV22-1200-P,P,1200,2022-11-18 08:00:00+00:00,6.83333,0.293386,0.352933,1.1714,1.1827,0.0113,-1.28539,63.9805,45.599,-0.0857122,0.0698268,-1.35311,0.00589615,127.684,0.0499231,0.0805545
2022-11-18,2022-11-18 11:54:47.832000+00:00,ETH-20NOV22-1225-C,C,1225,2022-11-20 08:00:00+00:00,1.83333,0.725842,0.443756,0.5924,0.435,-0.1574,-0.0122045,34.0564,336.075,-0.161564,0.0439001,4.37347,-0.0197787,170.788,0.304974,0.354769
2022-11-18,2022-11-18 11:51:20.457000+00:00,ETH-20NOV22-1200-P,P,1200,2022-11-20 08:00:00+00:00,1.83333,0.724895,0.383726,0.6585,0.5125,-0.146,0.162866,32.8892,302.34,-0.179591,0.112174,-5.34506,0.0259765,163.229,0.346652,0.392223
2022-11-18,2022-11-18 12:09:27.779000+00:00,ETH-25NOV22-1200-C,C,1200,2022-11-25 08:00:00+00:00,6.83333,0.292965,0.573319,0.8052,0.7869,-0.0182999,0.04717,65.3209,66.3371,-0.0589171,0.017126,-0.677322,0.00214142,196.203,0.0629836,0.0940331
2022-11-18,2022-11-18 12:14:32.856000+00:00,ETH-25NOV22-1200-P,P,1200,2022-11-25 08:00:00+00:00,6.83333,0.293116,0.428,0.7858,0.7972,0.0114,-0.162637,65.3244,67.9748,-0.0574976,0.0170601,-0.68729,0.00212189,588.69,0.0333055,0.062796
2022-11-18,2022-11-18 11:22:36.797000+00:00,ETH-25NOV22-1250-P,P,1250,2022-11-25 08:00:00+00:00,6.83333,0.291575,0.587271,0.7341,0.6998,-0.0343,0.0795711,64.7938,72.7621,-0.0537146,0.0968735,3.20161,-0.00916057,324.604,0.0750321,0.106249
2022-11-25,2022-11-25 11:55:59.827000+00:00,ETH-27NOV22-1200-C,C,1200,2022-11-27 08:00:00+00:00,1.83333,0.726172,0.442581,0.5487,0.4391,-0.1096,1.10962,33.3624,362.841,-0.149645,0.0483359,4.71761,-0.0197529,267.714,0.203283,0.256251
2022-11-25,2022-11-25 12:04:05.219000+00:00,ETH-2DEC22-1200-C,C,1200,2022-12-02 08:00:00+00:00,6.83333,0.292805,0.47989,0.6532,0.6904,0.0372,1.18561,64.8662,81.7738,-0.0477951,0.0107853,1.56393,-0.00407503,975.337,-0.0110814,0.0198663
2022-11-25,2022-11-25 11:49:10.589000+00:00,ETH-27NOV22-1200-P,P,1200,2022-11-27 08:00:00+00:00,1.83333,0.724303,0.557459,0.5587,0.4831,-0.0756,1.06465,33.356,356.347,-0.152373,0.0478537,4.65963,-0.0198648,938.395,0.216677,0.270874
2022-12-02,2022-12-02 12:12:35.786000+00:00,ETH-9DEC22-1300-C,C,1300,2022-12-09 08:00:00+00:00,6.83333,0.293058,0.475909,0.6144,0.6588,0.0444,-3.69958,70.2256,86.9379,-0.0449561,0.014179,1.71766,-0.00420741,839.205,-0.0342366,-0.00262386
2022-12-02,2022-12-02 11:33:04.852000+00:00,ETH-9DEC22-1250-P,P,1250,2022-12-09 08:00:00+00:00,6.83333,0.291884,0.351436,0.6495,0.6476,-0.00189995,-3.64742,65.3659,82.2396,-0.0475244,0.172244,-3.29674,0.00795097,1576.57,0.00793752,0.0393656
2022-12-02,2022-12-02 11:29:05.842000+00:00,ETH-9DEC22-1250-C,C,1250,2022-12-09 08:00:00+00:00,6.83333,0.291767,0.628902,0.6477,0.6497,0.00200005,-3.30711,66.2841,82.4682,-0.0473927,0.122385,-2.71603,0.00665541,66.3963,-0.0101535,0.0235448
2022-12-02,2022-12-02 12:34:11.676000+00:00,ETH-4DEC22-1275-P,P,1275,2022-12-04 08:00:00+00:00,1.83333,0.736816,0.384031,0.5436,0.4671,-0.0765,-3.80784,34.8984,366.245,-0.148255,0.137407,-6.6116,0.0265476,34.6547,-0.0359774,0.0214099
2022-12-09,2022-12-09 11:57:53.155000+00:00,ETH-16DEC22-1300-C,C,1300,2022-12-16 08:00:00+00:00,6.83333,0.29262,0.479088,0.635,0.638,0.00299999,-1.80398,70.276,84.1175,-0.0464634,0.011511,1.60376,-0.00406193,490.368,0.0344955,0.0650409
2022-12-09,2022-12-09 11:55:00.539000+00:00,ETH-11DEC22-1300-C,C,1300,2022-12-11 08:00:00+00:00,1.83333,0.7259,0.422219,0.4935,0.5923,0.0988,-2.02852,35.7848,403.426,-0.134591,0.0921139,6.61647,-0.0246972,348.119,0.0994984,0.142218
2022-12-09,2022-12-09 11:53:29.349000+00:00,ETH-16DEC22-1250-P,P,1250,2022-12-16 08:00:00+00:00,6.83333,0.292489,0.354451,0.6727,0.6825,0.00980003,-1.91013,65.5839,79.4034,-0.0492219,0.156198,-3.05706,0.00766059,2170.41,0.0235021,0.0540148
2022-12-09,2022-12-09 11:43:59.517000+00:00,ETH-16DEC22-1250-C,C,1250,2022-12-16 08:00:00+00:00,6.83333,0.292208,0.640364,0.6742,0.6921,0.0179,-1.46081,65.836,79.2267,-0.0493317,0.142643,-2.8987,0.00731681,131.789,0.00113986,0.0342856
2022-12-09,2022-12-09 12:43:40.728000+00:00,ETH-11DEC22-1275-C,C,1275,2022-12-11 08:00:00+00:00,1.83333,0.739508,0.589685,0.5193,0.3876,-0.1317,-1.44318,35.4153,383.383,-0.141627,0.0816648,-5.11773,0.0199802,105.349,0.237251,0.290301
2022-12-16,2022-12-16 12:07:17.605000+00:00,ETH-23DEC22-1250-C,C,1250,2022-12-23 08:00:00+00:00,6.83333,0.2929,0.353842,0.566,0.5929,0.0269,-2.18917,61.5996,94.3721,-0.0414146,0.299471,5.83964,-0.012306,926.368,-0.035465,-0.00404193
2022-12-16,2022-12-16 12:28:38.199000+00:00,ETH-18DEC22-1225-C,C,1225,2022-12-18 08:00:00+00:00,1.83333,0.735248,0.37828,0.4928,0.638,0.1452,-1.89534,32.6562,403.999,-0.1344,0.214495,9.82232,-0.0355944,194.992,-0.194025,-0.148585
2022-12-16,2022-12-16 12:35:17.392000+00:00,ETH-18DEC22-1200-C,C,1200,2022-12-18 08:00:00+00:00,1.83333,0.737126,0.605873,0.5446,0.3625,-0.1821,-1.97716,33.0548,365.573,-0.148527,0.112011,-5.91859,0.0239842,32.8195,0.027088,0.0814698
2022-12-23,2022-12-23 12:00:16.661000+00:00,ETH-30DEC22-1200-P,P,1200,2022-12-30 08:00:00+00:00,6.83333,0.292691,0.376558,0.4654,0.4602,-0.0052,-0.128176,63.4742,114.771,-0.0340537,0.169532,-3.9393,0.00696916,954.151,0.0329516,0.0624084
2022-12-23,2022-12-23 12:07:49.944000+00:00,ETH-30DEC22-1250-C,C,1250,2022-12-30 08:00:00+00:00,6.83333,0.292916,0.368706,0.4552,0.4611,0.0059,-0.0696253,63.0515,117.343,-0.0333073,0.292575,6.38062,-0.0109672,943.828,0.00708669,0.0368012
2022-12-30,2022-12-30 11:57:50.086000+00:00,ETH-6JAN23-1200-C,C,1200,2023-01-06 08:00:00+00:00,6.83333,0.292619,0.44406,0.3969,0.4115,0.0146,0.563979,64.2692,134.58,-0.0290415,0.0691336,3.59095,-0.00563649,1096.04,-0.0125583,0.018116
2023-01-06,2023-01-06 12:00:09.646000+00:00,ETH-8JAN23-1250-C,C,1250,2023-01-08 08:00:00+00:00,1.83333,0.727317,0.405589,0.3381,0.2479,-0.0902,1.35001,34.1421,588.852,-0.0922091,0.185737,10.97,-0.0277954,135.763,0.153673,0.208592
2023-01-06,2023-01-06 12:17:19.600000+00:00,ETH-13JAN23-1250-C,C,1250,2023-01-13 08:00:00+00:00,6.83333,0.293199,0.458907,0.4452,0.3969,-0.0483,1.66557,67.3213,119.979,-0.0325756,0.0379484,2.69158,-0.00476073,404.946,0.0628901,0.0939887
2023-01-13,2023-01-13 12:03:12.032000+00:00,ETH-20JAN23-1400-C,C,1400,2023-01-20 08:00:00+00:00,6.83333,0.292778,0.543575,0.526,0.801,0.275,10.0716,76.3665,101.549,-0.0384878,0.00779553,-0.520601,0.00108719,1906.87,-0.360119,-0.325295
2023-01-13,2023-01-13 11:41:39.604000+00:00,ETH-20JAN23-1400-P,P,1400,2023-01-20 08:00:00+00:00,6.83333,0.292138,0.452774,0.53,0.7717,0.2417,9.71244,76.3387,100.782,-0.0387805,0.010343,-0.636833,0.00133863,686.582,-0.302698,-0.268768
2023-01-20,2023-01-20 11:55:59.067000+00:00,ETH-27JAN23-1550-P,P,1550,2023-01-27 08:00:00+00:00,6.83333,0.292564,0.494134,0.4825,0.6372,0.1547,4.93434,84.4967,110.704,-0.0353049,-0.00156295,0.777444,-0.00149809,592.008,-0.22742,-0.193103
2023-01-27,2023-01-27 12:00:06.552000+00:00,ETH-29JAN23-1600-C,C,1600,2023-01-29 08:00:00+00:00,1.83333,0.727303,0.371151,0.5341,0.5205,-0.0136,-0.0675457,42.2973,372.76,-0.145664,0.225715,9.68627,-0.0377935,885.532,0.0439834,0.097977
2023-01-27,2023-01-27 12:02:42.142000+00:00,ETH-3FEB23-1550-P,P,1550,2023-02-03 08:00:00+00:00,6.83333,0.292763,0.392157,0.5806,0.5981,0.0175,0.328699,83.027,91.999,-0.0424829,0.091555,-2.44499,0.00546145,498.176,0.0430218,0.0740528
2023-01-27,2023-01-27 11:24:44.222000+00:00,ETH-29JAN23-1575-C,C,1575,2023-01-29 08:00:00+00:00,1.83333,0.717686,0.526023,0.5152,0.4286,-0.0866,-0.526987,44.5126,386.434,-0.140509,0.00367924,-0.792976,0.00314353,44.8094,0.21372,0.268522
2023-02-03,2023-02-03 11:59:59.838000+00:00,ETH-5FEB23-1675-C,C,1675,2023-02-05 08:00:00+00:00,1.83333,0.727272,0.368328,0.5979,0.4321,-0.1658,1.15815,44.0823,332.984,-0.163064,0.212974,8.93604,-0.0389341,880.809,0.285697,0.341063
2023-02-03,2023-02-03 11:59:53.715000+00:00,ETH-10FEB23-1700-C,C,1700,2023-02-10 08:00:00+00:00,6.83333,0.29268,0.377728,0.6105,0.6074,-0.00309998,0.801701,85.8323,87.4933,-0.0446707,0.201509,4.72855,-0.0109842,1884.15,0.0515488,0.0827249
2023-02-03,2023-02-03 11:57:54.450000+00:00,ETH-5FEB23-1650-P,P,1650,2023-02-05 08:00:00+00:00,1.83333,0.726697,0.488716,0.5898,0.4648,-0.125,0.969027,46.6475,337.557,-0.160855,-0.00064821,0.323386,-0.00147016,280.143,0.21214,0.264176
2023-02-03,2023-02-03 11:55:49.479000+00:00,ETH-5FEB23-1650-C,C,1650,2023-02-05 08:00:00+00:00,1.83333,0.726124,0.504107,0.5892,0.4749,-0.1143,1.05003,46.6287,337.9,-0.160691,-0.000548873,0.754039,-0.00342568,607.079,0.240576,0.294888
2023-02-03,2023-02-03 11:53:17.182000+00:00,ETH-10FEB23-1650-P,P,1650,2023-02-10 08:00:00+00:00,6.83333,0.292483,0.48305,0.6078,0.6112,0.0034,1.09717,89.9921,87.8819,-0.0444732,-0.00284338,0.489135,-0.00118635,450.144,0.0189229,0.0503576
2023-02-03,2023-02-03 11:22:25.430000+00:00,ETH-10FEB23-1600-P,P,1600,2023-02-10 08:00:00+00:00,6.83333,0.29157,0.355061,0.6238,0.6105,-0.0133,1.29281,83.8162,85.6278,-0.0456439,0.171192,-3.36119,0.0078139,168.42,0.0163931,0.0481614
2023-02-10,2023-02-10 11:57:43.330000+00:00,ETH-17FEB23-1500-C,C,1500,2023-02-17 08:00:00+00:00,6.83333,0.292615,0.631893,0.63,0.5876,-0.0424,0.2575,79.3457,84.7851,-0.0460976,0.134065,-2.90834,0.00691442,1263.88,0.0251907,0.058862
2023-02-10,2023-02-10 12:06:12.767000+00:00,ETH-12FEB23-1525-P,P,1525,2023-02-12 08:00:00+00:00,1.83333,0.728988,0.39245,0.5202,0.444,-0.0762,-0.028509,41.9354,382.72,-0.141873,0.12359,-6.39567,0.0247187,167.733,0.116389,0.17049
2023-02-10,2023-02-10 11:51:18.806000+00:00,ETH-12FEB23-1550-C,C,1550,2023-02-12 08:00:00+00:00,1.83333,0.724888,0.408836,0.4944,0.3747,-0.1197,0.221895,42.3009,402.692,-0.134836,0.124278,7.59195,-0.0281812,212.556,0.0376933,0.0933786
2023-02-10,2023-02-10 11:49:38.229000+00:00,ETH-17FEB23-1500-P,P,1500,2023-02-17 08:00:00+00:00,6.83333,0.292375,0.36833,0.6358,0.5968,-0.039,0.228366,79.3712,84.0117,-0.046522,0.131969,-2.86704,0.00688012,1498.99,0.0566125,0.0880279
2023-02-10,2023-02-10 12:16:25.088000+00:00,ETH-17FEB23-1550-P,P,1550,2023-02-17 08:00:00+00:00,6.83333,0.293172,0.502733,0.604,0.5741,-0.0299,0.03732,84.2705,88.4348,-0.0441951,0.00100301,1.08198,-0.00261014,920.773,0.0524858,0.0840243
2023-02-10,2023-02-10 11:20:00.205000+00:00,ETH-17FEB23-1600-C,C,1600,2023-02-17 08:00:00+00:00,6.83333,0.291498,0.354771,0.5984,0.5627,-0.0357,-0.362592,78.7393,89.2624,-0.0437854,0.284082,5.56042,-0.0123948,157.645,0.0489566,0.0800734
2023-02-17,2023-02-17 12:01:54.281000+00:00,ETH-24FEB23-1650-P,P,1650,2023-02-24 08:00:00+00:00,6.83333,0.29274,0.432138,0.5822,0.6172,0.035,1.55772,89.6923,91.7462,-0.0426,0.0267939,-1.14567,0.00262546,448.036,-0.0208115,0.0105599
2023-02-17,2023-02-17 12:06:05.915000+00:00,ETH-19FEB23-1675-C,C,1675,2023-02-19 08:00:00+00:00,1.83333,0.728957,0.455339,0.5068,0.4946,-0.0122,1.86125,46.8433,392.839,-0.138218,0.0326957,4.11858,-0.0159946,187.265,-0.108948,-0.0488043
2023-02-17,2023-02-17 12:35:39.047000+00:00,ETH-19FEB23-1650-P,P,1650,2023-02-19 08:00:00+00:00,1.83333,0.737228,0.38929,0.5057,0.5263,0.0206,1.48583,45.2872,393.694,-0.137918,0.134677,-6.79873,0.0254958,44.9594,0.0357629,0.079408
2023-02-24,2023-02-24 12:16:38.834000+00:00,ETH-3MAR23-1700-C,C,1700,2023-03-03 08:00:00+00:00,6.83333,0.293179,0.361,0.5084,0.5154,0.00700001,-3.62978,84.783,105.064,-0.0372,0.297112,6.10944,-0.0116464,169.393,-0.0871246,-0.0547387
2023-03-03,2023-03-03 11:56:02.015000+00:00,ETH-5MAR23-1575-C,C,1575,2023-03-05 08:00:00+00:00,1.83333,0.726182,0.427374,0.4333,0.343,-0.0903,0.0888147,43.5238,459.476,-0.118173,0.0904637,6.96652,-0.022889,261.77,0.22304,0.270421
2023-03-03,2023-03-03 12:15:03.777000+00:00,ETH-5MAR23-1550-P,P,1550,2023-03-05 08:00:00+00:00,1.83333,0.731446,0.365145,0.4439,0.364,-0.0799,0.0191775,41.7374,448.504,-0.121064,0.241975,-9.92961,0.0320374,83.8463,0.152082,0.198767
2023-03-10,2023-03-10 11:58:40.270000+00:00,ETH-12MAR23-1400-P,P,1400,2023-03-12 08:00:00+00:00,1.83333,0.726907,0.5855,0.6536,1.0014,0.3478,6.69202,38.2441,304.607,-0.178255,0.0867292,5.66413,-0.0278883,75.2751,-0.19234,-0.136402
2023-03-10,2023-03-10 12:01:20.782000+00:00,ETH-17MAR23-1400-P,P,1400,2023-03-17 08:00:00+00:00,6.83333,0.292723,0.538984,0.615,0.7207,0.1057,6.75828,75.1648,86.8531,-0.045,0.0289626,2.16298,-0.00528767,600.428,-0.174749,-0.138705
2023-03-10,2023-03-10 11:57:12.400000+00:00,ETH-17MAR23-1400-C,C,1400,2023-03-17 08:00:00+00:00,6.83333,0.2926,0.458165,0.6054,0.7192,0.1138,7.03848,75.0827,88.2303,-0.0442976,0.0326188,2.26861,-0.00545533,376.051,-0.182642,-0.14759
2023-03-10,2023-03-10 12:04:42.891000+00:00,ETH-17MAR23-1350-P,P,1350,2023-03-17 08:00:00+00:00,6.83333,0.292823,0.378553,0.6816,0.819,0.1374,6.32691,71.9922,78.3665,-0.0498732,0.097982,-2.31576,0.00601002,1356.24,-0.16107,-0.127222
2023-03-17,2023-03-17 12:00:02.022000+00:00,ETH-24MAR23-1750-C,C,1750,2023-03-24 08:00:00+00:00,6.83333,0.292684,0.557439,0.6692,0.7027,0.0335,-0.312858,95.3916,79.8186,-0.0489659,0.0114242,-0.577897,0.00152859,2576,-0.00432453,0.0299138
2023-03-17,2023-03-17 12:00:17.809000+00:00,ETH-24MAR23-1750-P,P,1750,2023-03-24 08:00:00+00:00,6.83333,0.292692,0.44156,0.6707,0.7103,0.0396,-0.087924,95.3795,79.6401,-0.0490756,0.0121093,-0.601991,0.0015953,1716.77,-0.12167,-0.0881852
2023-03-17,2023-03-17 11:57:51.577000+00:00,ETH-19MAR23-1750-P,P,1750,2023-03-19 08:00:00+00:00,1.83333,0.726684,0.426471,0.7,0.5785,-0.1215,-0.0878301,49.025,284.416,-0.190909,0.0359741,-2.73753,0.0145246,391.839,-0.0632484,-0.000956172
2023-03-17,2023-03-17 12:02:58.664000+00:00,ETH-19MAR23-1750-C,C,1750,2023-03-19 08:00:00+00:00,1.83333,0.728094,0.567457,0.6969,0.6306,-0.0663,-0.178676,49.1216,285.681,-0.190064,0.0293523,-2.4386,0.012917,444.676,0.067727,0.130469
2023-03-17,2023-03-17 12:08:29.283000+00:00,ETH-24MAR23-1700-P,P,1700,2023-03-24 08:00:00+00:00,6.83333,0.292936,0.350131,0.6919,0.7196,0.0277,0.923272,88.9703,77.1999,-0.0506268,0.161396,-3.06507,0.00786577,1626.01,-0.0410561,-0.0083792
2023-03-17,2023-03-17 11:26:18.765000+00:00,ETH-19MAR23-1725-P,P,1725,2023-03-19 08:00:00+00:00,1.83333,0.718109,0.384827,0.6834,0.5873,-0.0961,0.812527,47.3193,291.324,-0.186382,0.105943,-5.07797,0.0256248,143.583,-0.104087,-0.0522051
2023-03-24,2023-03-24 12:00:17.078000+00:00,ETH-31MAR23-1700-P,P,1700,2023-03-31 08:00:00+00:00,6.83333,0.292691,0.357511,0.6362,0.5743,-0.0619,-0.221718,89.2768,83.9589,-0.0465512,0.159584,-3.19438,0.00759364,1343.64,0.0851461,0.116711
2023-03-24,2023-03-24 11:57:06.437000+00:00,ETH-26MAR23-1775-P,P,1775,2023-03-26 08:00:00+00:00,1.83333,0.726477,0.620784,0.5589,0.2766,-0.2823,-0.0324347,47.2482,356.219,-0.152427,0.191246,8.76895,-0.0360439,990.563,0.16216,0.224453
2023-03-24,2023-03-24 11:56:43.055000+00:00,ETH-26MAR23-1750-P,P,1750,2023-03-26 08:00:00+00:00,1.83333,0.72637,0.469953,0.6016,0.3504,-0.2512,-0.413847,49.4526,330.936,-0.164073,0.00410799,-0.768654,0.00355563,678.07,0.121471,0.182356
2023-03-24,2023-03-24 11:54:28.486000+00:00,ETH-26MAR23-1775-C,C,1775,2023-03-26 08:00:00+00:00,1.83333,0.725754,0.412179,0.602,0.4278,-0.1742,-0.76915,48.4559,330.716,-0.164182,0.0977779,6.20848,-0.0281172,588.791,0.0706558,0.119502
2023-03-24,2023-03-24 11:53:17.472000+00:00,ETH-26MAR23-1750-C,C,1750,2023-03-26 08:00:00+00:00,1.83333,0.725429,0.528273,0.5856,0.2902,-0.2954,-0.577134,49.4577,339.978,-0.159709,0.00357062,-0.70993,0.00319769,244.909,0.0886851,0.149755
2023-03-24,2023-03-24 12:09:34.515000+00:00,ETH-31MAR23-1750-C,C,1750,2023-03-31 08:00:00+00:00,6.83333,0.292968,0.555366,0.6165,0.544,-0.0725,-1.16158,95.3816,86.6417,-0.0451098,0.0123847,-0.650232,0.00158566,190.005,0.0738628,0.106198
2023-03-31,2023-03-31 11:57:23.434000+00:00,ETH-7APR23-1850-C,C,1850,2023-04-07 08:00:00+00:00,6.83333,0.292605,0.359443,0.5293,0.5981,0.0688,1.20631,91.9701,100.916,-0.0387293,0.294116,5.97091,-0.0118309,3650.35,-0.0304581,0.000260224
2023-03-31,2023-03-31 12:04:39.291000+00:00,ETH-7APR23-1800-P,P,1800,2023-04-07 08:00:00+00:00,6.83333,0.292821,0.495014,0.5242,0.5922,0.068,1.49148,98.0824,101.897,-0.0383561,-0.00141345,0.825534,-0.00172829,490.204,-0.0519463,-0.0209829
2023-03-31,2023-03-31 12:05:59.580000+00:00,ETH-7APR23-1800-C,C,1800,2023-04-07 08:00:00+00:00,6.83333,0.292861,0.503652,0.5294,0.5891,0.0597,1.51197,98.0581,100.897,-0.0387366,-0.00109634,0.873341,-0.00184657,2058.2,-0.046918,-0.016251
2023-03-31,2023-03-31 11:46:59.001000+00:00,ETH-2APR23-1800-P,P,1800,2023-04-02 08:00:00+00:00,1.83333,0.723704,0.530511,0.4099,0.4024,-0.0075,1.54244,50.6085,485.706,-0.111791,0.0198384,3.64414,-0.0114843,251.968,0.041852,0.0901926
2023-03-31,2023-03-31 11:34:17.432000+00:00,ETH-2APR23-1775-P,P,1775,2023-04-02 08:00:00+00:00,1.83333,0.720259,0.370567,0.4051,0.57,0.1649,1.70683,47.9328,491.461,-0.110482,0.248273,-10.5574,0.0312122,144.676,-0.0522232,-0.0111455
2023-03-31,2023-03-31 12:41:32.874000+00:00,ETH-2APR23-1825-P,P,1825,2023-04-02 08:00:00+00:00,1.83333,0.738901,0.587451,0.4461,0.3874,-0.0587,0.650501,50.0044,446.292,-0.121664,0.123032,7.92686,-0.0266214,99.1027,0.209654,0.261065
2023-04-07,2023-04-07 12:03:36.871000+00:00,ETH-14APR23-1900-C,C,1900,2023-04-14 08:00:00+00:00,6.83333,0.29279,0.380147,0.5592,0.5482,-0.011,0.27843,96.4325,95.5197,-0.0409171,0.208115,4.98655,-0.0106312,873.775,0.0132839,0.043545
2023-04-07,2023-04-07 11:53:40.455000+00:00,ETH-9APR23-1850-P,P,1850,2023-04-09 08:00:00+00:00,1.83333,0.725534,0.492512,0.4269,0.3361,-0.0908,-0.0018895,52.3031,466.364,-0.116427,-0.000505197,0.380025,-0.00125076,208.29,0.18088,0.23423
2023-04-07,2023-04-07 11:51:23.725000+00:00,ETH-14APR23-1850-P,P,1850,2023-04-14 08:00:00+00:00,6.83333,0.292427,0.484894,0.5581,0.543,-0.0151,0.150722,100.909,95.708,-0.0408366,-0.00261192,0.504233,-0.00112318,1916.4,0.057759,0.0882997
2023-04-07,2023-04-07 11:48:05.934000+00:00,ETH-9APR23-1850-C,C,1850,2023-04-09 08:00:00+00:00,1.83333,0.724009,0.513902,0.3988,0.2886,-0.1102,0.038029,52.3054,499.225,-0.108764,0.000577619,-0.233731,0.000718325,364.183,0.174139,0.227823
2023-04-07,2023-04-07 12:44:11.714000+00:00,ETH-9APR23-1875-P,P,1875,2023-04-09 08:00:00+00:00,1.83333,0.739655,0.64398,0.3876,0.2038,-0.1838,-0.242208,49.0686,513.65,-0.105709,0.371124,14.3159,-0.0400184,48.5966,0.177223,0.236899
2023-04-14,2023-04-14 11:59:12.513000+00:00,ETH-21APR23-2100-P,P,2100,2023-04-21 08:00:00+00:00,6.83333,0.292659,0.441834,0.5741,0.5738,-0.000299988,-1.17646,114.367,93.0406,-0.0420073,0.0172734,-0.862766,0.00195726,1258.38,-0.00396234,0.0277066
2023-04-14,2023-04-14 12:00:55.078000+00:00,ETH-21APR23-2150-C,C,2150,2023-04-21 08:00:00+00:00,6.83333,0.29271,0.443436,0.5984,0.5726,-0.0258,-1.16824,114.449,89.2624,-0.0437854,0.0532808,2.7374,-0.00647669,1258.6,0.0132859,0.0442721
2023-04-14,2023-04-14 11:54:23.585000+00:00,ETH-16APR23-2100-C,C,2100,2023-04-16 08:00:00+00:00,1.83333,0.725731,0.591408,0.5274,0.3834,-0.144,-1.15708,58.2682,377.495,-0.143836,0.0851071,-5.19012,0.0205497,812.49,0.0796803,0.140123
2023-04-14,2023-04-14 12:11:50.270000+00:00,ETH-16APR23-2100-P,P,2100,2023-04-16 08:00:00+00:00,1.83333,0.730549,0.36865,0.495,0.362,-0.133,-1.57388,56.7679,402.204,-0.135,0.202665,-8.54226,0.0308288,637.272,0.0812421,0.137482
2023-04-14,2023-04-14 12:15:02.651000+00:00,ETH-21APR23-2200-C,C,2200,2023-04-21 08:00:00+00:00,6.83333,0.293131,0.350073,0.619,0.5894,-0.0296,-1.35683,107.559,86.2918,-0.0452927,0.291812,5.54292,-0.0127262,323.127,0.0182509,0.0493857
2023-04-14,2023-04-14 12:33:44.892000+00:00,ETH-16APR23-2150-C,C,2150,2023-04-16 08:00:00+00:00,1.83333,0.73669,0.358244,0.5644,0.5944,0.03,-1.19339,56.1022,352.748,-0.153927,0.255909,10.0143,-0.0408402,112.39,-0.0568561,-0.00826156
2023-04-21,2023-04-21 12:00:06.404000+00:00,ETH-23APR23-1900-P,P,1900,2023-04-23 08:00:00+00:00,1.83333,0.727302,0.437292,0.4113,0.8608,0.4495,-2.64039,53.2773,484.053,-0.112173,0.0493829,-4.41466,0.013828,374.183,-0.666203,-0.610395
2023-04-21,2023-04-21 12:06:08.670000+00:00,ETH-28APR23-1900-P,P,1900,2023-04-28 08:00:00+00:00,6.83333,0.292866,0.486357,0.532,0.5365,0.00450001,-1.33858,103.636,100.403,-0.0389268,-0.00248103,0.529935,-0.00112538,1036.81,-0.00344146,0.0280728
2023-04-21,2023-04-21 12:06:09.323000+00:00,ETH-28APR23-1950-C,C,1950,2023-04-28 08:00:00+00:00,6.83333,0.292866,0.369424,0.5229,0.5269,0.00399998,-1.16049,98.0691,102.151,-0.038261,0.257985,5.65785,-0.0111782,1097.76,-0.0685424,-0.0371744
2023-04-21,2023-04-21 12:06:27.792000+00:00,ETH-23APR23-1900-C,C,1900,2023-04-23 08:00:00+00:00,1.83333,0.729058,0.480841,0.4378,0.3565,-0.0813,-1.18278,53.553,454.753,-0.1194,0.00864912,2.54529,-0.00858276,803.692,-0.185099,-0.137366
2023-04-21,2023-04-21 12:07:05.514000+00:00,ETH-23APR23-1875-P,P,1875,2023-04-23 08:00:00+00:00,1.83333,0.729232,0.361882,0.434,0.2861,-0.1479,-1.22872,50.3312,458.735,-0.118364,0.262099,-10.4765,0.0329428,50.2558,0.0193665,0.0753378
2023-04-21,2023-04-21 12:07:35.177000+00:00,ETH-28APR23-1850-C,C,1850,2023-04-28 08:00:00+00:00,6.83333,0.292909,0.639191,0.5495,0.4992,-0.0503,-1.7949,97.0745,97.2059,-0.0402073,0.182148,-3.73744,0.00769856,97.0333,0.0277787,0.0623875
2023-04-21,2023-04-21 11:51:04.543000+00:00,ETH-28APR23-1900-C,C,1900,2023-04-28 08:00:00+00:00,6.83333,0.292418,0.53296,0.5285,0.5313,0.00280003,-1.68684,103.707,101.068,-0.0386707,0.00162825,-0.143867,0.000302648,415.117,-0.0571118,-0.0245526
2023-04-28,2023-04-28 12:00:36.404000+00:00,ETH-5MAY23-1950-C,C,1950,2023-05-05 08:00:00+00:00,6.83333,0.292701,0.360575,0.4778,0.4681,-0.00969997,0.146601,97.3625,111.793,-0.034961,0.315441,6.45936,-0.0115662,687.836,0.0428536,0.0730587
2023-04-28,2023-04-28 12:01:06.475000+00:00,ETH-30APR23-1900-P,P,1900,2023-04-30 08:00:00+00:00,1.83333,0.727578,0.501916,0.3969,0.2435,-0.1534,0.396982,53.6911,501.615,-0.108245,0.000397802,1.17048,-0.00358223,267.647,0.218896,0.266982
2023-04-28,2023-04-28 12:03:06.207000+00:00,ETH-1MAY23-1900-P,P,1900,2023-05-01 08:00:00+00:00,2.83333,0.70642,0.496377,0.4086,0.3233,-0.0853,0.198244,66.7589,315.28,-0.0721059,-0.00059876,0.747432,-0.00189425,599.27,0.108422,0.150604
2023-04-28,2023-04-28 11:53:25.922000+00:00,ETH-1MAY23-1925-P,P,1925,2023-05-01 08:00:00+00:00,2.83333,0.704748,0.606128,0.4043,0.3424,-0.0619,-0.0259185,64.5846,318.634,-0.0713471,0.203371,8.5654,-0.0207141,456.894,0.0635523,0.108701
2023-04-28,2023-04-28 11:52:34.636000+00:00,ETH-5MAY23-1950-P,P,1950,2023-05-05 08:00:00+00:00,6.83333,0.292462,0.638059,0.469,0.4725,0.00349998,0.165953,97.5541,113.89,-0.0343171,0.314701,6.50761,-0.0114522,694.662,0.0157128,0.0488026
2023-04-28,2023-04-28 12:43:52.520000+00:00,ETH-30APR23-1925-C,C,1925,2023-04-30 08:00:00+00:00,1.83333,0.739564,0.373163,0.3925,0.3,-0.0925,-0.217574,51.2225,507.238,-0.107045,0.284521,12.5237,-0.0360058,50.7472,0.140558,0.183282
2023-05-05,2023-05-05 12:00:10.667000+00:00,ETH-12MAY23-1900-P,P,1900,2023-05-12 08:00:00+00:00,6.83333,0.292688,0.441753,0.4536,0.4992,0.0456,-0.696029,103.344,117.757,-0.0331902,0.0272837,-1.36087,0.00243919,824.716,-0.211462,-0.176069
2023-05-05,2023-05-05 12:02:08+00:00,ETH-7MAY23-1900-C,C,1900,2023-05-07 08:00:00+00:00,1.83333,0.727861,0.622002,0.3709,0.3692,-0.00170002,-0.880644,51.5919,536.778,-0.101155,0.238136,-10.8171,0.02948,680.562,-0.603089,-0.53009
2023-05-05,2023-05-05 11:54:32.970000+00:00,ETH-8MAY23-1925-C,C,1925,2023-05-08 08:00:00+00:00,2.83333,0.704941,0.43895,0.3773,0.3694,-0.00790001,-0.692791,66.489,341.435,-0.0665824,0.0762055,5.62535,-0.0130103,582.002,-0.309086,-0.253462
2023-05-05,2023-05-05 12:13:57.742000+00:00,ETH-8MAY23-1900-C,C,1900,2023-05-08 08:00:00+00:00,2.83333,0.708306,0.598111,0.3746,0.3666,-0.00799999,-0.817972,65.256,343.896,-0.0661059,0.14245,-6.51698,0.0146836,131.578,-0.390637,-0.334753
2023-05-05,2023-05-05 12:17:23.558000+00:00,ETH-8MAY23-1900-P,P,1900,2023-05-08 08:00:00+00:00,2.83333,0.708904,0.398452,0.3639,0.3686,0.00470001,-0.682118,65.1165,354.008,-0.0642176,0.158694,-7.01192,0.0153135,459.815,-0.445156,-0.390998
2023-05-05,2023-05-05 11:41:01.495000+00:00,ETH-8MAY23-1925-P,P,1925,2023-05-08 08:00:00+00:00,2.83333,0.702615,0.618011,0.3759,0.3395,-0.0364,-0.317601,63.9877,342.707,-0.0663353,0.267606,10.0896,-0.0224829,383.263,-0.339141,-0.278002
2023-05-05,2023-05-05 12:30:21.101000+00:00,ETH-7MAY23-1925-C,C,1925,2023-05-07 08:00:00+00:00,1.83333,0.735731,0.385795,0.3559,0.4216,0.0657,-0.612061,51.8139,559.401,-0.0970636,0.254271,12.4369,-0.0327403,51.4881,-0.792074,-0.725181
2023-05-05,2023-05-05 12:30:41.098000+00:00,ETH-8MAY23-1875-P,P,1875,2023-05-08 08:00:00+00:00,2.83333,0.711231,0.365014,0.3954,0.3906,-0.0048,0.0785758,62.8303,325.806,-0.0697765,0.268841,-8.8723,0.0205104,62.5684,-0.379617,-0.329031
2023-05-05,2023-05-05 12:32:48.260000+00:00,ETH-12MAY23-1900-C,C,1900,2023-05-12 08:00:00+00:00,6.83333,0.293662,0.496824,0.4562,0.4964,0.0402,0.26457,103.457,117.086,-0.0333805,0.00120798,1.12565,-0.00205098,620.083,-0.23206,-0.19564
2023-05-12,2023-05-12 11:53:28.974000+00:00,ETH-19MAY23-1800-C,C,1800,2023-05-19 08:00:00+00:00,6.83333,0.292489,0.392208,0.4406,0.4589,0.0183,1.60579,92.9252,121.232,-0.032239,0.207443,5.53971,-0.00939041,936.963,-0.0121307,0.0187953
2023-05-12,2023-05-12 11:46:05.769000+00:00,ETH-19MAY23-1750-P,P,1750,2023-05-19 08:00:00+00:00,6.83333,0.29227,0.431355,0.4578,0.498,0.0402,1.72105,94.9452,116.677,-0.0334976,0.0417071,-1.76191,0.00317379,1038.59,-0.0454215,-0.014608
2023-05-12,2023-05-12 11:41:34.790000+00:00,ETH-14MAY23-1775-P,P,1775,2023-05-14 08:00:00+00:00,1.83333,0.722233,0.557258,0.4462,0.5319,0.0857,1.79708,49.4125,446.192,-0.121691,0.0571322,5.57365,-0.0189775,49.589,0.000391756,0.0527624
2023-05-12,2023-05-12 12:21:30.495000+00:00,ETH-14MAY23-1750-P,P,1750,2023-05-14 08:00:00+00:00,1.83333,0.733247,0.380605,0.443,0.5714,0.1284,1.6787,47.6903,449.415,-0.120818,0.185484,-8.64381,0.0282043,94.8538,0.0384812,0.0800743
2023-05-12,2023-05-12 12:26:23.260000+00:00,ETH-15MAY23-1775-P,P,1775,2023-05-15 08:00:00+00:00,2.83333,0.710477,0.527675,0.4192,0.4631,0.0439,1.75582,62.0398,307.308,-0.0739765,0.0174714,2.87046,-0.00744597,123.881,0.0322027,0.0760996
2023-05-12,2023-05-12 12:32:29.577000+00:00,ETH-19MAY23-1800-P,P,1800,2023-05-19 08:00:00+00:00,6.83333,0.293653,0.596834,0.4497,0.4621,0.0124,1.4645,93.7551,118.778,-0.0329049,0.166578,4.97614,-0.00867431,93.5886,0.0173913,0.0497885
2023-05-19,2023-05-19 11:58:15.405000+00:00,ETH-26MAY23-1800-P,P,1800,2023-05-26 08:00:00+00:00,6.83333,0.292631,0.448982,0.3854,0.3815,-0.00389999,0.516922,97.9748,138.595,-0.0282,0.0251251,-1.4319,0.0021861,1949.37,0.0113075,0.0411388
2023-05-19,2023-05-19 12:07:18.671000+00:00,ETH-26MAY23-1850-C,C,1850,2023-05-26 08:00:00+00:00,6.83333,0.292901,0.354222,0.3911,0.3562,-0.0349,0.526409,92.173,136.575,-0.0286171,0.408385,7.98501,-0.0116317,464.452,0.0354624,0.0653068
2023-05-19,2023-05-19 12:07:20.842000+00:00,ETH-21MAY23-1825-C,C,1825,2023-05-21 08:00:00+00:00,1.83333,0.729302,0.361775,0.3191,0.1972,-0.1219,0.482496,48.0816,623.914,-0.0870273,0.415966,16.6176,-0.0384166,146.153,0.168981,0.211997
2023-05-19,2023-05-19 11:45:35.896000+00:00,ETH-21MAY23-1800-P,P,1800,2023-05-21 08:00:00+00:00,1.83333,0.723327,0.412704,0.2983,0.2999,0.0016,0.657608,49.8852,667.418,-0.0813545,0.148262,-9.46006,0.0212345,50.027,0.0814818,0.122735
2023-05-26,2023-05-26 11:59:37.644000+00:00,ETH-29MAY23-1825-C,C,1825,2023-05-29 08:00:00+00:00,2.83333,0.705818,0.406332,0.31,0.255,-0.055,0.757877,61.9448,415.56,-0.0547059,0.202074,9.67735,-0.0180928,813.629,0.0786986,0.12324
2023-05-26,2023-05-26 11:59:36.828000+00:00,ETH-2JUN23-1800-P,P,1800,2023-06-02 08:00:00+00:00,6.83333,0.292671,0.435637,0.3608,0.3728,0.012,1.65091,97.6328,148.045,-0.0264,0.0506044,-2.2824,0.00324618,1362.24,0.0357635,0.0667486
2023-05-26,2023-05-26 11:58:34.959000+00:00,ETH-28MAY23-1825-C,C,1825,2023-05-28 08:00:00+00:00,1.83333,0.726882,0.37884,0.2931,0.3255,0.0324,1.46006,48.875,679.259,-0.0799364,0.346829,15.857,-0.0341717,1445.06,-0.107746,-0.0506859
2023-05-26,2023-05-26 11:55:27.377000+00:00,ETH-29MAY23-1825-P,P,1825,2023-05-29 08:00:00+00:00,2.83333,0.705097,0.590777,0.3025,0.2509,-0.0516,0.85743,62.0736,425.863,-0.0533824,0.194636,9.61801,-0.0175768,186.242,0.0497492,0.0969312
2023-05-26,2023-05-26 12:10:35.084000+00:00,ETH-2JUN23-1800-C,C,1800,2023-06-02 08:00:00+00:00,6.83333,0.292998,0.565607,0.3644,0.3529,-0.0115,0.701189,97.6038,146.582,-0.0266634,0.0522417,-2.31207,0.00331951,1458.88,0.0211229,0.0533981
2023-05-26,2023-05-26 11:40:13.100000+00:00,ETH-29MAY23-1800-C,C,1800,2023-05-29 08:00:00+00:00,2.83333,0.702476,0.602908,0.3254,0.185,-0.1404,1.59687,61.5771,395.893,-0.0574235,0.187024,-8.11925,0.0158371,244.996,-0.133694,-0.0873998
2023-05-26,2023-05-26 11:33:52.413000+00:00,ETH-29MAY23-1800-P,P,1800,2023-05-29 08:00:00+00:00,2.83333,0.701391,0.391481,0.3075,0.2884,-0.0191,0.702115,61.3344,418.938,-0.0542647,0.223845,-9.19677,0.0168847,432.16,0.00110021,0.0420085
2023-05-26,2023-05-26 12:30:04.046000+00:00,ETH-2JUN23-1850-C,C,1850,2023-06-02 08:00:00+00:00,6.83333,0.29358,0.360162,0.3551,0.3364,-0.0187,1.51316,92.995,150.421,-0.0259829,0.408625,8.35595,-0.011118,371.724,-0.0435403,-0.0119937
2023-05-26,2023-05-26 12:30:06.051000+00:00,ETH-2JUN23-1850-P,P,1850,2023-06-02 08:00:00+00:00,6.83333,0.293581,0.636942,0.3315,0.3382,0.00669998,0.454725,93.4035,161.13,-0.0242561,0.416726,8.70957,-0.0108479,187.26,-0.0696753,-0.035034
2023-05-26,2023-05-26 12:30:09.340000+00:00,ETH-28MAY23-1825-P,P,1825,2023-05-28 08:00:00+00:00,1.83333,0.735676,0.552421,0.2938,0.1805,-0.1133,0.431885,51.0092,677.641,-0.0801273,0.0676047,7.28688,-0.0163676,149.827,-0.00584932,0.0513285
2023-06-02,2023-06-02 12:04:28.130000+00:00,ETH-4JUN23-1900-C,C,1900,2023-06-04 08:00:00+00:00,1.83333,0.728506,0.440994,0.2796,0.2081,-0.0715,-0.0809108,52.9664,712.056,-0.0762545,0.089178,8.48434,-0.0180922,52.9204,0.0533679,0.103961
2023-06-02,2023-06-02 12:30:02.316000+00:00,ETH-5JUN23-1875-P,P,1875,2023-06-05 08:00:00+00:00,2.83333,0.711118,0.358449,0.31,0.2213,-0.0887,-0.0682386,62.3277,415.56,-0.0547059,0.389414,-12.2309,0.0220316,822.257,0.0615578,0.103212
2023-06-02,2023-06-02 12:30:10.417000+00:00,ETH-4JUN23-1875-P,P,1875,2023-06-04 08:00:00+00:00,1.83333,0.735681,0.37418,0.3238,0.2635,-0.0603,0.202711,50.7389,614.858,-0.0883091,0.291846,-12.905,0.0306222,252.884,0.0961158,0.138753
2023-06-09,2023-06-09 11:58:44.136000+00:00,ETH-16JUN23-1850-C,C,1850,2023-06-16 08:00:00+00:00,6.83333,0.292645,0.489313,0.3246,0.4346,0.11,-4.93174,100.728,164.555,-0.0237512,0.00587843,1.60333,-0.00207793,705.029,-0.253001,-0.219114
2023-06-09,2023-06-09 11:43:02.354000+00:00,ETH-12JUN23-1825-C,C,1825,2023-06-12 08:00:00+00:00,2.83333,0.70296,0.64341,0.2943,0.4167,0.1224,-4.99704,60.4954,437.729,-0.0519353,0.428452,-13.2039,0.0225227,60.6368,-0.550063,-0.502924
2023-06-16,2023-06-16 11:54:24.854000+00:00,ETH-19JUN23-1675-P,P,1675,2023-06-19 08:00:00+00:00,2.83333,0.704917,0.601077,0.3269,0.3923,0.0654,4.03881,56.5292,394.076,-0.0576882,0.223582,9.8999,-0.0194251,399.951,-0.225293,-0.181301
2023-06-16,2023-06-16 11:40:40.481000+00:00,ETH-18JUN23-1675-C,C,1675,2023-06-18 08:00:00+00:00,1.83333,0.721988,0.396572,0.3448,0.7234,0.3786,3.7046,45.4385,577.41,-0.0940364,0.219689,11.7739,-0.0302377,688.09,-0.295801,-0.24104
2023-06-23,2023-06-23 12:03:38.930000+00:00,ETH-25JUN23-1875-C,C,1875,2023-06-25 08:00:00+00:00,1.83333,0.728279,0.547198,0.3895,0.2941,-0.0954,-0.306665,52.7947,511.145,-0.106227,0.0276653,-3.29355,0.00982277,52.7579,-0.00675319,0.0593002
2023-06-23,2023-06-23 12:10:11.028000+00:00,ETH-26JUN23-1900-C,C,1900,2023-06-26 08:00:00+00:00,2.83333,0.707649,0.397366,0.4085,0.3789,-0.0296,-0.505699,63.9245,315.357,-0.0720882,0.188122,8.21852,-0.0201332,63.8385,-0.0863928,-0.0351173
2023-06-23,2023-06-23 11:46:11.852000+00:00,ETH-26JUN23-1875-C,C,1875,2023-06-26 08:00:00+00:00,2.83333,0.703502,0.523066,0.3755,0.3742,-0.00130001,-0.122042,65.884,343.072,-0.0662647,0.00382474,-0.749864,0.00174361,131.189,0.00433197,0.0523814
2023-06-23,2023-06-23 11:42:14.094000+00:00,ETH-26JUN23-1875-P,P,1875,2023-06-26 08:00:00+00:00,2.83333,0.702822,0.475793,0.3778,0.3376,-0.0402,-0.232822,65.8794,340.983,-0.0666706,0.00442222,-0.82586,0.00193175,66.0229,-0.000343921,0.0471937
2023-06-23,2023-06-23 12:31:55.766000+00:00,ETH-26JUN23-1850-P,P,1850,2023-06-26 08:00:00+00:00,2.83333,0.71145,0.354189,0.4008,0.3609,-0.0399,0.292638,61.4278,321.416,-0.0707294,0.313747,-9.55452,0.0221594,937.953,-0.0575153,-0.00945664
2023-06-30,2023-06-30 12:00:35.098000+00:00,ETH-7JUL23-1900-C,C,1900,2023-07-07 08:00:00+00:00,6.83333,0.2927,0.48069,0.3901,0.3756,-0.0145,1.72599,103.177,136.925,-0.0285439,0.0126343,1.90711,-0.00296797,1651.14,-0.134658,-0.100297
2023-06-30,2023-06-30 11:55:15.775000+00:00,ETH-3JUL23-1900-C,C,1900,2023-07-03 08:00:00+00:00,2.83333,0.705064,0.449978,0.3554,0.3038,-0.0516,1.70917,65.9638,362.475,-0.0627176,0.0556195,5.01782,-0.0109744,132.459,-0.267983,-0.217199
2023-06-30,2023-06-30 12:09:14.178000+00:00,ETH-2JUL23-1900-C,C,1900,2023-07-02 08:00:00+00:00,1.83333,0.729826,0.477402,0.3859,0.4299,0.044,1.40452,53.5316,515.913,-0.105245,0.0122871,3.06692,-0.00911163,53.4374,-0.482863,-0.415677
2023-06-30,2023-06-30 12:10:20.503000+00:00,ETH-3JUL23-1875-P,P,1875,2023-07-03 08:00:00+00:00,2.83333,0.707676,0.356471,0.3731,0.3322,-0.0409,1.33281,62.3162,345.279,-0.0658412,0.329573,-10.1792,0.022019,250.93,-0.320108,-0.273963
2023-06-30,2023-06-30 12:11:52.239000+00:00,ETH-2JUL23-1900-P,P,1900,2023-07-02 08:00:00+00:00,1.83333,0.730558,0.560472,0.3937,0.316,-0.0777,1.70427,52.8602,505.692,-0.107373,0.0692563,6.43906,-0.0193241,106.134,-0.308833,-0.251168
2023-06-30,2023-06-30 12:31:13.375000+00:00,ETH-3JUL23-1900-P,P,1900,2023-07-03 08:00:00+00:00,2.83333,0.711326,0.49434,0.3673,0.3081,-0.0592,1.17934,66.7721,350.731,-0.0648176,-0.000702719,0.559452,-0.00127446,66.5162,-0.155785,-0.10429
2023-06-30,2023-06-30 12:35:22.893000+00:00,ETH-2JUL23-1925-C,C,1925,2023-07-02 08:00:00+00:00,1.83333,0.737152,0.351355,0.4304,0.2044,-0.226,1.11732,50.0518,462.572,-0.117382,0.360404,13.4214,-0.0414581,99.4388,0.0241133,0.086372
2023-07-07,2023-07-07 12:03:52.630000+00:00,ETH-10JUL23-1875-C,C,1875,2023-07-10 08:00:00+00:00,2.83333,0.706554,0.421314,0.3568,0.2886,-0.0682,0.253672,64.1861,361.052,-0.0629647,0.127829,7.31198,-0.015867,645.338,0.04529,0.090512
2023-07-07,2023-07-07 11:54:30.801000+00:00,ETH-14JUL23-1900-P,P,1900,2023-07-14 08:00:00+00:00,6.83333,0.29252,0.628936,0.405,0.3804,-0.0246,0.263991,96.3209,131.888,-0.0296341,0.312532,6.93966,-0.0106337,194.808,0.0349913,0.0685571
2023-07-07,2023-07-07 12:05:40.085000+00:00,ETH-10JUL23-1850-P,P,1850,2023-07-10 08:00:00+00:00,2.83333,0.706864,0.407072,0.3627,0.3044,-0.0583,0.138895,63.6996,355.179,-0.0640059,0.131487,-6.35212,0.0139016,319.038,0.0510985,0.096778
2023-07-07,2023-07-07 12:06:42.309000+00:00,ETH-14JUL23-1900-C,C,1900,2023-07-14 08:00:00+00:00,6.83333,0.292883,0.377647,0.4008,0.3757,-0.0251,0.123298,96.9806,133.27,-0.0293268,0.284788,6.68091,-0.0101884,969.349,0.0198196,0.051115
2023-07-07,2023-07-07 11:50:26.590000+00:00,ETH-14JUL23-1850-P,P,1850,2023-07-14 08:00:00+00:00,6.83333,0.292399,0.435572,0.3978,0.3613,-0.0365,0.107526,100.398,134.275,-0.0291073,0.0439826,-1.98108,0.00310647,1401.16,0.0297258,0.0608593
2023-07-07,2023-07-07 12:24:09.173000+00:00,ETH-14JUL23-1850-C,C,1850,2023-07-14 08:00:00+00:00,6.83333,0.293403,0.545289,0.4045,0.3719,-0.0326,0.460988,100.812,132.051,-0.0295976,0.0164006,-1.05426,0.00169229,300.456,0.014458,0.0468561
2023-07-07,2023-07-07 12:24:27.207000+00:00,ETH-9JUL23-1850-C,C,1850,2023-07-09 08:00:00+00:00,1.83333,0.734072,0.575329,0.3591,0.3315,-0.0276,0.382495,51.61,554.416,-0.0979364,0.0862691,-6.4339,0.0174997,51.363,0.0233905,0.0855265
2023-07-07,2023-07-07 12:29:34.412000+00:00,ETH-9JUL23-1850-P,P,1850,2023-07-09 08:00:00+00:00,1.83333,0.735512,0.441573,0.3797,0.2716,-0.1081,0.409103,51.935,524.337,-0.103555,0.0460065,-4.43689,0.0128524,560.554,0.0677212,0.120464
2023-07-07,2023-07-07 12:31:25.458000+00:00,ETH-9JUL23-1875-C,C,1875,2023-07-09 08:00:00+00:00,1.83333,0.736034,0.470129,0.3794,0.2993,-0.0801,-0.354885,52.7425,524.752,-0.103473,0.0198344,3.76468,-0.0109834,256.183,0.120649,0.171018
2023-07-07,2023-07-07 12:41:29.647000+00:00,ETH-9JUL23-1875-P,P,1875,2023-07-09 08:00:00+00:00,1.83333,0.738886,0.592964,0.3711,0.2974,-0.0737,0.300144,51.2593,536.489,-0.101209,0.162958,9.86349,-0.0274684,151.483,0.0787955,0.141502
2023-07-14,2023-07-14 12:07:45.480000+00:00,ETH-16JUL23-2000-C,C,2000,2023-07-16 08:00:00+00:00,1.83333,0.729416,0.480595,0.4166,0.5355,0.1189,-3.16558,56.3756,477.895,-0.113618,0.00909725,2.64418,-0.00848422,673.58,-0.411326,-0.366934
2023-07-14,2023-07-14 11:47:15.873000+00:00,ETH-21JUL23-2000-C,C,2000,2023-07-21 08:00:00+00:00,6.83333,0.292305,0.495798,0.4304,0.4247,-0.0057,-3.11792,108.909,124.105,-0.0314927,0.00170716,1.17961,-0.0020277,2176.02,-0.115421,-0.0825975
2023-07-14,2023-07-14 12:19:38.391000+00:00,ETH-17JUL23-1975-C,C,1975,2023-07-17 08:00:00+00:00,2.83333,0.709297,0.623406,0.3881,0.3456,-0.0425,-3.14063,66.7587,331.934,-0.0684882,0.22602,-8.17604,0.0187367,134.226,-0.294713,-0.246128
2023-07-14,2023-07-14 11:39:12.025000+00:00,ETH-17JUL23-2000-C,C,2000,2023-07-17 08:00:00+00:00,2.83333,0.702302,0.476003,0.4152,0.4113,-0.00389999,-3.15517,69.9679,310.269,-0.0732706,0.0141214,2.65207,-0.00681764,1184.81,-0.257476,-0.216339
2023-07-14,2023-07-14 11:38:11.568000+00:00,ETH-17JUL23-2025-C,C,2025,2023-07-17 08:00:00+00:00,2.83333,0.70213,0.351265,0.4286,0.4383,0.00970001,-3.19966,65.1461,300.568,-0.0756353,0.376046,11.1432,-0.0275289,130.464,-0.238785,-0.201924
2023-07-21,2023-07-21 12:09:55.266000+00:00,ETH-28JUL23-1900-C,C,1900,2023-07-28 08:00:00+00:00,6.83333,0.292978,0.467572,0.3372,0.3631,0.0259,-1.88938,102.874,158.406,-0.0246732,0.0307321,2.76234,-0.00370805,924.236,0.00966875,0.0399211
2023-07-21,2023-07-21 12:17:54.428000+00:00,ETH-28JUL23-1900-P,P,1900,2023-07-28 08:00:00+00:00,6.83333,0.293217,0.530974,0.3395,0.3555,0.016,-1.33316,102.918,157.333,-0.0248415,0.0283581,2.67064,-0.00361048,411.692,-0.0166674,0.0142082
2023-07-21,2023-07-21 12:20:06.587000+00:00,ETH-23JUL23-1900-C,C,1900,2023-07-23 08:00:00+00:00,1.83333,0.732855,0.403399,0.2687,0.3187,0.05,-1.64154,51.8996,740.941,-0.0732818,0.23802,13.7894,-0.0277361,1313.72,0.00921537,0.0501365
2023-07-21,2023-07-21 12:22:23+00:00,ETH-24JUL23-1900-P,P,1900,2023-07-24 08:00:00+00:00,2.83333,0.709776,0.580147,0.2577,0.4555,0.1978,-1.75604,65.1232,499.897,-0.0454765,0.175562,9.88153,-0.0154772,389.368,-0.202638,-0.157922
2023-07-21,2023-07-21 12:22:23.334000+00:00,ETH-24JUL23-1900-C,C,1900,2023-07-24 08:00:00+00:00,2.83333,0.709777,0.428029,0.2731,0.2855,0.0124,-1.27156,65.3958,471.708,-0.0481941,0.135667,8.51531,-0.0141908,129.648,-0.0136449,0.0253243
2023-07-21,2023-07-21 11:35:15.752000+00:00,ETH-23JUL23-1875-P,P,1875,2023-07-23 08:00:00+00:00,1.83333,0.720521,0.381916,0.2659,0.4834,0.2175,-1.108,50.9335,748.744,-0.0725182,0.321088,-15.0133,0.0294126,102.379,-0.205034,-0.145248
2023-07-28,2023-07-28 12:00:41.237000+00:00,ETH-30JUL23-1875-P,P,1875,2023-07-30 08:00:00+00:00,1.83333,0.727462,0.613389,0.2203,0.1856,-0.0347,0.822937,50.6235,903.726,-0.0600818,0.39725,19.454,-0.0317037,101.279,0.106759,0.154326
2023-07-28,2023-07-28 12:31:13.840000+00:00,ETH-31JUL23-1875-C,C,1875,2023-07-31 08:00:00+00:00,2.83333,0.711327,0.466778,0.2459,0.2008,-0.0451,0.401821,65.5445,523.886,-0.0433941,0.0353043,4.8296,-0.00734108,261.407,0.0524812,0.0952586
2023-08-04,2023-08-04 12:29:13.057000+00:00,ETH-7AUG23-1850-C,C,1850,2023-08-07 08:00:00+00:00,2.83333,0.710974,0.353375,0.2245,0.1953,-0.0292,0.00531599,60.1555,573.824,-0.0396176,0.658757,19.9489,-0.025895,250.752,0.00137896,0.042822
2023-08-04,2023-08-04 12:30:31.633000+00:00,ETH-6AUG23-1850-C,C,1850,2023-08-06 08:00:00+00:00,1.83333,0.735781,0.366971,0.2281,0.2622,0.0341,-0.227423,49.1299,872.823,-0.0622091,0.524269,21.8973,-0.0363787,342.457,0.0323639,0.0752261
2023-08-04,2023-08-04 12:34:06.120000+00:00,ETH-7AUG23-1825-P,P,1825,2023-08-07 08:00:00+00:00,2.83333,0.711832,0.38547,0.2134,0.2084,-0.005,0.082829,61.8307,603.672,-0.0376588,0.368556,-14.4244,0.0183068,184.654,-0.0021977,0.041308
2023-08-11,2023-08-11 11:36:54.816000+00:00,ETH-14AUG23-1850-C,C,1850,2023-08-14 08:00:00+00:00,2.83333,0.701911,0.48778,0.2033,0.1693,-0.034,-0.00337546,64.9486,633.662,-0.0358765,0.00736933,2.71803,-0.00342587,65.1323,0.0406994,0.082752
2023-08-11,2023-08-11 12:29:20.793000+00:00,ETH-13AUG23-1850-C,C,1850,2023-08-13 08:00:00+00:00,1.83333,0.735448,0.508669,0.187,0.1536,-0.0334,-0.0913263,52.3047,1064.66,-0.051,0.00097781,-0.636236,0.000917214,156.326,0.0467575,0.0972247
2023-08-11,2023-08-11 12:29:55.023000+00:00,ETH-13AUG23-1850-P,P,1850,2023-08-13 08:00:00+00:00,1.83333,0.735609,0.48859,0.1882,0.0823,-0.1059,-0.106984,52.3005,1057.87,-0.0513273,0.00230002,-1.13802,0.00165085,52.0032,0.0780985,0.127396
2023-08-18,2023-08-18 12:04:38.403000+00:00,ETH-21AUG23-1700-C,C,1700,2023-08-21 08:00:00+00:00,2.83333,0.706686,0.386391,0.3537,0.3179,-0.0358,-0.84774,56.776,364.217,-0.0624176,0.260835,10.2596,-0.0215909,344.342,-0.0147371,0.0285226
2023-08-18,2023-08-18 12:06:43.372000+00:00,ETH-20AUG23-1675-C,C,1675,2023-08-20 08:00:00+00:00,1.83333,0.729129,0.568715,0.3894,0.2469,-0.1425,-0.741903,46.8612,511.276,-0.1062,0.064531,-5.26569,0.0155765,236.561,0.106709,0.163602
2023-08-18,2023-08-18 11:45:49.052000+00:00,ETH-21AUG23-1675-P,P,1675,2023-08-21 08:00:00+00:00,2.83333,0.703437,0.412393,0.3768,0.3369,-0.0399,-1.04287,57.8375,341.888,-0.0664941,0.110932,-5.6787,0.01295,760.832,0.0106797,0.0558979
2023-08-18,2023-08-18 11:40:37.225000+00:00,ETH-25AUG23-1700-P,P,1700,2023-08-25 08:00:00+00:00,6.83333,0.292108,0.56714,0.3876,0.3914,0.00380001,-0.759705,90.5301,137.809,-0.028361,0.0971294,4.1926,-0.00639822,362.198,0.00804036,0.0402393
2023-08-18,2023-08-18 11:35:05.711000+00:00,ETH-25AUG23-1700-C,C,1700,2023-08-25 08:00:00+00:00,6.83333,0.291944,0.416431,0.3784,0.3935,0.0151,-0.450679,89.6382,141.159,-0.0276878,0.146982,5.08235,-0.00751159,994.321,-0.0348859,-0.00374885
2023-08-18,2023-08-18 11:29:46.200000+00:00,ETH-25AUG23-1650-P,P,1650,2023-08-25 08:00:00+00:00,6.83333,0.291787,0.366476,0.4041,0.4198,0.0157,-0.543561,86.4487,132.182,-0.0295683,0.24209,-5.1789,0.00788494,86.5944,-0.0103097,0.0208513
2023-08-25,2023-08-25 12:00:01.375000+00:00,ETH-1SEP23-1650-C,C,1650,2023-09-01 08:00:00+00:00,6.83333,0.292684,0.534559,0.3244,0.2762,-0.0482,-0.501359,89.9859,164.657,-0.0237366,0.0113229,-0.954097,0.00123156,89.9858,0.0471178,0.0780804
2023-08-25,2023-08-25 11:31:13.401000+00:00,ETH-28AUG23-1650-C,C,1650,2023-08-28 08:00:00+00:00,2.83333,0.700939,0.547758,0.3254,0.1507,-0.1747,-0.444721,57.7527,395.893,-0.0574235,0.0338889,-3.19681,0.00640582,57.9583,0.169396,0.211317
2023-08-25,2023-08-25 11:30:42.865000+00:00,ETH-28AUG23-1650-P,P,1650,2023-08-28 08:00:00+00:00,2.83333,0.700852,0.449286,0.3257,0.1516,-0.1741,-0.559617,57.7116,395.528,-0.0574765,0.0389003,-3.45426,0.00692165,57.9209,0.156279,0.197002
2023-08-25,2023-08-25 11:30:36.832000+00:00,ETH-27AUG23-1650-P,P,1650,2023-08-27 08:00:00+00:00,1.83333,0.719266,0.448493,0.3459,0.0798,-0.2661,-0.407726,46.3927,575.574,-0.0943364,0.0396805,-4.3051,0.0113861,46.6537,0.259366,0.304827
2023-09-01,2023-09-01 12:04:41.618000+00:00,ETH-4SEP23-1650-C,C,1650,2023-09-04 08:00:00+00:00,2.83333,0.706695,0.480214,0.2398,0.2168,-0.023,-0.668939,57.851,537.212,-0.0423176,0.0146165,3.34643,-0.00497144,286.561,-0.0332143,0.012641
2023-09-01,2023-09-01 11:54:29.110000+00:00,ETH-3SEP23-1650-C,C,1650,2023-09-03 08:00:00+00:00,1.83333,0.725757,0.46932,0.2517,0.2865,0.0348,-0.816371,46.4421,790.985,-0.0686455,0.029067,5.32095,-0.0102966,324.202,-0.0348846,0.012747
2023-09-01,2023-09-01 11:53:34.660000+00:00,ETH-3SEP23-1650-P,P,1650,2023-09-03 08:00:00+00:00,1.83333,0.725508,0.536779,0.2383,0.2307,-0.0076,-0.623967,46.3737,835.463,-0.0649909,0.0424223,6.4743,-0.011846,92.607,-0.0511796,0.00589928
2023-09-08,2023-09-08 12:01:20.720000+00:00,ETH-10SEP23-1625-C,C,1625,2023-09-10 08:00:00+00:00,1.83333,0.727644,0.50095,0.2492,0.1031,-0.1461,0.607998,45.9396,798.92,-0.0679636,-0.000146229,0.864931,-0.00166204,367.729,0.108425,0.158251
2023-09-08,2023-09-08 11:30:41.290000+00:00,ETH-11SEP23-1625-P,P,1625,2023-09-11 08:00:00+00:00,2.83333,0.700847,0.487772,0.263,0.1876,-0.0754,0.551421,57.1154,489.823,-0.0464118,0.00087633,-0.324164,0.000528568,57.3203,0.0787041,0.118466
2023-09-08,2023-09-08 12:35:08.066000+00:00,ETH-15SEP23-1650-C,C,1650,2023-09-15 08:00:00+00:00,6.83333,0.293732,0.379218,0.2843,0.2669,-0.0174,0.367577,84.839,187.881,-0.0208024,0.373324,8.88991,-0.00963024,423.629,0.0139958,0.0438537
2023-09-15,2023-09-15 12:00:34.783000+00:00,ETH-18SEP23-1625-C,C,1625,2023-09-18 08:00:00+00:00,2.83333,0.705983,0.460457,0.2627,0.1632,-0.0995,0.661625,56.6907,490.383,-0.0463588,0.046262,5.28916,-0.00857614,340.352,0.0760418,0.118639
2023-09-15,2023-09-15 11:59:06.177000+00:00,ETH-17SEP23-1625-P,P,1625,2023-09-17 08:00:00+00:00,1.83333,0.727026,0.557603,0.2658,0.202,-0.0638,0.621733,45.333,749.025,-0.0724909,0.0892864,8.69315,-0.0176313,90.8047,0.0234145,0.0711033
2023-09-15,2023-09-15 11:58:05.915000+00:00,ETH-17SEP23-1625-C,C,1625,2023-09-17 08:00:00+00:00,1.83333,0.726749,0.447843,0.2687,0.1262,-0.1425,0.387799,45.4295,740.941,-0.0732818,0.0733251,7.8878,-0.0162032,320.388,0.195484,0.245779
2023-09-15,2023-09-15 12:02:52.074000+00:00,ETH-18SEP23-1625-P,P,1625,2023-09-18 08:00:00+00:00,2.83333,0.706379,0.523458,0.2609,0.2084,-0.0525,0.764355,56.9263,493.766,-0.0460412,0.018436,3.55828,-0.00574841,171.69,0.0299013,0.0730029
2023-09-15,2023-09-15 12:04:14.787000+00:00,ETH-22SEP23-1600-P,P,1600,2023-09-22 08:00:00+00:00,6.83333,0.292809,0.356952,0.2926,0.284,-0.00860001,0.557364,82.8037,182.552,-0.0214098,0.409029,-8.15557,0.00891191,744.819,-0.0159501,0.0145061
2023-09-15,2023-09-15 12:11:38.180000+00:00,ETH-22SEP23-1650-C,C,1650,2023-09-22 08:00:00+00:00,6.83333,0.293029,0.351167,0.2992,0.267,-0.0322,0.558359,82.3637,178.525,-0.0218927,0.53977,10.3292,-0.0114755,250.533,0.0273712,0.0582502
2023-09-15,2023-09-15 11:20:03.651000+00:00,ETH-22SEP23-1650-P,P,1650,2023-09-22 08:00:00+00:00,6.83333,0.2915,0.632077,0.312,0.3082,-0.00380001,0.179353,83.7669,171.201,-0.0228293,0.412715,8.92064,-0.0104988,83.9585,-0.0743226,-0.0399516
2023-09-22,2023-09-22 12:06:29.977000+00:00,ETH-25SEP23-1600-C,C,1600,2023-09-25 08:00:00+00:00,2.83333,0.707009,0.45591,0.2112,0.1518,-0.0594,-0.184942,55.7706,609.96,-0.0372706,0.0677085,6.94589,-0.00904375,725.256,0.0378754,0.0794461
2023-09-22,2023-09-22 12:18:00.965000+00:00,ETH-24SEP23-1600-C,C,1600,2023-09-24 08:00:00+00:00,1.83333,0.73227,0.466757,0.1959,0.1848,-0.0111,-0.269819,45.0259,1016.29,-0.0534273,0.0411331,6.98483,-0.0105149,89.7278,0.0279912,0.0756794
2023-09-29,2023-09-29 12:07:44.282000+00:00,ETH-2OCT23-1675-P,P,1675,2023-10-02 08:00:00+00:00,2.83333,0.707224,0.568724,0.2491,0.2277,-0.0214,0.210517,57.767,517.156,-0.0439588,0.135306,8.87999,-0.0135169,231.052,0.0220978,0.068909
2023-09-29,2023-09-29 12:07:46.561000+00:00,ETH-1OCT23-1675-C,C,1675,2023-10-01 08:00:00+00:00,1.83333,0.729421,0.42785,0.2754,0.2351,-0.0403,0.0601542,46.4109,722.915,-0.0751091,0.132552,10.3017,-0.0215194,184.474,0.0834914,0.135523
2023-09-29,2023-09-29 11:50:44.759000+00:00,ETH-6OCT23-1650-P,P,1650,2023-10-06 08:00:00+00:00,6.83333,0.292408,0.376005,0.2972,0.3266,0.0294,-0.0548448,86.7137,179.726,-0.0217463,0.292992,-6.77381,0.0076489,1895.58,-0.0456966,-0.0146653
2023-10-06,2023-10-06 12:05:16.877000+00:00,ETH-8OCT23-1625-P,P,1625,2023-10-08 08:00:00+00:00,1.83333,0.728731,0.366402,0.2549,0.19,-0.0649,0.0140853,43.6096,781.055,-0.0695182,0.432211,-17.8802,0.0331584,175.538,0.0615089,0.105469
2023-10-06,2023-10-06 11:48:04.329000+00:00,ETH-9OCT23-1625-P,P,1625,2023-10-09 08:00:00+00:00,2.83333,0.703825,0.407989,0.2289,0.2503,0.0214,0.152613,55.8376,562.794,-0.0403941,0.216709,-10.555,0.0145846,451.892,-0.018138,0.0241373
2023-10-13,2023-10-13 11:59:50.680000+00:00,ETH-16OCT23-1550-P,P,1550,2023-10-16 08:00:00+00:00,2.83333,0.705855,0.538523,0.2735,0.2219,-0.0516,0.576384,54.0847,471.018,-0.0482647,0.0427213,5.01359,-0.00846564,271.026,0.0426079,0.0878535
2023-10-13,2023-10-13 12:05:24.180000+00:00,ETH-16OCT23-1550-C,C,1550,2023-10-16 08:00:00+00:00,2.83333,0.706818,0.446705,0.2747,0.2296,-0.0451,0.67972,53.8043,468.961,-0.0484765,0.0770493,6.53184,-0.0110303,161.347,0.0506272,0.0942408
2023-10-13,2023-10-13 11:41:42.352000+00:00,ETH-20OCT23-1550-P,P,1550,2023-10-20 08:00:00+00:00,6.83333,0.29214,0.512096,0.2936,0.299,0.00539999,0.523609,84.3977,181.93,-0.0214829,0.00730394,1.75651,-0.00205884,168.819,-0.0100359,0.021488
2023-10-20,2023-10-20 12:01:34.776000+00:00,ETH-27OCT23-1625-C,C,1625,2023-10-27 08:00:00+00:00,6.83333,0.29273,0.46075,0.3497,0.3626,0.0129,0.896454,87.7567,152.744,-0.0255878,0.0412452,3.05929,-0.00425232,968.5,-0.0464362,-0.0143646
2023-10-20,2023-10-20 11:58:10.302000+00:00,ETH-22OCT23-1600-P,P,1600,2023-10-22 08:00:00+00:00,1.83333,0.726769,0.360272,0.3438,0.3654,0.0216,1.23955,42.7913,579.089,-0.0937636,0.34711,-13.6865,0.0340334,350.156,0.0193759,0.0644951
2023-10-20,2023-10-20 11:57:36.701000+00:00,ETH-22OCT23-1625-C,C,1625,2023-10-22 08:00:00+00:00,1.83333,0.726615,0.398376,0.3496,0.2422,-0.1074,0.866225,44.1482,569.482,-0.0953455,0.208191,11.4,-0.0297285,357.704,0.0568118,0.115318
2023-10-20,2023-10-20 11:57:36.555000+00:00,ETH-22OCT23-1625-P,P,1625,2023-10-22 08:00:00+00:00,1.83333,0.726615,0.596381,0.3672,0.2574,-0.1098,0.944403,44.2988,542.187,-0.100145,0.179584,10.3802,-0.0285287,88.6403,0.105527,0.164604
2023-10-20,2023-10-20 11:57:01.374000+00:00,ETH-23OCT23-1600-P,P,1600,2023-10-23 08:00:00+00:00,2.83333,0.705368,0.363116,0.3167,0.3137,-0.00299999,0.719165,53.391,406.768,-0.0558882,0.356515,-11.5528,0.0213441,159.911,-0.0232792,0.0215086
2023-10-20,2023-10-20 12:05:18.540000+00:00,ETH-27OCT23-1600-P,P,1600,2023-10-27 08:00:00+00:00,6.83333,0.292841,0.402157,0.336,0.3603,0.0243,0.898377,85.578,158.972,-0.0245854,0.148731,-4.38816,0.00571102,429.596,-0.0255603,0.0064198
2023-10-20,2023-10-20 12:06:44.901000+00:00,ETH-27OCT23-1650-C,C,1650,2023-10-27 08:00:00+00:00,6.83333,0.292884,0.352076,0.3625,0.3888,0.0263,0.6996,82.1424,147.351,-0.0265244,0.44939,8.65279,-0.0116572,991.521,-0.040618,-0.0088081
2023-10-20,2023-10-20 11:44:29.721000+00:00,ETH-27OCT23-1625-P,P,1625,2023-10-27 08:00:00+00:00,6.83333,0.292222,0.537855,0.357,0.3683,0.0113,0.739714,87.7872,149.621,-0.026122,0.0383753,2.9478,-0.00418426,520.216,-0.0213244,0.0111824
2023-10-27,2023-10-27 11:57:42.325000+00:00,ETH-29OCT23-1800-C,C,1800,2023-10-29 08:00:00+00:00,1.83333,0.726641,0.372119,0.3964,0.2826,-0.1138,-0.405705,47.7935,502.248,-0.108109,0.291894,12.6183,-0.036569,380.178,0.148734,0.190817
2023-10-27,2023-10-27 11:51:21.232000+00:00,ETH-3NOV23-1750-P,P,1750,2023-11-03 08:00:00+00:00,6.83333,0.292426,0.360706,0.3987,0.4092,0.0105,-0.125882,91.2627,133.972,-0.0291732,0.270326,-5.53872,0.00827644,365.404,0.0138658,0.0442349
2023-10-27,2023-10-27 12:12:50.023000+00:00,ETH-3NOV23-1800-C,C,1800,2023-11-03 08:00:00+00:00,6.83333,0.293065,0.444543,0.413,0.3835,-0.0295,-0.341716,96.3882,129.333,-0.0302195,0.066072,3.46569,-0.00566162,579.511,0.0360337,0.066105
2023-10-27,2023-10-27 12:17:32.612000+00:00,ETH-30OCT23-1775-C,C,1775,2023-10-30 08:00:00+00:00,2.83333,0.708931,0.578786,0.3832,0.3197,-0.0635,-0.541475,61.5492,336.178,-0.0676235,0.0852734,-4.87746,0.0113672,371.689,0.0962431,0.139915
2023-11-03,2023-11-03 11:57:03.029000+00:00,ETH-6NOV23-1775-P,P,1775,2023-11-06 08:00:00+00:00,2.83333,0.705372,0.388766,0.383,0.4455,0.0625,3.44906,60.4867,336.354,-0.0675882,0.183658,-7.37554,0.0168357,60.5101,-0.038363,-0.00181014
2023-11-03,2023-11-03 12:08:10.434000+00:00,ETH-10NOV23-1800-C,C,1800,2023-11-10 08:00:00+00:00,6.83333,0.292926,0.472622,0.4205,0.4373,0.0168,3.57923,97.4756,127.026,-0.0307683,0.0205909,2.1928,-0.00367418,3026.58,0.0254575,0.0574165
2023-11-10,2023-11-10 11:59:21.843000+00:00,ETH-17NOV23-2100-P,P,2100,2023-11-17 08:00:00+00:00,6.83333,0.292664,0.484428,0.5764,0.5965,0.0201,-1.97397,114.539,92.6694,-0.0421756,-0.00269749,0.50498,-0.00116167,2862.94,0.010955,0.0421866
2023-11-10,2023-11-10 11:58:52.035000+00:00,ETH-12NOV23-2100-C,C,2100,2023-11-12 08:00:00+00:00,1.83333,0.726961,0.511933,0.5674,0.4819,-0.0855,-2.24326,59.3719,350.883,-0.154745,-0.00054299,0.256127,-0.00112012,473.341,0.159205,0.204018
2023-11-10,2023-11-10 11:58:51.443000+00:00,ETH-13NOV23-2150-C,C,2150,2023-11-13 08:00:00+00:00,2.83333,0.705685,0.350638,0.6326,0.647,0.0144,-3.02731,68.6162,203.641,-0.111635,0.266485,7.88359,-0.0287392,689.922,0.104759,0.143085
2023-11-10,2023-11-10 11:54:26.873000+00:00,ETH-12NOV23-2075-P,P,2075,2023-11-12 08:00:00+00:00,1.83333,0.725746,0.364383,0.5601,0.4228,-0.1373,-2.42674,55.9608,355.456,-0.152755,0.19049,-7.74384,0.0314901,113.095,0.136291,0.1935
2023-11-10,2023-11-10 12:10:07.955000+00:00,ETH-12NOV23-2125-P,P,2125,2023-11-12 08:00:00+00:00,1.83333,0.730075,0.622347,0.5797,0.7252,0.1455,-2.14318,56.4715,343.438,-0.1581,0.188858,8.56914,-0.0364967,225.101,-0.169261,-0.111679
2023-11-10,2023-11-10 12:11:00.278000+00:00,ETH-17NOV23-2150-C,C,2150,2023-11-17 08:00:00+00:00,6.83333,0.293011,0.393253,0.6084,0.5832,-0.0252,-1.73509,110.236,87.7953,-0.0445171,0.157435,4.25127,-0.00995906,2987.31,0.0671795,0.0979059
2023-11-10,2023-11-10 12:14:42.711000+00:00,ETH-13NOV23-2125-C,C,2125,2023-11-13 08:00:00+00:00,2.83333,0.708437,0.35631,0.6002,0.5281,-0.0721,-1.37265,68.3727,214.634,-0.105918,0.257501,7.95108,-0.0276673,1076.94,0.0995178,0.142746
2023-11-10,2023-11-10 12:20:25.219000+00:00,ETH-17NOV23-2100-C,C,2100,2023-11-17 08:00:00+00:00,6.83333,0.293292,0.472192,0.5786,0.5761,-0.0025,-1.05598,113.369,92.317,-0.0423366,0.0178976,1.87922,-0.00433233,2747.8,-0.0140235,0.0177043
2023-11-10,2023-11-10 12:21:01.468000+00:00,ETH-13NOV23-2050-P,P,2050,2023-11-13 08:00:00+00:00,2.83333,0.709539,0.387138,0.5296,0.4594,-0.0702,-0.997189,70.018,243.247,-0.0934588,0.129417,-5.13296,0.0161852,209.475,0.10661,0.151733
2023-11-10,2023-11-10 12:29:44.424000+00:00,ETH-13NOV23-2075-C,C,2075,2023-11-13 08:00:00+00:00,2.83333,0.711066,0.547578,0.5662,0.493,-0.0732,-1.44342,72.7586,227.523,-0.0999176,0.0146227,-1.39129,0.00485158,72.4908,0.0795579,0.126288
2023-11-17,2023-11-17 11:55:15.279000+00:00,ETH-24NOV23-1950-P,P,1950,2023-11-24 08:00:00+00:00,6.83333,0.292542,0.436102,0.4853,0.478,-0.0073,-0.206219,105.968,110.065,-0.0355098,0.0313219,-1.42288,0.00272254,2016.49,-0.0227551,0.0102798
2023-11-17,2023-11-17 11:54:34.056000+00:00,ETH-24NOV23-2000-C,C,2000,2023-11-24 08:00:00+00:00,6.83333,0.292521,0.416289,0.4931,0.4718,-0.0213,-0.267824,105.006,108.324,-0.0360805,0.119629,4.13438,-0.00796255,4343.96,-0.00792547,0.0245525
2023-11-17,2023-11-17 11:49:02.155000+00:00,ETH-24NOV23-2000-P,P,2000,2023-11-24 08:00:00+00:00,6.83333,0.292357,0.567673,0.4941,0.4872,-0.00689999,-0.499326,106.118,108.105,-0.0361537,0.0822348,3.52324,-0.0068526,844.241,-0.0422872,-0.00866055
2023-11-17,2023-11-17 12:11:59.409000+00:00,ETH-19NOV23-1975-C,C,1975,2023-11-19 08:00:00+00:00,1.83333,0.730591,0.420815,0.4231,0.4003,-0.0228,-0.204471,54.3922,470.553,-0.115391,0.107991,7.64602,-0.024455,870.501,0.0266011,0.0811513
2023-11-17,2023-11-17 11:46:36.314000+00:00,ETH-20NOV23-1950-C,C,1950,2023-11-20 08:00:00+00:00,2.83333,0.703573,0.604876,0.4184,0.3531,-0.0653,-0.279278,66.759,307.896,-0.0738353,0.146108,-6.22577,0.0155942,266.59,-0.0176317,0.0344749
2023-11-17,2023-11-17 12:24:48.965000+00:00,ETH-20NOV23-1975-C,C,1975,2023-11-20 08:00:00+00:00,2.83333,0.710202,0.392341,0.4249,0.3516,-0.0733,0.271523,66.1684,303.186,-0.0749824,0.198464,8.27312,-0.0210108,198.007,0.0843188,0.130272
2023-11-17,2023-11-17 12:27:00.095000+00:00,ETH-20NOV23-1950-P,P,1950,2023-11-20 08:00:00+00:00,2.83333,0.710585,0.459635,0.4264,0.362,-0.0644,0.313103,68.4021,302.119,-0.0752471,0.0150799,-1.69224,0.0044529,203.884,0.0388833,0.0859565
2023-11-17,2023-11-17 11:31:35.549000+00:00,ETH-20NOV23-2000-C,C,2000,2023-11-20 08:00:00+00:00,2.83333,0.701002,0.352319,0.4395,0.3694,-0.0701,-0.434953,64.3837,293.114,-0.0775588,0.362981,10.8269,-0.027454,323.193,0.00624903,0.051506
2023-11-24,2023-11-24 12:00:24.746000+00:00,ETH-1DEC23-2150-C,C,2150,2023-12-01 08:00:00+00:00,6.83333,0.292695,0.383433,0.4833,0.4897,0.00639999,-0.84788,109.893,110.521,-0.0353634,0.222426,5.48324,-0.0101294,15312.7,-0.0139588,0.0172398
2023-11-24,2023-11-24 11:58:17.906000+00:00,ETH-1DEC23-2100-C,C,2100,2023-12-01 08:00:00+00:00,6.83333,0.292632,0.521576,0.4708,0.488,0.0172,-0.874402,114.624,113.455,-0.0344488,-0.00118482,0.160035,-0.000300492,2063.31,0.00282713,0.0345433
2023-11-24,2023-11-24 12:03:40.131000+00:00,ETH-1DEC23-2100-P,P,2100,2023-12-01 08:00:00+00:00,6.83333,0.292792,0.473551,0.4782,0.486,0.00779999,-1.06587,114.63,111.699,-0.0349902,0.000127014,-0.0139917,2.66649e-05,2293.04,-0.0210935,0.0104151
2023-11-24,2023-11-24 11:54:12.950000+00:00,ETH-26NOV23-2100-C,C,2100,2023-11-26 08:00:00+00:00,1.83333,0.725683,0.511018,0.4977,0.2515,-0.2462,-0.735948,59.3733,400.022,-0.135736,-0.000424993,0.217169,-0.00083313,354.965,0.184436,0.232649
2023-11-24,2023-11-24 11:40:36.739000+00:00,ETH-27NOV23-2100-C,C,2100,2023-11-27 08:00:00+00:00,2.83333,0.702544,0.535073,0.4887,0.3954,-0.0933,-0.97491,73.7379,263.605,-0.0862412,0.00812972,-1.04694,0.00316128,294.751,0.0598869,0.106237
2023-11-24,2023-11-24 11:35:57.738000+00:00,ETH-27NOV23-2075-P,P,2075,2023-11-27 08:00:00+00:00,2.83333,0.701748,0.361134,0.4628,0.3664,-0.0964,-1.11196,69.3913,278.357,-0.0816706,0.242995,-7.73949,0.0208504,348.092,0.0668727,0.112616
2023-12-01,2023-12-01 12:00:12.434000+00:00,ETH-8DEC23-2100-C,C,2100,2023-12-08 08:00:00+00:00,6.83333,0.292689,0.508619,0.4638,0.4798,0.016,3.24593,114.53,115.167,-0.0339366,-0.00194978,0.659528,-0.00122146,687.206,-0.0295653,0.00260364
2023-12-01,2023-12-01 12:08:44.638000+00:00,ETH-8DEC23-2150-C,C,2150,2023-12-08 08:00:00+00:00,6.83333,0.292943,0.361735,0.4629,0.4651,0.00219997,3.45126,107.588,115.391,-0.0338707,0.318554,6.58345,-0.0114341,751.653,-0.033677,-0.00178864
2023-12-01,2023-12-01 12:27:18.010000+00:00,ETH-8DEC23-2050-P,P,2050,2023-12-08 08:00:00+00:00,6.83333,0.293497,0.352342,0.4403,0.4767,0.0364,3.7575,106.373,121.314,-0.0322171,0.273684,-5.28375,0.00864946,106.207,-0.0496283,-0.0175758
2023-12-01,2023-12-01 12:29:41.396000+00:00,ETH-8DEC23-2150-P,P,2150,2023-12-08 08:00:00+00:00,6.83333,0.293569,0.644239,0.4743,0.4814,0.00709999,3.7639,106.809,112.618,-0.0347049,0.33783,6.68835,-0.0118358,106.622,-0.024238,0.0108618
2023-12-08,2023-12-08 12:00:30.531000+00:00,ETH-15DEC23-2400-C,C,2400,2023-12-15 08:00:00+00:00,6.83333,0.292698,0.454481,0.5214,0.4872,-0.0342,-0.737752,128.767,102.445,-0.0381512,0.0407201,2.60275,-0.00538495,2705.69,0.0339624,0.0648706
2023-12-08,2023-12-08 12:00:34.826000+00:00,ETH-15DEC23-2350-P,P,2350,2023-12-15 08:00:00+00:00,6.83333,0.2927,0.4276,0.5019,0.4952,-0.00669998,-1.18647,127.449,106.425,-0.0367244,0.0413798,-1.65727,0.00326737,3183.25,-0.0115582,0.0197923
2023-12-08,2023-12-08 12:01:41.126000+00:00,ETH-11DEC23-2375-P,P,2375,2023-12-11 08:00:00+00:00,2.83333,0.706174,0.5204,0.4412,0.346,-0.0952,-1.28015,83.1413,291.984,-0.0778588,0.0104327,2.31554,-0.00632856,1413.1,0.00719128,0.0531739
2023-12-08,2023-12-08 11:58:10.757000+00:00,ETH-10DEC23-2350-C,C,2350,2023-12-10 08:00:00+00:00,1.83333,0.726771,0.604677,0.439,0.3671,-0.0719,-1.2111,64.6424,453.51,-0.119727,0.141813,-7.53514,0.0246238,64.6661,0.128724,0.190649
2023-12-08,2023-12-08 12:05:15.555000+00:00,ETH-11DEC23-2350-P,P,2350,2023-12-11 08:00:00+00:00,2.83333,0.706793,0.419982,0.4349,0.3397,-0.0952,-0.942305,81.5031,296.214,-0.0767471,0.0758881,-4.26751,0.0112798,649.983,0.0853794,0.130438
2023-12-08,2023-12-08 11:50:34.357000+00:00,ETH-15DEC23-2350-C,C,2350,2023-12-15 08:00:00+00:00,6.83333,0.292403,0.581216,0.4961,0.4907,-0.00540001,-1.3562,127.075,107.669,-0.0363,0.056711,-2.02111,0.00392144,1653.49,0.0503916,0.0830951
2023-12-08,2023-12-08 12:13:56.135000+00:00,ETH-10DEC23-2375-C,C,2375,2023-12-10 08:00:00+00:00,1.83333,0.731132,0.450663,0.4448,0.3736,-0.0712,-1.19261,66.3475,447.596,-0.121309,0.0430904,4.92008,-0.0167469,332.761,0.112293,0.159758
2023-12-08,2023-12-08 12:20:21.297000+00:00,ETH-10DEC23-2350-P,P,2350,2023-12-10 08:00:00+00:00,1.83333,0.732924,0.394639,0.4231,0.2674,-0.1557,-1.20719,64.6134,470.553,-0.115391,0.148775,-7.88193,0.0248191,127.712,-0.0208421,0.0372485
2023-12-08,2023-12-08 12:21:29.924000+00:00,ETH-15DEC23-2450-C,C,2450,2023-12-15 08:00:00+00:00,6.83333,0.293324,0.353241,0.5433,0.5083,-0.035,-1.26332,120.834,98.3152,-0.0397537,0.311805,6.05924,-0.0122507,1569.24,0.0333326,0.0646275
2023-12-08,2023-12-08 12:23:58.623000+00:00,ETH-11DEC23-2400-C,C,2400,2023-12-11 08:00:00+00:00,2.83333,0.710055,0.39287,0.463,0.4147,-0.0483,-1.26244,80.357,278.237,-0.0817059,0.182405,7.64155,-0.0211548,320.457,0.00367519,0.0484393
2023-12-08,2023-12-08 12:37:36.704000+00:00,ETH-11DEC23-2375-C,C,2375,2023-12-11 08:00:00+00:00,2.83333,0.71245,0.482884,0.4497,0.3715,-0.0782,-1.23028,83.1975,286.465,-0.0793588,0.00777109,2.07358,-0.00577877,248.603,0.153496,0.194319
2023-12-08,2023-12-08 11:22:02.232000+00:00,ETH-11DEC23-2350-C,C,2350,2023-12-11 08:00:00+00:00,2.83333,0.699375,0.594985,0.4286,0.371,-0.0576,-1.40524,80.9062,300.568,-0.0756353,0.114621,-5.39079,0.0139201,81.3001,0.160953,0.20706
2023-12-15,2023-12-15 12:04:24.258000+00:00,ETH-22DEC23-2250-P,P,2250,2023-12-22 08:00:00+00:00,6.83333,0.292814,0.413917,0.452,0.4631,0.0111,-1.91048,121.34,118.174,-0.0330732,0.0748557,-2.51596,0.004436,607.61,-0.0390647,-0.006592
2023-12-15,2023-12-15 12:05:04.155000+00:00,ETH-22DEC23-2300-C,C,2300,2023-12-22 08:00:00+00:00,6.83333,0.292834,0.444025,0.4512,0.4723,0.0211,-1.76753,123.001,118.384,-0.0330146,0.0631422,3.27939,-0.00585166,2956.73,-0.0181096,0.013652
2023-12-15,2023-12-15 12:10:25.120000+00:00,ETH-18DEC23-2250-P,P,2250,2023-12-18 08:00:00+00:00,2.83333,0.70769,0.399064,0.3861,0.3348,-0.0513,-1.88204,77.1692,333.653,-0.0681353,0.14655,-6.51047,0.0150912,613.44,-0.0418097,0.00566702
2023-12-15,2023-12-15 11:48:32.172000+00:00,ETH-18DEC23-2275-C,C,2275,2023-12-18 08:00:00+00:00,2.83333,0.703905,0.523666,0.4013,0.3861,-0.0152,-2.0878,79.9408,321.016,-0.0708176,0.00355663,-0.679717,0.00168895,238.528,-0.0470794,0.00243159
2023-12-15,2023-12-15 11:36:50.367000+00:00,ETH-17DEC23-2300-C,C,2300,2023-12-17 08:00:00+00:00,1.83333,0.720948,0.35696,0.3796,0.5068,0.1272,-2.24945,60.1442,524.476,-0.103527,0.383479,14.6907,-0.0401812,60.4457,-0.135833,-0.0907828
2023-12-15,2023-12-15 11:36:26.976000+00:00,ETH-17DEC23-2275-C,C,2275,2023-12-17 08:00:00+00:00,1.83333,0.720842,0.513465,0.3925,0.421,0.0285,-1.95871,64.3218,507.238,-0.107045,0.000513583,-0.214499,0.000648829,193.824,-0.130551,-0.0769557
2023-12-15,2023-12-15 12:29:24.867000+00:00,ETH-22DEC23-2250-C,C,2250,2023-12-22 08:00:00+00:00,6.83333,0.29356,0.574664,0.4518,0.469,0.0172,-1.71856,121.843,118.226,-0.0330585,0.0525552,-2.04232,0.00362082,242.685,-0.0112977,0.022164
2023-12-22,2023-12-22 12:00:46.699000+00:00,ETH-29DEC23-2300-C,C,2300,2023-12-29 08:00:00+00:00,6.83333,0.292706,0.573438,0.4946,0.4986,0.00400002,-0.257631,124.684,107.996,-0.0361902,0.0439634,-1.73559,0.00337036,1375.47,-0.0222678,0.0109256
2023-12-22,2023-12-22 11:58:38.377000+00:00,ETH-25DEC23-2300-P,P,2300,2023-12-25 08:00:00+00:00,2.83333,0.705647,0.410217,0.414,0.3671,-0.0469,-0.772692,79.3883,311.168,-0.0730588,0.104485,-5.22383,0.0130732,878.079,-0.0689079,-0.0221246
2023-12-22,2023-12-22 11:57:08.241000+00:00,ETH-25DEC23-2325-C,C,2325,2023-12-25 08:00:00+00:00,2.83333,0.705387,0.476893,0.4376,0.3976,-0.04,-0.322769,81.3414,294.387,-0.0772235,0.0127929,2.50401,-0.00678529,406.889,0.0171798,0.062705
2023-12-22,2023-12-22 11:56:53.801000+00:00,ETH-29DEC23-2350-C,C,2350,2023-12-29 08:00:00+00:00,6.83333,0.292591,0.448216,0.5042,0.5239,0.0197,-0.264687,125.757,105.939,-0.0368927,0.0514376,2.88731,-0.00576545,2868.79,-0.0232646,0.00805736
2023-12-22,2023-12-22 11:56:18.784000+00:00,ETH-24DEC23-2325-C,C,2325,2023-12-24 08:00:00+00:00,1.83333,0.726258,0.472887,0.4508,0.3629,-0.0879,-0.342734,65.4085,441.639,-0.122945,0.0151078,3.131,-0.0108586,192.5,0.0546858,0.108318
2023-12-22,2023-12-22 11:56:09.689000+00:00,ETH-24DEC23-2325-P,P,2325,2023-12-24 08:00:00+00:00,1.83333,0.726217,0.526728,0.4478,0.3813,-0.0665,-0.224391,65.4162,444.598,-0.122127,0.0148171,3.11489,-0.0107315,259.514,0.0310267,0.0882059
2023-12-22,2023-12-22 11:56:04.705000+00:00,ETH-24DEC23-2300-C,C,2300,2023-12-24 08:00:00+00:00,1.83333,0.726194,0.614369,0.4354,0.3587,-0.0767,-0.328402,62.8675,457.26,-0.118745,0.173761,-8.42772,0.0271227,192.045,0.0510925,0.114229
2023-12-22,2023-12-22 11:46:53.560000+00:00,ETH-25DEC23-2300-C,C,2300,2023-12-25 08:00:00+00:00,2.83333,0.703622,0.585809,0.4375,0.3769,-0.0606,-0.617716,79.5647,294.454,-0.0772059,0.0885698,-4.63125,0.0122752,159.926,0.0719421,0.120497
2023-12-22,2023-12-22 11:45:43.858000+00:00,ETH-24DEC23-2300-P,P,2300,2023-12-24 08:00:00+00:00,1.83333,0.723363,0.406302,0.4294,0.3276,-0.1018,-0.298203,63.6488,463.649,-0.117109,0.11466,-6.80835,0.0219157,446.675,0.00963504,0.0692442
2023-12-22,2023-12-22 11:41:39.646000+00:00,ETH-29DEC23-2350-P,P,2350,2023-12-29 08:00:00+00:00,6.83333,0.292138,0.554563,0.5072,0.5405,0.0333,-0.377535,125.563,105.313,-0.0371122,0.0560151,2.97974,-0.00597965,752.124,-0.0444221,-0.0117592
2023-12-29,2023-12-29 12:02:56.564000+00:00,ETH-31DEC23-2375-C,C,2375,2023-12-31 08:00:00+00:00,1.83333,0.728084,0.521468,0.5057,0.6113,0.1056,-3.59854,67.1394,393.694,-0.137918,0.00191456,-0.501873,0.00195421,605.588,-0.0110467,0.0334578
2023-12-29,2023-12-29 11:41:43.274000+00:00,ETH-5JAN24-2400-C,C,2400,2024-01-05 08:00:00+00:00,6.83333,0.29214,0.482244,0.566,0.5794,0.0134,-3.46139,130.033,94.3721,-0.0414146,0.00962717,1.57635,-0.00356004,388.928,0.0210328,0.0520296
2024-01-05,2024-01-05 12:03:55.691000+00:00,ETH-12JAN24-2350-C,C,2350,2024-01-12 08:00:00+00:00,6.83333,0.2928,0.35693,0.7403,0.8033,0.063,-0.285285,114.977,72.1527,-0.0541683,0.231683,4.61904,-0.0127702,810.038,-0.0124845,0.0180562
2024-01-05,2024-01-05 11:41:16.284000+00:00,ETH-12JAN24-2250-P,P,2250,2024-01-12 08:00:00+00:00,6.83333,0.292127,0.480974,0.728,0.8167,0.0887,0.0433647,122.653,73.3717,-0.0532683,-0.00340099,0.521525,-0.00151471,735.954,-0.0170191,0.0137192
2024-01-05,2024-01-05 12:24:26.540000+00:00,ETH-7JAN24-2250-C,C,2250,2024-01-07 08:00:00+00:00,1.83333,0.734069,0.511956,0.6314,0.29,-0.3414,-0.443822,63.6092,315.317,-0.1722,-0.000699771,0.328679,-0.00159954,63.3142,0.353535,0.404872
2024-01-05,2024-01-05 11:35:11.467000+00:00,ETH-8JAN24-2250-C,C,2250,2024-01-08 08:00:00+00:00,2.83333,0.701616,0.502124,0.6222,0.4078,-0.2144,-0.130168,78.9878,207.045,-0.1098,-0.000412866,0.905608,-0.00349502,315.594,0.253794,0.296205
2024-01-05,2024-01-05 12:28:44.793000+00:00,ETH-8JAN24-2275-P,P,2275,2024-01-08 08:00:00+00:00,2.83333,0.710891,0.551411,0.628,0.408,-0.22,-0.178569,78.623,205.133,-0.110824,0.0376527,3.32379,-0.0128407,545.393,0.289365,0.333576
2024-01-05,2024-01-05 11:29:30.656000+00:00,ETH-7JAN24-2275-C,C,2275,2024-01-07 08:00:00+00:00,1.83333,0.718969,0.393768,0.6397,0.363,-0.2767,-0.0594111,61.1775,311.225,-0.174464,0.13431,6.98464,-0.0332084,61.5599,0.276158,0.321011
2024-01-12,2024-01-12 11:58:14.026000+00:00,ETH-14JAN24-2675-C,C,2675,2024-01-14 08:00:00+00:00,1.83333,0.726786,0.422602,0.6059,0.6933,0.0874,-2.50076,73.5158,328.587,-0.165245,0.0768071,5.54855,-0.0254337,1931.88,-0.0791363,-0.0372029
2024-01-12,2024-01-12 11:56:04.780000+00:00,ETH-14JAN24-2650-C,C,2650,2024-01-14 08:00:00+00:00,1.83333,0.726194,0.511439,0.6112,0.6068,-0.00439999,-2.82383,74.9176,325.738,-0.166691,-0.00068713,0.33821,-0.00159333,1640.19,-0.0361669,0.00873588
2024-01-12,2024-01-12 12:05:05.610000+00:00,ETH-19JAN24-2650-C,C,2650,2024-01-19 08:00:00+00:00,6.83333,0.292835,0.538372,0.624,0.5842,-0.0398,-2.98475,144.644,85.6004,-0.0456585,0.0016905,-0.128258,0.000318178,8388.74,-0.0380907,-0.00544031
2024-01-12,2024-01-12 12:07:15.855000+00:00,ETH-14JAN24-2700-C,C,2700,2024-01-14 08:00:00+00:00,1.83333,0.729279,0.379505,0.6259,0.7297,0.1038,-3.32348,71.7873,318.087,-0.1707,0.171601,7.90501,-0.0364039,1817.98,-0.170765,-0.130477
2024-01-12,2024-01-12 11:49:49.674000+00:00,ETH-19JAN24-2700-C,C,2700,2024-01-19 08:00:00+00:00,6.83333,0.292381,0.446314,0.63,0.6043,-0.0257,-2.51548,143.817,84.7851,-0.0460976,0.0474534,2.56721,-0.00640112,2014.07,-0.0465414,-0.0148262
2024-01-12,2024-01-12 11:47:23.749000+00:00,ETH-14JAN24-2625-C,C,2625,2024-01-14 08:00:00+00:00,1.83333,0.723817,0.586218,0.589,0.4803,-0.1087,-2.47796,73.0716,338.015,-0.160636,0.0654003,-4.22825,0.0187519,656.942,-0.161392,-0.108462
2024-01-19,2024-01-19 12:01:13.043000+00:00,ETH-26JAN24-2550-C,C,2550,2024-01-26 08:00:00+00:00,6.83333,0.292719,0.373974,0.463,0.4569,-0.00610001,-0.817943,129.267,115.366,-0.033878,0.266963,6.07212,-0.010664,2700.26,0.0295726,0.0602348
2024-01-19,2024-01-19 11:55:55.287000+00:00,ETH-22JAN24-2475-C,C,2475,2024-01-22 08:00:00+00:00,2.83333,0.705177,0.578956,0.3983,0.4174,0.0191,-0.969275,85.8286,323.433,-0.0702882,0.0821702,-4.67944,0.0113335,431.088,0.0512393,0.0976086
2024-01-19,2024-01-19 11:53:23.809000+00:00,ETH-26JAN24-2500-P,P,2500,2024-01-26 08:00:00+00:00,6.83333,0.292487,0.50197,0.46,0.4912,0.0312,-0.844427,136.15,116.119,-0.0336585,0.000732144,1.07881,-0.00198204,1495.46,-0.029486,0.0018563
2024-01-19,2024-01-19 12:10:03.428000+00:00,ETH-21JAN24-2500-C,C,2500,2024-01-21 08:00:00+00:00,1.83333,0.730054,0.423144,0.3915,0.2706,-0.1209,-0.586572,68.9765,508.534,-0.106773,0.109282,7.97151,-0.0236189,411.488,0.0372285,0.0841859
2024-01-19,2024-01-19 12:10:54.498000+00:00,ETH-21JAN24-2475-C,C,2475,2024-01-21 08:00:00+00:00,1.83333,0.73029,0.565178,0.3974,0.1907,-0.2067,-0.633849,69.3367,500.984,-0.108382,0.0559284,-4.81688,0.0145639,346.171,0.129059,0.183457
2024-01-19,2024-01-19 12:36:03.442000+00:00,ETH-22JAN24-2475-P,P,2475,2024-01-22 08:00:00+00:00,2.83333,0.712176,0.438311,0.3961,0.408,0.0119,-0.824353,86.3714,325.23,-0.0699,0.0468037,-3.43344,0.0083353,85.9818,-0.178274,-0.130001
2024-01-26,2024-01-26 12:01:55.395000+00:00,ETH-29JAN24-2250-P,P,2250,2024-01-29 08:00:00+00:00,2.83333,0.706215,0.485747,0.3668,0.2584,-0.1084,0.657994,79.0847,351.209,-0.0647294,0.000332841,-0.10572,0.000240378,394.474,0.0741057,0.118275
2024-01-26,2024-01-26 12:02:08.274000+00:00,ETH-29JAN24-2225-P,P,2225,2024-01-29 08:00:00+00:00,2.83333,0.706252,0.363524,0.3841,0.2995,-0.0846,0.730237,74.418,335.391,-0.0677824,0.286311,-9.31203,0.0208751,148.331,0.0600871,0.0995898
2024-01-26,2024-01-26 11:55:49.546000+00:00,ETH-28JAN24-2275-C,C,2275,2024-01-28 08:00:00+00:00,1.83333,0.726125,0.383986,0.3708,0.1971,-0.1737,0.389891,61.0819,536.923,-0.101127,0.25607,12.2363,-0.0334941,240.892,0.234159,0.278907
2024-01-26,2024-01-26 12:08:34.211000+00:00,ETH-29JAN24-2275-C,C,2275,2024-01-29 08:00:00+00:00,2.83333,0.707368,0.380412,0.3696,0.2652,-0.1044,0.598563,75.5597,348.549,-0.0652235,0.276903,10.3369,-0.0226273,378.537,0.118064,0.162333
2024-01-26,2024-01-26 11:45:21.500000+00:00,ETH-28JAN24-2250-P,P,2250,2024-01-28 08:00:00+00:00,1.83333,0.723261,0.473915,0.3798,0.2175,-0.1623,0.520435,63.5686,524.199,-0.103582,0.00666475,-1.43485,0.00419317,698.462,0.138343,0.183975
2024-01-26,2024-01-26 11:38:22.142000+00:00,ETH-2FEB24-2250-P,P,2250,2024-02-02 08:00:00+00:00,6.83333,0.292041,0.473249,0.4179,0.3975,-0.0204,0.654279,122.812,127.817,-0.030578,0.00159567,-0.173761,0.000289377,368.432,0.0495556,0.0805755
2024-02-02,2024-02-02 11:58:04.361000+00:00,ETH-4FEB24-2325-C,C,2325,2024-02-04 08:00:00+00:00,1.83333,0.726742,0.442026,0.3025,0.2917,-0.0108,-0.92714,64.8227,658.152,-0.0825,0.0807057,7.80524,-0.0180137,129.693,0.0551515,0.100832
2024-02-02,2024-02-02 12:12:51.128000+00:00,ETH-9FEB24-2350-C,C,2350,2024-02-09 08:00:00+00:00,6.83333,0.293066,0.407644,0.384,0.3432,-0.0408,-0.992799,123.138,139.101,-0.0280976,0.173828,5.44264,-0.00812319,739.591,0.0312872,0.0623434
2024-02-02,2024-02-02 11:46:53.454000+00:00,ETH-4FEB24-2300-C,C,2300,2024-02-04 08:00:00+00:00,1.83333,0.723679,0.62755,0.3186,0.1839,-0.1347,-0.893883,62.1018,624.893,-0.0868909,0.310711,-13.4431,0.0313159,191.053,0.155664,0.212045
2024-02-02,2024-02-02 11:34:41.398000+00:00,ETH-5FEB24-2300-P,P,2300,2024-02-05 08:00:00+00:00,2.83333,0.70153,0.38656,0.3086,0.232,-0.0766,-0.929544,78.1168,417.445,-0.0544588,0.245368,-9.63299,0.0176845,156.693,0.0621536,0.106905
2024-02-02,2024-02-02 11:24:31.840000+00:00,ETH-4FEB24-2300-P,P,2300,2024-02-04 08:00:00+00:00,1.83333,0.717631,0.41328,0.3015,0.1275,-0.174,-0.590538,63.7539,660.335,-0.0822273,0.145549,-9.31636,0.0211395,128.399,0.146816,0.202005
2024-02-02,2024-02-02 11:20:17.005000+00:00,ETH-9FEB24-2300-P,P,2300,2024-02-09 08:00:00+00:00,6.83333,0.291506,0.451159,0.3546,0.3528,-0.0018,-0.687738,125.201,150.633,-0.0259463,0.0257709,-1.53272,0.00215447,125.455,-0.0035558,0.0275071
2024-02-09,2024-02-09 11:59:00.283000+00:00,ETH-12FEB24-2525-C,C,2525,2024-02-12 08:00:00+00:00,2.83333,0.70571,0.404329,0.3909,0.3316,-0.0593,-0.152576,85.4194,329.556,-0.0689824,0.171393,8.03217,-0.0189124,1629.03,0.0689447,0.112702
2024-02-09,2024-02-09 12:01:44.211000+00:00,ETH-11FEB24-2500-C,C,2500,2024-02-11 08:00:00+00:00,1.83333,0.727752,0.512258,0.393,0.2056,-0.1874,0.0273082,70.6842,506.593,-0.107182,0.000224894,-0.103266,0.000312793,1045.63,0.117694,0.173372
2024-02-09,2024-02-09 12:02:03.797000+00:00,ETH-16FEB24-2500-C,C,2500,2024-02-16 08:00:00+00:00,6.83333,0.292744,0.52248,0.4327,0.4272,-0.00549999,-0.0738246,136.464,123.445,-0.031661,-0.000368044,0.0477094,-8.23224e-05,3264.22,-0.0136858,0.0180071
2024-02-09,2024-02-09 11:56:58.545000+00:00,ETH-12FEB24-2500-C,C,2500,2024-02-12 08:00:00+00:00,2.83333,0.70536,0.516495,0.3801,0.3234,-0.0567,-0.0827468,87.8697,338.92,-0.0670765,0.000856693,-0.235085,0.000553779,1391.01,0.0585672,0.103876
2024-02-09,2024-02-09 12:04:20.138000+00:00,ETH-11FEB24-2525-C,C,2525,2024-02-11 08:00:00+00:00,1.83333,0.728469,0.399295,0.4218,0.2676,-0.1542,-0.14094,68.5533,472.003,-0.115036,0.172155,9.52815,-0.0299996,1043.39,0.132558,0.176661
2024-02-09,2024-02-09 12:04:23.450000+00:00,ETH-16FEB24-2550-P,P,2550,2024-02-16 08:00:00+00:00,6.83333,0.292814,0.600314,0.4469,0.471,0.0241,-0.334309,132.447,119.523,-0.0327,0.179232,5.15535,-0.00890977,266.093,-0.0176444,0.0149956
2024-02-09,2024-02-09 11:55:13.126000+00:00,ETH-16FEB24-2550-C,C,2550,2024-02-16 08:00:00+00:00,6.83333,0.292541,0.392398,0.4405,0.4533,0.0128,-0.192719,131.668,121.259,-0.0322317,0.206761,5.53206,-0.00937666,527.986,-0.00357682,0.0273482
2024-02-09,2024-02-09 11:54:58.732000+00:00,ETH-16FEB24-2450-C,C,2450,2024-02-16 08:00:00+00:00,6.83333,0.292534,0.644729,0.4539,0.4045,-0.0494,-0.135419,127.497,117.679,-0.0332122,0.25279,-4.97706,0.00842225,914.098,0.0415753,0.0756577
2024-02-09,2024-02-09 11:54:58.406000+00:00,ETH-16FEB24-2500-P,P,2500,2024-02-16 08:00:00+00:00,6.83333,0.292533,0.482125,0.4209,0.4362,0.0153,0.0352137,136.453,126.906,-0.0307976,-0.00135994,0.221762,-0.000372432,1769,0.00884786,0.0403183
2024-02-09,2024-02-09 11:54:00.810000+00:00,ETH-12FEB24-2500-P,P,2500,2024-02-12 08:00:00+00:00,2.83333,0.704848,0.508338,0.3856,0.3258,-0.0598,0.182391,87.74,334.086,-0.0680471,0.00298243,1.61642,-0.00386527,1211.21,0.126206,0.171026
2024-02-09,2024-02-09 11:52:07.133000+00:00,ETH-16FEB24-2450-P,P,2450,2024-02-16 08:00:00+00:00,6.83333,0.292449,0.362202,0.4279,0.4172,-0.0107,0.0130155,128.073,124.83,-0.0313098,0.24245,-5.02404,0.00806865,1311.43,0.0272446,0.0583606
2024-02-16,2024-02-16 11:54:26.888000+00:00,ETH-23FEB24-2850-C,C,2850,2024-02-23 08:00:00+00:00,6.83333,0.292518,0.473866,0.5193,0.5843,0.065,-1.23751,154.124,102.859,-0.0379976,0.01726,1.92314,-0.00398028,1390.01,-0.0712141,-0.0389765
2024-02-16,2024-02-16 11:51:32.339000+00:00,ETH-23FEB24-2800-C,C,2800,2024-02-23 08:00:00+00:00,6.83333,0.292431,0.576245,0.5167,0.5695,0.0528,-1.27198,151.714,103.376,-0.0378073,0.0452857,-1.72069,0.00348598,603.659,-0.0611061,-0.0274493
2024-02-16,2024-02-16 12:17:38.228000+00:00,ETH-19FEB24-2825-C,C,2825,2024-02-19 08:00:00+00:00,2.83333,0.708947,0.530878,0.4623,0.4414,-0.0209,-1.61989,99.2291,278.658,-0.0815824,0.00613852,-0.900196,0.00257362,296.367,0.0124774,0.0600307
2024-02-16,2024-02-16 12:19:54.457000+00:00,ETH-18FEB24-2850-C,C,2850,2024-02-18 08:00:00+00:00,1.83333,0.732799,0.429796,0.4764,0.475,-0.00139999,-1.54708,78.8253,417.907,-0.129927,0.0775746,6.21568,-0.0224822,236.207,0.0168638,0.0613887
2024-02-16,2024-02-16 12:38:07.465000+00:00,ETH-18FEB24-2875-C,C,2875,2024-02-18 08:00:00+00:00,1.83333,0.737929,0.3928,0.4938,0.5796,0.0858,-2.05148,77.5976,403.181,-0.134673,0.16654,8.70949,-0.0319779,76.9889,-0.0123575,0.0292469
2024-02-23,2024-02-23 11:55:30.952000+00:00,ETH-1MAR24-3000-C,C,3000,2024-03-01 08:00:00+00:00,6.83333,0.29255,0.418139,0.5529,0.6083,0.0554,1.74666,157.357,96.6081,-0.0404561,0.105575,3.73255,-0.00806845,2679.38,-0.0470979,-0.0156629
2024-02-23,2024-02-23 12:06:06.824000+00:00,ETH-25FEB24-2975-P,P,2975,2024-02-25 08:00:00+00:00,1.83333,0.728961,0.621658,0.5157,0.3176,-0.1981,1.78032,79.2278,386.06,-0.140645,0.207602,9.46643,-0.0358843,79.1262,0.219016,0.27521
2024-02-23,2024-02-23 12:06:46.727000+00:00,ETH-25FEB24-2950-P,P,2950,2024-02-25 08:00:00+00:00,1.83333,0.729145,0.52912,0.5071,0.356,-0.1511,1.69111,82.915,392.607,-0.1383,0.0156528,3.02891,-0.0118124,496.198,0.150855,0.200394
2024-02-23,2024-02-23 12:11:56.758000+00:00,ETH-26FEB24-2925-P,P,2925,2024-02-26 08:00:00+00:00,2.83333,0.707955,0.455813,0.4845,0.4339,-0.0506,1.70521,102.572,265.89,-0.0855,0.0156089,-1.59768,0.00477197,102.42,0.0509561,0.0966981
2024-02-23,2024-02-23 12:13:37.515000+00:00,ETH-1MAR24-2950-P,P,2950,2024-03-01 08:00:00+00:00,6.83333,0.293089,0.504566,0.5442,0.5781,0.0339,1.82042,160.436,98.1526,-0.0398195,0.00179627,1.15292,-0.00250581,803.471,-0.0270885,0.00495986
2024-02-23,2024-02-23 11:43:09.300000+00:00,ETH-25FEB24-2925-P,P,2925,2024-02-25 08:00:00+00:00,1.83333,0.722662,0.418062,0.4747,0.4521,-0.0226,1.52962,81.4618,419.404,-0.129464,0.0759192,-5.16487,0.0185034,574.337,0.0973875,0.141888
2024-02-23,2024-02-23 12:23:57.018000+00:00,ETH-26FEB24-2950-P,P,2950,2024-02-26 08:00:00+00:00,2.83333,0.71005,0.525727,0.4902,0.4325,-0.0577,1.6684,103.093,262.798,-0.0865059,0.0140698,2.48683,-0.00754587,819.184,0.0714321,0.115621
2024-03-01,2024-03-01 11:52:59.338000+00:00,ETH-4MAR24-3400-P,P,3400,2024-03-04 08:00:00+00:00,2.83333,0.704671,0.440257,0.5202,0.5033,-0.0169,0.239499,118.855,247.642,-0.0918,0.0302366,-2.2817,0.0072795,834.356,0.0968511,0.139692
2024-03-01,2024-03-01 11:52:59.194000+00:00,ETH-4MAR24-3425-P,P,3425,2024-03-04 08:00:00+00:00,2.83333,0.704671,0.503847,0.5178,0.5023,-0.0155,0.458602,120.201,248.79,-0.0913765,0.00103526,1.21243,-0.0038939,962.214,0.128662,0.172161
2024-03-01,2024-03-01 11:51:58.818000+00:00,ETH-8MAR24-3550-C,C,3550,2024-03-08 08:00:00+00:00,6.83333,0.292445,0.364862,0.6532,0.7038,0.0506,0.145667,176.283,81.7738,-0.0477951,0.230224,4.86764,-0.0119629,176.365,-0.0115545,0.0187126
2024-03-01,2024-03-01 12:10:02.494000+00:00,ETH-3MAR24-3425-P,P,3425,2024-03-03 08:00:00+00:00,1.83333,0.73005,0.489898,0.5385,0.4214,-0.1171,-0.100234,96.8299,369.714,-0.146864,-0.000603265,0.335791,-0.00139389,96.6456,0.23039,0.282381
2024-03-01,2024-03-01 12:13:44.162000+00:00,ETH-3MAR24-3450-C,C,3450,2024-03-03 08:00:00+00:00,1.83333,0.731077,0.432743,0.5395,0.4965,-0.043,-0.100622,95.4752,369.029,-0.147136,0.0648163,5.41621,-0.022213,381.483,0.260761,0.310964
2024-03-01,2024-03-01 12:14:29.050000+00:00,ETH-3MAR24-3425-C,C,3425,2024-03-03 08:00:00+00:00,1.83333,0.731285,0.502961,0.5368,0.4118,-0.125,-0.0325467,96.7927,370.885,-0.1464,-0.000426975,0.802723,-0.00332261,96.5268,0.297161,0.348846
2024-03-01,2024-03-01 11:45:01.536000+00:00,ETH-8MAR24-3450-C,C,3450,2024-03-08 08:00:00+00:00,6.83333,0.292238,0.491215,0.6482,0.6812,0.033,0.469107,187.169,82.4046,-0.0474293,0.00377848,1.24924,-0.00323346,934.532,-0.025068,0.00546451
2024-03-01,2024-03-01 12:15:35.783000+00:00,ETH-4MAR24-3450-C,C,3450,2024-03-04 08:00:00+00:00,2.83333,0.708591,0.454219,0.5406,0.5052,-0.0354,-0.15117,119.677,238.297,-0.0954,0.034441,3.40813,-0.0113532,119.443,0.114686,0.156996
2024-03-01,2024-03-01 12:18:38.610000+00:00,ETH-4MAR24-3475-C,C,3475,2024-03-04 08:00:00+00:00,2.83333,0.709123,0.404808,0.5392,0.5145,-0.0247,-0.328328,117.189,238.916,-0.0951529,0.128227,6.05746,-0.019683,116.902,0.121511,0.163278
2024-03-01,2024-03-01 12:21:22.731000+00:00,ETH-4MAR24-3500-C,C,3500,2024-03-04 08:00:00+00:00,2.83333,0.709601,0.350126,0.54,0.532,-0.00799999,-0.184474,112.089,238.562,-0.0952941,0.306666,9.0679,-0.0282157,111.746,0.0918328,0.134215
2024-03-01,2024-03-01 11:36:09.164000+00:00,ETH-8MAR24-3500-C,C,3500,2024-03-08 08:00:00+00:00,6.83333,0.291975,0.413157,0.6513,0.6885,0.0372,0.496141,182.148,82.0123,-0.0476561,0.104256,3.46653,-0.00880241,913.158,4.36311e-05,0.0299427
2024-03-01,2024-03-01 12:28:00.349000+00:00,ETH-4MAR24-3425-C,C,3425,2024-03-04 08:00:00+00:00,2.83333,0.710761,0.528526,0.5338,0.4899,-0.0439,-0.202674,120.349,241.333,-0.0942,0.00327384,-0.519846,0.00171684,240.657,0.14288,0.186235
2024-03-01,2024-03-01 12:33:21.938000+00:00,ETH-3MAR24-3400-P,P,3400,2024-03-03 08:00:00+00:00,1.83333,0.736582,0.387174,0.5159,0.447,-0.0689,-0.241855,93.2072,385.91,-0.1407,0.137353,-6.79767,0.025965,92.5743,0.149653,0.20561
2024-03-08,2024-03-08 12:00:29.304000+00:00,ETH-10MAR24-3950-C,C,3950,2024-03-10 08:00:00+00:00,1.83333,0.727407,0.537405,0.6267,0.2729,-0.3538,-0.987215,111.545,317.681,-0.170918,0.00741274,-1.11397,0.00535958,780.757,0.112529,0.167347
2024-03-08,2024-03-08 11:57:38.914000+00:00,ETH-15MAR24-4050-C,C,4050,2024-03-15 08:00:00+00:00,6.83333,0.292613,0.449021,0.7572,0.7549,-0.00230003,-0.757662,215.214,70.5423,-0.0554049,0.0392286,2.23703,-0.00671016,2365.16,0.0111754,0.0418682
2024-03-08,2024-03-08 11:57:20.513000+00:00,ETH-11MAR24-3950-C,C,3950,2024-03-11 08:00:00+00:00,2.83333,0.705423,0.533233,0.6027,0.4494,-0.1533,-1.16939,138.775,213.744,-0.106359,0.00419454,-0.570774,0.00212637,832.913,0.178066,0.223414
2024-03-08,2024-03-08 12:04:26.697000+00:00,ETH-15MAR24-3900-C,C,3900,2024-03-15 08:00:00+00:00,6.83333,0.292815,0.59212,0.7404,0.7461,0.0057,-0.889873,211.047,72.1429,-0.0541756,0.0414295,-1.29968,0.00374054,632.988,-0.0288564,0.00494437
2024-03-08,2024-03-08 11:55:26.216000+00:00,ETH-15MAR24-3850-P,P,3850,2024-03-15 08:00:00+00:00,6.83333,0.292547,0.354052,0.7325,0.7329,0.000400009,-1.00231,202.399,72.921,-0.0535976,0.140198,-2.73626,0.00746333,1015.44,0.0484671,0.0797295
2024-03-08,2024-03-08 12:04:38.108000+00:00,ETH-10MAR24-3900-P,P,3900,2024-03-10 08:00:00+00:00,1.83333,0.728552,0.362271,0.5927,0.2514,-0.3413,-0.935154,105.091,335.905,-0.161645,0.18424,-7.38272,0.0317132,104.989,0.0613101,0.119239
2024-03-08,2024-03-08 12:10:53.669000+00:00,ETH-15MAR24-3950-P,P,3950,2024-03-15 08:00:00+00:00,6.83333,0.293007,0.45869,0.7478,0.731,-0.0168,-0.855024,215.614,71.429,-0.0547171,0.000196449,-0.0138406,4.1117e-05,1726.5,-0.000791792,0.0316265
2024-03-08,2024-03-08 12:13:06.493000+00:00,ETH-10MAR24-3975-C,C,3975,2024-03-10 08:00:00+00:00,1.83333,0.730902,0.451629,0.6342,0.3812,-0.253,-0.779689,110.849,313.924,-0.172964,0.031721,3.695,-0.0179377,110.568,0.0460695,0.0965933
2024-03-08,2024-03-08 12:28:55.239000+00:00,ETH-15MAR24-3950-C,C,3950,2024-03-15 08:00:00+00:00,6.83333,0.293546,0.543902,0.7619,0.745,-0.0169,-0.757501,215.61,70.1071,-0.0557488,0.000870108,-0.0576744,0.000174445,430.57,0.0157167,0.0476433
2024-03-08,2024-03-08 11:15:02.118000+00:00,ETH-15MAR24-3900-P,P,3900,2024-03-15 08:00:00+00:00,6.83333,0.291352,0.403005,0.7367,0.7292,-0.0075,-1.0124,210.655,72.5053,-0.0539049,0.0484358,-1.43955,0.00410964,211.153,0.0523162,0.0830939
2024-03-15,2024-03-15 12:00:00.090000+00:00,ETH-17MAR24-3650-P,P,3650,2024-03-17 08:00:00+00:00,1.83333,0.727273,0.414798,0.8241,0.6206,-0.2035,-4.65187,101.938,241.586,-0.224755,0.040953,-2.68491,0.0166711,715.862,-0.12401,-0.0681906
2024-03-15,2024-03-15 12:00:05.933000+00:00,ETH-22MAR24-3600-C,C,3600,2024-03-22 08:00:00+00:00,6.83333,0.292686,0.626506,0.7643,0.8007,0.0364,-3.71328,191.893,69.887,-0.0559244,0.0920338,-2.08495,0.00604194,2685.89,0.00384302,0.0374169
2024-03-15,2024-03-15 12:00:06.994000+00:00,ETH-22MAR24-3650-C,C,3650,2024-03-22 08:00:00+00:00,6.83333,0.292686,0.575967,0.7567,0.738,-0.0187,-4.39356,198.467,70.5889,-0.0553683,0.022293,-0.850422,0.00252351,3969.65,0.100887,0.133405
2024-03-15,2024-03-15 12:00:08.051000+00:00,ETH-22MAR24-3700-C,C,3700,2024-03-22 08:00:00+00:00,6.83333,0.292687,0.523752,0.7466,0.7612,0.0146,-3.79696,201.785,71.5438,-0.0546293,-0.00339768,0.416833,-0.00124078,5031.5,0.025731,0.0575644
2024-03-15,2024-03-15 12:00:45.044000+00:00,ETH-22MAR24-3750-P,P,3750,2024-03-22 08:00:00+00:00,6.83333,0.292705,0.539278,0.7438,0.7758,0.032,-4.27862,200.628,71.8132,-0.0544244,0.026565,1.96892,-0.00582089,1793.61,-0.0963618,-0.0641347
2024-03-15,2024-03-15 12:00:48.782000+00:00,ETH-22MAR24-3750-C,C,3750,2024-03-22 08:00:00+00:00,6.83333,0.292707,0.463856,0.7489,0.7574,0.00849998,-4.61155,200.913,71.3241,-0.0547976,0.0234006,1.88529,-0.00561607,2218.93,0.0652232,0.0965652
2024-03-15,2024-03-15 12:01:14.563000+00:00,ETH-22MAR24-3800-C,C,3800,2024-03-22 08:00:00+00:00,6.83333,0.29272,0.415318,0.7395,0.7649,0.0254,-4.23289,197.383,72.2307,-0.0541098,0.0911138,3.11366,-0.00898865,2375.2,0.031978,0.0631382
2024-03-15,2024-03-15 12:01:48.091000+00:00,ETH-22MAR24-3800-P,P,3800,2024-03-22 08:00:00+00:00,6.83333,0.292737,0.582582,0.7519,0.7643,0.0124,-4.91959,197.612,71.0395,-0.0550171,0.0863272,3.02639,-0.00889334,594.833,-0.17673,-0.143873
2024-03-15,2024-03-15 11:57:52.896000+00:00,ETH-18MAR24-3700-C,C,3700,2024-03-18 08:00:00+00:00,2.83333,0.705516,0.512307,0.7321,0.7442,0.0121,-3.9606,129.978,175.964,-0.129194,-0.00141805,0.521774,-0.00236827,388.621,0.0732825,0.119101
2024-03-15,2024-03-15 11:57:43.484000+00:00,ETH-17MAR24-3625-C,C,3625,2024-03-17 08:00:00+00:00,1.83333,0.726646,0.626286,0.8497,0.7696,-0.0801,-4.04568,99.0364,234.307,-0.231736,0.0993034,-4.34949,0.0270571,99.0827,0.186763,0.247217
2024-03-15,2024-03-15 12:07:28.088000+00:00,ETH-22MAR24-3850-C,C,3850,2024-03-22 08:00:00+00:00,6.83333,0.292905,0.355842,0.7337,0.7731,0.0393999,-4.31159,188.197,72.8017,-0.0536854,0.236547,4.67984,-0.0128095,378.162,-0.00187013,0.0302106
2024-03-15,2024-03-15 11:50:57.543000+00:00,ETH-17MAR24-3725-C,C,3725,2024-03-17 08:00:00+00:00,1.83333,0.724791,0.422312,0.7962,1.0728,0.2766,-4.38585,102.007,250.051,-0.217145,0.0623736,4.48078,-0.0269843,928.978,0.120578,0.167658
2024-03-15,2024-03-15 11:47:46.219000+00:00,ETH-17MAR24-3625-P,P,3625,2024-03-17 08:00:00+00:00,1.83333,0.723919,0.386956,0.809,1.0302,0.2212,-5.21092,99.8067,246.095,-0.220636,0.0819827,-4.01946,0.0240572,303.292,-0.544331,-0.48589
2024-03-15,2024-03-15 11:27:40.865000+00:00,ETH-17MAR24-3700-C,C,3700,2024-03-17 08:00:00+00:00,1.83333,0.718477,0.392528,0.828,0.9521,0.1241,-3.24238,98.9562,240.448,-0.225818,0.110647,5.68218,-0.0349353,199.608,0.0664989,0.117157
2024-03-15,2024-03-15 12:32:19.418000+00:00,ETH-17MAR24-3675-C,C,3675,2024-03-17 08:00:00+00:00,1.83333,0.736288,0.562607,0.8025,0.8922,0.0897,-4.72596,103.387,248.088,-0.218864,0.0195761,-1.75978,0.0107564,102.742,0.0766135,0.1323
2024-03-15,2024-03-15 12:32:56.643000+00:00,ETH-17MAR24-3650-C,C,3650,2024-03-17 08:00:00+00:00,1.83333,0.736463,0.608963,0.793,0.7727,-0.0203001,-4.34994,100.753,251.06,-0.216273,0.0760228,-3.89731,0.0229457,511.475,0.0761396,0.134987
2024-03-15,2024-03-15 11:23:58.278000+00:00,ETH-17MAR24-3600-P,P,3600,2024-03-17 08:00:00+00:00,1.83333,0.717481,0.430755,0.8383,0.8671,0.0288,-3.27851,101.105,237.494,-0.228627,0.0242102,-1.94944,0.0124095,101.807,-0.315299,-0.255257
2024-03-15,2024-03-15 11:23:58.138000+00:00,ETH-18MAR24-3600-P,P,3600,2024-03-18 08:00:00+00:00,2.83333,0.699703,0.433272,0.7886,0.7201,-0.0685,-2.97929,125.918,163.357,-0.139165,0.0211523,-1.42494,0.00687184,126.482,-0.133907,-0.0863903
2024-03-22,2024-03-22 12:00:11.549000+00:00,ETH-29MAR24-3500-C,C,3500,2024-03-29 08:00:00+00:00,6.83333,0.292689,0.410668,0.6812,0.7234,0.0421999,-1.43406,181.571,78.4126,-0.0498439,0.105762,3.42285,-0.00907833,914.3,-0.0572565,-0.0256321
2024-03-22,2024-03-22 12:03:13.773000+00:00,ETH-29MAR24-3450-C,C,3450,2024-03-29 08:00:00+00:00,6.83333,0.292779,0.458597,0.7167,0.7356,0.0189,-1.69982,184.518,74.5286,-0.0524415,0.0292938,2.05988,-0.00586477,744.446,-0.0232256,0.00865942
2024-03-22,2024-03-22 11:56:16.340000+00:00,ETH-29MAR24-3400-C,C,3400,2024-03-29 08:00:00+00:00,6.83333,0.292572,0.527591,0.711,0.7519,0.0409,-2.09245,185.519,75.1261,-0.0520244,-0.00273266,0.288561,-0.000817495,927.145,-0.0195172,0.0131136
2024-03-22,2024-03-22 12:03:49.227000+00:00,ETH-29MAR24-3400-P,P,3400,2024-03-29 08:00:00+00:00,6.83333,0.292797,0.484323,0.7179,0.7576,0.0397,-1.80513,185.27,74.404,-0.0525293,-0.00322634,0.599735,-0.00171832,1297.45,-0.0349557,-0.00295515
2024-03-22,2024-03-22 11:55:54.305000+00:00,ETH-24MAR24-3350-P,P,3350,2024-03-24 08:00:00+00:00,1.83333,0.726146,0.360804,0.686,0.4712,-0.2148,-2.08503,90.3315,290.22,-0.187091,0.160046,-6.33364,0.0314402,90.4092,0.152977,0.213942
2024-03-22,2024-03-22 11:55:54.021000+00:00,ETH-25MAR24-3375-P,P,3375,2024-03-25 08:00:00+00:00,2.83333,0.705174,0.427924,0.6724,0.6236,-0.0488,-1.86198,117.741,191.588,-0.118659,0.0331022,-2.06748,0.00848172,235.603,0.0746203,0.121303
2024-03-22,2024-03-22 12:04:36.799000+00:00,ETH-24MAR24-3450-C,C,3450,2024-03-24 08:00:00+00:00,1.83333,0.728546,0.372633,0.6313,0.5875,-0.0438,-1.55645,91.1145,315.367,-0.172173,0.189868,8.25423,-0.0381198,283.311,-0.0039892,0.0433952
2024-03-22,2024-03-22 12:11:11.467000+00:00,ETH-24MAR24-3450-P,P,3450,2024-03-24 08:00:00+00:00,1.83333,0.730369,0.557991,0.6745,0.4542,-0.2203,-1.77427,95.7397,295.168,-0.183955,0.0416823,4.04306,-0.020807,95.5309,0.236795,0.294368
2024-03-22,2024-03-22 11:26:56.858000+00:00,ETH-24MAR24-3475-C,C,3475,2024-03-24 08:00:00+00:00,1.83333,0.71828,0.390309,0.6002,0.6335,0.0333,-2.32746,93.2559,331.708,-0.163691,0.150989,7.59466,-0.0337932,93.8905,-0.0509035,-0.00606587
2024-03-29,2024-03-29 11:39:32.709000+00:00,ETH-31MAR24-3525-C,C,3525,2024-03-31 08:00:00+00:00,1.83333,0.721681,0.613263,0.5243,0.3329,-0.1914,-1.44951,96.559,379.727,-0.142991,0.138615,-6.77228,0.0262613,96.9594,0.146321,0.208915
2024-03-29,2024-03-29 12:25:32.207000+00:00,ETH-31MAR24-3525-P,P,3525,2024-03-31 08:00:00+00:00,1.83333,0.734376,0.409713,0.4994,0.3582,-0.1412,-0.907934,97.8458,398.66,-0.1362,0.0873865,-5.42347,0.0203524,291.202,0.18004,0.236789
2024-03-29,2024-03-29 11:34:23.342000+00:00,ETH-31MAR24-3600-C,C,3600,2024-03-31 08:00:00+00:00,1.83333,0.720285,0.407812,0.5321,0.4791,-0.053,-1.72325,98.0839,374.161,-0.145118,0.119954,7.21805,-0.0288128,98.5888,0.0719234,0.117383
2024-03-29,2024-03-29 12:27:43.444000+00:00,ETH-1APR24-3500-P,P,3500,2024-04-01 08:00:00+00:00,2.83333,0.710712,0.369162,0.5328,0.4435,-0.0893,-1.12994,118.086,241.786,-0.0940235,0.178896,-6.0958,0.0190584,588.362,0.0960793,0.140529
2024-03-29,2024-03-29 11:24:30.907000+00:00,ETH-31MAR24-3550-C,C,3550,2024-03-31 08:00:00+00:00,1.83333,0.717627,0.553139,0.5316,0.2634,-0.2682,-1.59214,99.9052,374.513,-0.144982,0.0243833,-2.56298,0.0104119,100.583,0.192048,0.241049
2024-04-05,2024-04-05 12:01:50.480000+00:00,ETH-7APR24-3200-P,P,3200,2024-04-07 08:00:00+00:00,1.83333,0.72778,0.368195,0.5915,0.7818,0.1903,4.26987,86.6336,336.586,-0.161318,0.167621,-7.02789,0.03029,176.222,-0.19008,-0.148472
2024-04-05,2024-04-05 12:02:44.980000+00:00,ETH-8APR24-3200-P,P,3200,2024-04-08 08:00:00+00:00,2.83333,0.706358,0.373081,0.5754,0.5527,-0.0227,3.35181,108.365,223.885,-0.101541,0.153491,-5.38341,0.0182335,662.757,-0.140977,-0.101751
2024-04-05,2024-04-05 12:03:03.439000+00:00,ETH-12APR24-3350-P,P,3350,2024-04-12 08:00:00+00:00,6.83333,0.292774,0.608244,0.6907,0.6396,-0.0511,4.26657,170.815,77.3341,-0.050539,0.146827,3.90658,-0.0103781,170.786,0.0422263,0.0757134
2024-04-05,2024-04-05 12:05:06.136000+00:00,ETH-7APR24-3250-C,C,3250,2024-04-07 08:00:00+00:00,1.83333,0.728681,0.437646,0.5816,0.6595,0.0779,4.09139,90.1068,342.316,-0.158618,0.0533554,4.80283,-0.0212765,273.041,-0.0559352,-0.00231979
2024-04-05,2024-04-05 12:05:13+00:00,ETH-12APR24-3150-P,P,3150,2024-04-12 08:00:00+00:00,6.83333,0.292838,0.377366,0.708,0.6761,-0.0319,3.82895,168,75.4444,-0.0518049,0.0950622,-2.22432,0.00599049,1675.56,0.0490687,0.079588
2024-04-05,2024-04-05 12:10:04.615000+00:00,ETH-8APR24-3250-P,P,3250,2024-04-08 08:00:00+00:00,2.83333,0.70763,0.511665,0.544,0.501,-0.043,3.97284,113.895,236.808,-0.096,0.00412978,1.60814,-0.00542403,227.574,0.050938,0.0921169
2024-04-05,2024-04-05 12:13:54.593000+00:00,ETH-8APR24-3225-P,P,3225,2024-04-08 08:00:00+00:00,2.83333,0.708297,0.449064,0.5688,0.4986,-0.0702,3.90075,113.013,226.483,-0.100376,0.0174884,-1.55203,0.00543115,338.002,0.050077,0.0876229
2024-04-05,2024-04-05 11:43:25.745000+00:00,ETH-8APR24-3275-P,P,3275,2024-04-08 08:00:00+00:00,2.83333,0.703027,0.501365,0.5341,0.4892,-0.0449,3.2029,114.966,241.197,-0.0942529,0.000333838,1.07491,-0.00356104,115.199,0.0830615,0.126375
2024-04-12,2024-04-12 11:51:49.956000+00:00,ETH-19APR24-3500-P,P,3500,2024-04-19 08:00:00+00:00,6.83333,0.29244,0.428942,0.6046,0.9357,0.3311,-14.5779,190.165,88.3471,-0.044239,0.0285523,-1.16509,0.00276871,952.323,-0.36401,-0.330345
2024-04-12,2024-04-12 11:46:17.439000+00:00,ETH-15APR24-3550-C,C,3550,2024-04-15 08:00:00+00:00,2.83333,0.703518,0.484102,0.4845,1.1184,0.6339,-14.0129,124.353,265.89,-0.0855,0.0068263,1.93703,-0.00581656,1694.1,-0.406434,-0.370163
2024-04-12,2024-04-12 12:39:50.163000+00:00,ETH-19APR24-3400-P,P,3400,2024-04-19 08:00:00+00:00,6.83333,0.293873,0.3502,0.6217,0.9211,0.2994,-13.6053,177.473,85.9171,-0.0454902,0.18483,-3.51622,0.00811009,177.072,-0.514556,-0.479831
2024-04-19,2024-04-19 12:09:36.605000+00:00,ETH-26APR24-3100-P,P,3100,2024-04-26 08:00:00+00:00,6.83333,0.292969,0.471422,0.7348,0.7544,0.0196,1.45703,169.146,72.6927,-0.0537659,-0.00281358,0.286756,-0.000839427,1690.39,-0.0272872,0.00440952
2024-04-19,2024-04-19 11:49:58.630000+00:00,ETH-21APR24-3150-C,C,3150,2024-04-21 08:00:00+00:00,1.83333,0.724522,0.390975,0.6804,0.4334,-0.247,1.64547,84.464,292.609,-0.185564,0.132752,6.75255,-0.0340907,84.6386,0.254818,0.308663
2024-04-19,2024-04-19 11:49:11.973000+00:00,ETH-26APR24-3100-C,C,3100,2024-04-26 08:00:00+00:00,6.83333,0.292362,0.529551,0.7262,0.7617,0.0355,1.75497,169.162,73.5536,-0.0531366,-0.00257596,0.253974,-0.000734631,338.618,-0.0388706,-0.00713339
2024-04-19,2024-04-19 12:11:43.967000+00:00,ETH-26APR24-3200-C,C,3200,2024-04-26 08:00:00+00:00,6.83333,0.293032,0.394561,0.7127,0.731,0.0183,1.9364,163.433,74.9469,-0.0521488,0.136767,3.74041,-0.0102739,828.782,-0.0522276,-0.0206526
2024-04-19,2024-04-19 11:43:27.248000+00:00,ETH-26APR24-3200-P,P,3200,2024-04-26 08:00:00+00:00,6.83333,0.292192,0.576608,0.7483,0.7279,-0.0204,1.34638,167.195,71.3813,-0.0547537,0.0764931,2.8896,-0.00847623,333.417,0.0776719,0.110351
2024-04-26,2024-04-26 11:57:05.824000+00:00,ETH-28APR24-3125-P,P,3125,2024-04-28 08:00:00+00:00,1.83333,0.726474,0.476564,0.4616,0.7107,0.2491,3.92656,88.3256,431.306,-0.125891,0.00332151,-0.797146,0.00283248,88.3742,-0.138798,-0.0917387
2024-04-26,2024-04-26 12:03:42.917000+00:00,ETH-3MAY24-3100-P,P,3100,2024-05-03 08:00:00+00:00,6.83333,0.292793,0.427717,0.5583,0.658,0.0997,3.88515,168.272,95.6737,-0.0408512,0.0345147,-1.38472,0.00303696,670.085,-0.0992616,-0.0673581
2024-04-26,2024-04-26 12:10:50.296000+00:00,ETH-29APR24-3100-P,P,3100,2024-04-29 08:00:00+00:00,2.83333,0.707762,0.372524,0.4913,0.6105,0.1192,3.55827,104.729,262.209,-0.0867,0.186111,-6.50358,0.0188008,318.666,-0.104594,-0.0602494
2024-04-26,2024-04-26 12:12:39.106000+00:00,ETH-29APR24-3125-P,P,3125,2024-04-29 08:00:00+00:00,2.83333,0.708078,0.439445,0.4682,0.5769,0.1087,3.60264,109.166,275.146,-0.0826235,0.036069,-2.68971,0.00772132,438.084,-0.135508,-0.088587
2024-04-26,2024-04-26 12:19:03.094000+00:00,ETH-3MAY24-3150-C,C,3150,2024-05-03 08:00:00+00:00,6.83333,0.293251,0.502713,0.5391,0.6363,0.0972,3.65834,171.561,99.0811,-0.0394463,-0.000851884,0.906933,-0.00195277,342.79,-0.0915638,-0.0586474
2024-04-26,2024-04-26 11:38:17.995000+00:00,ETH-29APR24-3150-P,P,3150,2024-04-29 08:00:00+00:00,2.83333,0.702148,0.552588,0.4648,0.554,0.0892,3.942,109.063,277.159,-0.0820235,0.049552,4.23949,-0.0121155,329.298,-0.151073,-0.10136
2024-05-03,2024-05-03 12:00:23.472000+00:00,ETH-10MAY24-3000-P,P,3000,2024-05-10 08:00:00+00:00,6.83333,0.292695,0.520264,0.529,0.6491,0.1201,4.75822,162.52,100.973,-0.0387073,0.0118337,1.70203,-0.00359154,3900.69,-0.152557,-0.118747
2024-05-03,2024-05-03 11:58:07.783000+00:00,ETH-10MAY24-2950-P,P,2950,2024-05-10 08:00:00+00:00,6.83333,0.292627,0.423723,0.5465,0.6991,0.1526,3.95935,159.918,97.7395,-0.0399878,0.0414047,-1.57289,0.0033703,954.832,-0.188028,-0.15589
2024-05-03,2024-05-03 11:45:09.459000+00:00,ETH-10MAY24-2900-P,P,2900,2024-05-10 08:00:00+00:00,6.83333,0.292242,0.358229,0.5835,0.7149,0.1314,4.25687,152.061,91.5418,-0.0426951,0.176612,-3.55184,0.00774878,911.769,-0.152639,-0.120756
2024-05-03,2024-05-03 12:30:49.057000+00:00,ETH-5MAY24-3000-P,P,3000,2024-05-05 08:00:00+00:00,1.83333,0.735863,0.497086,0.4415,0.6471,0.2056,3.96257,84.7973,450.942,-0.120409,-0.000402111,0.762052,-0.00259428,251.786,-0.0289029,0.0117808
2024-05-03,2024-05-03 12:38:23.857000+00:00,ETH-10MAY24-3100-P,P,3100,2024-05-10 08:00:00+00:00,6.83333,0.29383,0.611156,0.5068,0.6361,0.1293,2.90433,159.107,105.396,-0.0370829,0.195057,5.0616,-0.00984728,158.766,-0.186537,-0.15178
2024-05-10,2024-05-10 11:56:09.551000+00:00,ETH-12MAY24-3025-C,C,3025,2024-05-12 08:00:00+00:00,1.83333,0.726216,0.556938,0.422,0.591,0.169,-4.14784,84.9803,471.779,-0.115091,0.0385006,-3.79113,0.0122106,85.0431,-0.370336,-0.325313
2024-05-10,2024-05-10 12:22:33.262000+00:00,ETH-12MAY24-3050-C,C,3050,2024-05-12 08:00:00+00:00,1.83333,0.73354,0.43924,0.4162,0.6955,0.2793,-4.1568,84.8246,478.354,-0.113509,0.0663776,6.15703,-0.0195327,84.4515,-0.25595,-0.215699
2024-05-17,2024-05-17 11:42:17.671000+00:00,ETH-24MAY24-3000-P,P,3000,2024-05-24 08:00:00+00:00,6.83333,0.292157,0.41808,0.4954,0.5698,0.0744,3.10991,162.18,107.821,-0.0362488,0.0581232,-2.05282,0.00397582,974.937,-0.0674697,-0.0354363
2024-05-17,2024-05-17 11:35:02.368000+00:00,ETH-19MAY24-3050-C,C,3050,2024-05-19 08:00:00+00:00,1.83333,0.720461,0.429294,0.4301,0.4447,0.0146,3.04919,84.3608,462.894,-0.1173,0.0873241,6.87745,-0.022446,84.7736,-0.120652,-0.0638461
2024-05-17,2024-05-17 12:32:22.559000+00:00,ETH-24MAY24-3100-C,C,3100,2024-05-24 08:00:00+00:00,6.83333,0.293649,0.417178,0.5009,0.5528,0.0519,2.50228,162.838,106.637,-0.0366512,0.115472,4.04452,-0.00791738,162.555,-0.0625623,-0.0312023
2024-05-17,2024-05-17 12:37:27.137000+00:00,ETH-20MAY24-3050-P,P,3050,2024-05-20 08:00:00+00:00,2.83333,0.712422,0.474468,0.4409,0.3902,-0.0507,2.22198,107.171,292.183,-0.0778059,0.00363655,-0.645661,0.00176215,426.606,0.0354521,0.0778569
2024-05-24,2024-05-24 12:01:46.646000+00:00,ETH-31MAY24-3800-C,C,3800,2024-05-31 08:00:00+00:00,6.83333,0.292736,0.413435,0.6199,0.5599,-0.06,1.11358,198.089,86.1665,-0.0453585,0.107072,3.57832,-0.00865034,1779.38,0.0910252,0.121613
2024-05-24,2024-05-24 11:37:42.864000+00:00,ETH-26MAY24-3750-C,C,3750,2024-05-26 08:00:00+00:00,1.83333,0.721185,0.362544,0.5172,0.2219,-0.2953,1.33469,98.2641,384.94,-0.141055,0.266381,10.6386,-0.0398612,98.7349,0.395097,0.443791
2024-05-24,2024-05-24 12:27:48.333000+00:00,ETH-31MAY24-3700-P,P,3700,2024-05-31 08:00:00+00:00,6.83333,0.293512,0.459102,0.5873,0.5378,-0.0495,0.987158,201.917,90.9495,-0.0429732,0.00389929,-0.277585,0.000647716,201.631,0.0406067,0.0717398
2024-05-31,2024-05-31 12:01:48.373000+00:00,ETH-2JUN24-3825-C,C,3825,2024-06-02 08:00:00+00:00,1.83333,0.727771,0.445103,0.5145,0.3253,-0.1892,0.351724,106.514,386.96,-0.140318,0.0467854,4.78417,-0.0188005,748.698,0.160689,0.214697
2024-05-31,2024-05-31 12:02:48.163000+00:00,ETH-7JUN24-3800-C,C,3800,2024-06-07 08:00:00+00:00,6.83333,0.292766,0.53322,0.551,0.5944,0.0434,0.386373,207.42,96.9413,-0.0403171,0.00120664,-0.105783,0.000231994,1244.31,-0.058016,-0.0260574
2024-05-31,2024-05-31 12:03:28.813000+00:00,ETH-2JUN24-3800-C,C,3800,2024-06-02 08:00:00+00:00,1.83333,0.728233,0.524245,0.5194,0.3597,-0.1597,0.185477,107.41,383.309,-0.141655,0.00280728,-0.651546,0.0026047,963.712,0.181654,0.237598
2024-05-31,2024-05-31 12:17:55.965000+00:00,ETH-3JUN24-3800-P,P,3800,2024-06-03 08:00:00+00:00,2.83333,0.708999,0.459405,0.475,0.4218,-0.0532,0.0836696,133.326,271.207,-0.0838235,0.0128481,-1.43249,0.00419873,133.031,0.0100753,0.0561871
2024-05-31,2024-05-31 11:36:30.073000+00:00,ETH-2JUN24-3800-P,P,3800,2024-06-02 08:00:00+00:00,1.83333,0.720856,0.467581,0.4973,0.2913,-0.206,0.15123,107.325,400.344,-0.135627,0.00759535,-1.31404,0.00502223,314.231,0.212899,0.266391
2024-05-31,2024-05-31 12:30:10.884000+00:00,ETH-7JUN24-3950-C,C,3950,2024-06-07 08:00:00+00:00,6.83333,0.293583,0.382223,0.5988,0.6122,0.0134,-0.365125,200.52,89.2028,-0.0438146,0.190281,4.65013,-0.0106351,802.95,-0.0165366,0.0142492
2024-05-31,2024-05-31 12:30:16.753000+00:00,ETH-3JUN24-3900-C,C,3900,2024-06-03 08:00:00+00:00,2.83333,0.71116,0.376604,0.5213,0.4748,-0.0465,-0.676801,128.526,247.12,-0.0919941,0.215602,7.81638,-0.0240655,255.126,0.0499237,0.0923224
2024-06-07,2024-06-07 11:59:58.433000+00:00,ETH-14JUN24-3750-P,P,3750,2024-06-14 08:00:00+00:00,6.83333,0.292682,0.358302,0.5618,0.4903,-0.0715,-4.01161,196.487,95.0777,-0.0411073,0.184883,-3.72235,0.00781993,1390.5,0.0614033,0.092989
2024-06-07,2024-06-07 11:59:55.779000+00:00,ETH-14JUN24-3850-C,C,3850,2024-06-14 08:00:00+00:00,6.83333,0.292681,0.508754,0.5763,0.5388,-0.0375,-3.99986,209.815,92.6855,-0.0421683,-0.002167,0.7217,-0.0016608,7482.33,0.0105441,0.0419474
2024-06-07,2024-06-07 11:58:56.370000+00:00,ETH-14JUN24-3800-P,P,3800,2024-06-14 08:00:00+00:00,6.83333,0.292651,0.425689,0.5632,0.5295,-0.0337,-3.96895,206.168,94.8413,-0.0412098,0.0366967,-1.43141,0.00316389,4329,0.0268888,0.0582108
2024-06-07,2024-06-07 12:02:00.091000+00:00,ETH-10JUN24-3850-C,C,3850,2024-06-10 08:00:00+00:00,2.83333,0.706229,0.488571,0.4754,0.4117,-0.0637,-4.11665,134.987,270.979,-0.0838941,0.00424749,1.68363,-0.00496264,528.735,-0.0899197,-0.0530814
2024-06-07,2024-06-07 11:30:53.755000+00:00,ETH-14JUN24-3800-C,C,3800,2024-06-14 08:00:00+00:00,6.83333,0.29182,0.546893,0.5246,0.5509,0.0263,-3.69964,207.206,101.82,-0.0383854,0.0103602,-0.642311,0.00133651,2068.49,-0.031047,0.000863809
2024-06-07,2024-06-07 12:34:01.759000+00:00,ETH-10JUN24-3775-P,P,3775,2024-06-10 08:00:00+00:00,2.83333,0.711819,0.4453,0.4458,0.2686,-0.1772,-2.849,132.054,288.972,-0.0786706,0.0301017,-2.49141,0.00682475,394.977,0.0145598,0.0577788
2024-06-07,2024-06-07 12:42:30.881000+00:00,ETH-14JUN24-3750-C,C,3750,2024-06-14 08:00:00+00:00,6.83333,0.293953,0.569716,0.5459,0.5371,-0.00880001,-2.59647,203.661,97.8469,-0.0399439,0.0323736,-1.34869,0.00289574,203.213,-0.0418908,-0.00986973
2024-06-07,2024-06-07 12:44:01.952000+00:00,ETH-10JUN24-3825-C,C,3825,2024-06-10 08:00:00+00:00,2.83333,0.713584,0.416222,0.4573,0.3594,-0.0979,-3.03684,130.292,281.705,-0.0807,0.115146,6.21726,-0.01725,129.55,-0.0577344,-0.0234015
2024-06-14,2024-06-14 12:00:11.995000+00:00,ETH-21JUN24-3550-C,C,3550,2024-06-21 08:00:00+00:00,6.83333,0.292689,0.46214,0.4655,0.5351,0.0696,1.44548,191.354,114.747,-0.034061,0.032409,2.49219,-0.00461272,382.714,-0.104492,-0.0713983
2024-06-14,2024-06-14 12:00:15.236000+00:00,ETH-21JUN24-3600-C,C,3600,2024-06-21 08:00:00+00:00,6.83333,0.29269,0.377257,0.4663,0.5397,0.0734,1.43878,183.064,114.55,-0.0341195,0.252465,5.90091,-0.0104658,4784.33,-0.106903,-0.0741554
2024-06-14,2024-06-14 11:57:45.281000+00:00,ETH-21JUN24-3450-P,P,3450,2024-06-21 08:00:00+00:00,6.83333,0.292616,0.36609,0.4751,0.5412,0.0661,1.5003,181.22,112.428,-0.0347634,0.19973,-4.265,0.00763282,181.243,-0.101071,-0.0671836
2024-06-14,2024-06-14 12:10:23.712000+00:00,ETH-21JUN24-3550-P,P,3550,2024-06-21 08:00:00+00:00,6.83333,0.292992,0.535402,0.4698,0.5376,0.0678,1.26469,191.523,113.697,-0.0343756,0.0289226,2.38106,-0.00445031,382.648,-0.132268,-0.0980795
2024-06-14,2024-06-14 12:15:03.203000+00:00,ETH-16JUN24-3500-P,P,3500,2024-06-16 08:00:00+00:00,1.83333,0.731443,0.416007,0.4127,0.4532,0.0405,1.21659,97.3267,482.411,-0.112555,0.093493,-6.23439,0.0194008,97.0381,-0.239834,-0.181905
2024-06-14,2024-06-14 11:18:18.528000+00:00,ETH-21JUN24-3600-P,P,3600,2024-06-21 08:00:00+00:00,6.83333,0.291448,0.626816,0.4789,0.5395,0.0606,1.59825,182.134,111.536,-0.0350415,0.263915,5.94849,-0.0107954,182.568,-0.155751,-0.117976
2024-06-21,2024-06-21 11:59:57.598000+00:00,ETH-28JUN24-3600-C,C,3600,2024-06-28 08:00:00+00:00,6.83333,0.292682,0.385517,0.5767,0.537,-0.0397,-0.0966984,183.513,92.6212,-0.0421976,0.18668,4.68814,-0.0103509,5837.8,0.0518557,0.0822608
2024-06-21,2024-06-21 11:59:05.619000+00:00,ETH-28JUN24-3600-P,P,3600,2024-06-28 08:00:00+00:00,6.83333,0.292656,0.615863,0.567,0.5404,-0.0266,-0.149806,183.356,94.2057,-0.0414878,0.193437,4.79801,-0.0104042,907.352,0.0492204,0.0820346
2024-06-21,2024-06-21 11:47:52.995000+00:00,ETH-24JUN24-3500-P,P,3500,2024-06-24 08:00:00+00:00,2.83333,0.703792,0.492864,0.4955,0.3729,-0.1226,0.278882,122.98,259.987,-0.0874412,-0.000929644,0.59113,-0.00181653,123.163,0.218306,0.261352
2024-06-21,2024-06-21 12:14:22.943000+00:00,ETH-24JUN24-3475-P,P,3475,2024-06-24 08:00:00+00:00,2.83333,0.708379,0.448059,0.4949,0.3592,-0.1357,0.0918177,121.683,260.302,-0.0873353,0.0228759,-1.99091,0.00605984,242.858,0.130001,0.173046
2024-06-21,2024-06-21 12:19:10.493000+00:00,ETH-23JUN24-3450-P,P,3450,2024-06-23 08:00:00+00:00,1.83333,0.732594,0.391233,0.5091,0.3273,-0.1818,0.416486,94.7947,391.064,-0.138845,0.129292,-6.62822,0.0250532,189.525,0.148091,0.192264
2024-06-21,2024-06-21 12:19:10.918000+00:00,ETH-24JUN24-3500-C,C,3500,2024-06-24 08:00:00+00:00,2.83333,0.709217,0.462939,0.4891,0.3761,-0.113,0.451142,121.892,263.389,-0.0863118,0.025743,3.1515,-0.00951991,485.177,0.124007,0.167954
2024-06-21,2024-06-21 12:20:58.182000+00:00,ETH-24JUN24-3425-P,P,3425,2024-06-24 08:00:00+00:00,2.83333,0.709529,0.363565,0.4939,0.3969,-0.097,0.965675,114.926,260.829,-0.0871588,0.21475,-7.00087,0.0201862,114.599,0.137426,0.178723
2024-06-21,2024-06-21 12:34:35.423000+00:00,ETH-23JUN24-3500-C,C,3500,2024-06-23 08:00:00+00:00,1.83333,0.736928,0.47031,0.4986,0.2182,-0.2804,0.227261,98.3711,399.3,-0.135982,0.0161424,3.0876,-0.0118387,197.378,0.300582,0.350735
2024-06-21,2024-06-21 12:35:24.752000+00:00,ETH-28JUN24-3500-P,P,3500,2024-06-28 08:00:00+00:00,6.83333,0.29374,0.498846,0.5717,0.5494,-0.0223,0.388337,190.511,93.4312,-0.0418317,-0.000398165,0.961301,-0.00219504,380.588,0.0607711,0.0916155
2024-06-28,2024-06-28 12:00:11.487000+00:00,ETH-5JUL24-3500-C,C,3500,2024-07-05 08:00:00+00:00,6.83333,0.292689,0.439268,0.5036,0.4851,-0.0185,-2.25182,186.411,106.066,-0.0368488,0.067287,3.21787,-0.00639735,2056.39,0.0246018,0.054887
2024-06-28,2024-06-28 12:30:15.997000+00:00,ETH-1JUL24-3475-C,C,3475,2024-07-01 08:00:00+00:00,2.83333,0.711158,0.478576,0.3832,0.3375,-0.0457,-2.67663,121.68,336.178,-0.0676235,0.0121475,2.58176,-0.00612783,241.092,0.0643343,0.0998549
2024-06-28,2024-06-28 12:30:32.120000+00:00,ETH-5JUL24-3400-C,C,3400,2024-07-05 08:00:00+00:00,6.83333,0.293594,0.615231,0.4973,0.4438,-0.0535,-2.38028,180.97,107.409,-0.0363878,0.132154,-3.30061,0.00628109,180.67,0.0775826,0.109925
2024-07-05,2024-07-05 12:00:13.823000+00:00,ETH-12JUL24-2950-C,C,2950,2024-07-12 08:00:00+00:00,6.83333,0.29269,0.515579,0.6442,0.6025,-0.0417,4.20204,160.834,82.9162,-0.0471366,-0.00297613,0.556835,-0.00143164,1124.76,0.032705,0.0641289
2024-07-05,2024-07-05 11:58:02.374000+00:00,ETH-7JUL24-2900-P,P,2900,2024-07-07 08:00:00+00:00,1.83333,0.726733,0.360435,0.6419,0.8914,0.2495,4.09664,78.1007,310.159,-0.175064,0.173679,-6.85649,0.0318378,78.133,0.0915146,0.130909
2024-07-05,2024-07-05 11:49:41.964000+00:00,ETH-12JUL24-3000-C,C,3000,2024-07-12 08:00:00+00:00,6.83333,0.292377,0.448179,0.6362,0.5904,-0.0458,4.09819,159.932,83.9589,-0.0465512,0.0445577,2.49775,-0.00629317,798.219,0.0179185,0.0488692
2024-07-05,2024-07-05 11:48:11.232000+00:00,ETH-7JUL24-3000-C,C,3000,2024-07-07 08:00:00+00:00,1.83333,0.724033,0.367375,0.6281,0.59,-0.0381,4.21375,78.7871,316.973,-0.1713,0.207765,8.63056,-0.0394572,161.585,0.051382,0.10611
2024-07-05,2024-07-05 11:40:33.595000+00:00,ETH-12JUL24-2900-P,P,2900,2024-07-12 08:00:00+00:00,6.83333,0.292106,0.415726,0.6558,0.607,-0.0488,4.30342,157.102,81.4496,-0.0479854,0.0400173,-1.37334,0.00351656,627.731,0.0792654,0.110309
2024-07-05,2024-07-05 12:19:56.919000+00:00,ETH-12JUL24-2950-P,P,2950,2024-07-12 08:00:00+00:00,6.83333,0.293277,0.48963,0.6314,0.5937,-0.0377,4.16955,160.735,84.5971,-0.0462,-0.00249002,0.698372,-0.0017606,482.459,0.076147,0.107476
2024-07-05,2024-07-05 12:22:54.268000+00:00,ETH-8JUL24-2925-P,P,2925,2024-07-08 08:00:00+00:00,2.83333,0.709867,0.425936,0.5844,0.5205,-0.0639,4.38479,101.88,220.437,-0.103129,0.0430036,-2.61923,0.00933099,101.586,0.101165,0.138413
2024-07-05,2024-07-05 12:30:22.677000+00:00,ETH-7JUL24-2950-P,P,2950,2024-07-07 08:00:00+00:00,1.83333,0.735739,0.414176,0.7543,0.7496,-0.00470001,2.68553,82.3149,263.941,-0.205718,0.0464811,-3.03812,0.017264,165.224,-0.16504,-0.115086
2024-07-05,2024-07-05 12:30:23.347000+00:00,ETH-7JUL24-2975-P,P,2975,2024-07-07 08:00:00+00:00,1.83333,0.735742,0.476822,0.742,0.677,-0.065,2.76729,84.1133,268.317,-0.202364,0.000431466,-0.104789,0.000598547,83.6276,-0.167326,-0.114865
2024-07-12,2024-07-12 12:00:11.075000+00:00,ETH-14JUL24-3075-P,P,3075,2024-07-14 08:00:00+00:00,1.83333,0.727324,0.51505,0.4336,0.6851,0.2515,3.48935,86.7385,459.158,-0.118255,0.00595765,2.22786,-0.00744357,433.644,-0.0490058,-0.0016005
2024-07-12,2024-07-12 12:01:00.077000+00:00,ETH-19JUL24-3050-P,P,3050,2024-07-19 08:00:00+00:00,6.83333,0.292713,0.446331,0.5275,0.5998,0.0723,3.98389,166.159,101.26,-0.0385976,0.0160534,-0.869514,0.00181536,1326.27,-0.0415304,-0.0098412
2024-07-12,2024-07-12 12:01:00.629000+00:00,ETH-19JUL24-3100-P,P,3100,2024-07-19 08:00:00+00:00,6.83333,0.292713,0.535794,0.5292,0.5751,0.0459,3.63447,167.004,100.935,-0.0387219,0.0275413,2.24065,-0.00471693,668.462,-0.0396299,-0.00708903
2024-07-12,2024-07-12 12:13:13.179000+00:00,ETH-14JUL24-3050-P,P,3050,2024-07-14 08:00:00+00:00,1.83333,0.730933,0.38138,0.4487,0.742,0.2933,3.23298,83.1623,443.706,-0.122373,0.180817,-8.47105,0.0280097,82.9369,-0.0494512,-0.00652526
2024-07-12,2024-07-12 12:25:20.991000+00:00,ETH-14JUL24-3100-C,C,3100,2024-07-14 08:00:00+00:00,1.83333,0.734324,0.417884,0.4238,0.5938,0.17,3.2823,85.2376,469.776,-0.115582,0.114907,7.86413,-0.0251591,84.8073,-0.0932983,-0.0311989
2024-07-12,2024-07-12 12:30:02.266000+00:00,ETH-15JUL24-3075-P,P,3075,2024-07-15 08:00:00+00:00,2.83333,0.711118,0.487488,0.4825,0.5863,0.1038,3.23955,108.076,266.992,-0.0851471,-0.000722745,0.261184,-0.000781294,107.678,-0.129253,-0.0814645
2024-07-26,2024-07-26 12:07:10.775000+00:00,ETH-2AUG24-3250-P,P,3250,2024-08-02 08:00:00+00:00,6.83333,0.292897,0.474201,0.624,0.5579,-0.0661,-0.292019,177.366,85.6004,-0.0456585,-0.00214267,0.241957,-0.000601769,532.102,0.1044,0.135532
2024-07-26,2024-07-26 11:52:42.887000+00:00,ETH-28JUL24-3250-C,C,3250,2024-07-28 08:00:00+00:00,1.83333,0.725271,0.502585,0.7253,0.4928,-0.2325,-0.105898,91.797,274.495,-0.197809,-0.000398037,0.875155,-0.00489448,643.964,0.344268,0.397021
2024-07-26,2024-07-26 11:47:16.972000+00:00,ETH-29JUL24-3250-C,C,3250,2024-07-29 08:00:00+00:00,2.83333,0.703689,0.50688,0.664,0.4739,-0.1901,-0.571583,114.137,194.011,-0.117176,-0.00106921,0.706305,-0.00290858,571.752,0.295671,0.338583
2024-07-26,2024-07-26 11:38:16.268000+00:00,ETH-2AUG24-3350-C,C,3350,2024-08-02 08:00:00+00:00,6.83333,0.292038,0.378696,0.6116,0.5692,-0.0424,-0.542308,169.271,87.3359,-0.0447512,0.198788,4.69658,-0.0109367,679.061,0.0653138,0.0961769
2024-07-26,2024-07-26 11:37:40.645000+00:00,ETH-2AUG24-3300-P,P,3300,2024-08-02 08:00:00+00:00,6.83333,0.29202,0.553387,0.6154,0.5693,-0.0461,-0.113083,175.877,86.7966,-0.0450293,0.0477828,2.597,-0.00632586,351.019,0.100803,0.132875
2024-07-26,2024-07-26 12:28:20.857000+00:00,ETH-29JUL24-3300-C,C,3300,2024-07-29 08:00:00+00:00,2.83333,0.710821,0.406569,0.6247,0.4602,-0.1645,-0.506177,111.202,206.217,-0.110241,0.109416,5.27633,-0.0198865,110.789,0.193105,0.234914
2024-07-26,2024-07-26 12:30:51.220000+00:00,ETH-28JUL24-3250-P,P,3250,2024-07-28 08:00:00+00:00,1.83333,0.735873,0.483924,0.7256,0.4611,-0.2645,0.00908032,91.8843,274.381,-0.197891,-0.000615015,0.214954,-0.00120171,91.346,0.443861,0.496344
2024-08-02,2024-08-02 12:07:41.260000+00:00,ETH-9AUG24-3200-C,C,3200,2024-08-09 08:00:00+00:00,6.83333,0.292912,0.425454,0.4494,0.6022,0.1528,-7.62674,169.328,118.858,-0.0328829,0.104237,4.05519,-0.00715151,834.801,-0.165746,-0.133613
2024-08-09,2024-08-09 12:03:57.601000+00:00,ETH-11AUG24-2625-C,C,2625,2024-08-11 08:00:00+00:00,1.83333,0.728365,0.538926,0.6853,0.3922,-0.2931,-0.742255,74.1293,290.516,-0.1869,0.00700241,-1.0114,0.00531915,148.147,0.225531,0.281999
2024-08-09,2024-08-09 12:09:29.655000+00:00,ETH-16AUG24-2650-C,C,2650,2024-08-16 08:00:00+00:00,6.83333,0.292966,0.504631,0.7143,0.6937,-0.0206,-1.06881,144.117,74.779,-0.0522659,-0.00140399,0.880803,-0.00251274,576.148,0.0288613,0.0604556
2024-08-09,2024-08-09 12:18:43.905000+00:00,ETH-16AUG24-2600-P,P,2600,2024-08-16 08:00:00+00:00,6.83333,0.293241,0.411841,0.722,0.698,-0.0239999,-0.841065,140.838,73.9815,-0.0528293,0.0382167,-1.25423,0.00352829,990.379,0.0820934,0.113252
2024-08-09,2024-08-09 12:26:24.447000+00:00,ETH-16AUG24-2650-P,P,2650,2024-08-16 08:00:00+00:00,6.83333,0.293471,0.511698,0.7161,0.7072,-0.00889999,-0.672269,143.488,74.591,-0.0523976,0.00517637,1.29757,-0.00370967,286.589,0.0271425,0.0585834
2024-08-09,2024-08-09 11:25:10.901000+00:00,ETH-12AUG24-2675-C,C,2675,2024-08-12 08:00:00+00:00,2.83333,0.699909,0.413505,0.641,0.491,-0.15,-0.553422,90.505,200.973,-0.113118,0.0946653,4.89035,-0.0189802,90.9137,0.181445,0.223836
2024-08-09,2024-08-09 12:36:46.401000+00:00,ETH-11AUG24-2575-P,P,2575,2024-08-11 08:00:00+00:00,1.83333,0.737546,0.353264,0.7202,0.501,-0.2192,-0.365547,69.1,276.438,-0.196418,0.167951,-6.33213,0.032787,205.675,0.386143,0.433675
2024-08-09,2024-08-09 12:36:46.495000+00:00,ETH-16AUG24-2600-C,C,2600,2024-08-16 08:00:00+00:00,6.83333,0.293781,0.55436,0.7152,0.7089,-0.00629997,0.115165,141.817,74.6849,-0.0523317,0.00740226,-0.396012,0.00112073,141.55,-0.0265429,0.00509918
2024-08-09,2024-08-09 12:36:53.148000+00:00,ETH-12AUG24-2600-P,P,2600,2024-08-12 08:00:00+00:00,2.83333,0.712322,0.439727,0.6865,0.5094,-0.1771,-0.263208,91.0117,187.653,-0.121147,0.0199964,-1.5006,0.00631716,181.213,0.288979,0.33112
2024-08-09,2024-08-09 12:36:53.402000+00:00,ETH-11AUG24-2600-P,P,2600,2024-08-11 08:00:00+00:00,1.83333,0.737579,0.431958,0.7422,0.3499,-0.3923,-0.460513,73.0023,268.244,-0.202418,0.0271063,-2.24246,0.0126486,72.4801,0.486555,0.53776
2024-08-16,2024-08-16 12:02:43.402000+00:00,ETH-18AUG24-2600-P,P,2600,2024-08-18 08:00:00+00:00,1.83333,0.728024,0.421778,0.5161,0.284,-0.2321,-0.154496,72.569,385.76,-0.140755,0.0614179,-4.39312,0.0171463,72.5303,0.158524,0.209903
2024-08-16,2024-08-16 11:43:03.480000+00:00,ETH-23AUG24-2550-P,P,2550,2024-08-23 08:00:00+00:00,6.83333,0.29218,0.36436,0.6119,0.5427,-0.0692,-0.235726,134.451,87.2931,-0.0447732,0.149354,-3.14521,0.00723758,812.385,0.0456825,0.0772737
2024-08-16,2024-08-16 11:26:24.561000+00:00,ETH-19AUG24-2625-P,P,2625,2024-08-19 08:00:00+00:00,2.83333,0.700118,0.489863,0.5238,0.3858,-0.138,-0.426296,92.246,245.94,-0.0924353,-0.00100682,0.451195,-0.00146546,92.6248,0.0436409,0.0895424
2024-08-16,2024-08-16 12:41:11.880000+00:00,ETH-18AUG24-2550-P,P,2550,2024-08-18 08:00:00+00:00,1.83333,0.738802,0.42521,0.6205,0.5096,-0.1109,1.70134,71.36,320.856,-0.169227,0.0433415,-3.26249,0.0153382,70.7859,0.207088,0.249017
2024-08-23,2024-08-23 11:51:05.303000+00:00,ETH-30AUG24-2700-C,C,2700,2024-08-30 08:00:00+00:00,6.83333,0.292418,0.433079,0.5531,0.5891,0.036,4.28804,143.048,96.5732,-0.0404707,0.0745008,3.22851,-0.00703149,429.86,-0.0522877,-0.0198145
2024-08-30,2024-08-30 12:05:29.369000+00:00,ETH-1SEP24-2525-C,C,2525,2024-09-01 08:00:00+00:00,1.83333,0.728788,0.448124,0.4709,0.31,-0.1609,0.0239054,70.4423,422.788,-0.128427,0.0452467,4.90224,-0.0176504,141.152,0.00904982,0.0659701
2024-08-30,2024-08-30 12:10:07.060000+00:00,ETH-2SEP24-2525-C,C,2525,2024-09-02 08:00:00+00:00,2.83333,0.707637,0.469418,0.4469,0.3087,-0.1382,-0.0703716,88.1564,288.26,-0.0788647,0.0198738,2.94517,-0.00814013,88.046,0.00135849,0.0490112
2024-08-30,2024-08-30 12:30:50.206000+00:00,ETH-1SEP24-2550-C,C,2550,2024-09-01 08:00:00+00:00,1.83333,0.735868,0.378472,0.4934,0.3615,-0.1319,-0.298206,67.9923,403.508,-0.134564,0.213407,9.79308,-0.0355387,135.799,-0.118397,-0.0679244
2024-08-30,2024-08-30 12:30:53.947000+00:00,ETH-6SEP24-2600-C,C,2600,2024-09-06 08:00:00+00:00,6.83333,0.293605,0.356219,0.5509,0.4815,-0.0694,-0.318113,128.643,96.9589,-0.0403098,0.296009,5.88058,-0.0120927,128.408,-0.00918435,0.0235367
2024-08-30,2024-08-30 12:36:17.109000+00:00,ETH-2SEP24-2550-C,C,2550,2024-09-02 08:00:00+00:00,2.83333,0.712216,0.411373,0.4623,0.3062,-0.1561,-0.406263,86.5701,278.658,-0.0815824,0.127043,6.47089,-0.0181005,86.1616,-0.0246504,0.0222375
2024-09-06,2024-09-06 11:59:07.818000+00:00,ETH-13SEP24-2450-C,C,2450,2024-09-13 08:00:00+00:00,6.83333,0.292657,0.384711,0.6749,0.6375,-0.0374,-4.2129,124.159,79.1445,-0.0493829,0.167442,4.17452,-0.0107796,1638.93,-0.04712,-0.0150749
2024-09-06,2024-09-06 12:05:35.314000+00:00,ETH-13SEP24-2400-C,C,2400,2024-09-13 08:00:00+00:00,6.83333,0.292849,0.478623,0.701,0.6547,-0.0463,-4.23864,129.55,76.1978,-0.0512927,0.011423,1.55849,-0.00435729,645.524,-0.0140505,0.0182666
2024-09-06,2024-09-06 12:32:29.136000+00:00,ETH-8SEP24-2400-C,C,2400,2024-09-08 08:00:00+00:00,1.83333,0.736333,0.461779,0.5988,0.7865,0.1877,-4.77248,67.2184,332.483,-0.163309,0.0218434,3.2409,-0.0148969,66.7981,-0.399973,-0.35768
2024-09-13,2024-09-13 12:04:03.413000+00:00,ETH-15SEP24-2350-P,P,2350,2024-09-15 08:00:00+00:00,1.83333,0.728392,0.446939,0.4172,0.5541,0.1369,2.71514,66.0868,477.207,-0.113782,0.0331537,-3.50889,0.0111884,132.068,-0.0520031,-0.0105446
2024-09-13,2024-09-13 11:16:37.036000+00:00,ETH-15SEP24-2375-P,P,2375,2024-09-15 08:00:00+00:00,1.83333,0.715515,0.493226,0.4091,0.4381,0.029,1.81913,67.1454,486.656,-0.111573,-0.000499803,0.417734,-0.00131759,67.6947,-0.11064,-0.0616423
2024-09-20,2024-09-20 11:56:18.583000+00:00,ETH-27SEP24-2600-P,P,2600,2024-09-27 08:00:00+00:00,6.83333,0.292573,0.585391,0.5724,0.5618,-0.0106,2.7015,135.917,93.317,-0.0418829,0.11085,3.75486,-0.00838692,407.799,-0.00142767,0.0318607
2024-09-20,2024-09-20 12:04:15.373000+00:00,ETH-22SEP24-2550-P,P,2550,2024-09-22 08:00:00+00:00,1.83333,0.728447,0.498154,0.5075,0.5552,0.0477,2.75424,72.0629,392.297,-0.138409,-0.000287019,0.87068,-0.00340724,215.684,0.0685269,0.116618
2024-09-20,2024-09-20 11:53:57.923000+00:00,ETH-27SEP24-2600-C,C,2600,2024-09-27 08:00:00+00:00,6.83333,0.292504,0.413609,0.584,0.5739,-0.0101,2.63891,135.748,91.4634,-0.0427317,0.111525,3.73271,-0.0085016,956.09,0.0527184,0.0838891
2024-09-20,2024-09-20 12:27:03.719000+00:00,ETH-27SEP24-2500-P,P,2500,2024-09-27 08:00:00+00:00,6.83333,0.29349,0.370821,0.5907,0.5966,0.0059,2.57663,132.315,90.426,-0.043222,0.138557,-3.07479,0.00687143,1203.36,-0.0116021,0.0207258
2024-09-20,2024-09-20 12:30:32.098000+00:00,ETH-23SEP24-2550-P,P,2550,2024-09-23 08:00:00+00:00,2.83333,0.711205,0.470642,0.4894,0.4555,-0.0339,2.29515,89.5884,263.227,-0.0863647,0.00457143,-0.70554,0.00213597,179.343,-0.0485016,5.40248e-05
2024-09-20,2024-09-20 12:40:50.732000+00:00,ETH-23SEP24-2550-C,C,2550,2024-09-23 08:00:00+00:00,2.83333,0.713021,0.527259,0.4998,0.488,-0.0118,2.94204,89.6036,257.75,-0.0882,0.00330821,-0.550091,0.00170139,89.1532,-0.123561,-0.0753859
2024-09-27,2024-09-27 11:56:38.375000+00:00,ETH-30SEP24-2625-P,P,2625,2024-09-30 08:00:00+00:00,2.83333,0.705301,0.369439,0.4124,0.3558,-0.0566,0.589267,88.2818,312.375,-0.0727765,0.240253,-8.1775,0.0197869,176.694,0.0310877,0.0731663
2024-09-27,2024-09-27 11:48:34.530000+00:00,ETH-29SEP24-2625-P,P,2625,2024-09-29 08:00:00+00:00,1.83333,0.724139,0.371035,0.4318,0.4368,0.005,0.994383,70.9709,461.072,-0.117764,0.228459,-9.77551,0.0308264,71.1394,0.0696226,0.110299
2024-09-27,2024-09-27 12:28:05.133000+00:00,ETH-29SEP24-2675-P,P,2675,2024-09-29 08:00:00+00:00,1.83333,0.735093,0.593177,0.4333,0.2675,-0.1658,1.05168,73.0226,459.476,-0.118173,0.143305,8.6299,-0.0280535,294.134,0.184246,0.240401
2024-10-04,2024-10-04 12:30:01.329000+00:00,ETH-11OCT24-2400-P,P,2400,2024-10-11 08:00:00+00:00,6.83333,0.293579,0.506027,0.5413,0.514,-0.0273,1.01675,130.488,98.6784,-0.0396073,0.00246272,1.20215,-0.00259876,260.577,-0.0115459,0.0209595
2024-10-04,2024-10-04 11:27:47.937000+00:00,ETH-6OCT24-2375-P,P,2375,2024-10-06 08:00:00+00:00,1.83333,0.718509,0.468145,0.5149,0.4196,-0.0953,1.39352,67.0862,386.659,-0.140427,0.00680742,-1.19769,0.00474006,67.4955,0.088377,0.136709
2024-10-18,2024-10-18 12:02:20.120000+00:00,ETH-20OCT24-2625-C,C,2625,2024-10-20 08:00:00+00:00,1.83333,0.727917,0.489205,0.3673,0.2678,-0.0995,1.00215,74.1143,542.039,-0.100173,0.00390695,2.03874,-0.00577214,520.971,0.134906,0.188824
2024-10-18,2024-10-18 12:02:38.168000+00:00,ETH-21OCT24-2625-C,C,2625,2024-10-21 08:00:00+00:00,2.83333,0.706339,0.496726,0.3724,0.3188,-0.0536,0.98138,92.1885,345.928,-0.0657177,0.0009022,1.24973,-0.00288666,184.772,0.0884678,0.131738
2024-10-18,2024-10-18 12:03:02.399000+00:00,ETH-21OCT24-2625-P,P,2625,2024-10-21 08:00:00+00:00,2.83333,0.706409,0.503418,0.3681,0.304,-0.0641,1.05915,92.1886,349.969,-0.0649588,0.000952302,1.26373,-0.00288528,276.646,0.0772975,0.120736
2024-10-18,2024-10-18 12:03:03.595000+00:00,ETH-20OCT24-2625-P,P,2625,2024-10-20 08:00:00+00:00,1.83333,0.728117,0.509419,0.3636,0.2489,-0.1147,1.01615,74.1284,547.555,-0.0991636,0.00320096,1.91517,-0.00536813,371.134,0.122421,0.167768
2024-10-18,2024-10-18 12:19:52.662000+00:00,ETH-21OCT24-2600-P,P,2600,2024-10-21 08:00:00+00:00,2.83333,0.709338,0.395034,0.3678,0.3404,-0.0274,1.20715,88.9349,350.254,-0.0649059,0.168467,-7.19782,0.0158516,264.746,0.0634384,0.102561
2024-10-18,2024-10-18 11:15:48.993000+00:00,ETH-21OCT24-2650-C,C,2650,2024-10-21 08:00:00+00:00,2.83333,0.69832,0.417088,0.3895,0.3094,-0.0801,0.778136,90.3912,330.741,-0.0687353,0.1325,7.13877,-0.0168686,727.235,0.112838,0.157789
2024-10-25,2024-10-25 11:16:55.362000+00:00,ETH-1NOV24-2500-C,C,2500,2024-11-01 08:00:00+00:00,6.83333,0.291407,0.614304,0.4687,0.5234,0.0547,-2.394,132.996,113.963,-0.0342951,0.140911,-3.53841,0.0063493,133.306,-0.141576,-0.10525
2024-11-01,2024-11-01 12:00:07.438000+00:00,ETH-8NOV24-2450-P,P,2450,2024-11-08 08:00:00+00:00,6.83333,0.292687,0.372013,0.7316,0.7926,0.061,-1.13284,130.351,73.0107,-0.0535317,0.101057,-2.26193,0.00626639,390.189,-0.0114933,0.0177598
2024-11-01,2024-11-01 12:04:39.311000+00:00,ETH-3NOV24-2525-C,C,2525,2024-11-03 08:00:00+00:00,1.83333,0.728557,0.464326,0.4481,0.3144,-0.1337,-1.12811,70.869,444.3,-0.122209,0.0241875,3.8161,-0.0131332,423.228,0.203908,0.242999
2024-11-01,2024-11-01 11:48:45.437000+00:00,ETH-8NOV24-2600-C,C,2600,2024-11-08 08:00:00+00:00,6.83333,0.292349,0.398256,0.7303,0.7786,0.0483,-0.962528,133.114,73.1407,-0.0534366,0.126506,3.58265,-0.0101079,1875.98,0.00225687,0.0321069
2024-11-01,2024-11-01 12:12:01.255000+00:00,ETH-4NOV24-2525-C,C,2525,2024-11-04 08:00:00+00:00,2.83333,0.707968,0.48095,0.4382,0.3647,-0.0735,-0.974982,88.4216,293.983,-0.0773294,0.00937718,2.23399,-0.00606522,176.869,0.107881,0.149014
2024-11-01,2024-11-01 12:15:57.691000+00:00,ETH-3NOV24-2550-C,C,2550,2024-11-03 08:00:00+00:00,1.83333,0.731697,0.353736,0.4252,0.382,-0.0432,-1.14159,66.4438,468.229,-0.115964,0.355517,13.4118,-0.0410029,204.721,0.0849994,0.126045
2024-11-01,2024-11-01 12:16:08.026000+00:00,ETH-8NOV24-2500-P,P,2500,2024-11-08 08:00:00+00:00,6.83333,0.293164,0.442578,0.7312,0.7976,0.0664,-1.329,136.33,73.0506,-0.0535024,0.00875906,-0.443321,0.00128128,2723.36,-0.0300023,-2.49161e-05
2024-11-01,2024-11-01 12:32:22.760000+00:00,ETH-8NOV24-2550-P,P,2550,2024-11-08 08:00:00+00:00,6.83333,0.293649,0.513446,0.7214,0.8063,0.0849,-1.56275,137.983,74.043,-0.0527854,0.00613739,1.3393,-0.00385682,551.66,-0.0492893,-0.0194335
2024-11-01,2024-11-01 11:27:27.774000+00:00,ETH-8NOV24-2550-C,C,2550,2024-11-08 08:00:00+00:00,6.83333,0.291718,0.480824,0.7305,0.7786,0.0481,-1.13118,137.672,73.1206,-0.0534512,0.00981023,1.48353,-0.00432341,691.014,-0.00312948,0.0273916
2024-11-01,2024-11-01 12:38:39.856000+00:00,ETH-3NOV24-2525-P,P,2525,2024-11-03 08:00:00+00:00,1.83333,0.738082,0.428783,0.4416,0.3172,-0.1244,-1.79738,70.6233,450.84,-0.120436,0.0594149,-4.69967,0.0157507,70.0905,0.174511,0.225776
2024-11-01,2024-11-01 12:42:04.049000+00:00,ETH-8NOV24-2650-C,C,2650,2024-11-08 08:00:00+00:00,6.83333,0.29394,0.353292,0.7166,0.7577,0.0410999,-2.06297,129.314,74.539,-0.0524341,0.248063,4.82901,-0.0128809,128.988,0.0349849,0.0647482
2024-11-08,2024-11-08 11:58:58.299000+00:00,ETH-15NOV24-2900-C,C,2900,2024-11-15 08:00:00+00:00,6.83333,0.292652,0.559642,0.5755,0.5888,0.0133,7.01313,157.897,92.8143,-0.0421098,0.018598,-0.905761,0.00205867,314.426,-0.0761656,-0.0425836
2024-11-08,2024-11-08 12:01:29.515000+00:00,ETH-15NOV24-2900-P,P,2900,2024-11-15 08:00:00+00:00,6.83333,0.292727,0.437691,0.5506,0.6694,0.1188,7.38061,157.774,97.0117,-0.0402878,0.0232075,-1.08158,0.00234948,1099.66,-0.0700477,-0.0377415
2024-11-08,2024-11-08 12:04:42.983000+00:00,ETH-10NOV24-2900-P,P,2900,2024-11-10 08:00:00+00:00,1.83333,0.728574,0.399301,0.4648,1.0928,0.628,7.30969,79.998,428.337,-0.126764,0.121783,-6.73976,0.0233834,319.939,-0.0446548,-0.00484898
2024-11-08,2024-11-08 12:06:13.536000+00:00,ETH-15NOV24-3000-C,C,3000,2024-11-15 08:00:00+00:00,6.83333,0.292868,0.394861,0.5831,0.7074,0.1243,7.0711,154.224,91.6046,-0.0426659,0.15833,4.34106,-0.00975724,311.156,-0.166416,-0.133936
2024-11-15,2024-11-15 12:01:34.988000+00:00,ETH-22NOV24-3200-C,C,3200,2024-11-22 08:00:00+00:00,6.83333,0.29273,0.387829,0.651,0.6396,-0.0114,1.35908,162.874,82.0501,-0.0476341,0.163717,4.19906,-0.0104838,2135.27,-0.114689,-0.0790108
2024-11-15,2024-11-15 11:55:55.813000+00:00,ETH-22NOV24-3150-C,C,3150,2024-11-22 08:00:00+00:00,6.83333,0.292562,0.461034,0.6474,0.655,0.00760002,1.11591,168.982,82.5064,-0.0473707,0.0281857,2.10484,-0.00541662,1184.97,-0.103166,-0.067884
2024-11-15,2024-11-15 12:06:09.886000+00:00,ETH-17NOV24-3100-P,P,3100,2024-11-17 08:00:00+00:00,1.83333,0.728975,0.464163,0.6174,0.4126,-0.2048,0.889832,87.5556,322.467,-0.168382,0.00671831,-1.05449,0.00499995,700.909,-0.217319,-0.153244
2024-11-15,2024-11-15 11:47:24.286000+00:00,ETH-17NOV24-3075-P,P,3075,2024-11-17 08:00:00+00:00,1.83333,0.723819,0.419325,0.6336,0.5236,-0.11,1.73859,85.8486,314.222,-0.1728,0.0512227,-3.54293,0.0169533,170.556,-0.0573612,-0.00222638
2024-11-15,2024-11-15 12:12:47.320000+00:00,ETH-17NOV24-3125-P,P,3125,2024-11-17 08:00:00+00:00,1.83333,0.730813,0.486309,0.6302,0.3962,-0.234,0.682463,88.351,315.917,-0.171873,-0.000562188,0.230936,-0.00112157,175.948,-0.0343362,0.0319002
2024-11-22,2024-11-22 12:00:09.053000+00:00,ETH-24NOV24-3375-P,P,3375,2024-11-24 08:00:00+00:00,1.83333,0.727314,0.555073,0.6942,0.4962,-0.198,1.50724,93.7582,286.792,-0.189327,0.0374408,3.81477,-0.0202256,93.7554,-0.0351569,0.0268731
2024-11-22,2024-11-22 12:00:10.508000+00:00,ETH-24NOV24-3325-P,P,3325,2024-11-24 08:00:00+00:00,1.83333,0.727321,0.434933,0.6699,0.5657,-0.1042,1.91418,93.3763,297.195,-0.1827,0.0284533,-2.45062,0.0124903,466.131,-0.0547555,-0.00517921
2024-11-22,2024-11-22 12:00:10.597000+00:00,ETH-25NOV24-3350-P,P,3350,2024-11-25 08:00:00+00:00,2.83333,0.705913,0.492081,0.6514,0.6713,0.0199,1.36863,117.666,197.764,-0.114953,-0.00114409,0.654078,-0.00264227,2814.44,-0.135535,-0.0872371
2024-11-22,2024-11-22 12:00:10.912000+00:00,ETH-25NOV24-3400-P,P,3400,2024-11-25 08:00:00+00:00,2.83333,0.705914,0.592831,0.6613,0.6858,0.0245,1.48721,114.482,194.803,-0.1167,0.104077,5.03041,-0.020073,1153,-0.145073,-0.0940182
2024-11-22,2024-11-22 11:58:33.340000+00:00,ETH-29NOV24-3400-C,C,3400,2024-11-29 08:00:00+00:00,6.83333,0.29264,0.467437,0.7228,0.838,0.1152,2.09945,182.589,73.8996,-0.0528878,0.0204236,1.82639,-0.00525506,909.338,-0.174051,-0.141358
2024-11-22,2024-11-22 11:58:32.761000+00:00,ETH-29NOV24-3500-C,C,3500,2024-11-29 08:00:00+00:00,6.83333,0.29264,0.35717,0.7364,0.8614,0.125,2.05093,171.327,72.5348,-0.0538829,0.232061,4.63309,-0.0127439,862.609,-0.173402,-0.140767
2024-11-22,2024-11-22 12:02:04.263000+00:00,ETH-24NOV24-3350-P,P,3350,2024-11-24 08:00:00+00:00,1.83333,0.727844,0.492615,0.657,0.5372,-0.1198,1.50469,94.68,303.03,-0.179182,-0.000790536,0.602195,-0.00305029,662.967,-0.0960251,-0.0395997
2024-11-22,2024-11-22 12:03:02.571000+00:00,ETH-29NOV24-3300-P,P,3300,2024-11-29 08:00:00+00:00,6.83333,0.292773,0.412647,0.6828,0.8022,0.1194,1.44062,178.68,78.2288,-0.049961,0.0411494,-1.36254,0.00362646,1433.15,-0.161904,-0.129143
2024-11-22,2024-11-22 11:53:39.070000+00:00,ETH-24NOV24-3400-C,C,3400,2024-11-24 08:00:00+00:00,1.83333,0.725528,0.389115,0.7083,0.5549,-0.1534,1.43052,90.9696,281.083,-0.193173,0.132282,6.61818,-0.0347374,91.0891,0.0555817,0.117218
2024-11-22,2024-11-22 12:17:14.784000+00:00,ETH-25NOV24-3325-C,C,3325,2024-11-25 08:00:00+00:00,2.83333,0.708879,0.546327,0.6456,0.5618,-0.0838,2.43416,116.664,199.541,-0.113929,0.0106932,-1.04393,0.00415227,1500.06,-0.0565494,-0.00955281
2024-11-22,2024-11-22 12:17:36.214000+00:00,ETH-29NOV24-3400-P,P,3400,2024-11-29 08:00:00+00:00,6.83333,0.293207,0.547619,0.6945,0.8087,0.1142,2.44874,181.372,76.9109,-0.0508171,0.036892,2.2571,-0.00621643,362.395,-0.0538713,-0.0209654
2024-11-22,2024-11-22 11:41:32.254000+00:00,ETH-25NOV24-3300-P,P,3300,2024-11-25 08:00:00+00:00,2.83333,0.702703,0.383779,0.6213,0.6725,0.0512,2.18596,112.661,207.345,-0.109641,0.11504,-4.40948,0.0162642,341.428,-0.0738897,-0.0270331
2024-11-22,2024-11-22 12:29:41.920000+00:00,ETH-25NOV24-3425-P,P,3425,2024-11-25 08:00:00+00:00,2.83333,0.711058,0.613827,0.672,0.6909,0.0189,1.47534,113.342,191.702,-0.118588,0.148839,5.86495,-0.0234532,1461.02,0.0312019,0.0825541
2024-11-22,2024-11-22 12:40:00.434000+00:00,ETH-25NOV24-3375-P,P,3375,2024-11-25 08:00:00+00:00,2.83333,0.712873,0.513565,0.6713,0.6745,0.0032,1.25122,118.119,191.902,-0.118465,0.00463325,1.5673,-0.00652242,585.899,0.0306522,0.0763726
2024-11-22,2024-11-22 12:43:45.278000+00:00,ETH-25NOV24-3425-C,C,3425,2024-11-25 08:00:00+00:00,2.83333,0.713534,0.382427,0.6941,0.6839,-0.0102,1.21375,112.899,185.598,-0.122488,0.153418,5.85948,-0.0241373,112.227,0.13092,0.175175
2024-11-29,2024-11-29 12:01:17.319000+00:00,ETH-1DEC24-3625-P,P,3625,2024-12-01 08:00:00+00:00,1.83333,0.727628,0.565748,0.5746,0.5113,-0.0633,3.53238,100.336,346.486,-0.156709,0.0594035,5.06426,-0.0221333,100.311,0.0149563,0.0691816
2024-11-29,2024-11-29 12:01:20.072000+00:00,ETH-2DEC24-3575-P,P,3575,2024-12-02 08:00:00+00:00,2.83333,0.706113,0.43511,0.5642,0.4773,-0.0869,3.19232,124.849,228.33,-0.0995647,0.0329071,-2.28634,0.0078952,1497.2,-0.00219538,0.0408564
2024-11-29,2024-11-29 12:02:43.853000+00:00,ETH-1DEC24-3600-P,P,3600,2024-12-01 08:00:00+00:00,1.83333,0.728026,0.498898,0.588,0.5999,0.0119,3.41685,101.709,338.59,-0.160364,-0.000184045,0.933225,-0.00423131,305.127,0.00200324,0.0527087
2024-11-29,2024-11-29 11:51:42.768000+00:00,ETH-2DEC24-3650-P,P,3650,2024-12-02 08:00:00+00:00,2.83333,0.704451,0.590202,0.5654,0.4784,-0.087,3.47441,123.425,227.845,-0.0997765,0.112341,5.58393,-0.0190791,123.558,0.0680244,0.119032
2024-12-06,2024-12-06 11:59:22.478000+00:00,ETH-8DEC24-3825-P,P,3825,2024-12-08 08:00:00+00:00,1.83333,0.7271,0.362534,0.5551,0.7377,0.1826,3.44081,102.997,358.658,-0.151391,0.197941,-7.94056,0.03195,520.744,-0.193017,-0.151599
2024-12-06,2024-12-06 12:03:43.896000+00:00,ETH-9DEC24-3875-P,P,3875,2024-12-09 08:00:00+00:00,2.83333,0.706529,0.468082,0.5667,0.5475,-0.0192,3.14213,136.14,227.322,-0.100006,0.00426036,-0.603846,0.00211578,952.068,-0.0949731,-0.0496309
2024-12-06,2024-12-06 12:07:29.877000+00:00,ETH-9DEC24-3850-P,P,3850,2024-12-09 08:00:00+00:00,2.83333,0.707182,0.414707,0.5676,0.5522,-0.0154,2.987,133.487,226.962,-0.100165,0.0626985,-3.30528,0.0113703,540.566,-0.0782797,-0.0354683
2024-12-06,2024-12-06 12:09:22.181000+00:00,ETH-13DEC24-3850-P,P,3850,2024-12-13 08:00:00+00:00,6.83333,0.292962,0.424263,0.6607,0.717,0.0563,3.27936,209.096,80.8455,-0.0483439,0.0290602,-1.11226,0.00288211,419.175,-0.0702893,-0.0383131
2024-12-06,2024-12-06 12:10:04.706000+00:00,ETH-8DEC24-3850-P,P,3850,2024-12-08 08:00:00+00:00,1.83333,0.73006,0.397591,0.5874,0.7485,0.1611,2.89137,106.309,338.936,-0.1602,0.0959818,-5.22553,0.0228871,321.413,-0.140722,-0.0969593
2024-12-06,2024-12-06 11:35:33.348000+00:00,ETH-13DEC24-3800-P,P,3800,2024-12-13 08:00:00+00:00,6.83333,0.291958,0.388294,0.6574,0.722,0.0646,3.49231,203.557,81.2513,-0.0481024,0.0838379,-2.15743,0.00544087,407.647,-0.104052,-0.0721408
2024-12-06,2024-12-06 11:27:34.391000+00:00,ETH-13DEC24-3900-P,P,3900,2024-12-13 08:00:00+00:00,6.83333,0.291722,0.499886,0.6621,0.7175,0.0554,3.79305,212.016,80.6746,-0.0484463,-1.86522e-05,0.998493,-0.0026405,212.365,-0.0931523,-0.060028
2024-12-13,2024-12-13 11:40:23.458000+00:00,ETH-16DEC24-3925-C,C,3925,2024-12-16 08:00:00+00:00,2.83333,0.702506,0.488041,0.5007,0.4367,-0.064,-1.04361,137.58,257.287,-0.0883588,0.00447359,1.68364,-0.00522653,829.89,0.138279,0.181471
2024-12-13,2024-12-13 11:36:30.566000+00:00,ETH-20DEC24-3900-C,C,3900,2024-12-20 08:00:00+00:00,6.83333,0.291986,0.54408,0.6452,0.6927,0.0475,-1.11673,212.831,82.7877,-0.0472098,0.00385592,-0.254468,0.000651752,426.171,-0.00892945,0.0229256
2024-12-13,2024-12-13 11:16:01.994000+00:00,ETH-20DEC24-3950-C,C,3950,2024-12-20 08:00:00+00:00,6.83333,0.291381,0.488588,0.6414,0.6839,0.0425,-1.19032,214.153,83.2782,-0.0469317,0.00524949,1.32896,-0.00340311,429.264,-0.00624788,0.0252472
2024-12-20,2024-12-20 11:59:57.642000+00:00,ETH-22DEC24-3050-P,P,3050,2024-12-22 08:00:00+00:00,1.83333,0.727262,0.396097,1.0623,1.1698,0.1075,7.22022,84.7218,187.415,-0.289718,0.0466698,-2.49944,0.0197756,422.901,-0.601895,-0.561564
2024-12-20,2024-12-20 12:00:32.917000+00:00,ETH-27DEC24-3000-P,P,3000,2024-12-27 08:00:00+00:00,6.83333,0.292699,0.358585,0.8212,0.7896,-0.0316,7.53182,158.724,65.0446,-0.0600878,0.110222,-2.22385,0.00683091,1270.21,-0.151506,-0.118611
2024-12-20,2024-12-20 12:01:05.589000+00:00,ETH-27DEC24-3200-C,C,3200,2024-12-27 08:00:00+00:00,6.83333,0.292715,0.41773,0.8162,0.7078,-0.1084,7.75883,165.99,65.4431,-0.059722,0.0812646,2.8597,-0.00912365,5616.6,-0.247201,-0.212362
2024-12-20,2024-12-20 12:01:05.731000+00:00,ETH-27DEC24-3100-C,C,3100,2024-12-27 08:00:00+00:00,6.83333,0.292716,0.530684,0.8186,0.7172,-0.1014,7.6603,169.112,65.2512,-0.0598976,-0.00329317,0.312605,-0.00101906,4559.64,-0.264797,-0.230186
2024-12-20,2024-12-20 12:02:41.022000+00:00,ETH-27DEC24-3200-P,P,3200,2024-12-27 08:00:00+00:00,6.83333,0.292763,0.55429,0.8069,0.7232,-0.0837,6.3753,169.432,66.1973,-0.0590415,0.0417556,2.23612,-0.00713983,8880.56,-0.200166,-0.164415
2024-12-20,2024-12-20 12:07:03.012000+00:00,ETH-22DEC24-3200-P,P,3200,2024-12-22 08:00:00+00:00,1.83333,0.72922,0.627882,0.9589,0.7893,-0.1696,6.73109,83.7298,207.624,-0.261518,0.133726,5.7929,-0.0406204,692.11,-0.519989,-0.46691
2024-12-20,2024-12-20 12:15:05.005000+00:00,ETH-27DEC24-3300-C,C,3300,2024-12-27 08:00:00+00:00,6.83333,0.293132,0.367503,0.8102,0.7034,-0.1068,5.83343,162.862,65.9277,-0.0592829,0.187381,4.05015,-0.0123781,3401.02,-0.131407,-0.0963645
2024-12-20,2024-12-20 11:36:34.473000+00:00,ETH-22DEC24-3150-P,P,3150,2024-12-22 08:00:00+00:00,1.83333,0.720876,0.569668,1.0119,0.9196,-0.0923,7.14433,86.3581,196.75,-0.275973,0.0433465,3.46284,-0.0266017,341.006,-0.422148,-0.375058
2024-12-20,2024-12-20 12:26:42.372000+00:00,ETH-27DEC24-3300-P,P,3300,2024-12-27 08:00:00+00:00,6.83333,0.293479,0.577764,0.7904,0.7012,-0.0892,3.58725,172.004,67.5792,-0.0578341,0.0752719,2.81016,-0.00870308,1167.77,-0.00667437,0.0284727
2024-12-20,2024-12-20 12:26:59.722000+00:00,ETH-22DEC24-3225-P,P,3225,2024-12-22 08:00:00+00:00,1.83333,0.734786,0.508139,0.9708,0.7753,-0.1955,3.56957,90.8247,205.079,-0.264764,0.00182335,1.28989,-0.00965406,355.358,-0.0856588,-0.0375711
2024-12-20,2024-12-20 11:20:48.546000+00:00,ETH-22DEC24-3250-P,P,3250,2024-12-22 08:00:00+00:00,1.83333,0.716634,0.609987,0.974,0.7215,-0.2525,4.72024,86.4035,204.405,-0.265636,0.101544,5.08325,-0.0366911,87.1054,-0.507613,-0.448419
2024-12-20,2024-12-20 12:39:16.847000+00:00,ETH-23DEC24-3225-P,P,3225,2024-12-23 08:00:00+00:00,2.83333,0.712744,0.46722,0.8807,0.6833,-0.1974,3.27061,113.354,146.274,-0.155418,0.000433493,-0.0598293,0.00032573,112.807,0.0331471,0.0785418
2024-12-20,2024-12-20 11:19:32.343000+00:00,ETH-23DEC24-3150-P,P,3150,2024-12-23 08:00:00+00:00,2.83333,0.698951,0.427221,0.8698,0.733,-0.1368,4.44689,110.083,148.107,-0.153494,0.0227063,-1.40078,0.00743059,221.279,-0.217177,-0.172125
2024-12-20,2024-12-20 12:43:11.466000+00:00,ETH-23DEC24-3300-P,P,3300,2024-12-23 08:00:00+00:00,2.83333,0.713435,0.579688,0.8815,0.6538,-0.2277,2.85196,111.617,146.141,-0.155559,0.062791,3.57024,-0.019136,222.317,0.0449716,0.0942052
2024-12-27,2024-12-27 11:58:34.670000+00:00,ETH-3JAN25-3450-C,C,3450,2025-01-03 08:00:00+00:00,6.83333,0.292641,0.479651,0.6974,0.7167,0.0193,-0.423336,186.312,76.5911,-0.0510293,0.010719,1.53488,-0.00426981,186.326,-0.0294313,0.00209769
2024-12-27,2024-12-27 11:56:09.765000+00:00,ETH-29DEC24-3400-P,P,3400,2024-12-29 08:00:00+00:00,1.83333,0.726217,0.456305,0.6169,0.3858,-0.2311,-0.356942,95.9213,322.728,-0.168245,0.0117595,-1.51125,0.00714571,674.89,0.243399,0.299051
2024-12-27,2024-12-27 11:55:47.901000+00:00,ETH-3JAN25-3550-C,C,3550,2025-01-03 08:00:00+00:00,6.83333,0.292558,0.357837,0.6893,0.7218,0.0325,-0.407495,174.433,77.4911,-0.0504366,0.242434,4.86308,-0.0125289,695.121,-0.0415608,-0.0103413
2024-12-27,2024-12-27 11:52:54.132000+00:00,ETH-30DEC24-3400-P,P,3400,2024-12-30 08:00:00+00:00,2.83333,0.704656,0.46005,0.5839,0.5326,-0.0513,-0.402682,119.364,220.626,-0.103041,0.00840529,-0.950664,0.00342581,358.367,0.0750112,0.120467
2024-12-27,2024-12-27 11:46:58.877000+00:00,ETH-29DEC24-3450-C,C,3450,2024-12-29 08:00:00+00:00,1.83333,0.723704,0.394886,0.6149,0.4748,-0.1401,-0.43807,92.941,323.778,-0.1677,0.135208,7.13531,-0.0326443,187.463,0.069887,0.116375
2024-12-27,2024-12-27 12:20:50.544000+00:00,ETH-30DEC24-3350-P,P,3350,2024-12-30 08:00:00+00:00,2.83333,0.709507,0.35221,0.5881,0.5391,-0.049,-0.212664,111.63,219.05,-0.103782,0.21028,-6.30528,0.0214106,111.309,0.0823337,0.127417
2024-12-27,2024-12-27 11:38:06.872000+00:00,ETH-3JAN25-3350-P,P,3350,2025-01-03 08:00:00+00:00,6.83333,0.292033,0.414049,0.6856,0.6936,0.00800003,-0.0609262,181.474,77.9093,-0.0501659,0.0391304,-1.31621,0.00352016,3088.63,0.00868877,0.0405723
2024-12-27,2024-12-27 11:38:04.654000+00:00,ETH-29DEC24-3375-P,P,3375,2024-12-29 08:00:00+00:00,1.83333,0.721283,0.421418,0.6253,0.3554,-0.2699,-0.0913861,94.2907,318.393,-0.170536,0.0491744,-3.48833,0.0164903,94.6933,0.208953,0.263348
2024-12-27,2024-12-27 11:38:01.347000+00:00,ETH-30DEC24-3375-P,P,3375,2024-12-30 08:00:00+00:00,2.83333,0.7021,0.429694,0.5936,0.5426,-0.051,-0.120991,117.702,217.021,-0.104753,0.0374325,-2.39372,0.00867585,233.986,0.0493414,0.0956654
2024-12-27,2024-12-27 11:32:10.927000+00:00,ETH-30DEC24-3400-C,C,3400,2024-12-30 08:00:00+00:00,2.83333,0.701102,0.516756,0.595,0.5367,-0.0583,-0.254566,119.5,216.51,-0.105,-0.000736911,0.199249,-0.000734708,600.022,0.0465936,0.0928156
2024-12-27,2024-12-27 11:30:22.867000+00:00,ETH-29DEC24-3400-C,C,3400,2024-12-29 08:00:00+00:00,1.83333,0.719204,0.520549,0.6078,0.376,-0.2318,-0.22096,96.1275,327.56,-0.165764,0.000721609,-0.197402,0.00092395,193.464,0.167265,0.2243
2025-01-03,2025-01-03 11:57:59.889000+00:00,ETH-10JAN25-3500-C,C,3500,2025-01-10 08:00:00+00:00,6.83333,0.292623,0.470288,0.5636,0.5923,0.0287,5.80175,188.865,94.774,-0.041239,0.0200657,1.96687,-0.00441526,565.771,-0.103645,-0.0711066
2025-01-03,2025-01-03 11:54:15.561000+00:00,ETH-5JAN25-3500-C,C,3500,2025-01-05 08:00:00+00:00,1.83333,0.725695,0.387351,0.4711,0.758,0.2869,5.76078,94.0202,422.609,-0.128482,0.19464,9.58331,-0.0334124,660.008,-0.28946,-0.23354
2025-01-03,2025-01-03 11:52:07.367000+00:00,ETH-10JAN25-3450-P,P,3450,2025-01-10 08:00:00+00:00,6.83333,0.292449,0.458256,0.5565,0.5838,0.0273,5.86141,188.244,95.9832,-0.0407195,0.00540582,-0.376851,0.000833039,188.319,-0.0387495,-0.00642129
2025-01-03,2025-01-03 12:16:52.758000+00:00,ETH-6JAN25-3500-C,C,3500,2025-01-06 08:00:00+00:00,2.83333,0.708815,0.421293,0.4687,0.5635,0.0948,5.65815,119.547,274.853,-0.0827118,0.101172,5.79693,-0.0165256,357.611,-0.233467,-0.186943
2025-01-03,2025-01-03 12:19:03.441000+00:00,ETH-10JAN25-3500-P,P,3500,2025-01-10 08:00:00+00:00,6.83333,0.293251,0.521818,0.5599,0.5891,0.0292,5.74378,189.413,95.4003,-0.0409683,0.0127917,1.71257,-0.0038241,189.228,-0.0468504,-0.0139298
2025-01-03,2025-01-03 12:23:24.327000+00:00,ETH-10JAN25-3550-C,C,3550,2025-01-10 08:00:00+00:00,6.83333,0.293381,0.402353,0.5668,0.6002,0.0334,5.51756,183.845,94.2389,-0.0414732,0.141307,4.18329,-0.0091861,364.603,-0.0915275,-0.0591468
2025-01-03,2025-01-03 11:20:35.401000+00:00,ETH-6JAN25-3400-P,P,3400,2025-01-06 08:00:00+00:00,2.83333,0.699129,0.350053,0.4739,0.6338,0.1599,5.9931,112.599,271.837,-0.0836294,0.281676,-8.2647,0.0225427,113.214,-0.118288,-0.0830177
2025-01-10,2025-01-10 12:01:14.530000+00:00,ETH-12JAN25-3325-C,C,3325,2025-01-12 08:00:00+00:00,1.83333,0.727615,0.473879,0.6075,0.3619,-0.2456,-0.884761,93.4582,327.722,-0.165682,0.0117031,2.52123,-0.0117853,1116.95,0.158814,0.206642
2025-01-10,2025-01-10 12:23:07.405000+00:00,ETH-17JAN25-3250-P,P,3250,2025-01-17 08:00:00+00:00,6.83333,0.293372,0.41292,0.6802,0.6384,-0.0418,-0.304813,175.983,78.5278,-0.0497707,0.0409985,-1.36266,0.00361363,526.531,0.0642297,0.0955331
2025-01-10,2025-01-10 12:25:16.588000+00:00,ETH-13JAN25-3275-P,P,3275,2025-01-13 08:00:00+00:00,2.83333,0.710283,0.428571,0.5812,0.4326,-0.1486,-0.501662,114.168,221.651,-0.102565,0.0396822,-2.50759,0.00889532,228.008,0.146592,0.191437
2025-01-10,2025-01-10 11:33:34.983000+00:00,ETH-12JAN25-3300-C,C,3300,2025-01-12 08:00:00+00:00,1.83333,0.720067,0.509759,0.5927,0.3489,-0.2438,-0.521453,93.2891,335.905,-0.161645,-0.000725048,0.41967,-0.00191746,93.7545,0.203941,0.261378
2025-01-10,2025-01-10 12:34:37.884000+00:00,ETH-12JAN25-3275-C,C,3275,2025-01-12 08:00:00+00:00,1.83333,0.73694,0.575592,0.5809,0.3564,-0.2245,-0.429168,91.5817,342.728,-0.158427,0.048473,-3.60647,0.0158667,90.962,0.245181,0.302764
2025-01-17,2025-01-17 12:01:01.794000+00:00,ETH-20JAN25-3375-C,C,3375,2025-01-20 08:00:00+00:00,2.83333,0.706061,0.628712,0.543,0.6701,0.1271,-3.2844,114.049,237.244,-0.0958235,0.16969,-5.86458,0.0187155,578.871,-0.312465,-0.258225
2025-01-17,2025-01-17 12:02:10.691000+00:00,ETH-19JAN25-3425-C,C,3425,2025-01-19 08:00:00+00:00,1.83333,0.727873,0.505552,0.5623,0.6269,0.0646,-3.31212,96.8053,354.065,-0.153355,-0.000642094,0.650522,-0.00282034,289.92,-0.285625,-0.234489
2025-01-17,2025-01-17 12:02:10.999000+00:00,ETH-20JAN25-3425-C,C,3425,2025-01-20 08:00:00+00:00,2.83333,0.70626,0.511035,0.5605,0.6857,0.1252,-3.39739,120.357,229.837,-0.0989118,-0.00107189,0.439674,-0.00152801,1075.82,-0.244102,-0.195082
2025-01-17,2025-01-17 12:16:17.823000+00:00,ETH-20JAN25-3400-C,C,3400,2025-01-20 08:00:00+00:00,2.83333,0.708713,0.569596,0.548,0.6731,0.1251,-3.29787,118.549,235.079,-0.0967059,0.040517,-2.62645,0.00879181,475.152,-0.284182,-0.233059
2025-01-17,2025-01-17 12:28:46.390000+00:00,ETH-19JAN25-3450-C,C,3450,2025-01-19 08:00:00+00:00,1.83333,0.735287,0.402648,0.5306,0.7738,0.2432,-3.15798,93.7276,375.218,-0.144709,0.130439,7.51377,-0.0298339,189.017,-0.323465,-0.273865
2025-01-17,2025-01-17 11:26:01.311000+00:00,ETH-20JAN25-3500-C,C,3500,2025-01-20 08:00:00+00:00,2.83333,0.700052,0.354852,0.5583,0.7149,0.1566,-3.80045,112.484,230.742,-0.0985235,0.2835,8.60342,-0.0277811,339.076,-0.21932,-0.174314
2025-01-17,2025-01-17 11:24:58.172000+00:00,ETH-19JAN25-3400-C,C,3400,2025-01-19 08:00:00+00:00,1.83333,0.717749,0.60069,0.5486,0.6064,0.0578,-3.95037,93.8801,362.907,-0.149618,0.101802,-5.59874,0.0229174,94.5355,-0.366062,-0.309045
2025-01-17,2025-01-17 12:40:18.868000+00:00,ETH-19JAN25-3375-P,P,3375,2025-01-19 08:00:00+00:00,1.83333,0.738551,0.390875,0.5274,0.5515,0.0241,-2.78008,92.7633,377.495,-0.143836,0.124098,-6.36269,0.0249142,92.0056,-0.178248,-0.115657
2025-01-24,2025-01-24 11:48:35.104000+00:00,ETH-31JAN25-3500-C,C,3500,2025-01-31 08:00:00+00:00,6.83333,0.292344,0.383385,0.6184,0.617,-0.00139999,-1.97075,177.646,86.3755,-0.0452488,0.183084,4.50799,-0.0106546,1617.21,-0.00481177,0.0257958
2025-01-24,2025-01-24 12:19:10.196000+00:00,ETH-26JAN25-3450-C,C,3450,2025-01-26 08:00:00+00:00,1.83333,0.732592,0.3555,0.5475,0.6716,0.1241,-2.34368,89.7608,363.636,-0.149318,0.274883,10.5104,-0.0414519,89.3851,0.00333055,0.0441464
2025-01-24,2025-01-24 11:30:08.281000+00:00,ETH-26JAN25-3425-C,C,3425,2025-01-26 08:00:00+00:00,1.83333,0.719138,0.446342,0.5354,0.6079,0.0725,-2.53336,95.3858,371.855,-0.146018,0.044117,4.58107,-0.0187391,192.052,-0.000310234,0.0430679
2025-01-31,2025-01-31 11:58:25.023000+00:00,ETH-7FEB25-3450-C,C,3450,2025-02-07 08:00:00+00:00,6.83333,0.292636,0.363716,0.6172,0.7089,0.0917,-6.13997,171.467,86.5435,-0.045161,0.244561,5.12765,-0.0118954,4297.23,-0.124514,-0.091139
2025-01-31,2025-01-31 12:02:31.870000+00:00,ETH-7FEB25-3400-C,C,3400,2025-02-07 08:00:00+00:00,6.83333,0.292758,0.428365,0.61,0.659,0.049,-5.95302,179.237,87.565,-0.0446341,0.0781102,3.16265,-0.00758095,3564.16,-0.113761,-0.0802308
2025-01-31,2025-01-31 12:03:22.412000+00:00,ETH-7FEB25-3300-P,P,3300,2025-02-07 08:00:00+00:00,6.83333,0.292783,0.433093,0.5873,0.6852,0.0979,-6.55246,179.435,90.9495,-0.0429732,0.0252839,-1.09673,0.00253638,1615.5,-0.194445,-0.16025
2025-01-31,2025-01-31 12:05:43.918000+00:00,ETH-7FEB25-3250-P,P,3250,2025-02-07 08:00:00+00:00,6.83333,0.292854,0.362268,0.5922,0.676,0.0838,-6.54452,170.994,90.1969,-0.0433317,0.161406,-3.34816,0.00744281,1028.18,-0.174846,-0.140638
2025-01-31,2025-01-31 11:48:29.972000+00:00,ETH-7FEB25-3400-P,P,3400,2025-02-07 08:00:00+00:00,6.83333,0.292341,0.584155,0.6081,0.6519,0.0438,-6.02677,177.642,87.8386,-0.0444951,0.103507,3.55645,-0.0084447,355.542,-0.05095,-0.0160528
2025-01-31,2025-01-31 11:48:24.045000+00:00,ETH-2FEB25-3300-P,P,3300,2025-02-02 08:00:00+00:00,1.83333,0.724091,0.413399,0.5633,0.8752,0.3119,-6.12382,91.8161,353.437,-0.153627,0.0697651,-4.49075,0.0190431,1473.6,-0.156316,-0.0951024
2025-01-31,2025-01-31 12:20:07.700000+00:00,ETH-3FEB25-3325-C,C,3325,2025-02-03 08:00:00+00:00,2.83333,0.709382,0.552558,0.5437,0.6249,0.0812,-6.49451,116.459,236.939,-0.0959471,0.0203846,-1.75387,0.00586356,350.589,-0.253057,-0.207581
2025-01-31,2025-01-31 11:37:59.189000+00:00,ETH-3FEB25-3300-C,C,3300,2025-02-03 08:00:00+00:00,2.83333,0.702094,0.57815,0.5593,0.568,0.00869999,-6.49716,114.723,230.33,-0.0987,0.0523786,-3.00918,0.0102377,115.041,-0.145303,-0.0993889
2025-01-31,2025-01-31 11:32:15.267000+00:00,ETH-2FEB25-3275-C,C,3275,2025-02-02 08:00:00+00:00,1.83333,0.719709,0.643665,0.6003,0.7023,0.102,-6.14043,87.7637,331.652,-0.163718,0.201805,-7.69628,0.0332689,88.2792,-0.177342,-0.119325
2025-01-31,2025-01-31 11:31:57.437000+00:00,ETH-7FEB25-3350-C,C,3350,2025-02-07 08:00:00+00:00,6.83333,0.291851,0.482888,0.6188,0.6729,0.0541,-6.73454,181.376,86.3197,-0.045278,0.00889591,1.50891,-0.00372586,2719.71,-0.0733635,-0.0398082
2025-01-31,2025-01-31 11:27:48.830000+00:00,ETH-3FEB25-3400-C,C,3400,2025-02-03 08:00:00+00:00,2.83333,0.700357,0.351847,0.5797,0.6867,0.107,-5.91737,108.807,222.224,-0.1023,0.285434,8.48,-0.0283459,218.612,-0.0899441,-0.0508326
2025-01-31,2025-01-31 11:23:46.573000+00:00,ETH-7FEB25-3300-C,C,3300,2025-02-07 08:00:00+00:00,6.83333,0.291609,0.55232,0.5975,0.6702,0.0727,-6.07638,179.909,89.3969,-0.0437195,0.0109833,-0.609898,0.00144295,360.703,-0.11951,-0.0852091
2025-02-07,2025-02-07 12:03:14.491000+00:00,ETH-9FEB25-2775-C,C,2775,2025-02-09 08:00:00+00:00,1.83333,0.728167,0.475708,0.6082,0.7739,0.1657,-4.80627,78.0369,327.344,-0.165873,0.0104049,2.41206,-0.0112913,154.81,-0.101792,-0.0600633
2025-02-07,2025-02-07 12:07:47.708000+00:00,ETH-14FEB25-2800-C,C,2800,2025-02-14 08:00:00+00:00,6.83333,0.292915,0.457353,0.6557,0.6573,0.00160004,-4.4011,149.911,81.462,-0.047978,0.0321139,2.19295,-0.00571035,1643.06,-0.028462,0.00299807
2025-02-07,2025-02-07 11:32:38.189000+00:00,ETH-9FEB25-2750-C,C,2750,2025-02-09 08:00:00+00:00,1.83333,0.719812,0.522972,0.6073,0.6595,0.0522,-4.04837,77.7446,327.83,-0.165627,0.00139161,-0.340363,0.00159124,311.895,-0.112386,-0.0670937
2025-02-07,2025-02-07 11:21:58.378000+00:00,ETH-14FEB25-2850-C,C,2850,2025-02-14 08:00:00+00:00,6.83333,0.291556,0.370189,0.6661,0.664,-0.00209999,-4.39942,142.237,80.1901,-0.048739,0.211095,4.64461,-0.0116936,142.551,-0.0397715,-0.00813609
2025-02-14,2025-02-14 12:02:05.095000+00:00,ETH-16FEB25-2675-P,P,2675,2025-02-16 08:00:00+00:00,1.83333,0.727848,0.451727,0.5275,0.3053,-0.2222,0.603509,75.3668,377.424,-0.143864,0.0192834,-2.24372,0.00905964,449.438,0.207842,0.252755
2025-02-14,2025-02-14 11:55:54.984000+00:00,ETH-16FEB25-2700-C,C,2700,2025-02-16 08:00:00+00:00,1.83333,0.72615,0.457964,0.5152,0.3058,-0.2094,0.515218,75.5715,386.434,-0.140509,0.029165,3.89416,-0.0153843,303.901,0.179949,0.233276
2025-02-14,2025-02-14 11:53:49.425000+00:00,ETH-16FEB25-2700-P,P,2700,2025-02-16 08:00:00+00:00,1.83333,0.725575,0.544683,0.5285,0.2852,-0.2433,0.576207,75.4867,376.709,-0.144136,0.0318784,4.00127,-0.0162036,756.799,0.300664,0.355978
2025-02-14,2025-02-14 11:50:15.185000+00:00,ETH-17FEB25-2700-C,C,2700,2025-02-17 08:00:00+00:00,2.83333,0.7042,0.461508,0.5149,0.417,-0.0979,0.336725,93.9479,250.191,-0.0908647,0.026729,3.13389,-0.00996223,374.025,0.104891,0.148661
2025-02-14,2025-02-14 11:49:12.499000+00:00,ETH-17FEB25-2700-P,P,2700,2025-02-17 08:00:00+00:00,2.83333,0.70402,0.540784,0.513,0.4358,-0.0772,0.665398,93.8712,251.118,-0.0905294,0.0295618,3.27011,-0.0103509,377.166,0.159146,0.20456
2025-02-14,2025-02-14 12:16:46.145000+00:00,ETH-21FEB25-2700-C,C,2700,2025-02-21 08:00:00+00:00,6.83333,0.293183,0.496733,0.5928,0.5928,0,0.248124,146.796,90.1057,-0.0433756,0.00122132,1.10004,-0.00260447,1028.86,0.0248723,0.0565496
2025-02-21,2025-02-21 12:01:56.654000+00:00,ETH-23FEB25-2800-C,C,2800,2025-02-23 08:00:00+00:00,1.83333,0.727809,0.465932,0.4409,0.4271,-0.0138,-0.723476,78.6294,451.556,-0.120245,0.0226198,3.73483,-0.0126514,315.591,-0.319602,-0.261474
2025-02-21,2025-02-21 11:56:58.646000+00:00,ETH-28FEB25-2800-C,C,2800,2025-02-28 08:00:00+00:00,6.83333,0.292593,0.501659,0.5246,0.6158,0.0912,-1.25084,152.491,101.82,-0.0383854,-0.000534881,0.942197,-0.00197417,1525.66,-0.132478,-0.0984973
2025-02-21,2025-02-21 11:22:28.364000+00:00,ETH-24FEB25-2825-C,C,2825,2025-02-24 08:00:00+00:00,2.83333,0.699449,0.408499,0.4721,0.5217,0.0496,-1.29181,95.6309,272.873,-0.0833118,0.135158,6.59352,-0.0187924,670.261,-0.318793,-0.273155
2025-02-28,2025-02-28 12:01:09.936000+00:00,ETH-7MAR25-2100-P,P,2100,2025-03-07 08:00:00+00:00,6.83333,0.292718,0.434141,0.8373,0.7396,-0.0977,4.22081,114.48,63.7939,-0.0612659,0.0101556,-0.447558,0.0014763,800.87,0.018978,0.0519888
2025-02-28,2025-02-28 12:01:10.058000+00:00,ETH-3MAR25-2100-C,C,2100,2025-03-03 08:00:00+00:00,2.83333,0.706084,0.572359,0.9124,0.803,-0.1094,4.66665,73.43,141.192,-0.161012,0.0203834,-1.26861,0.00706115,73.4193,-0.12321,-0.0750316
2025-02-28,2025-02-28 12:01:42.963000+00:00,ETH-2MAR25-2175-P,P,2175,2025-03-02 08:00:00+00:00,1.83333,0.727746,0.506419,2.593,0.5608,-2.0322,4.10568,60.2803,76.7801,-0.707182,0.00123488,1.08721,-0.0217356,60.2606,2.04092,2.08513
2025-02-28,2025-02-28 11:55:00.806000+00:00,ETH-2MAR25-2100-P,P,2100,2025-03-02 08:00:00+00:00,1.83333,0.725902,0.413098,0.99,0.8729,-0.1171,3.80981,58.7146,201.102,-0.27,0.0331938,-2.1316,0.0158844,58.7719,-0.0537984,-0.00877146
2025-02-28,2025-02-28 11:41:18.777000+00:00,ETH-2MAR25-2150-C,C,2150,2025-03-02 08:00:00+00:00,1.83333,0.722161,0.479513,0.9265,0.7504,-0.1761,3.92223,60.3708,214.885,-0.252682,0.00656534,1.78872,-0.012762,60.5854,0.015721,0.0749272
2025-03-07,2025-03-07 12:04:39.360000+00:00,ETH-9MAR25-2200-P,P,2200,2025-03-09 08:00:00+00:00,1.83333,0.728558,0.502625,0.7625,0.4369,-0.3256,-0.0262212,62.0884,261.103,-0.207955,0.000518476,1.12079,-0.00658971,62.0336,0.236703,0.294895
2025-03-07,2025-03-07 12:04:55.441000+00:00,ETH-10MAR25-2200-P,P,2200,2025-03-10 08:00:00+00:00,2.83333,0.706735,0.497643,0.7015,0.5444,-0.1571,0.286349,77.2071,183.64,-0.123794,-0.000473228,0.903852,-0.0039328,154.825,0.157515,0.204224
2025-03-07,2025-03-07 11:54:51.087000+00:00,ETH-14MAR25-2200-P,P,2200,2025-03-14 08:00:00+00:00,6.83333,0.29253,0.485147,0.7197,0.665,-0.0547,0.440424,119.864,74.2179,-0.052661,-0.00316797,0.621984,-0.00178668,716.957,0.0537239,0.086669
2025-03-07,2025-03-07 11:54:01.296000+00:00,ETH-9MAR25-2200-C,C,2200,2025-03-09 08:00:00+00:00,1.83333,0.72563,0.495017,0.7422,0.4739,-0.2683,0.145366,62.0704,268.244,-0.202418,0.00110324,1.23888,-0.00708969,187.294,0.13422,0.196575
2025-03-07,2025-03-07 12:18:12.443000+00:00,ETH-14MAR25-2150-P,P,2150,2025-03-14 08:00:00+00:00,6.83333,0.293225,0.397429,0.7312,0.6905,-0.0407,0.402627,115.87,73.0506,-0.0535024,0.0567948,-1.59735,0.00451016,231.953,0.027245,0.0591289
2025-03-07,2025-03-07 12:25:52.314000+00:00,ETH-9MAR25-2150-P,P,2150,2025-03-09 08:00:00+00:00,1.83333,0.734471,0.361538,0.8055,0.6805,-0.125,0.652163,58.1865,247.164,-0.219682,0.129592,-5.1816,0.0302413,294.137,0.213941,0.265164
2025-03-14,2025-03-14 12:00:06.115000+00:00,ETH-17MAR25-1925-P,P,1925,2025-03-17 08:00:00+00:00,2.83333,0.7059,0.576954,0.6098,0.4809,-0.1289,1.74539,65.6154,211.255,-0.107612,0.0788866,4.61281,-0.0171221,65.6146,0.161423,0.206232
2025-03-14,2025-03-14 12:03:08.342000+00:00,ETH-21MAR25-1900-P,P,1900,2025-03-21 08:00:00+00:00,6.83333,0.292776,0.47937,0.7166,0.6854,-0.0312,2.08341,103.602,74.539,-0.0524341,-0.00334365,0.472297,-0.00134998,311.156,0.0687374,0.0994703
2025-03-14,2025-03-14 11:53:23.764000+00:00,ETH-21MAR25-1950-C,C,1950,2025-03-21 08:00:00+00:00,6.83333,0.292487,0.416462,0.7033,0.6948,-0.00849998,1.93424,101.534,75.9486,-0.051461,0.0922142,3.19324,-0.00877237,509.666,0.0436397,0.0743626
2025-03-21,2025-03-21 12:00:02.770000+00:00,ETH-24MAR25-1975-P,P,1975,2025-03-24 08:00:00+00:00,2.83333,0.70589,0.532405,0.4791,0.384,-0.0951,0.69888,68.8916,268.887,-0.0845471,0.0209655,2.92639,-0.00866776,479.968,0.0960307,0.144198
2025-03-21,2025-03-21 11:56:34.085000+00:00,ETH-23MAR25-1950-P,P,1950,2025-03-23 08:00:00+00:00,1.83333,0.726329,0.404892,0.5025,0.3355,-0.167,0.571015,53.985,396.201,-0.137045,0.0983598,-5.76261,0.0216907,757.058,0.1269,0.172228
2025-03-21,2025-03-21 12:05:03.050000+00:00,ETH-23MAR25-1975-P,P,1975,2025-03-23 08:00:00+00:00,1.83333,0.728667,0.537679,0.4953,0.2636,-0.2317,0.582725,55.374,401.96,-0.135082,0.024711,3.69106,-0.0140344,379.705,0.211762,0.271538
2025-03-21,2025-03-21 12:17:26.691000+00:00,ETH-24MAR25-2000-C,C,2000,2025-03-24 08:00:00+00:00,2.83333,0.708913,0.361672,0.4688,0.377,-0.0918,0.541036,65.0363,274.794,-0.0827294,0.297141,9.55001,-0.0260913,64.8777,0.0747501,0.121761
2025-03-21,2025-03-21 12:29:03.834000+00:00,ETH-24MAR25-1975-C,C,1975,2025-03-24 08:00:00+00:00,2.83333,0.710947,0.491165,0.4808,0.3976,-0.0832,0.368228,69.2759,267.936,-0.0848471,0.00293029,1.51741,-0.00452427,544.6,0.114906,0.159703
2025-03-21,2025-03-21 12:41:23.798000+00:00,ETH-23MAR25-1925-P,P,1925,2025-03-23 08:00:00+00:00,1.83333,0.738858,0.410753,0.5627,0.4331,-0.1296,1.92121,53.5109,353.814,-0.153464,0.0734002,-4.62055,0.0195512,53.0722,0.177753,0.21599
2025-03-28,2025-03-28 12:00:30.541000+00:00,ETH-4APR25-1900-P,P,1900,2025-04-04 08:00:00+00:00,6.83333,0.292698,0.48493,0.6414,0.7699,0.1285,-4.23476,103.584,83.2782,-0.0469317,-0.00294408,0.569443,-0.00145776,1554.16,-0.176678,-0.14477
2025-03-28,2025-03-28 12:05:04.570000+00:00,ETH-30MAR25-1900-C,C,1900,2025-03-30 08:00:00+00:00,1.83333,0.728674,0.479927,0.5993,0.7095,0.1102,-3.5374,53.4898,332.206,-0.163445,0.00777403,2.18303,-0.0100755,1063.2,0.0265085,0.0730211
2025-03-28,2025-03-28 12:08:55.918000+00:00,ETH-4APR25-1900-C,C,1900,2025-04-04 08:00:00+00:00,6.83333,0.292949,0.501699,0.6689,0.7682,0.0993,-3.62282,103.319,79.8544,-0.0489439,-0.000560374,0.953047,-0.00254618,1759.81,-0.0633709,-0.0315137
2025-03-28,2025-03-28 11:47:43.305000+00:00,ETH-31MAR25-1925-C,C,1925,2025-03-31 08:00:00+00:00,2.83333,0.703764,0.389187,0.5744,0.6932,0.1188,-4.22898,64.022,224.275,-0.101365,0.163227,6.57105,-0.0224995,325.719,-0.0813696,-0.0390608
2025-03-28,2025-03-28 12:23:27.391000+00:00,ETH-31MAR25-1900-C,C,1900,2025-03-31 08:00:00+00:00,2.83333,0.709964,0.463548,0.5638,0.6716,0.1078,-3.25471,66.1246,228.492,-0.0994941,0.0227434,2.83381,-0.00986914,1196.94,-0.0393595,0.00656156
2025-03-28,2025-03-28 11:30:15.518000+00:00,ETH-31MAR25-1875-C,C,1875,2025-03-31 08:00:00+00:00,2.83333,0.700774,0.603206,0.6193,0.6524,0.0331,-3.65124,64.4961,208.015,-0.109288,0.0880673,-3.80921,0.0141374,64.7435,0.0180832,0.0666135
2025-04-04,2025-04-04 11:59:26.587000+00:00,ETH-7APR25-1800-P,P,1800,2025-04-07 08:00:00+00:00,2.83333,0.705786,0.538271,0.7632,0.5467,-0.2165,1.11689,62.4298,168.794,-0.134682,0.0205644,2.42903,-0.0114459,185.328,0.280494,0.324536
2025-04-04,2025-04-04 11:57:06.653000+00:00,ETH-6APR25-1775-P,P,1775,2025-04-06 08:00:00+00:00,1.83333,0.726478,0.465664,0.8196,0.5559,-0.2637,1.49797,50.1662,242.912,-0.223527,0.00295517,-0.483792,0.00304621,802.905,0.414137,0.46129
2025-04-04,2025-04-04 12:03:32.027000+00:00,ETH-7APR25-1775-P,P,1775,2025-04-07 08:00:00+00:00,2.83333,0.706494,0.47286,0.7899,0.5833,-0.2066,1.52321,62.3893,163.088,-0.139394,-0.000130351,0.021731,-0.000106226,312.431,0.280953,0.323347
2025-04-04,2025-04-04 11:54:48.081000+00:00,ETH-6APR25-1800-C,C,1800,2025-04-06 08:00:00+00:00,1.83333,0.725843,0.434574,0.8149,0.4307,-0.3842,1.46451,49.6462,244.313,-0.222245,0.0450839,3.85628,-0.0239043,294.626,0.448173,0.501941
2025-04-04,2025-04-04 11:54:38.952000+00:00,ETH-7APR25-1800-C,C,1800,2025-04-07 08:00:00+00:00,2.83333,0.704958,0.446981,0.7561,0.5204,-0.2357,1.50438,62.0148,170.379,-0.133429,0.0352995,3.00286,-0.0139583,495.458,0.275729,0.318913
2025-04-04,2025-04-04 12:10:20.993000+00:00,ETH-11APR25-1850-C,C,1850,2025-04-11 08:00:00+00:00,6.83333,0.292991,0.364672,0.7252,0.6942,-0.031,1.65302,91.4646,73.655,-0.0530634,0.212164,4.48459,-0.0122359,275.563,0.0463619,0.0771208
2025-04-04,2025-04-04 12:18:10.188000+00:00,ETH-7APR25-1750-P,P,1750,2025-04-07 08:00:00+00:00,2.83333,0.70904,0.391653,0.8294,0.6356,-0.1938,1.52362,60.2747,155.321,-0.146365,0.0666999,-2.75729,0.0136603,60.1329,0.249611,0.291642
2025-04-04,2025-04-04 11:36:46.584000+00:00,ETH-6APR25-1800-P,P,1800,2025-04-06 08:00:00+00:00,1.83333,0.720931,0.587191,0.8399,0.4614,-0.3785,1.96933,48.9216,237.041,-0.229064,0.0741455,4.72203,-0.0298408,98.8445,0.584073,0.637883
2025-04-11,2025-04-11 12:00:09.563000+00:00,ETH-13APR25-1575-C,C,1575,2025-04-13 08:00:00+00:00,1.83333,0.727317,0.424816,0.7256,0.6943,-0.0313,5.18239,43.2566,274.381,-0.197891,0.062969,4.68659,-0.025755,302.929,-0.0687824,-0.011724
2025-04-11,2025-04-11 12:03:32.905000+00:00,ETH-13APR25-1575-P,P,1575,2025-04-13 08:00:00+00:00,1.83333,0.728252,0.576218,0.7442,0.7681,0.0239,5.55698,43.2167,267.523,-0.202964,0.0631791,4.64148,-0.0261486,173.989,-0.0874806,-0.038158
2025-04-11,2025-04-11 11:50:09.254000+00:00,ETH-14APR25-1550-P,P,1550,2025-04-14 08:00:00+00:00,2.83333,0.704183,0.451395,0.7346,0.8135,0.0789,5.51487,54.3909,175.366,-0.129635,0.00956281,-0.88816,0.00401683,217.724,-0.0892593,-0.0433409
2025-04-11,2025-04-11 11:47:30.922000+00:00,ETH-13APR25-1550-P,P,1550,2025-04-13 08:00:00+00:00,1.83333,0.72385,0.434504,0.7635,0.8737,0.1102,5.55137,43.5549,260.761,-0.208227,0.0240295,-2.05264,0.0119209,87.5791,-0.0452473,-0.00215161
2025-04-11,2025-04-11 11:43:14.218000+00:00,ETH-18APR25-1600-P,P,1600,2025-04-18 08:00:00+00:00,6.83333,0.292185,0.568859,0.7867,0.7996,0.0129,5.22316,83.9481,67.8971,-0.0575634,0.062125,2.61379,-0.00808993,84.0231,-0.0275815,0.00623933
2025-04-18,2025-04-18 11:57:51.210000+00:00,ETH-21APR25-1575-P,P,1575,2025-04-21 08:00:00+00:00,2.83333,0.705511,0.393792,0.4687,0.4627,-0.00599998,1.19905,53.9366,274.853,-0.0827118,0.131226,-5.52644,0.0154936,273.159,0.0584094,0.101502
2025-04-18,2025-04-18 12:05:00.984000+00:00,ETH-21APR25-1600-C,C,1600,2025-04-21 08:00:00+00:00,2.83333,0.706751,0.449644,0.4547,0.4415,-0.0132,1.40914,55.464,283.315,-0.0802412,0.0463108,4.15658,-0.0116298,386.289,0.0744014,0.116738
2025-04-18,2025-04-18 12:09:15.362000+00:00,ETH-20APR25-1600-P,P,1600,2025-04-20 08:00:00+00:00,1.83333,0.729832,0.584135,0.4253,0.3495,-0.0758,1.31019,43.9305,468.119,-0.115991,0.120763,8.03535,-0.0257661,43.8495,0.155645,0.208916
2025-04-18,2025-04-18 12:09:22.395000+00:00,ETH-21APR25-1575-C,C,1575,2025-04-21 08:00:00+00:00,2.83333,0.707508,0.595116,0.4577,0.4813,0.0236,1.61617,54.2616,281.458,-0.0807706,0.105179,-4.96383,0.0136906,163.604,-0.00599792,0.0387749
2025-04-18,2025-04-18 11:45:51.587000+00:00,ETH-20APR25-1600-C,C,1600,2025-04-20 08:00:00+00:00,1.83333,0.723398,0.408205,0.3958,0.373,-0.0228,1.27794,43.7242,503.009,-0.107945,0.153503,9.30131,-0.0276286,351.095,0.117447,0.174562
2025-04-18,2025-04-18 11:45:48.551000+00:00,ETH-21APR25-1600-P,P,1600,2025-04-21 08:00:00+00:00,2.83333,0.703436,0.558282,0.4548,0.4305,-0.0243,1.58542,55.2635,283.253,-0.0802588,0.0604209,4.66706,-0.0130245,609.096,0.104642,0.150259
2025-04-18,2025-04-18 11:42:46.133000+00:00,ETH-25APR25-1600-C,C,1600,2025-04-25 08:00:00+00:00,6.83333,0.292171,0.487858,0.6119,0.6406,0.0287,1.52375,86.769,87.2931,-0.0447732,0.00570275,1.36476,-0.00333389,521.221,-0.0134279,0.0175237
2025-04-25,2025-04-25 12:00:09.866000+00:00,ETH-28APR25-1800-P,P,1800,2025-04-28 08:00:00+00:00,2.83333,0.705911,0.526691,0.5854,0.485,-0.1004,1.72251,62.8253,220.061,-0.103306,0.0135561,2.2981,-0.00832594,500.589,0.128736,0.173554
2025-04-25,2025-04-25 12:03:34.050000+00:00,ETH-2MAY25-1850-C,C,1850,2025-05-02 08:00:00+00:00,6.83333,0.292789,0.368401,0.6659,0.6762,0.0103001,2.38981,92.1798,80.2142,-0.0487244,0.215528,4.68789,-0.0117838,372.82,-0.0160767,0.0147817
2025-04-25,2025-04-25 12:04:45.393000+00:00,ETH-28APR25-1800-C,C,1800,2025-04-28 08:00:00+00:00,2.83333,0.706706,0.448837,0.5688,0.4937,-0.0751,1.85958,62.267,226.483,-0.100376,0.0403489,3.56404,-0.012471,187.591,0.153887,0.197763
2025-04-25,2025-04-25 11:55:05.525000+00:00,ETH-27APR25-1800-C,C,1800,2025-04-27 08:00:00+00:00,1.83333,0.725923,0.430716,0.5933,0.5875,-0.00580002,2.81148,49.7108,335.565,-0.161809,0.0638571,5.15599,-0.023231,451.464,-0.10148,-0.0436687
2025-04-25,2025-04-25 11:52:23.320000+00:00,ETH-2MAY25-1800-C,C,1800,2025-05-02 08:00:00+00:00,6.83333,0.292457,0.47755,0.6514,0.7011,0.0497,3.34454,97.2201,81.9997,-0.0476634,0.012588,1.63235,-0.00424022,390.312,-0.167081,-0.135032
2025-04-25,2025-04-25 12:13:35.924000+00:00,ETH-27APR25-1800-P,P,1800,2025-04-27 08:00:00+00:00,1.83333,0.731038,0.49476,0.5866,0.4679,-0.1187,1.28494,50.8724,339.398,-0.159982,-0.000638671,0.682309,-0.00308601,149.585,0.258448,0.308138
2025-04-25,2025-04-25 12:13:58.657000+00:00,ETH-27APR25-1825-C,C,1825,2025-04-27 08:00:00+00:00,1.83333,0.731144,0.382863,0.6159,0.4467,-0.1692,1.3247,48.69,323.252,-0.167973,0.164334,7.80557,-0.0354703,95.6084,0.318377,0.36884
2025-04-25,2025-04-25 12:13:58.801000+00:00,ETH-27APR25-1775-C,C,1775,2025-04-27 08:00:00+00:00,1.83333,0.731144,0.63426,0.6097,1.1096,0.4999,2.46765,47.9899,326.539,-0.166282,0.167981,-6.92309,0.0306956,47.8496,-0.306321,-0.248534
2025-04-25,2025-04-25 11:39:57.864000+00:00,ETH-2MAY25-1750-P,P,1750,2025-05-02 08:00:00+00:00,6.83333,0.292088,0.402147,0.6644,0.6766,0.0122,2.24244,94.3545,80.3953,-0.0486146,0.0586093,-1.72753,0.00444553,565.46,0.0213194,0.0525383
2025-05-02,2025-05-02 12:01:01.095000+00:00,ETH-5MAY25-1850-C,C,1850,2025-05-05 08:00:00+00:00,2.83333,0.706059,0.432213,0.4745,0.3876,-0.0869,-0.291498,63.5736,271.493,-0.0837353,0.0764609,5.08352,-0.0147454,315.977,0.0953462,0.140134
2025-05-02,2025-05-02 11:53:36.643000+00:00,ETH-5MAY25-1825-P,P,1825,2025-05-05 08:00:00+00:00,2.83333,0.704779,0.442644,0.4828,0.3755,-0.1073,-0.0927996,63.8152,266.826,-0.0852,0.0304401,-2.39348,0.00709344,1594.56,0.142953,0.18442
2025-05-02,2025-05-02 12:10:01.115000+00:00,ETH-4MAY25-1825-P,P,1825,2025-05-04 08:00:00+00:00,1.83333,0.730043,0.423327,0.4711,0.3631,-0.108,-0.19572,50.9459,422.609,-0.128482,0.065454,-4.78313,0.0170546,101.672,0.0938091,0.148021
2025-05-02,2025-05-02 12:30:01.269000+00:00,ETH-9MAY25-1850-C,C,1850,2025-05-09 08:00:00+00:00,6.83333,0.293579,0.475724,0.5938,0.571,-0.0228,-0.0959841,99.9719,89.9539,-0.0434488,0.0145006,1.74675,-0.00413513,1094.3,0.0967808,0.127244
2025-05-02,2025-05-02 12:34:54.950000+00:00,ETH-5MAY25-1800-P,P,1800,2025-05-05 08:00:00+00:00,2.83333,0.711975,0.364684,0.4991,0.4194,-0.0797,0.854221,60.4715,258.112,-0.0880765,0.207657,-6.83816,0.0199487,60.1853,0.105751,0.148103
2025-05-02,2025-05-02 11:17:14.113000+00:00,ETH-9MAY25-1900-C,C,1900,2025-05-09 08:00:00+00:00,6.83333,0.291416,0.350169,0.5845,0.5629,-0.0216,0.210073,93.0485,91.3852,-0.0427683,0.307543,5.82493,-0.0126229,186.573,0.0315737,0.0623589
2025-05-09,2025-05-09 12:02:36.717000+00:00,ETH-11MAY25-2300-P,P,2300,2025-05-11 08:00:00+00:00,1.83333,0.727993,0.369356,0.9325,1.9462,1.0137,10.0632,62.747,213.502,-0.254318,0.0955904,-4.04519,0.0275144,568.235,-0.109007,-0.0596525
2025-05-09,2025-05-09 12:03:11.692000+00:00,ETH-11MAY25-2325-P,P,2325,2025-05-11 08:00:00+00:00,1.83333,0.728154,0.436899,0.9321,1.7961,0.864,10.3089,65.4547,213.594,-0.254209,0.0157944,-1.40357,0.00996174,982.195,-0.106849,-0.0558886
2025-05-09,2025-05-09 12:04:53.875000+00:00,ETH-12MAY25-2350-P,P,2350,2025-05-12 08:00:00+00:00,2.83333,0.706731,0.497597,0.871,1.1737,0.3027,10.7071,82.394,147.903,-0.153706,-0.000492164,0.92096,-0.00497549,165.067,-0.197735,-0.146065
2025-05-09,2025-05-09 12:05:01.391000+00:00,ETH-11MAY25-2350-C,C,2350,2025-05-11 08:00:00+00:00,1.83333,0.728659,0.499958,0.9624,1.7545,0.7921,9.83932,66.2889,206.869,-0.262473,2.9117e-06,1.0006,-0.00742557,265.224,0.0838595,0.147093
2025-05-09,2025-05-09 11:54:07.290000+00:00,ETH-12MAY25-2325-P,P,2325,2025-05-12 08:00:00+00:00,2.83333,0.704867,0.435017,0.8535,1.2149,0.3614,10.152,81.4021,150.936,-0.150618,0.0169686,-1.17666,0.00614639,244.404,-0.119981,-0.0724639
2025-05-09,2025-05-09 12:06:48.035000+00:00,ETH-11MAY25-2375-C,C,2375,2025-05-11 08:00:00+00:00,1.83333,0.729151,0.428147,0.9567,1.7548,0.7981,10.0996,65.1074,208.102,-0.260918,0.0469694,3.66614,-0.0266073,452.577,-0.0192,0.0454159
2025-05-09,2025-05-09 11:51:10.951000+00:00,ETH-11MAY25-2350-P,P,2350,2025-05-11 08:00:00+00:00,1.83333,0.724852,0.486259,0.9685,1.6534,0.6849,10.4364,66.4045,205.566,-0.264136,-0.00121615,0.498925,-0.00372384,133.258,-0.00744151,0.0416895
2025-05-09,2025-05-09 11:49:43.183000+00:00,ETH-16MAY25-2350-P,P,2350,2025-05-16 08:00:00+00:00,6.83333,0.292377,0.469473,0.8162,0.9261,0.1099,9.45116,128.198,65.4431,-0.059722,-0.00329318,0.3143,-0.00102161,256.679,-0.156318,-0.121882
2025-05-09,2025-05-09 11:48:13.351000+00:00,ETH-16MAY25-2400-P,P,2400,2025-05-16 08:00:00+00:00,6.83333,0.292333,0.544312,0.8129,0.8998,0.0869,9.55832,127.798,65.7087,-0.0594805,0.0305237,2.00189,-0.00645949,254.645,-0.161584,-0.12618
2025-05-09,2025-05-09 11:47:51.521000+00:00,ETH-16MAY25-2450-P,P,2450,2025-05-16 08:00:00+00:00,6.83333,0.292322,0.614995,0.8136,0.8968,0.0832,9.6357,123.258,65.6522,-0.0595317,0.145274,3.62851,-0.011297,123.343,-0.182445,-0.145544
2025-05-09,2025-05-09 11:45:03.914000+00:00,ETH-12MAY25-2375-P,P,2375,2025-05-12 08:00:00+00:00,2.83333,0.703308,0.533226,0.8861,1.107,0.2209,9.65513,82.3939,145.383,-0.156371,0.0152741,2.07181,-0.0113474,162.596,-0.141071,-0.0904176
2025-05-09,2025-05-09 11:45:02.831000+00:00,ETH-12MAY25-2400-P,P,2400,2025-05-12 08:00:00+00:00,2.83333,0.703305,0.584003,0.8954,1.0515,0.1561,9.88442,80.847,143.873,-0.158012,0.0692532,3.69588,-0.0200677,81.0042,-0.141841,-0.0893989
2025-05-09,2025-05-09 11:44:10.620000+00:00,ETH-16MAY25-2350-C,C,2350,2025-05-16 08:00:00+00:00,6.83333,0.292213,0.525421,0.8089,0.9153,0.1064,9.9017,128.135,66.0337,-0.0591878,-0.00369901,0.424231,-0.00136783,256.268,-0.0930057,-0.0583073
2025-05-09,2025-05-09 12:21:12.954000+00:00,ETH-11MAY25-2400-C,C,2400,2025-05-11 08:00:00+00:00,1.83333,0.733165,0.367784,0.9644,2.2111,1.2467,10.6637,62.5282,206.44,-0.263018,0.140948,5.91731,-0.0415878,126.933,-0.262428,-0.19775
2025-05-09,2025-05-09 11:26:51.656000+00:00,ETH-16MAY25-2450-C,C,2450,2025-05-16 08:00:00+00:00,6.83333,0.291701,0.375319,0.83,0.8639,0.0339,8.17353,121.816,64.355,-0.0607317,0.165821,3.80475,-0.0119892,864.362,0.218384,0.252436
2025-05-09,2025-05-09 11:26:42.247000+00:00,ETH-12MAY25-2425-C,C,2425,2025-05-12 08:00:00+00:00,2.83333,0.700168,0.387608,0.8718,0.941,0.0692,7.20284,79.7769,147.767,-0.153847,0.119794,4.73695,-0.0245816,160.545,0.577365,0.626041
2025-05-09,2025-05-09 11:26:37.930000+00:00,ETH-16MAY25-2400-C,C,2400,2025-05-16 08:00:00+00:00,6.83333,0.291694,0.482659,0.8088,0.9707,0.1619,9.32013,129.454,66.0418,-0.0591805,0.00835059,1.39526,-0.00450296,1912.49,-0.0882785,-0.0545621
2025-05-09,2025-05-09 11:26:37.885000+00:00,ETH-12MAY25-2450-C,C,2450,2025-05-12 08:00:00+00:00,2.83333,0.700156,0.360804,0.9219,0.949,0.0271,8.03563,78.1931,139.737,-0.162688,0.170646,5.40873,-0.029008,78.5624,0.341434,0.389959
2025-05-09,2025-05-09 12:34:24.884000+00:00,ETH-16MAY25-2300-C,C,2300,2025-05-16 08:00:00+00:00,6.83333,0.29371,0.59743,0.8069,1.052,0.2451,10.4718,124.391,66.1973,-0.0590415,0.0415575,-1.23234,0.0038528,1241.58,-0.224718,-0.188999
2025-05-09,2025-05-09 11:17:49.895000+00:00,ETH-11MAY25-2425-C,C,2425,2025-05-11 08:00:00+00:00,1.83333,0.715839,0.368411,0.9891,1.3457,0.3566,8.79975,63.0523,201.285,-0.269755,0.140439,5.84024,-0.0420518,63.6233,0.20178,0.263768
2025-05-16,2025-05-16 12:05:06.881000+00:00,ETH-18MAY25-2625-C,C,2625,2025-05-18 08:00:00+00:00,1.83333,0.728684,0.488615,0.6004,0.8375,0.2371,-5.50661,74.0318,331.597,-0.163745,0.0033684,1.66917,-0.00772463,370.199,-0.0496365,-0.00843221
2025-05-16,2025-05-16 12:25:52.966000+00:00,ETH-23MAY25-2600-C,C,2600,2025-05-23 08:00:00+00:00,6.83333,0.293455,0.51037,0.7032,0.666,-0.0372,-4.49747,141.575,75.9594,-0.0514537,-0.00260172,0.728855,-0.0020464,283.044,0.00845235,0.0397561
2025-05-23,2025-05-23 12:00:28.387000+00:00,ETH-30MAY25-2500-P,P,2500,2025-05-30 08:00:00+00:00,6.83333,0.292697,0.396118,0.7426,0.7139,-0.0287,-0.824271,134.69,71.9292,-0.0543366,0.0573908,-1.59238,0.00456199,3767.02,0.0306957,0.0614274
2025-05-23,2025-05-23 12:00:54.238000+00:00,ETH-25MAY25-2600-P,P,2600,2025-05-25 08:00:00+00:00,1.83333,0.727522,0.645086,0.8516,0.7637,-0.0879,-0.30497,66.952,233.785,-0.232255,0.188876,7.1638,-0.0438975,706.54,0.361266,0.418616
2025-05-23,2025-05-23 12:01:43.864000+00:00,ETH-25MAY25-2550-P,P,2550,2025-05-25 08:00:00+00:00,1.83333,0.72775,0.515021,0.7703,0.3509,-0.4194,-0.259555,71.7923,258.459,-0.210082,0.0045051,1.68928,-0.0100269,1144.03,0.5026,0.555215
2025-05-23,2025-05-23 12:03:25.243000+00:00,ETH-26MAY25-2500-P,P,2500,2025-05-26 08:00:00+00:00,2.83333,0.706475,0.363243,0.6894,0.5716,-0.1178,-0.593615,84.2798,186.863,-0.121659,0.14656,-4.75705,0.0191356,2302.57,0.178606,0.221407
2025-05-23,2025-05-23 11:56:16.142000+00:00,ETH-26MAY25-2550-P,P,2550,2025-05-26 08:00:00+00:00,2.83333,0.705237,0.440527,0.6735,0.5734,-0.1001,-1.99119,89.2649,191.275,-0.118853,0.020076,-1.52238,0.00628901,623.661,0.0360593,0.0788181
2025-05-23,2025-05-23 11:56:14.096000+00:00,ETH-25MAY25-2575-P,P,2575,2025-05-25 08:00:00+00:00,1.83333,0.726237,0.508173,0.7143,0.5367,-0.1776,-1.75872,72.621,278.722,-0.194809,0.00204614,1.40571,-0.00774099,706.25,0.116397,0.170471
2025-05-23,2025-05-23 12:07:17.315000+00:00,ETH-25MAY25-2550-C,C,2550,2025-05-25 08:00:00+00:00,1.83333,0.729286,0.508359,0.7859,0.4411,-0.3448,-0.603187,72.0548,253.329,-0.214336,-0.000927218,0.62292,-0.00377413,284.618,0.49912,0.548529
2025-05-23,2025-05-23 11:52:24.153000+00:00,ETH-26MAY25-2550-C,C,2550,2025-05-26 08:00:00+00:00,2.83333,0.70457,0.527617,0.6608,0.5503,-0.1105,-1.08428,89.6244,194.951,-0.116612,0.00116094,-0.190164,0.00077757,443.854,0.103473,0.148718
2025-05-23,2025-05-23 11:51:47.592000+00:00,ETH-30MAY25-2600-C,C,2600,2025-05-30 08:00:00+00:00,6.83333,0.292439,0.464446,0.723,0.7169,-0.00610001,-1.13875,139.431,73.8792,-0.0529024,0.0232551,1.90288,-0.00547311,2901.4,0.00718945,0.0383178
2025-05-23,2025-05-23 11:51:41.594000+00:00,ETH-25MAY25-2525-P,P,2525,2025-05-25 08:00:00+00:00,1.83333,0.724992,0.356573,0.7236,0.5189,-0.2047,-1.44891,67.8963,275.139,-0.197345,0.161196,-6.17842,0.0322152,704.167,0.361848,0.414933
2025-05-23,2025-05-23 11:50:07.616000+00:00,ETH-30MAY25-2700-P,P,2700,2025-05-30 08:00:00+00:00,6.83333,0.29239,0.642534,0.753,0.7904,0.0374,-3.82981,132.063,70.9358,-0.0550976,0.227395,4.54727,-0.0127926,401.212,-0.343201,-0.309748
2025-05-23,2025-05-23 12:10:27.361000+00:00,ETH-25MAY25-2500-P,P,2500,2025-05-25 08:00:00+00:00,1.83333,0.730165,0.353394,0.7816,0.5342,-0.2474,-0.789825,67.1534,254.722,-0.213164,0.153821,-5.77947,0.032461,1287.33,0.367678,0.415763
2025-05-23,2025-05-23 11:49:13.812000+00:00,ETH-25MAY25-2625-P,P,2625,2025-05-25 08:00:00+00:00,1.83333,0.724318,0.606704,0.6525,1.0147,0.3622,-2.9073,70.5677,305.12,-0.177955,0.132107,6.86855,-0.0333093,438.717,-0.23652,-0.180121
2025-05-23,2025-05-23 11:49:10.195000+00:00,ETH-26MAY25-2650-P,P,2650,2025-05-26 08:00:00+00:00,2.83333,0.704014,0.640908,0.643,0.6323,-0.0107,-2.39418,85.3494,200.348,-0.113471,0.235017,7.38005,-0.0275732,85.4797,-0.0224582,0.02496
2025-05-23,2025-05-23 11:48:06.195000+00:00,ETH-30MAY25-2700-C,C,2700,2025-05-30 08:00:00+00:00,6.83333,0.292329,0.357111,0.7236,0.7487,0.0251,-3.6238,132.249,73.8179,-0.0529463,0.235747,4.70147,-0.0127053,693.542,0.0717588,0.102636
2025-05-23,2025-05-23 11:45:51.831000+00:00,ETH-25MAY25-2650-C,C,2650,2025-05-25 08:00:00+00:00,1.83333,0.723399,0.417261,0.6066,0.8314,0.2248,-4.54597,72.5735,328.208,-0.165436,0.087263,5.87498,-0.0268834,147.751,0.200629,0.238718
2025-05-23,2025-05-23 11:45:51.720000+00:00,ETH-25MAY25-2625-C,C,2625,2025-05-25 08:00:00+00:00,1.83333,0.723399,0.504276,0.6015,0.8194,0.2179,-5.18742,74.1808,330.991,-0.164045,-0.000565587,0.750591,-0.00348119,74.3791,0.264429,0.305867
2025-05-23,2025-05-23 12:15:48.031000+00:00,ETH-26MAY25-2475-P,P,2475,2025-05-26 08:00:00+00:00,2.83333,0.708627,0.363024,0.741,0.6646,-0.0764,-1.4629,83.5421,173.851,-0.130765,0.13434,-4.35851,0.0188437,497.672,0.0583737,0.0979731
2025-05-23,2025-05-23 12:16:13.157000+00:00,ETH-26MAY25-2525-C,C,2525,2025-05-26 08:00:00+00:00,2.83333,0.7087,0.512804,0.6608,0.5466,-0.1142,0.162395,88.721,194.951,-0.116612,-0.00126837,0.447756,-0.00183431,265.634,0.195502,0.237596
2025-05-23,2025-05-23 12:21:28.316000+00:00,ETH-25MAY25-2575-C,C,2575,2025-05-25 08:00:00+00:00,1.83333,0.733236,0.378474,0.7967,0.4504,-0.3463,0.247596,68.1267,249.894,-0.217282,0.140899,6.45483,-0.0378175,553.89,0.44993,0.494082
2025-05-30,2025-05-30 12:05:06.205000+00:00,ETH-1JUN25-2625-P,P,2625,2025-06-01 08:00:00+00:00,1.83333,0.728681,0.492152,0.5513,0.7523,0.201,-3.24946,74.2048,361.13,-0.150355,-0.000692227,0.495973,-0.00210802,147.783,0.088362,0.140848
2025-05-30,2025-05-30 12:05:18.963000+00:00,ETH-6JUN25-2700-C,C,2700,2025-06-06 08:00:00+00:00,6.83333,0.292841,0.403853,0.7058,0.7162,0.0104,-3.72742,139.111,75.6796,-0.0516439,0.117155,3.51931,-0.00963171,5944.82,0.0374857,0.0678309
2025-05-30,2025-05-30 12:14:11.144000+00:00,ETH-1JUN25-2600-C,C,2600,2025-06-01 08:00:00+00:00,1.83333,0.731202,0.483665,0.572,0.6427,0.0707,-2.79728,73.2695,348.061,-0.156,0.00578883,2.00495,-0.00883592,145.237,0.0986182,0.14223
2025-05-30,2025-05-30 12:20:36.971000+00:00,ETH-6JUN25-2550-C,C,2550,2025-06-06 08:00:00+00:00,6.83333,0.293297,0.594489,0.7043,0.6854,-0.0189,-2.53599,137.786,75.8407,-0.0515341,0.048379,-1.47967,0.00404521,959.058,0.0671363,0.099147
2025-05-30,2025-05-30 12:20:46.407000+00:00,ETH-6JUN25-2600-C,C,2600,2025-06-06 08:00:00+00:00,6.83333,0.293302,0.51538,0.7034,0.6893,-0.0141,-2.66849,141.688,75.9378,-0.0514683,-0.00316387,0.598707,-0.00168078,990.599,0.0671602,0.0979215
2025-05-30,2025-05-30 12:28:29.182000+00:00,ETH-6JUN25-2650-C,C,2650,2025-06-06 08:00:00+00:00,6.83333,0.293533,0.436599,0.7156,0.7008,-0.0148,-2.51699,139.948,74.6431,-0.052361,0.0572143,2.62618,-0.00741152,560.856,0.024498,0.054852
2025-05-30,2025-05-30 12:32:23.673000+00:00,ETH-2JUN25-2600-C,C,2600,2025-06-02 08:00:00+00:00,2.83333,0.711532,0.526873,0.5963,0.5265,-0.0698,-2.94187,91.3773,216.038,-0.105229,0.00167336,-0.28199,0.00104064,91.0134,-0.0115196,0.0345424
2025-05-30,2025-05-30 12:36:01.155000+00:00,ETH-1JUN25-2575-P,P,2575,2025-06-01 08:00:00+00:00,1.83333,0.737333,0.358388,0.5718,0.5158,-0.056,-3.22886,69.1704,348.183,-0.155945,0.201808,-7.89739,0.0326295,137.45,0.0709732,0.128556
2025-06-06,2025-06-06 12:05:12.187000+00:00,ETH-9JUN25-2475-P,P,2475,2025-06-09 08:00:00+00:00,2.83333,0.706784,0.477186,0.6077,0.4903,-0.1174,1.82697,86.9931,211.985,-0.107241,0.000345786,-0.0685961,0.000258144,1301.22,0.149436,0.193338
2025-06-06,2025-06-06 12:06:23.462000+00:00,ETH-8JUN25-2450-P,P,2450,2025-06-08 08:00:00+00:00,1.83333,0.729038,0.388584,0.5802,0.6674,0.0872,2.06564,67.2784,343.142,-0.158236,0.117726,-5.87548,0.0252568,531.298,0.105765,0.151214
2025-06-06,2025-06-06 12:13:40.792000+00:00,ETH-13JUN25-2500-P,P,2500,2025-06-13 08:00:00+00:00,6.83333,0.29309,0.51655,0.6366,0.6367,9.99832e-05,1.80555,135.342,83.9061,-0.0465805,0.00835888,1.47538,-0.00374813,135.248,0.0262296,0.0579416
2025-06-06,2025-06-06 12:23:49.268000+00:00,ETH-9JUN25-2525-C,C,2525,2025-06-09 08:00:00+00:00,2.83333,0.710028,0.365148,0.5585,0.4717,-0.0868,1.92166,82.1621,230.66,-0.0985588,0.241638,7.98239,-0.026068,81.8895,0.120532,0.164863
2025-06-06,2025-06-06 12:38:08.433000+00:00,ETH-9JUN25-2525-P,P,2525,2025-06-09 08:00:00+00:00,2.83333,0.712543,0.602042,0.5947,0.4712,-0.1235,1.46206,84.5986,216.619,-0.104947,0.133878,5.90837,-0.0210857,84.1706,0.164352,0.209917
2025-06-06,2025-06-06 12:41:14.018000+00:00,ETH-8JUN25-2525-C,C,2525,2025-06-08 08:00:00+00:00,1.83333,0.738812,0.352368,0.5417,0.3805,-0.1612,1.37172,65.5266,367.53,-0.147736,0.287146,10.7852,-0.0419811,64.9326,0.340749,0.393327
2025-06-13,2025-06-13 12:02:31.288000+00:00,ETH-15JUN25-2525-P,P,2525,2025-06-15 08:00:00+00:00,1.83333,0.727968,0.433008,0.6606,0.4734,-0.1872,-0.20344,70.8634,301.379,-0.180164,0.0311095,-2.60254,0.0130699,213.182,0.368763,0.424804
2025-06-13,2025-06-13 12:02:31.311000+00:00,ETH-15JUN25-2500-P,P,2500,2025-06-15 08:00:00+00:00,1.83333,0.727968,0.355257,0.6814,0.5565,-0.1249,-0.308961,67.0979,292.179,-0.185836,0.175715,-6.68265,0.0327773,134.124,0.313631,0.367063
2025-06-13,2025-06-13 12:02:52.063000+00:00,ETH-16JUN25-2550-C,C,2550,2025-06-16 08:00:00+00:00,2.83333,0.706379,0.505494,0.6543,0.543,-0.1113,-0.469095,89.5437,196.888,-0.115465,-0.000924164,0.760852,-0.0030876,894.735,0.0700493,0.116148
2025-06-13,2025-06-13 11:56:25.895000+00:00,ETH-16JUN25-2600-C,C,2600,2025-06-16 08:00:00+00:00,2.83333,0.705266,0.360462,0.6214,0.5294,-0.092,-0.442461,83.9458,207.312,-0.109659,0.237054,7.52809,-0.0272209,167.269,0.0826144,0.128135
2025-06-13,2025-06-13 12:04:13.662000+00:00,ETH-20JUN25-2650-C,C,2650,2025-06-20 08:00:00+00:00,6.83333,0.292809,0.370992,0.7176,0.7011,-0.0165,-0.684369,132.03,74.4351,-0.0525073,0.195996,4.35214,-0.0118162,928.795,0.0117531,0.0431831
2025-06-13,2025-06-13 12:04:47.141000+00:00,ETH-15JUN25-2550-C,C,2550,2025-06-15 08:00:00+00:00,1.83333,0.728593,0.534722,0.6781,0.3897,-0.2884,-0.783209,72.0433,293.601,-0.184936,0.00501647,-0.81257,0.00423272,214.079,0.262238,0.319887
2025-06-13,2025-06-13 12:07:45.741000+00:00,ETH-15JUN25-2600-C,C,2600,2025-06-15 08:00:00+00:00,1.83333,0.729417,0.355206,0.6291,0.4221,-0.207,-0.901857,67.4388,316.469,-0.171573,0.244698,9.31416,-0.042183,135.504,0.11333,0.157561
2025-06-13,2025-06-13 11:49:25.404000+00:00,ETH-16JUN25-2525-P,P,2525,2025-06-16 08:00:00+00:00,2.83333,0.704057,0.460629,0.6662,0.5822,-0.084,-0.120315,88.6794,193.371,-0.117565,0.00596879,-0.684985,0.00281674,88.7947,0.117847,0.163367
2025-06-13,2025-06-13 12:23:44.344000+00:00,ETH-16JUN25-2500-P,P,2500,2025-06-16 08:00:00+00:00,2.83333,0.710013,0.354062,0.693,0.5888,-0.1042,-0.778281,83.6873,185.893,-0.122294,0.168359,-5.11664,0.0205124,166.778,0.163324,0.208581
2025-06-13,2025-06-13 11:31:05.779000+00:00,ETH-20JUN25-2450-P,P,2450,2025-06-20 08:00:00+00:00,6.83333,0.291826,0.354461,0.7439,0.7347,-0.00919998,0.201943,128.881,71.8035,-0.0544317,0.1366,-2.67149,0.00740219,129.09,0.0322386,0.063529
2025-06-13,2025-06-13 12:32:11.868000+00:00,ETH-16JUN25-2575-P,P,2575,2025-06-16 08:00:00+00:00,2.83333,0.711497,0.530877,0.6513,0.5519,-0.0994,-0.903272,89.6957,197.794,-0.114935,0.0158685,2.34084,-0.00942872,89.3374,0.155269,0.200609
2025-06-20,2025-06-20 12:03:27.817000+00:00,ETH-23JUN25-2600-C,C,2600,2025-06-23 08:00:00+00:00,2.83333,0.706482,0.352285,0.5141,0.9965,0.4824,-10.9888,83.5214,250.581,-0.0907235,0.31276,9.36688,-0.0277997,501.056,-0.154398,-0.119463
2025-06-20,2025-06-20 12:05:52.670000+00:00,ETH-23JUN25-2550-C,C,2550,2025-06-23 08:00:00+00:00,2.83333,0.706901,0.525536,0.5151,0.9748,0.4597,-10.0063,89.6142,250.094,-0.0909,0.00231938,-0.411078,0.00131072,626.614,-0.167992,-0.127101
2025-06-20,2025-06-20 11:50:04.572000+00:00,ETH-23JUN25-2575-C,C,2575,2025-06-23 08:00:00+00:00,2.83333,0.70417,0.436838,0.5217,1.0687,0.547,-11.6692,88.6229,246.93,-0.0920647,0.0626353,4.46441,-0.0142647,177.463,-0.165862,-0.12886
2025-06-20,2025-06-20 12:11:33.383000+00:00,ETH-27JUN25-2500-C,C,2500,2025-06-27 08:00:00+00:00,6.83333,0.293027,0.612101,0.6266,0.8561,0.2295,-10.0182,133.791,85.2452,-0.0458488,0.0903868,-2.32047,0.0055768,133.707,-0.200332,-0.164587
2025-06-20,2025-06-20 11:45:49.116000+00:00,ETH-27JUN25-2600-C,C,2600,2025-06-27 08:00:00+00:00,6.83333,0.292262,0.438796,0.6344,0.8803,0.2459,-10.0212,137.861,84.1971,-0.0464195,0.0585769,2.7764,-0.00695184,2334.69,-0.167156,-0.134931
2025-06-20,2025-06-20 12:32:37.452000+00:00,ETH-27JUN25-2500-P,P,2500,2025-06-27 08:00:00+00:00,6.83333,0.293657,0.389644,0.6435,0.8338,0.1903,-9.94021,133.975,83.0064,-0.0470854,0.0834693,-2.17927,0.00538594,1071.18,-0.230154,-0.197103
2025-06-27,2025-06-27 11:57:43.465000+00:00,ETH-4JUL25-2500-C,C,2500,2025-07-04 08:00:00+00:00,6.83333,0.292615,0.408236,0.5753,0.5605,-0.0148,-0.425994,130.029,92.8466,-0.0420951,0.125416,3.94884,-0.00883244,1308.42,0.0354636,0.0655486
2025-06-27,2025-06-27 11:55:46.073000+00:00,ETH-4JUL25-2450-C,C,2450,2025-07-04 08:00:00+00:00,6.83333,0.292557,0.506166,0.5772,0.5469,-0.0303,-0.466604,133.466,92.5409,-0.0422341,-0.00169975,0.804473,-0.0018544,1201.91,0.0533175,0.083966
2025-06-27,2025-06-27 12:04:43.534000+00:00,ETH-30JUN25-2425-P,P,2425,2025-06-30 08:00:00+00:00,2.83333,0.706701,0.40917,0.4698,0.3874,-0.0824,-0.236007,83.7403,274.209,-0.0829059,0.0919558,-4.5463,0.0129036,586.852,0.16004,0.200664
2025-06-27,2025-06-27 12:10:52.870000+00:00,ETH-29JUN25-2425-P,P,2425,2025-06-29 08:00:00+00:00,1.83333,0.730283,0.374896,0.4532,0.3004,-0.1528,-0.446239,65.8126,439.3,-0.1236,0.201026,-8.91067,0.0296012,264.763,0.264354,0.310975
2025-06-27,2025-06-27 12:17:17.798000+00:00,ETH-29JUN25-2475-C,C,2475,2025-06-29 08:00:00+00:00,1.83333,0.732069,0.389541,0.4469,0.396,-0.0509,-0.756127,66.6707,445.493,-0.121882,0.1946,9.82433,-0.0325585,134.052,0.133897,0.173288
2025-06-27,2025-06-27 12:30:23.441000+00:00,ETH-30JUN25-2450-C,C,2450,2025-06-30 08:00:00+00:00,2.83333,0.71118,0.505038,0.451,0.3723,-0.0787,-0.62046,86.0836,285.64,-0.0795882,-0.000762261,0.679633,-0.00190108,171.525,0.16469,0.205398
2025-06-27,2025-06-27 11:29:25.526000+00:00,ETH-29JUN25-2450-C,C,2450,2025-06-29 08:00:00+00:00,1.83333,0.718946,0.479889,0.441,0.3182,-0.1228,-0.364903,69.0374,451.453,-0.120273,0.00948377,2.62873,-0.00892759,137.721,0.19467,0.242598
2025-07-04,2025-07-04 12:00:37.097000+00:00,ETH-11JUL25-2500-P,P,2500,2025-07-11 08:00:00+00:00,6.83333,0.292701,0.376146,0.5193,0.5777,0.0584,-1.22218,132.444,102.859,-0.0379976,0.148632,-3.44184,0.00679198,1190.12,-0.0504355,-0.019125
2025-07-04,2025-07-04 12:02:07.036000+00:00,ETH-6JUL25-2550-C,C,2550,2025-07-06 08:00:00+00:00,1.83333,0.727856,0.511054,0.3433,0.3,-0.0433,-1.27314,72.0978,579.933,-0.0936273,0.000272802,-0.138911,0.000367583,503.33,-0.119466,-0.072261
2025-07-04,2025-07-04 11:48:58.900000+00:00,ETH-6JUL25-2575-C,C,2575,2025-07-06 08:00:00+00:00,1.83333,0.72425,0.376889,0.3498,0.3893,0.0395,-1.51107,68.7359,569.156,-0.0954,0.304805,13.6807,-0.0351222,136.535,-0.108075,-0.0658622
2025-07-04,2025-07-04 12:17:26.116000+00:00,ETH-7JUL25-2525-P,P,2525,2025-07-07 08:00:00+00:00,2.83333,0.708912,0.381698,0.3814,0.3548,-0.0266,-1.32151,85.6468,337.765,-0.0673059,0.210215,-7.94116,0.0179576,425.326,-0.0803086,-0.0324955
2025-07-11,2025-07-11 12:04:30.844000+00:00,ETH-13JUL25-2975-C,C,2975,2025-07-13 08:00:00+00:00,1.83333,0.728518,0.555191,0.6233,0.4562,-0.1671,-1.55278,83.7396,319.414,-0.169991,0.0210364,-2.13995,0.0101868,167.263,0.184908,0.239935
2025-07-11,2025-07-11 11:54:02.024000+00:00,ETH-13JUL25-2950-P,P,2950,2025-07-13 08:00:00+00:00,1.83333,0.725633,0.387411,0.6131,0.3232,-0.2899,-1.43881,80.9832,324.728,-0.167209,0.113443,-5.59001,0.025366,323.293,0.181049,0.240482
2025-07-11,2025-07-11 11:53:47.729000+00:00,ETH-14JUL25-2950-C,C,2950,2025-07-14 08:00:00+00:00,2.83333,0.704811,0.588562,0.6482,0.5032,-0.145,-1.25608,102.256,198.74,-0.114388,0.0576569,-2.9218,0.0114565,305.915,0.0983136,0.146925
2025-07-11,2025-07-11 11:47:35.243000+00:00,ETH-18JUL25-3100-C,C,3100,2025-07-18 08:00:00+00:00,6.83333,0.292314,0.352342,0.7136,0.7062,-0.00739998,-1.14415,151.024,74.8523,-0.0522146,0.253514,4.88476,-0.0129561,306.121,0.0324558,0.0633161
2025-07-11,2025-07-11 11:27:27.940000+00:00,ETH-13JUL25-3025-C,C,3025,2025-07-13 08:00:00+00:00,1.83333,0.718419,0.411723,0.6479,0.5535,-0.0944,-1.759,82.4516,307.286,-0.1767,0.093906,5.895,-0.0287167,331.955,0.18956,0.229628
2025-07-11,2025-07-11 12:37:52.403000+00:00,ETH-14JUL25-2975-C,C,2975,2025-07-14 08:00:00+00:00,2.83333,0.712496,0.519869,0.617,0.4945,-0.1225,-0.987585,104.567,208.79,-0.108882,-0.000364795,0.0830655,-0.000317505,104.081,0.129151,0.17338
2025-07-11,2025-07-11 12:43:58.172000+00:00,ETH-13JUL25-2950-C,C,2950,2025-07-13 08:00:00+00:00,1.83333,0.739591,0.589294,0.6222,0.379,-0.2432,-1.26857,82.0657,319.979,-0.169691,0.0649039,-4.08453,0.0191103,81.3516,0.318686,0.375479
2025-07-18,2025-07-18 12:00:50.238000+00:00,ETH-25JUL25-3700-C,C,3700,2025-07-25 08:00:00+00:00,6.83333,0.292708,0.429547,0.7059,0.7159,0.01,-0.63916,194.521,75.6688,-0.0516512,0.0689289,2.8379,-0.00787616,2317.94,0.0024802,0.033528
2025-07-18,2025-07-18 11:58:31.557000+00:00,ETH-21JUL25-3600-P,P,3600,2025-07-21 08:00:00+00:00,2.83333,0.705627,0.457151,0.6174,0.5658,-0.0516,-0.744899,126.357,208.655,-0.108953,0.00927838,-0.978506,0.00372563,253.39,0.111409,0.15543
2025-07-18,2025-07-18 11:58:20.578000+00:00,ETH-25JUL25-3600-C,C,3600,2025-07-25 08:00:00+00:00,6.83333,0.292634,0.540306,0.676,0.6799,0.00389999,-0.531247,196.502,79.0157,-0.0494634,0.00130416,-0.0941794,0.000252986,393.038,0.0112084,0.0429747
2025-07-18,2025-07-18 12:04:18.913000+00:00,ETH-20JUL25-3625-P,P,3625,2025-07-20 08:00:00+00:00,1.83333,0.728463,0.503588,0.6304,0.4748,-0.1556,-0.557329,102.345,315.817,-0.171927,0.000761413,1.20033,-0.00583463,102.262,0.276462,0.331562
2025-07-18,2025-07-18 11:48:25.763000+00:00,ETH-20JUL25-3600-P,P,3600,2025-07-20 08:00:00+00:00,1.83333,0.724099,0.4528,0.6007,0.4256,-0.1751,-0.714677,101.491,331.432,-0.163827,0.0150613,-1.7895,0.00823073,409.145,0.265374,0.319789
2025-07-18,2025-07-18 12:17:59.678000+00:00,ETH-20JUL25-3650-C,C,3650,2025-07-20 08:00:00+00:00,1.83333,0.732264,0.412017,0.6594,0.4836,-0.1758,-0.528989,99.5544,301.927,-0.179836,0.0900589,5.73844,-0.0284713,99.1943,0.172324,0.219937
2025-07-18,2025-07-18 11:25:14.729000+00:00,ETH-20JUL25-3600-C,C,3600,2025-07-20 08:00:00+00:00,1.83333,0.717823,0.496979,0.6367,0.4243,-0.2124,-0.101814,101.643,312.692,-0.173645,0.0006597,1.17549,-0.00577101,409.32,0.20616,0.263038
2025-07-18,2025-07-18 12:36:07.666000+00:00,ETH-20JUL25-3575-P,P,3575,2025-07-20 08:00:00+00:00,1.83333,0.737363,0.410957,0.609,0.392,-0.217,-0.281147,99.4425,326.914,-0.166091,0.0664044,-4.186,0.0191712,98.7321,0.204154,0.262854
2025-07-18,2025-07-18 11:22:51.886000+00:00,ETH-20JUL25-3625-C,C,3625,2025-07-20 08:00:00+00:00,1.83333,0.717185,0.435367,0.6226,0.4731,-0.1495,0.0258336,100.293,319.773,-0.1698,0.0549282,4.72073,-0.0223603,101.02,0.169858,0.224893
2025-07-25,2025-07-25 12:01:31.908000+00:00,ETH-1AUG25-3800-C,C,3800,2025-08-01 08:00:00+00:00,6.83333,0.292728,0.443286,0.6746,0.6612,-0.0134,0.0469857,201.78,79.1797,-0.049361,0.0496689,2.54518,-0.00678837,806.595,0.0346534,0.0656876
2025-07-25,2025-07-25 12:03:33.116000+00:00,ETH-27JUL25-3750-C,C,3750,2025-07-27 08:00:00+00:00,1.83333,0.728253,0.45478,0.5667,0.3862,-0.1805,0.20847,104.783,351.316,-0.154555,0.0307715,3.82574,-0.0166106,526.209,0.163546,0.218135
2025-07-25,2025-07-25 12:16:22.941000+00:00,ETH-1AUG25-3850-C,C,3850,2025-08-01 08:00:00+00:00,6.83333,0.293171,0.383891,0.6742,0.6559,-0.0183,0.33996,194.978,79.2267,-0.0493317,0.169396,4.19739,-0.0108217,973.684,0.0319564,0.0631187
2025-07-25,2025-07-25 11:42:21.811000+00:00,ETH-28JUL25-3750-P,P,3750,2025-07-28 08:00:00+00:00,2.83333,0.702844,0.544978,0.5734,0.4509,-0.1225,0.377718,130.051,224.666,-0.101188,0.0323873,3.24342,-0.0114619,130.337,0.0495045,0.0966815
2025-07-25,2025-07-25 12:19:50.463000+00:00,ETH-28JUL25-3675-P,P,3675,2025-07-28 08:00:00+00:00,2.83333,0.709332,0.389524,0.5585,0.4469,-0.1116,0.426033,125.778,230.66,-0.0985588,0.115704,-4.69021,0.0156234,125.452,0.0643434,0.109843
2025-07-25,2025-07-25 12:21:39.150000+00:00,ETH-27JUL25-3750-P,P,3750,2025-07-27 08:00:00+00:00,1.83333,0.733287,0.577602,0.5795,0.3937,-0.1858,0.56333,103.118,343.556,-0.158045,0.0792803,5.74283,-0.0251798,102.675,0.153324,0.211893
2025-07-25,2025-07-25 12:33:38.606000+00:00,ETH-28JUL25-3700-P,P,3700,2025-07-28 08:00:00+00:00,2.83333,0.711751,0.470215,0.5416,0.4365,-0.1051,1.16187,130.004,237.857,-0.0955765,0.00370591,-0.56371,0.00188847,129.466,0.10121,0.148036
2025-07-25,2025-07-25 11:25:16.559000+00:00,ETH-28JUL25-3775-C,C,3775,2025-07-28 08:00:00+00:00,2.83333,0.699925,0.442077,0.5633,0.451,-0.1123,-0.0377846,130.159,228.694,-0.0994059,0.0510301,3.95258,-0.0136629,522.919,0.059354,0.104354
2025-07-25,2025-07-25 12:41:21.544000+00:00,ETH-27JUL25-3700-P,P,3700,2025-07-27 08:00:00+00:00,1.83333,0.738848,0.430722,0.5461,0.4032,-0.1429,0.607489,103.667,364.569,-0.148936,0.0428076,-3.482,0.0144437,102.833,0.108132,0.159975
2025-08-01,2025-08-01 11:52:14.916000+00:00,ETH-8AUG25-3750-C,C,3750,2025-08-08 08:00:00+00:00,6.83333,0.292453,0.382102,0.6221,0.7303,0.1082,-7.14814,190.058,85.8618,-0.0455195,0.185846,4.5258,-0.0107502,567.216,-0.0638279,-0.0324674
2025-08-01,2025-08-01 11:16:51.181000+00:00,ETH-8AUG25-3600-C,C,3600,2025-08-08 08:00:00+00:00,6.83333,0.291405,0.55306,0.639,0.7019,0.0629,-6.85637,196.301,83.591,-0.0467561,0.00962334,-0.526852,0.00133271,196.733,-0.0200635,0.013293
2025-08-01,2025-08-01 12:44:47.969000+00:00,ETH-8AUG25-3800-C,C,3800,2025-08-08 08:00:00+00:00,6.83333,0.294022,0.355698,0.6255,0.7396,0.1141,-7.42003,187.069,85.3951,-0.0457683,0.268099,5.31086,-0.0123951,186.571,-0.0743629,-0.042808
2025-08-08,2025-08-08 11:55:42.260000+00:00,ETH-15AUG25-3900-P,P,3900,2025-08-15 08:00:00+00:00,6.83333,0.292555,0.452357,0.5675,0.7755,0.208,8.71955,212.696,94.1227,-0.0415244,0.00887489,-0.541791,0.00121928,425.854,-0.189136,-0.155171
2025-08-08,2025-08-08 11:46:14.439000+00:00,ETH-15AUG25-4000-P,P,4000,2025-08-15 08:00:00+00:00,6.83333,0.292274,0.587095,0.5795,0.7681,0.1886,8.82231,208.762,92.1737,-0.0424024,0.11388,3.77822,-0.00853535,1244.48,-0.20501,-0.169228
2025-08-08,2025-08-08 12:18:56.611000+00:00,ETH-15AUG25-4050-C,C,4050,2025-08-15 08:00:00+00:00,6.83333,0.293247,0.353293,0.5983,0.7331,0.1348,8.94337,199.073,89.2773,-0.0437781,0.287748,5.59307,-0.0124534,398.149,-0.152823,-0.118076
2025-08-08,2025-08-08 12:19:46.713000+00:00,ETH-15AUG25-4000-C,C,4000,2025-08-15 08:00:00+00:00,6.83333,0.293272,0.40572,0.5957,0.7457,0.15,9.04813,207.462,89.667,-0.0435878,0.127884,3.923,-0.00907273,6415.99,-0.1534,-0.119114
2025-08-08,2025-08-08 12:29:00.818000+00:00,ETH-15AUG25-3950-C,C,3950,2025-08-15 08:00:00+00:00,6.83333,0.293548,0.467936,0.5992,0.7594,0.1602,9.02677,212.796,89.1433,-0.0438439,0.0217161,1.97846,-0.00471975,7635.38,-0.146819,-0.11295
2025-08-15,2025-08-15 11:59:51.776000+00:00,ETH-22AUG25-4750-C,C,4750,2025-08-22 08:00:00+00:00,6.83333,0.292679,0.41606,0.6673,0.6925,0.0252,-4.44371,247.628,80.0459,-0.0488268,0.0963485,3.32176,-0.00865661,5216.15,-0.0885246,-0.0569765
2025-08-15,2025-08-15 11:58:18.571000+00:00,ETH-22AUG25-4800-C,C,4800,2025-08-22 08:00:00+00:00,6.83333,0.292633,0.372875,0.6607,0.7256,0.0649,-4.7559,240.425,80.8455,-0.0483439,0.203535,4.58716,-0.011485,2156.56,-0.0992778,-0.0678793
2025-08-15,2025-08-15 12:30:06.114000+00:00,ETH-22AUG25-4550-C,C,4550,2025-08-22 08:00:00+00:00,6.83333,0.293581,0.582309,0.654,0.7114,0.0574,-4.01783,246.638,81.6738,-0.0478537,0.0375055,-1.32022,0.00337506,246.252,-0.207726,-0.1739
2025-08-22,2025-08-22 11:46:54.907000+00:00,ETH-29AUG25-4300-P,P,4300,2025-08-29 08:00:00+00:00,6.83333,0.292294,0.489595,0.6949,0.7075,0.0126,11.9985,234.16,76.8667,-0.0508463,-0.00258715,0.72613,-0.00201468,1161.64,-0.300701,-0.265719
2025-08-22,2025-08-22 11:29:30.719000+00:00,ETH-29AUG25-4350-C,C,4350,2025-08-29 08:00:00+00:00,6.83333,0.291779,0.454276,0.6867,0.6906,0.00389999,12.1652,232.311,77.7845,-0.0502463,0.0350825,2.22594,-0.00606481,232.68,-0.370983,-0.335958
2025-08-29,2025-08-29 11:59:01.951000+00:00,ETH-5SEP25-4350-P,P,4350,2025-09-05 08:00:00+00:00,6.83333,0.292654,0.485993,0.6592,0.6262,-0.033,1.06058,237.088,81.0295,-0.0482341,-0.00293411,0.610682,-0.00160687,2609.09,0.0957952,0.126781
2025-08-29,2025-08-29 12:04:22.394000+00:00,ETH-31AUG25-4350-C,C,4350,2025-08-31 08:00:00+00:00,1.83333,0.728479,0.513948,0.5677,0.4702,-0.0975,0.493539,122.989,350.697,-0.154827,-0.000324068,0.130744,-0.000571987,122.887,0.22892,0.284239
2025-08-29,2025-08-29 12:05:18.825000+00:00,ETH-31AUG25-4400-P,P,4400,2025-08-31 08:00:00+00:00,1.83333,0.72874,0.608345,0.5654,0.3695,-0.1959,0.880958,118.392,352.124,-0.1542,0.152922,7.8551,-0.0329788,606.777,0.362953,0.421357
2025-08-29,2025-08-29 11:54:24.219000+00:00,ETH-31AUG25-4300-P,P,4300,2025-08-31 08:00:00+00:00,1.83333,0.725734,0.392008,0.5543,0.4897,-0.0646,1.02778,118.265,359.175,-0.151173,0.116335,-5.98341,0.02463,118.398,0.210869,0.253506
2025-08-29,2025-08-29 12:07:28.796000+00:00,ETH-5SEP25-4500-C,C,4500,2025-09-05 08:00:00+00:00,6.83333,0.292906,0.366568,0.6305,0.6291,-0.00139999,0.50112,224.227,84.7179,-0.0461341,0.230833,4.95036,-0.011763,2991.55,0.0237527,0.0547822
2025-08-29,2025-08-29 12:13:31.852000+00:00,ETH-31AUG25-4375-C,C,4375,2025-08-31 08:00:00+00:00,1.83333,0.731019,0.490282,0.5745,0.3872,-0.1873,0.249743,123.438,346.546,-0.156682,0.00273356,1.59421,-0.00706029,369.361,0.267936,0.32215
2025-08-29,2025-08-29 11:45:59.188000+00:00,ETH-1SEP25-4325-P,P,4325,2025-09-01 08:00:00+00:00,2.83333,0.703466,0.460405,0.5409,0.4691,-0.0718,1.17898,151.815,238.165,-0.0954529,0.00953737,-1.08791,0.003632,152.077,0.191,0.234222
2025-08-29,2025-08-29 12:14:19.200000+00:00,ETH-31AUG25-4425-C,C,4425,2025-08-31 08:00:00+00:00,1.83333,0.731239,0.377754,0.5711,0.3791,-0.192,0.434417,117.641,348.61,-0.155755,0.19074,8.66969,-0.0363834,117.287,0.23021,0.278434
2025-08-29,2025-08-29 12:14:34.832000+00:00,ETH-31AUG25-4400-C,C,4400,2025-08-31 08:00:00+00:00,1.83333,0.731312,0.435048,0.577,0.3995,-0.1775,0.214241,121.846,345.045,-0.157364,0.0575801,4.98528,-0.0218882,121.498,0.264726,0.317969
2025-08-29,2025-08-29 12:15:54.153000+00:00,ETH-5SEP25-4250-P,P,4250,2025-09-05 08:00:00+00:00,6.83333,0.293157,0.36372,0.6538,0.6481,-0.0057,0.225347,224.346,81.6987,-0.047839,0.137916,-2.89375,0.00711177,672.508,0.0329882,0.0637175
2025-08-29,2025-08-29 11:43:28.140000+00:00,ETH-1SEP25-4350-P,P,4350,2025-09-01 08:00:00+00:00,2.83333,0.703034,0.507091,0.5477,0.4702,-0.0775,1.31983,152.564,235.208,-0.0966529,0.00216362,1.37115,-0.00465739,457.286,0.188324,0.232222
2025-08-29,2025-08-29 11:30:06.142000+00:00,ETH-5SEP25-4450-P,P,4450,2025-09-05 08:00:00+00:00,6.83333,0.291796,0.591286,0.6484,0.6115,-0.0368999,1.02436,230.779,82.3791,-0.0474439,0.114192,3.60758,-0.00909609,933.732,0.0957436,0.12815
2025-08-29,2025-08-29 12:30:08.477000+00:00,ETH-5SEP25-4400-C,C,4400,2025-09-05 08:00:00+00:00,6.83333,0.293582,0.495745,0.6673,0.6449,-0.0224001,0.216179,238.936,80.0459,-0.0488268,0.00160374,1.11512,-0.00297191,1427.47,-0.0437383,-0.0125151
2025-08-29,2025-08-29 12:30:15.246000+00:00,ETH-5SEP25-4550-C,C,4550,2025-09-05 08:00:00+00:00,6.83333,0.293586,0.363395,0.649,0.6248,-0.0242,-0.3337,225.696,82.303,-0.0474878,0.235093,4.92706,-0.0120183,1597.64,0.0128751,0.0435697
2025-08-29,2025-08-29 12:30:22.383000+00:00,ETH-1SEP25-4400-C,C,4400,2025-09-01 08:00:00+00:00,2.83333,0.711177,0.505649,0.5669,0.4437,-0.1232,-0.41143,154.557,227.242,-0.100041,-0.000898931,0.713834,-0.00250983,153.981,0.110098,0.1539
2025-08-29,2025-08-29 12:31:04.043000+00:00,ETH-5SEP25-4600-C,C,4600,2025-09-05 08:00:00+00:00,6.83333,0.29361,0.35395,0.6416,0.6204,-0.0212,-0.950423,225.706,83.2522,-0.0469463,0.269115,5.25966,-0.0125682,1354.92,0.0529267,0.0831211
2025-08-29,2025-08-29 12:31:34.452000+00:00,ETH-5SEP25-4450-C,C,4450,2025-09-05 08:00:00+00:00,6.83333,0.293625,0.500681,0.6399,0.6262,-0.0137,-1.25524,242.016,83.4734,-0.046822,-0.000247168,0.978924,-0.00250194,481.026,0.0796353,0.110266
2025-08-29,2025-08-29 12:33:59.051000+00:00,ETH-31AUG25-4425-P,P,4425,2025-08-31 08:00:00+00:00,1.83333,0.736757,0.52189,0.5736,0.3729,-0.2007,-0.611381,124.549,347.09,-0.156436,0.00898371,2.33525,-0.0103137,123.741,0.266176,0.319507
2025-08-29,2025-08-29 11:20:27.132000+00:00,ETH-5SEP25-4350-C,C,4350,2025-09-05 08:00:00+00:00,6.83333,0.291511,0.51329,0.6503,0.6485,-0.0018,1.07104,237.079,82.1385,-0.0475829,-0.00284788,0.626804,-0.00162713,712.711,0.0077906,0.0386925
2025-08-29,2025-08-29 12:41:56.192000+00:00,ETH-31AUG25-4450-C,C,4450,2025-08-31 08:00:00+00:00,1.83333,0.739012,0.382847,0.5909,0.3403,-0.2506,-0.39866,118.866,336.928,-0.161155,0.168506,8.05145,-0.0351209,235.324,0.180691,0.223539
2025-09-05,2025-09-05 12:07:05.389000+00:00,ETH-8SEP25-4425-C,C,4425,2025-09-08 08:00:00+00:00,2.83333,0.707111,0.498351,0.575,0.4378,-0.1372,-3.10902,155.301,224.041,-0.101471,0.000389069,1.08066,-0.00385424,310.169,0.0232621,0.0637861
2025-09-05,2025-09-05 12:20:10.205000+00:00,ETH-8SEP25-4400-C,C,4400,2025-09-08 08:00:00+00:00,2.83333,0.709389,0.574188,0.6073,0.4403,-0.167,-3.57848,153.289,212.125,-0.107171,0.0409554,-2.48959,0.00921607,152.901,0.0469616,0.0916757
2025-09-12,2025-09-12 12:08:27.143000+00:00,ETH-14SEP25-4525-P,P,4525,2025-09-14 08:00:00+00:00,1.83333,0.729609,0.547851,0.4219,0.4901,0.0682,3.56712,126.51,471.891,-0.115064,0.0426315,5.01303,-0.0161918,126.303,-0.147895,-0.101754
2025-09-12,2025-09-12 12:20:16.222000+00:00,ETH-19SEP25-4500-P,P,4500,2025-09-19 08:00:00+00:00,6.83333,0.293287,0.460833,0.5698,0.5907,0.0209,3.24963,245.585,93.7428,-0.0416927,0.0035111,-0.261012,0.000591156,245.332,-0.0491641,-0.0166662
2025-09-12,2025-09-12 11:35:39.893000+00:00,ETH-19SEP25-4600-C,C,4600,2025-09-19 08:00:00+00:00,6.83333,0.291961,0.441855,0.5753,0.5734,-0.00189999,3.1372,244.804,92.8466,-0.0420951,0.0573811,2.8617,-0.00650538,1457.16,-0.0141664,0.0182074
2025-09-12,2025-09-12 12:31:04.753000+00:00,ETH-19SEP25-4550-C,C,4550,2025-09-19 08:00:00+00:00,6.83333,0.29361,0.485865,0.581,0.5942,0.0132,3.42666,246.736,91.9357,-0.0425122,0.00696391,1.44352,-0.0033477,7884.24,-0.0246442,0.0081337
2025-09-19,2025-09-19 11:58:44.434000+00:00,ETH-26SEP25-4500-C,C,4500,2025-09-26 08:00:00+00:00,6.83333,0.292645,0.538851,0.5209,0.5104,-0.0105,-0.78631,245.552,102.543,-0.0381146,0.00491863,-0.368546,0.000763127,2950.18,0.0310717,0.0626594
2025-09-19,2025-09-19 11:51:42.938000+00:00,ETH-23SEP25-4450-P,P,4450,2025-09-23 08:00:00+00:00,3.83333,0.520957,0.367492,0.4512,0.3891,-0.0621,-0.713876,174.315,211.031,-0.0588522,0.219573,-6.32545,0.0143711,1561.21,0.0933872,0.131732
2025-09-19,2025-09-19 12:08:47.922000+00:00,ETH-23SEP25-4500-P,P,4500,2025-09-23 08:00:00+00:00,3.83333,0.522572,0.453296,0.4418,0.3946,-0.0472,-0.804184,183.501,215.521,-0.0576261,0.0191145,-1.59036,0.00372116,549.856,0.0694175,0.107477
2025-09-19,2025-09-19 12:11:10.854000+00:00,ETH-22SEP25-4500-P,P,4500,2025-09-22 08:00:00+00:00,2.83333,0.707822,0.444925,0.3998,0.267,-0.1328,-0.891808,157.331,322.22,-0.0705529,0.0356871,-2.9277,0.00719113,944.058,0.117715,0.161332
2025-09-19,2025-09-19 11:26:16.722000+00:00,ETH-21SEP25-4550-C,C,4550,2025-09-21 08:00:00+00:00,1.83333,0.7181,0.404341,0.3457,0.2775,-0.0682,-0.897656,124.097,575.907,-0.0942818,0.189253,10.9519,-0.0283395,124.939,0.0478511,0.0906339
2025-09-19,2025-09-19 12:39:39.020000+00:00,ETH-22SEP25-4525-P,P,4525,2025-09-22 08:00:00+00:00,2.83333,0.71281,0.505531,0.411,0.2276,-0.1834,-0.900415,158.852,313.439,-0.0725294,0.00165166,1.37618,-0.00350802,158.077,0.140965,0.184255
2025-09-26,2025-09-26 12:02:56.457000+00:00,ETH-3OCT25-3800-P,P,3800,2025-10-03 08:00:00+00:00,6.83333,0.29277,0.357733,0.6281,0.6437,0.0156,3.27344,199.534,85.0416,-0.0459585,0.161637,-3.24111,0.00760837,2014.16,0.00399276,0.0349932
2025-09-26,2025-09-26 12:04:38.074000+00:00,ETH-28SEP25-3900-P,P,3900,2025-09-28 08:00:00+00:00,1.83333,0.728552,0.490067,0.5346,0.4695,-0.0651,2.90779,110.259,372.411,-0.1458,-0.000604652,0.342453,-0.00141126,220.209,0.0487468,0.0907125
2025-09-26,2025-09-26 11:40:31.196000+00:00,ETH-3OCT25-4000-P,P,4000,2025-10-03 08:00:00+00:00,6.83333,0.292105,0.586294,0.6069,0.6083,0.00140003,2.95207,208.65,88.0123,-0.0444073,0.108409,3.62911,-0.00858983,633.735,0.0286496,0.0615709
2025-09-26,2025-09-26 12:32:48.194000+00:00,ETH-28SEP25-3975-P,P,3975,2025-09-28 08:00:00+00:00,1.83333,0.736423,0.598455,0.5131,0.4042,-0.1089,2.11721,107.948,388.016,-0.139936,0.136997,7.80802,-0.0299604,656.853,0.148058,0.200256
2025-09-26,2025-09-26 12:36:44.624000+00:00,ETH-28SEP25-4000-P,P,4000,2025-09-28 08:00:00+00:00,1.83333,0.737538,0.630738,0.5078,0.3441,-0.1637,1.7502,105.721,392.066,-0.138491,0.239528,10.2036,-0.0378214,104.893,0.202368,0.260026
2025-09-26,2025-09-26 12:36:48.494000+00:00,ETH-29SEP25-4025-C,C,4025,2025-09-29 08:00:00+00:00,2.83333,0.712309,0.361677,0.5146,0.4192,-0.0954,1.60326,130.727,250.337,-0.0908118,0.272046,8.7676,-0.0263029,130.053,0.209191,0.251837
2025-10-03,2025-10-03 11:53:24.196000+00:00,ETH-5OCT25-4450-P,P,4450,2025-10-05 08:00:00+00:00,1.83333,0.72546,0.371495,0.3842,0.3112,-0.073,0.102455,120.244,518.196,-0.104782,0.257221,-11.056,0.0310361,481.586,0.116511,0.163322
2025-10-03,2025-10-03 11:49:11.246000+00:00,ETH-7OCT25-4500-P,P,4500,2025-10-07 08:00:00+00:00,3.83333,0.520719,0.519752,0.4417,0.4547,0.013,0.118771,183.151,215.57,-0.057613,0.0106606,2.09628,-0.00493159,183.331,0.036713,0.0751324
2025-10-03,2025-10-03 12:13:05.436000+00:00,ETH-6OCT25-4500-C,C,4500,2025-10-06 08:00:00+00:00,2.83333,0.708154,0.466482,0.4154,0.379,-0.0364,0.121303,157.026,310.119,-0.0733059,0.0243491,3.29305,-0.00845513,470.914,0.0468743,0.0929592
2025-10-03,2025-10-03 12:15:30.125000+00:00,ETH-6OCT25-4525-C,C,4525,2025-10-06 08:00:00+00:00,2.83333,0.708575,0.402728,0.397,0.36,-0.037,0.174544,152.903,324.493,-0.0700588,0.173785,8.02608,-0.0191763,152.593,0.0512925,0.0966003
2025-10-03,2025-10-03 12:16:07.319000+00:00,ETH-6OCT25-4550-C,C,4550,2025-10-06 08:00:00+00:00,2.83333,0.708683,0.354874,0.4084,0.3595,-0.0489,0.0460913,147.193,315.435,-0.0720706,0.37045,11.3214,-0.0267683,442.954,0.0725885,0.1176
2025-10-03,2025-10-03 12:19:22.484000+00:00,ETH-6OCT25-4450-P,P,4450,2025-10-06 08:00:00+00:00,2.83333,0.70925,0.418487,0.4092,0.3874,-0.0218,0.346491,154.187,314.818,-0.0722118,0.0849698,-4.69615,0.0116709,308.973,0.0383819,0.0834853
2025-10-03,2025-10-03 12:19:55.211000+00:00,ETH-6OCT25-4425-P,P,4425,2025-10-06 08:00:00+00:00,2.83333,0.709346,0.36182,0.4137,0.3577,-0.056,0.209785,147.942,311.394,-0.0730059,0.269818,-8.67985,0.0209291,147.54,0.045443,0.0903381
2025-10-03,2025-10-03 12:31:41.794000+00:00,ETH-10OCT25-4600-C,C,4600,2025-10-10 08:00:00+00:00,6.83333,0.293629,0.381244,0.5207,0.5482,0.0275,0.030796,234.234,102.582,-0.0381,0.215978,5.23344,-0.0104001,233.813,-0.013808,0.0173201
2025-10-03,2025-10-03 11:19:26.275000+00:00,ETH-10OCT25-4550-C,C,4550,2025-10-10 08:00:00+00:00,6.83333,0.291481,0.416843,0.5182,0.554,0.0358,0.466402,238.72,103.077,-0.0379171,0.114363,3.96961,-0.00803593,239.241,-0.0248226,0.00640928
2025-10-10,2025-10-10 11:44:07.515000+00:00,ETH-14OCT25-4350-C,C,4350,2025-10-14 08:00:00+00:00,3.83333,0.520243,0.48997,0.4892,0.8515,0.3623,-13.5275,177.34,194.639,-0.0638087,0.00389162,1.50372,-0.00392158,355.302,-0.293828,-0.260204
2025-10-17,2025-10-17 11:58:25.281000+00:00,ETH-20OCT25-3700-P,P,3700,2025-10-20 08:00:00+00:00,2.83333,0.705609,0.377109,0.8303,0.6687,-0.1616,2.983,126.36,155.153,-0.146524,0.0905005,-3.2804,0.0160863,747.971,0.218694,0.258253
2025-10-17,2025-10-17 12:14:36.425000+00:00,ETH-19OCT25-3750-P,P,3750,2025-10-19 08:00:00+00:00,1.83333,0.731319,0.430868,0.8374,0.6593,-0.1781,2.81344,105.334,237.749,-0.228382,0.0237705,-1.92928,0.012271,210.073,0.300786,0.341161
2025-10-17,2025-10-17 11:40:04.666000+00:00,ETH-19OCT25-3850-P,P,3850,2025-10-19 08:00:00+00:00,1.83333,0.721826,0.621208,0.8068,0.4835,-0.3233,2.66687,101.757,246.766,-0.220036,0.141112,6.42213,-0.038079,102.184,0.498834,0.554365
2025-10-24,2025-10-24 12:04:08.858000+00:00,ETH-26OCT25-3950-P,P,3950,2025-10-26 08:00:00+00:00,1.83333,0.728417,0.482282,0.5325,0.3099,-0.2226,-0.0525018,111.679,373.88,-0.145227,0.000557445,-0.177065,0.000726336,220.702,0.212918,0.26802
2025-10-24,2025-10-24 11:45:31.333000+00:00,ETH-26OCT25-3925-P,P,3925,2025-10-26 08:00:00+00:00,1.83333,0.723306,0.435577,0.5369,0.3493,-0.1876,0.1745,110.118,370.816,-0.146427,0.0376837,-3.27143,0.0133662,110.426,0.249465,0.297961
2025-10-24,2025-10-24 12:16:12.868000+00:00,ETH-28OCT25-3950-P,P,3950,2025-10-28 08:00:00+00:00,3.83333,0.523276,0.480628,0.593,0.5211,-0.0719,0.0109746,161.479,160.569,-0.0773478,-0.000997852,0.200374,-0.00063289,161.242,0.0980162,0.136291
2025-10-24,2025-10-24 12:17:26.707000+00:00,ETH-26OCT25-3950-C,C,3950,2025-10-26 08:00:00+00:00,1.83333,0.732111,0.515462,0.5183,0.3134,-0.2049,0.135681,111.681,384.123,-0.141355,0.000151633,-0.0551989,0.000220444,111.312,0.236017,0.290673
2025-10-24,2025-10-24 11:36:56.224000+00:00,ETH-26OCT25-4000-C,C,4000,2025-10-26 08:00:00+00:00,1.83333,0.720974,0.356591,0.5052,0.3068,-0.1984,0.230837,104.184,394.083,-0.137782,0.296199,11.3156,-0.0411748,327.609,0.239935,0.281263
2025-10-24,2025-10-24 11:31:33.083000+00:00,ETH-31OCT25-4000-C,C,4000,2025-10-31 08:00:00+00:00,6.83333,0.291839,0.460393,0.6554,0.642,-0.0134,0.207724,214.462,81.4993,-0.0479561,0.0288155,2.11197,-0.00550113,2376.69,0.0479696,0.0781361
2025-10-24,2025-10-24 11:31:24.787000+00:00,ETH-27OCT25-3900-P,P,3900,2025-10-27 08:00:00+00:00,2.83333,0.700971,0.393573,0.5444,0.4321,-0.1123,0.266012,133.72,236.634,-0.0960706,0.11084,-4.64573,0.0151229,134.215,0.179337,0.220998
2025-10-24,2025-10-24 12:31:49.979000+00:00,ETH-28OCT25-4100-C,C,4100,2025-10-28 08:00:00+00:00,3.83333,0.524765,0.352204,0.5887,0.521,-0.0677,-1.08379,152.263,161.742,-0.076787,0.281597,7.26727,-0.0212406,151.75,0.048543,0.0865918
2025-10-24,2025-10-24 11:21:21.044000+00:00,ETH-28OCT25-3900-P,P,3900,2025-10-28 08:00:00+00:00,3.83333,0.518111,0.394074,0.5914,0.5263,-0.0651,-0.165788,156.008,161.003,-0.0771391,0.0951454,-3.44572,0.0104795,313.167,0.124873,0.161152
2025-10-31,2025-10-31 12:00:25.643000+00:00,ETH-2NOV25-3900-C,C,3900,2025-11-02 08:00:00+00:00,1.83333,0.72739,0.430183,0.4813,0.3612,-0.1201,-0.0437352,107.863,413.652,-0.131264,0.0767462,6.15652,-0.0224981,430.479,0.185423,0.235332
2025-10-31,2025-10-31 12:01:28.072000+00:00,ETH-3NOV25-3900-C,C,3900,2025-11-03 08:00:00+00:00,2.83333,0.706136,0.447411,0.5047,0.4525,-0.0522,-0.174239,134.959,255.248,-0.0890647,0.0462591,3.9724,-0.0123276,2022.93,0.109335,0.151806
2025-10-31,2025-10-31 11:57:04.589000+00:00,ETH-2NOV25-3850-P,P,3850,2025-11-02 08:00:00+00:00,1.83333,0.726468,0.408713,0.4788,0.3836,-0.0952,-0.129414,106.762,415.812,-0.130582,0.095045,-5.80641,0.0208733,963.749,0.201628,0.253683
2025-10-31,2025-10-31 11:56:06.156000+00:00,ETH-2NOV25-3875-C,C,3875,2025-11-02 08:00:00+00:00,1.83333,0.726201,0.488543,0.4697,0.3638,-0.1059,0.0929171,109.35,423.868,-0.1281,0.00380084,1.86421,-0.00674913,545.688,0.157279,0.211946
2025-10-31,2025-10-31 11:54:32.098000+00:00,ETH-7NOV25-4000-C,C,4000,2025-11-07 08:00:00+00:00,6.83333,0.29252,0.357048,0.5883,0.5975,0.00919998,0.0791072,197.586,90.7949,-0.0430463,0.278449,5.5529,-0.0122003,395.632,0.0201558,0.0503647
2025-10-31,2025-10-31 11:53:52.857000+00:00,ETH-2NOV25-3925-C,C,3925,2025-11-02 08:00:00+00:00,1.83333,0.725591,0.355488,0.4801,0.3783,-0.1018,-0.16364,102.235,414.686,-0.130936,0.313008,11.904,-0.0411382,102.371,0.211918,0.25459
2025-10-31,2025-10-31 11:51:22.884000+00:00,ETH-3NOV25-3875-C,C,3875,2025-11-03 08:00:00+00:00,2.83333,0.704394,0.471719,0.4992,0.4466,-0.0526,0.275177,135.304,258.06,-0.0880941,0.0163799,2.61589,-0.00807946,539.194,0.0948993,0.137361
2025-10-31,2025-10-31 11:48:09.539000+00:00,ETH-3NOV25-3850-C,C,3850,2025-11-03 08:00:00+00:00,2.83333,0.70384,0.515275,0.5047,0.4691,-0.0356,0.516384,135.321,255.248,-0.0890647,-0.000468609,0.138906,-0.000434532,404.755,0.0651985,0.108247
2025-10-31,2025-10-31 11:48:09.355000+00:00,ETH-7NOV25-3950-P,P,3950,2025-11-07 08:00:00+00:00,6.83333,0.292331,0.602383,0.5877,0.5887,0.000999985,0.375256,203.495,90.8876,-0.0430024,0.150318,4.22988,-0.0095996,203.629,0.0424053,0.0745546
2025-10-31,2025-10-31 12:26:31.053000+00:00,ETH-2NOV25-3875-P,P,3875,2025-11-02 08:00:00+00:00,1.83333,0.734652,0.505006,0.4773,0.3596,-0.1177,-0.0809457,109.444,417.119,-0.130173,0.0011907,1.3641,-0.00502015,217.786,0.202424,0.256621
2025-11-07,2025-11-07 12:05:51.346000+00:00,ETH-10NOV25-3250-P,P,3250,2025-11-10 08:00:00+00:00,2.83333,0.706897,0.440645,0.629,0.6472,0.0182,3.25018,113.732,204.807,-0.111,0.0222708,-1.69345,0.00653386,113.649,-0.271483,-0.224725
2025-11-07,2025-11-07 12:08:58.283000+00:00,ETH-14NOV25-3250-P,P,3250,2025-11-14 08:00:00+00:00,6.83333,0.29295,0.457899,0.704,0.7215,0.0175,3.48205,177.396,75.8731,-0.0515122,0.00141148,-0.0975728,0.00027283,2295.75,-0.139281,-0.106267
2025-11-07,2025-11-07 12:28:18.172000+00:00,ETH-14NOV25-3300-P,P,3300,2025-11-14 08:00:00+00:00,6.83333,0.293527,0.577778,0.7155,0.7118,-0.00370003,4.97827,172.53,74.6536,-0.0523537,0.0803646,2.9999,-0.00841027,521.977,-0.11809,-0.0832372
2025-11-07,2025-11-07 12:36:21.712000+00:00,ETH-14NOV25-3100-P,P,3100,2025-11-14 08:00:00+00:00,6.83333,0.293768,0.351393,0.7565,0.783,0.0265,6.18559,162.823,70.6076,-0.0553537,0.139796,-2.6813,0.00753428,1137.59,-0.0717239,-0.0390097
2025-11-14,2025-11-14 11:59:42.973000+00:00,ETH-21NOV25-3150-P,P,3150,2025-11-21 08:00:00+00:00,6.83333,0.292674,0.486944,0.7809,0.7693,-0.0116,1.01157,171.474,68.4014,-0.057139,-0.00310654,0.693671,-0.00216239,855.286,0.0173763,0.050192
2025-11-14,2025-11-14 11:59:11.027000+00:00,ETH-21NOV25-3250-P,P,3250,2025-11-21 08:00:00+00:00,6.83333,0.292659,0.612419,0.7509,0.749,-0.00189995,0.879547,164.516,71.1342,-0.0549439,0.147744,3.78019,-0.0108842,482.117,-0.00649985,0.0283253
2025-11-14,2025-11-14 12:01:11.590000+00:00,ETH-21NOV25-3100-P,P,3100,2025-11-21 08:00:00+00:00,6.83333,0.292718,0.430491,0.7819,0.7957,0.0138,0.895804,168.824,68.3139,-0.0572122,0.01526,-0.636869,0.00195866,1857.28,-0.0404069,-0.00804263
2025-11-14,2025-11-14 12:01:14.643000+00:00,ETH-16NOV25-3175-P,P,3175,2025-11-16 08:00:00+00:00,1.83333,0.727616,0.573103,0.8026,0.4806,-0.322,0.564712,87.1977,248.057,-0.218891,0.0553414,4.2387,-0.0257914,87.1762,0.162449,0.22463
2025-11-14,2025-11-14 12:01:15.256000+00:00,ETH-16NOV25-3100-P,P,3100,2025-11-16 08:00:00+00:00,1.83333,0.727618,0.40908,0.8314,0.6407,-0.1907,1.17961,86.3774,239.465,-0.226745,0.0472657,-2.90124,0.0181148,346.373,0.172674,0.22311
2025-11-14,2025-11-14 11:57:23.755000+00:00,ETH-17NOV25-3175-P,P,3175,2025-11-17 08:00:00+00:00,2.83333,0.705432,0.570076,0.7612,0.6681,-0.0931001,0.680239,108.332,169.237,-0.134329,0.0565563,3.63392,-0.0168921,108.369,0.0599394,0.109252
2025-11-14,2025-11-14 11:57:22.883000+00:00,ETH-17NOV25-3150-P,P,3150,2025-11-17 08:00:00+00:00,2.83333,0.70543,0.522366,0.7631,0.6547,-0.1084,1.18921,109.88,168.816,-0.134665,0.0090745,1.83489,-0.00867144,109.915,0.140959,0.189068
2025-11-14,2025-11-14 11:51:21.567000+00:00,ETH-21NOV25-3200-P,P,3200,2025-11-21 08:00:00+00:00,6.83333,0.292426,0.55187,0.7806,0.7566,-0.0239999,0.925572,169.825,68.4277,-0.0571171,0.0396687,2.22175,-0.00686822,668.612,-0.0554013,-0.02144
2025-11-14,2025-11-14 12:12:57.744000+00:00,ETH-16NOV25-3150-P,P,3150,2025-11-16 08:00:00+00:00,1.83333,0.730861,0.55299,0.8114,0.4559,-0.3555,1.11657,87.4651,245.367,-0.221291,0.0311271,3.30848,-0.0205187,264.938,0.317838,0.376182
2025-11-14,2025-11-14 11:44:57.403000+00:00,ETH-16NOV25-3200-C,C,3200,2025-11-16 08:00:00+00:00,1.83333,0.723152,0.371019,0.781,0.4542,-0.3268,0.995847,83.9938,254.918,-0.213,0.163054,6.96647,-0.0397277,84.2631,0.326166,0.382499
2025-11-14,2025-11-14 11:44:48.959000+00:00,ETH-17NOV25-3175-C,C,3175,2025-11-17 08:00:00+00:00,2.83333,0.703265,0.439361,0.74,0.6364,-0.1036,0.933844,108.973,174.086,-0.130588,0.0451111,3.34661,-0.0151824,332.658,0.140218,0.18662
2025-11-14,2025-11-14 11:41:24.798000+00:00,ETH-16NOV25-3175-C,C,3175,2025-11-16 08:00:00+00:00,1.83333,0.722188,0.403538,0.7849,0.4455,-0.3394,0.585248,85.7966,253.651,-0.214064,0.0940146,5.40886,-0.0317667,265.758,0.393851,0.45043
2025-11-14,2025-11-14 11:36:53.339000+00:00,ETH-18NOV25-3175-C,C,3175,2025-11-18 08:00:00+00:00,3.83333,0.519564,0.447389,0.7308,0.709,-0.0218,0.623401,127.039,130.292,-0.0953217,0.0376925,2.77179,-0.0107073,247.082,0.0990755,0.139761
2025-11-14,2025-11-14 12:30:09.312000+00:00,ETH-17NOV25-3100-P,P,3100,2025-11-17 08:00:00+00:00,2.83333,0.711138,0.448503,0.7598,0.6693,-0.0905,1.72319,108.751,169.549,-0.134082,0.01059,-0.930221,0.00434755,108.345,-0.157789,-0.109482
2025-11-21,2025-11-21 12:00:15.780000+00:00,ETH-28NOV25-2600-P,P,2600,2025-11-28 08:00:00+00:00,6.83333,0.292691,0.376069,0.9683,0.8956,-0.0727,3.32549,139.558,55.1633,-0.0708512,0.059794,-1.38373,0.0050912,2521.61,0.111969,0.142717
2025-11-21,2025-11-21 12:04:06.895000+00:00,ETH-23NOV25-2700-P,P,2700,2025-11-23 08:00:00+00:00,1.83333,0.728408,0.516368,1.0335,0.6533,-0.3802,3.2993,75.8431,192.638,-0.281864,0.00452499,1.5591,-0.0124146,302.857,0.513621,0.559676
2025-11-21,2025-11-21 11:53:58.419000+00:00,ETH-28NOV25-2800-C,C,2800,2025-11-28 08:00:00+00:00,6.83333,0.292504,0.384942,0.9231,0.8018,-0.1213,3.63741,139.998,57.8644,-0.0675439,0.132824,3.31705,-0.0117171,557.156,0.168377,0.199228
2025-11-21,2025-11-21 11:53:53.938000+00:00,ETH-24NOV25-2700-C,C,2700,2025-11-24 08:00:00+00:00,2.83333,0.704828,0.473581,0.955,0.7884,-0.1666,3.91278,93.8331,134.894,-0.168529,0.010463,1.78895,-0.0105738,1404.53,0.234707,0.277438
2025-11-21,2025-11-21 12:13:05.372000+00:00,ETH-24NOV25-2600-P,P,2600,2025-11-24 08:00:00+00:00,2.83333,0.708154,0.36288,1.0383,0.8485,-0.1898,3.87996,88.3758,124.072,-0.183229,0.0873524,-2.82986,0.0171403,1234.86,0.280489,0.323449
2025-11-21,2025-11-21 12:14:39.161000+00:00,ETH-23NOV25-2650-P,P,2650,2025-11-23 08:00:00+00:00,1.83333,0.731332,0.423652,1.0501,0.7442,-0.3059,3.51975,74.4075,189.592,-0.286391,0.021566,-1.58297,0.0125832,148.592,0.365531,0.409152
2025-11-21,2025-11-21 12:16:56.844000+00:00,ETH-24NOV25-2650-P,P,2650,2025-11-24 08:00:00+00:00,2.83333,0.708827,0.447268,1.0014,0.8067,-0.1947,3.91319,93.0536,128.643,-0.176718,0.00585313,-0.501482,0.00308771,92.859,0.251802,0.295234
2025-11-21,2025-11-21 12:41:26.189000+00:00,ETH-23NOV25-2750-P,P,2750,2025-11-23 08:00:00+00:00,1.83333,0.73887,0.562045,1.0234,0.4632,-0.5602,2.29095,75.7772,194.539,-0.279109,0.0342206,3.12816,-0.0243935,150.318,0.761431,0.816735
2025-11-28,2025-11-28 12:33:17.358000+00:00,ETH-1DEC25-3025-C,C,3025,2025-12-01 08:00:00+00:00,2.83333,0.711689,0.550914,0.4543,0.408,-0.0463,-1.31045,105.919,283.565,-0.0801706,0.0246025,-2.1882,0.00611615,316.407,0.0650948,0.108866
2025-12-05,2025-12-05 12:04:21.844000+00:00,ETH-7DEC25-3125-C,C,3125,2025-12-07 08:00:00+00:00,1.83333,0.728477,0.519808,0.5089,0.5396,0.0307,-2.82999,88.3475,391.218,-0.138791,0.0013265,-0.376898,0.00147718,177.048,0.0024989,0.0471782
2025-12-05,2025-12-05 12:06:39.980000+00:00,ETH-12DEC25-3200-C,C,3200,2025-12-12 08:00:00+00:00,6.83333,0.292881,0.423656,0.6674,0.7024,0.035,-3.2503,167.781,80.0339,-0.0488341,0.0818292,3.10751,-0.00813155,333.651,-0.00597583,0.0247838
2025-12-05,2025-12-05 12:34:47.957000+00:00,ETH-12DEC25-3150-C,C,3150,2025-12-12 08:00:00+00:00,6.83333,0.293722,0.478795,0.6823,0.7008,0.0185,-2.94978,170.116,78.2861,-0.0499244,0.0113451,1.56685,-0.00426394,169.812,-0.023754,0.00754936
2025-12-05,2025-12-05 12:35:07.814000+00:00,ETH-8DEC25-3100-C,C,3100,2025-12-08 08:00:00+00:00,2.83333,0.712013,0.585604,0.5527,0.5411,-0.0116,-2.91388,107.456,233.08,-0.0975353,0.0650573,-3.42601,0.0114756,213.951,-0.0553846,-0.00780348
2025-12-05,2025-12-05 12:35:11.483000+00:00,ETH-12DEC25-3150-P,P,3150,2025-12-12 08:00:00+00:00,6.83333,0.293733,0.511769,0.6786,0.7154,0.0368,-2.95451,170.668,78.713,-0.0496537,0.00527098,1.31541,-0.00356374,170.361,-0.0404326,-0.00890958
2025-12-12,2025-12-12 12:01:55.313000+00:00,ETH-19DEC25-3250-C,C,3250,2025-12-19 08:00:00+00:00,6.83333,0.29274,0.50349,0.6263,0.6426,0.0163,-3.84882,176.88,85.286,-0.0458268,-0.00107549,0.897839,-0.00224585,353.828,-0.110013,-0.078162
2025-12-19,2025-12-19 11:57:08.262000+00:00,ETH-23DEC25-2975-P,P,2975,2025-12-23 08:00:00+00:00,3.83333,0.521469,0.509726,0.6169,0.6089,-0.00799999,0.400369,121.163,154.348,-0.0804652,0.00346641,1.38602,-0.00455828,121.195,0.0974614,0.133524
2025-12-19,2025-12-19 12:04:39.827000+00:00,ETH-22DEC25-2950-P,P,2950,2025-12-22 08:00:00+00:00,2.83333,0.70669,0.460411,0.5951,0.5007,-0.0944,0.535498,103.575,216.474,-0.105018,0.00783841,-0.895281,0.00328844,827.678,0.175324,0.21513
2025-12-19,2025-12-19 12:04:43.990000+00:00,ETH-22DEC25-2925-P,P,2925,2025-12-22 08:00:00+00:00,2.83333,0.706702,0.404108,0.6121,0.5302,-0.0819,0.543044,100.997,210.462,-0.108018,0.0747906,-3.49882,0.0128987,100.935,0.167277,0.206815
2025-12-19,2025-12-19 12:22:10.190000+00:00,ETH-21DEC25-2925-P,P,2925,2025-12-21 08:00:00+00:00,1.83333,0.733432,0.39262,0.5756,0.4083,-0.1673,0.771548,80.5286,345.884,-0.156982,0.108838,-5.65592,0.0241952,80.1685,0.250129,0.289999
2025-12-19,2025-12-19 11:34:12.650000+00:00,ETH-21DEC25-3000-C,C,3000,2025-12-21 08:00:00+00:00,1.83333,0.720237,0.390969,0.5481,0.3045,-0.2436,0.337565,80.6604,363.238,-0.149482,0.161067,8.16522,-0.0331985,162.383,0.330608,0.372459
2025-12-26,2025-12-26 12:12:32.425000+00:00,ETH-30DEC25-2925-P,P,2925,2025-12-30 08:00:00+00:00,3.83333,0.522927,0.36193,0.4259,0.4668,0.0409,-0.615154,114,223.567,-0.0555522,0.256331,-7.08665,0.0151232,113.856,-0.00231526,0.0355034
2025-12-26,2025-12-26 11:38:29.709000+00:00,ETH-28DEC25-2950-P,P,2950,2025-12-28 08:00:00+00:00,1.83333,0.721396,0.41453,0.3699,0.3851,0.0152,-0.603075,81.9085,538.229,-0.100882,0.111568,-7.26524,0.0202419,82.2552,0.0548401,0.107735
2025-12-26,2025-12-26 12:28:03.857000+00:00,ETH-30DEC25-2975-C,C,2975,2025-12-30 08:00:00+00:00,3.83333,0.524405,0.491378,0.4253,0.4596,0.0343,-1.03699,121.373,223.883,-0.0554739,0.00327963,1.49209,-0.00338327,1331.65,0.0129676,0.0511475
2025-12-26,2025-12-26 12:33:18.508000+00:00,ETH-28DEC25-2975-C,C,2975,2025-12-28 08:00:00+00:00,1.83333,0.736566,0.472381,0.3736,0.3913,0.0177,-0.443796,83.7346,532.899,-0.101891,0.0174939,3.59394,-0.0103292,83.2012,-0.0291882,0.0216735
2026-01-02,2026-01-02 11:54:30.334000+00:00,ETH-9JAN26-3000-P,P,3000,2026-01-09 08:00:00+00:00,6.83333,0.29252,0.400997,0.517,0.5636,0.0466,2.65909,161.124,103.317,-0.0378293,0.0873624,-2.54565,0.00509385,964.47,-0.0518385,-0.0203008
2026-01-02,2026-01-02 11:50:13.501000+00:00,ETH-4JAN26-3025-P,P,3025,2026-01-04 08:00:00+00:00,1.83333,0.72459,0.408435,0.4022,0.6169,0.2147,3.66888,83.7765,495.005,-0.109691,0.117326,-7.13719,0.0215476,83.9388,-0.0408383,0.00171396
2026-01-02,2026-01-02 12:18:34.730000+00:00,ETH-9JAN26-3000-C,C,3000,2026-01-09 08:00:00+00:00,6.83333,0.293237,0.601587,0.5327,0.6282,0.0955,3.31161,160.997,100.272,-0.038978,0.0890582,-2.52985,0.0052074,160.838,-0.149243,-0.116073
2026-01-02,2026-01-02 11:37:57.153000+00:00,ETH-9JAN26-3100-C,C,3100,2026-01-09 08:00:00+00:00,6.83333,0.292029,0.424603,0.5236,0.5872,0.0636,3.11493,163.504,102.014,-0.0383122,0.0953098,3.658,-0.00751253,326.681,-0.0844055,-0.0528654
2026-01-09,2026-01-09 12:17:14.977000+00:00,ETH-16JAN26-3100-P,P,3100,2026-01-16 08:00:00+00:00,6.83333,0.293197,0.522492,0.5049,0.4829,-0.022,0.0707921,167.891,105.792,-0.0369439,0.0139806,1.81493,-0.00365422,167.743,0.0151249,0.0469689
2026-01-09,2026-01-09 11:39:17.531000+00:00,ETH-12JAN26-3075-P,P,3075,2026-01-12 08:00:00+00:00,2.83333,0.702318,0.423271,0.4002,0.3418,-0.0584,-0.374591,106.731,321.898,-0.0706235,0.0768913,-4.50011,0.0109627,427.586,0.067319,0.110688
2026-01-09,2026-01-09 12:33:45.614000+00:00,ETH-16JAN26-3100-C,C,3100,2026-01-16 08:00:00+00:00,6.83333,0.293691,0.47921,0.5036,0.4804,-0.0232,0.283723,167.985,106.066,-0.0368488,0.0124599,1.75362,-0.00352252,1006.47,-0.00254706,0.0281323
2026-01-09,2026-01-09 11:18:14.297000+00:00,ETH-16JAN26-3050-C,C,3050,2026-01-16 08:00:00+00:00,6.83333,0.291446,0.599307,0.5081,0.4882,-0.0199,-0.428972,163.74,105.126,-0.037178,0.0904514,-2.62391,0.00515861,164.103,0.0209422,0.0525392
2026-01-16,2026-01-16 11:59:44.467000+00:00,ETH-20JAN26-3275-P,P,3275,2026-01-20 08:00:00+00:00,3.83333,0.521715,0.415124,0.4002,0.3595,-0.0407,0.353167,131.897,237.925,-0.0522,0.0928779,-4.22736,0.0088168,1056.55,0.0567882,0.0961349
2026-01-16,2026-01-16 11:54:03.412000+00:00,ETH-19JAN26-3300-P,P,3300,2026-01-19 08:00:00+00:00,2.83333,0.704856,0.486543,0.3526,0.2956,-0.057,0.169311,115.991,365.353,-0.0622235,0.00025598,-0.0861085,0.00018822,694.972,0.0488487,0.0948894
2026-01-16,2026-01-16 11:50:48.870000+00:00,ETH-18JAN26-3300-C,C,3300,2026-01-18 08:00:00+00:00,1.83333,0.724751,0.516316,0.3376,0.1735,-0.1641,0.14699,93.2901,589.724,-0.0920727,0.00206305,-0.711044,0.00184947,93.4523,0.0858764,0.144739
2026-01-16,2026-01-16 12:33:05.067000+00:00,ETH-23JAN26-3300-P,P,3300,2026-01-23 08:00:00+00:00,6.83333,0.29367,0.471565,0.459,0.4539,-0.00510002,-0.0356738,180.127,116.372,-0.0335854,0.00132361,-0.135634,0.000248025,179.823,0.0228361,0.053492
2026-01-23,2026-01-23 11:58:12.842000+00:00,ETH-30JAN26-2950-P,P,2950,2026-01-30 08:00:00+00:00,6.83333,0.29263,0.511984,0.4728,0.5185,0.0457,0.486107,160.307,112.975,-0.0345951,0.0060219,1.46453,-0.00276438,319.926,-0.00873307,0.021414
2026-01-23,2026-01-23 11:58:09.711000+00:00,ETH-26JAN26-2900-P,P,2900,2026-01-26 08:00:00+00:00,2.83333,0.705564,0.350743,0.4016,0.4957,0.0941,0.488156,95.9426,320.776,-0.0708706,0.332236,-9.83553,0.0227645,193.337,0.0182285,0.0578502
2026-01-23,2026-01-23 11:43:24.614000+00:00,ETH-27JAN26-2975-C,C,2975,2026-01-27 08:00:00+00:00,3.83333,0.520176,0.395931,0.3946,0.4658,0.0712,0.385363,116.109,241.301,-0.0514696,0.204185,7.53704,-0.0153154,232.882,-0.0265283,0.0104408
2026-01-23,2026-01-23 11:41:46.451000+00:00,ETH-30JAN26-3000-C,C,3000,2026-01-30 08:00:00+00:00,6.83333,0.292142,0.390938,0.4534,0.5118,0.0584,0.254363,154.601,117.809,-0.0331756,0.207387,5.4681,-0.00952909,464.87,-0.0314048,-0.00128685
2026-01-23,2026-01-23 12:34:10.916000+00:00,ETH-25JAN26-2925-P,P,2925,2026-01-25 08:00:00+00:00,1.83333,0.736813,0.458326,0.3812,0.3681,-0.0131,0.648519,82.4553,522.274,-0.103964,0.0210727,-2.85495,0.0083466,81.9154,0.111903,0.159008
2026-01-30,2026-01-30 11:58:30.031000+00:00,ETH-6FEB26-2700-C,C,2700,2026-02-06 08:00:00+00:00,6.83333,0.292638,0.624003,0.5652,0.6985,0.1333,-10.4824,143.242,94.5057,-0.0413561,0.133466,-3.08654,0.00662833,435.606,-0.252464,-0.215797
2026-01-30,2026-01-30 11:54:54.789000+00:00,ETH-1FEB26-2750-C,C,2750,2026-02-01 08:00:00+00:00,1.83333,0.725874,0.562123,0.5399,1.4385,0.8986,-11.0461,77.2117,368.755,-0.147245,0.0342567,-3.0892,0.0127044,1156.73,-0.0857606,-0.0392238
2026-01-30,2026-01-30 11:54:44.876000+00:00,ETH-6FEB26-2800-P,P,2800,2026-02-06 08:00:00+00:00,6.83333,0.292527,0.550724,0.5484,0.731,0.1826,-11.3393,149.736,97.4009,-0.0401268,0.0471151,2.69978,-0.00586559,149.777,-0.156971,-0.123441
2026-01-30,2026-01-30 11:42:12.013000+00:00,ETH-3FEB26-2725-C,C,2725,2026-02-03 08:00:00+00:00,3.83333,0.520062,0.551378,0.5594,0.795,0.2356,-9.91932,111.121,170.213,-0.0729652,0.016621,-1.25474,0.00371189,222.603,-0.168082,-0.129092
2026-02-06,2026-02-06 12:09:19.512000+00:00,ETH-8FEB26-1950-P,P,1950,2026-02-08 08:00:00+00:00,1.83333,0.729851,0.564789,1.0306,1.1949,0.1643,8.04443,53.623,193.18,-0.281073,0.037218,3.22759,-0.0253124,53.5245,-0.126788,-0.0739629
2026-02-06,2026-02-06 11:15:03.464000+00:00,ETH-8FEB26-1900-P,P,1900,2026-02-08 08:00:00+00:00,1.83333,0.715099,0.409942,1.0457,1.3252,0.2795,7.90256,53.0798,190.39,-0.285191,0.033917,-2.08988,0.0164155,53.5455,-0.0893587,-0.0453024
2026-02-13,2026-02-13 11:59:40.083000+00:00,ETH-16FEB26-1925-P,P,1925,2026-02-16 08:00:00+00:00,2.83333,0.705825,0.356659,0.5712,0.7288,0.1576,6.49996,64.3443,225.531,-0.1008,0.203963,-6.30075,0.0208666,129.659,-0.169766,-0.133625
2026-02-13,2026-02-13 12:02:22.309000+00:00,ETH-20FEB26-2000-P,P,2000,2026-02-20 08:00:00+00:00,6.83333,0.292753,0.588637,0.6094,0.6719,0.0625,6.39371,104.134,87.6512,-0.0445902,0.112989,3.68647,-0.00875054,208.104,-0.137898,-0.103009
2026-02-20,2026-02-20 11:58:56.111000+00:00,ETH-27FEB26-1900-P,P,1900,2026-02-27 08:00:00+00:00,6.83333,0.292651,0.382101,0.6513,0.6625,0.0112,1.27908,101.433,82.0123,-0.0476561,0.0971203,-2.36619,0.00588448,505.71,0.00192443,0.0324387
2026-02-20,2026-02-20 12:01:50.206000+00:00,ETH-23FEB26-1925-P,P,1925,2026-02-23 08:00:00+00:00,2.83333,0.7062,0.4152,0.5566,0.5577,0.00110001,1.50878,66.7457,231.447,-0.0982235,0.0635268,-3.36692,0.0113606,330.935,0.0851739,0.127113
2026-02-20,2026-02-20 12:20:52.299000+00:00,ETH-23FEB26-1975-C,C,1975,2026-02-23 08:00:00+00:00,2.83333,0.709512,0.381962,0.5249,0.4923,-0.0326,1.42996,65.3928,245.425,-0.0926294,0.197208,7.47494,-0.0232701,65.208,0.105388,0.149159
2026-02-20,2026-02-20 12:27:51.490000+00:00,ETH-24FEB26-1975-C,C,1975,2026-02-24 08:00:00+00:00,3.83333,0.524386,0.409633,0.5639,0.5565,-0.00739998,1.26146,77.5198,168.855,-0.0735522,0.11534,4.94136,-0.0144787,154.448,0.102896,0.140275
2026-02-20,2026-02-20 11:23:00.839000+00:00,ETH-24FEB26-1950-P,P,1950,2026-02-24 08:00:00+00:00,3.83333,0.518267,0.477185,0.5699,0.5865,0.0166,0.845575,79.7235,167.077,-0.0743348,-0.000119376,0.0203596,-6.17736e-05,79.9901,0.0172822,0.0548691
2026-02-27,2026-02-27 11:58:30.014000+00:00,ETH-2MAR26-1975-C,C,1975,2026-03-02 08:00:00+00:00,2.83333,0.705623,0.466506,0.6231,0.7185,0.0954,-0.0325706,68.752,206.746,-0.109959,0.0187545,2.5316,-0.00974996,690.735,-0.127789,-0.079625
2026-02-27,2026-02-27 12:06:32.380000+00:00,ETH-6MAR26-2000-C,C,2000,2026-03-06 08:00:00+00:00,6.83333,0.292878,0.435816,0.66,0.7215,0.0615,-0.351703,105.765,80.9313,-0.0482927,0.0616173,2.7884,-0.00725525,744.374,-0.0659381,-0.0327786
2026-02-27,2026-02-27 11:49:58.187000+00:00,ETH-1MAR26-1975-C,C,1975,2026-03-01 08:00:00+00:00,1.83333,0.72452,0.456536,0.6217,0.7213,0.0996,0.0644299,55.1866,320.236,-0.169555,0.0270275,3.48416,-0.0166031,274.804,-0.125653,-0.0671998
2026-02-27,2026-02-27 12:11:42.995000+00:00,ETH-3MAR26-2000-C,C,2000,2026-03-03 08:00:00+00:00,3.83333,0.522849,0.387789,0.6449,0.7251,0.0802,0.313885,76.8881,147.647,-0.0841174,0.154874,5.30798,-0.0175293,624.751,-0.157627,-0.11617
2026-02-27,2026-02-27 11:48:05.285000+00:00,ETH-3MAR26-1950-P,P,1950,2026-03-03 08:00:00+00:00,3.83333,0.520616,0.451205,0.6477,0.7689,0.1212,0.252111,79.5973,147.008,-0.0844826,0.0106638,-0.848209,0.00290773,713.496,-0.178075,-0.135454
2026-02-27,2026-02-27 11:48:04.383000+00:00,ETH-6MAR26-1950-P,P,1950,2026-03-06 08:00:00+00:00,6.83333,0.292329,0.456284,0.6731,0.7442,0.0711,0.00100735,106.426,79.3562,-0.0492512,0.00288965,-0.192323,0.000513938,744.529,-0.132423,-0.0990555
2026-02-27,2026-02-27 12:12:05.379000+00:00,ETH-2MAR26-1950-C,C,1950,2026-03-02 08:00:00+00:00,2.83333,0.70798,0.5476,0.6574,0.7434,0.086,0.144943,68.4106,195.959,-0.116012,0.0111958,-1.0633,0.00430497,273.678,-0.17308,-0.12206
2026-02-27,2026-02-27 11:43:27.053000+00:00,ETH-1MAR26-1950-C,C,1950,2026-03-01 08:00:00+00:00,1.83333,0.722742,0.557285,0.6375,0.6752,0.0377,0.274132,54.8632,312.299,-0.173864,0.0224736,-2.19601,0.0106832,326.64,-0.045876,0.0190391
2026-02-27,2026-02-27 11:42:36.998000+00:00,ETH-2MAR26-2000-C,C,2000,2026-03-02 08:00:00+00:00,2.83333,0.702888,0.367921,0.6135,0.6983,0.0848,0.326768,65.0927,209.981,-0.108265,0.216233,7.25684,-0.0260801,133.536,-0.0954532,-0.0492951
2026-02-27,2026-02-27 11:42:21.448000+00:00,ETH-1MAR26-1950-P,P,1950,2026-03-01 08:00:00+00:00,1.83333,0.722445,0.447264,0.6376,0.7299,0.0923,-0.0732163,54.9224,312.25,-0.173891,0.0182715,-1.94034,0.00945597,110.193,-0.204836,-0.141482
2026-02-27,2026-02-27 12:20:07.522000+00:00,ETH-2MAR26-1925-C,C,1925,2026-03-02 08:00:00+00:00,2.83333,0.709382,0.632983,0.6538,0.7532,0.0994,0.25213,65.034,197.038,-0.115376,0.14597,-4.88625,0.0187086,129.713,-0.288692,-0.233594
2026-02-27,2026-02-27 11:20:37.042000+00:00,ETH-1MAR26-2000-C,C,2000,2026-03-01 08:00:00+00:00,1.83333,0.716583,0.382174,0.5773,0.7045,0.1272,-0.420596,53.3131,344.866,-0.157445,0.179731,8.3888,-0.0356754,107.501,-0.178265,-0.125462
2026-03-06,2026-03-06 12:04:22.346000+00:00,ETH-8MAR26-2025-P,P,2025,2026-03-08 08:00:00+00:00,1.83333,0.728479,0.38276,0.6445,0.5232,-0.1213,-3.77282,55.4601,308.908,-0.175773,0.116694,-5.52476,0.026264,224.726,0.0342147,0.0886628
2026-03-06,2026-03-06 12:05:20.705000+00:00,ETH-9MAR26-2075-C,C,2075,2026-03-09 08:00:00+00:00,2.83333,0.706808,0.426513,0.6545,0.6305,-0.024,-3.85848,70.8163,196.827,-0.1155,0.0686563,4.20991,-0.0168007,70.7678,0.039731,0.0787233
2026-03-06,2026-03-06 12:07:22.234000+00:00,ETH-9MAR26-2050-C,C,2050,2026-03-09 08:00:00+00:00,2.83333,0.70716,0.505821,0.6663,0.6261,-0.0402,-3.7814,71.9854,193.342,-0.117582,-0.000967812,0.750762,-0.00310249,71.9204,0.070738,0.114218
2026-03-06,2026-03-06 12:09:46.120000+00:00,ETH-8MAR26-2075-C,C,2075,2026-03-08 08:00:00+00:00,1.83333,0.729974,0.367822,0.6587,0.7466,0.0879,-3.40189,54.5067,302.248,-0.179645,0.196204,8.21702,-0.0394336,54.3927,-0.0634706,-0.023937
2026-03-06,2026-03-06 12:11:52.538000+00:00,ETH-10MAR26-2025-C,C,2025,2026-03-10 08:00:00+00:00,3.83333,0.522864,0.552788,0.7092,0.7023,-0.00689995,-3.08709,82.6411,134.26,-0.0925043,0.011215,-0.825041,0.00309292,165.103,-0.0474075,-0.00746339
2026-03-06,2026-03-06 11:36:00.699000+00:00,ETH-10MAR26-2100-C,C,2100,2026-03-10 08:00:00+00:00,3.83333,0.519482,0.418999,0.6968,0.7067,0.00989998,-4.5467,82.6369,136.65,-0.090887,0.0813576,3.87157,-0.0140867,82.8265,-0.0353431,0.00217158
2026-03-06,2026-03-06 12:34:45.043000+00:00,ETH-13MAR26-2100-C,C,2100,2026-03-13 08:00:00+00:00,6.83333,0.29372,0.414172,0.735,0.7446,0.00959999,-3.6367,109.019,72.673,-0.0537805,0.0932251,3.15046,-0.00903488,108.813,-0.0232171,0.00757546
2026-03-13,2026-03-13 11:58:30.773000+00:00,ETH-15MAR26-2150-C,C,2150,2026-03-15 08:00:00+00:00,1.83333,0.726863,0.366155,0.5141,0.5271,0.013,-1.19244,56.5846,387.261,-0.140209,0.251977,10.3909,-0.0388502,113.503,0.0413309,0.0833606
2026-03-13,2026-03-13 11:54:32.225000+00:00,ETH-16MAR26-2125-C,C,2125,2026-03-16 08:00:00+00:00,2.83333,0.704938,0.500797,0.5528,0.5344,-0.0184,-1.30599,74.61,233.038,-0.0975529,-0.000166265,0.959624,-0.00329043,74.6599,0.0607029,0.10515
2026-03-13,2026-03-13 12:07:32.119000+00:00,ETH-17MAR26-2150-C,C,2150,2026-03-17 08:00:00+00:00,3.83333,0.522452,0.453809,0.6155,0.6376,0.0221,-1.81505,86.5033,154.699,-0.0802826,0.0337121,2.83779,-0.00925199,1036.8,0.0257981,0.0635906
2026-03-20,2026-03-20 12:00:36.051000+00:00,ETH-23MAR26-2175-C,C,2175,2026-03-23 08:00:00+00:00,2.83333,0.705986,0.402848,0.5881,0.7055,0.1174,-3.0504,73.1336,219.05,-0.103782,0.124539,5.74693,-0.0203393,73.1279,-0.17897,-0.135032
2026-03-20,2026-03-20 11:56:14.837000+00:00,ETH-24MAR26-2125-C,C,2125,2026-03-24 08:00:00+00:00,3.83333,0.521385,0.558884,0.6619,0.7151,0.0532,-3.82218,86.5983,143.855,-0.0863348,0.0179832,-1.18433,0.0041347,86.6281,-0.0569577,-0.0166968
2026-03-20,2026-03-20 11:55:25.914000+00:00,ETH-27MAR26-2100-C,C,2100,2026-03-27 08:00:00+00:00,6.83333,0.292547,0.596647,0.7314,0.7334,0.00199997,-2.84919,113.437,73.0307,-0.0535171,0.0483927,-1.44529,0.00409754,113.465,-0.0961174,-0.0632938
2026-03-20,2026-03-20 11:54:17.601000+00:00,ETH-27MAR26-2100-P,P,2100,2026-03-27 08:00:00+00:00,6.83333,0.292513,0.404894,0.7375,0.7555,0.018,-3.31086,113.515,72.4266,-0.0539634,0.0456441,-1.38569,0.00396517,566.66,0.0449647,0.0758792
2026-03-20,2026-03-20 11:54:16.791000+00:00,ETH-27MAR26-2150-C,C,2150,2026-03-27 08:00:00+00:00,6.83333,0.292513,0.502277,0.7232,0.7757,0.0525,-2.99593,116.85,73.8587,-0.0529171,-0.000732697,0.942588,-0.00272264,234.02,-0.0804538,-0.0491427
2026-03-20,2026-03-20 12:07:03.598000+00:00,ETH-22MAR26-2175-C,C,2175,2026-03-22 08:00:00+00:00,1.83333,0.729223,0.381951,0.5688,0.7705,0.2017,-3.82765,58.0376,350.019,-0.155127,0.179382,8.4396,-0.0353886,57.952,-0.176182,-0.132763
2026-03-20,2026-03-20 12:07:03.659000+00:00,ETH-23MAR26-2150-C,C,2150,2026-03-23 08:00:00+00:00,2.83333,0.707106,0.502732,0.6141,0.6167,0.00259998,-2.86169,75.4861,209.776,-0.108371,-0.000529759,0.872652,-0.00332395,451.737,-0.223083,-0.177326
2026-03-20,2026-03-20 11:52:03.162000+00:00,ETH-27MAR26-2200-C,C,2200,2026-03-27 08:00:00+00:00,6.83333,0.292447,0.40467,0.7036,0.7371,0.0335,-2.68506,113.433,75.9162,-0.0514829,0.115863,3.50764,-0.0095742,228.748,-0.0688275,-0.0379665
2026-03-20,2026-03-20 12:15:25.510000+00:00,ETH-22MAR26-2150-P,P,2150,2026-03-22 08:00:00+00:00,1.83333,0.731547,0.506816,0.5919,1.2266,0.6347,-3.36959,60.6835,336.359,-0.161427,0.00168184,1.40316,-0.00640335,181.517,-0.139333,-0.0818509
2026-03-20,2026-03-20 11:42:10.846000+00:00,ETH-22MAR26-2125-P,P,2125,2026-03-22 08:00:00+00:00,1.83333,0.722397,0.428122,0.5671,0.6263,0.0592,-3.63129,59.4839,351.068,-0.154664,0.0453011,-3.51918,0.0151374,59.6894,-0.349166,-0.290405
2026-03-20,2026-03-20 11:38:45.220000+00:00,ETH-27MAR26-2150-P,P,2150,2026-03-27 08:00:00+00:00,6.83333,0.292052,0.496006,0.7223,0.741,0.0187,-2.64849,116.897,73.9508,-0.0528512,-0.00122074,0.899657,-0.00259532,234.142,0.0924112,0.124243
2026-03-20,2026-03-20 11:38:41.423000+00:00,ETH-24MAR26-2175-C,C,2175,2026-03-24 08:00:00+00:00,3.83333,0.519733,0.41751,0.6402,0.736,0.0958,-3.83394,85.6368,148.731,-0.0835043,0.0894939,4.18246,-0.013971,171.623,-0.0980781,-0.0588978
2026-03-20,2026-03-20 11:17:00.918000+00:00,ETH-24MAR26-2200-C,C,2200,2026-03-24 08:00:00+00:00,3.83333,0.517708,0.388368,0.6467,0.6655,0.0188,-2.93829,84.5648,147.236,-0.0843522,0.154743,5.29934,-0.0175485,84.9263,-0.114081,-0.074931
2026-03-27,2026-03-27 12:00:04.529000+00:00,ETH-30MAR26-1950-P,P,1950,2026-03-30 08:00:00+00:00,2.83333,0.705895,0.363045,0.7465,0.6396,-0.1069,0.258191,65.8209,172.57,-0.131735,0.133542,-4.32652,0.018841,263.218,0.178561,0.220646
2026-03-27,2026-03-27 12:01:39.613000+00:00,ETH-30MAR26-2000-C,C,2000,2026-03-30 08:00:00+00:00,2.83333,0.70617,0.478587,0.6991,0.6007,-0.0984,0.221602,69.8324,184.271,-0.123371,0.00885023,1.87144,-0.00810352,349.798,0.202046,0.245355
2026-03-27,2026-03-27 12:04:44.899000+00:00,ETH-30MAR26-1975-P,P,1975,2026-03-30 08:00:00+00:00,2.83333,0.706705,0.440541,0.7123,0.6324,-0.0799,0.252938,69.1582,180.856,-0.1257,0.0182211,-1.38292,0.00604212,414.718,0.156827,0.199419
2026-03-27,2026-03-27 12:10:40.392000+00:00,ETH-29MAR26-2000-P,P,2000,2026-03-29 08:00:00+00:00,1.83333,0.730225,0.531848,0.6962,0.3972,-0.299,0.273117,56.0791,285.968,-0.189873,0.0147586,2.61435,-0.0139905,338.039,0.34425,0.399011
2026-03-27,2026-03-27 12:11:37.506000+00:00,ETH-29MAR26-1975-C,C,1975,2026-03-29 08:00:00+00:00,1.83333,0.730489,0.579695,0.7091,0.4995,-0.2096,0.0810621,55.2117,280.766,-0.193391,0.0426215,-2.99523,0.0160508,165.754,0.35651,0.410609
2026-03-27,2026-03-27 11:45:42.229000+00:00,ETH-29MAR26-1975-P,P,1975,2026-03-29 08:00:00+00:00,1.83333,0.723356,0.422663,0.7293,0.4758,-0.2535,-0.0459744,55.2665,272.989,-0.1989,0.0385391,-2.78188,0.0153483,166.427,0.328798,0.379899
2026-04-03,2026-04-03 11:48:33.113000+00:00,ETH-7APR26-2100-C,C,2100,2026-04-07 08:00:00+00:00,3.83333,0.520659,0.35358,0.4778,0.4786,0.000800018,0.29159,78.4394,199.283,-0.0623217,0.334614,8.68125,-0.0206089,475.335,0.0394689,0.0754003
2026-04-03,2026-04-03 11:44:27.419000+00:00,ETH-5APR26-2050-P,P,2050,2026-04-05 08:00:00+00:00,1.83333,0.723016,0.449295,0.3906,0.3276,-0.063,0.200868,57.6719,509.705,-0.106527,0.03272,-3.61431,0.0107976,394.637,0.201045,0.247185
2026-04-03,2026-04-03 11:40:22.495000+00:00,ETH-5APR26-2075-C,C,2075,2026-04-05 08:00:00+00:00,1.83333,0.721906,0.369368,0.3706,0.2951,-0.0755,0.215737,54.9647,537.212,-0.101073,0.326303,13.7493,-0.0371492,220.768,0.126022,0.170257
2026-04-10,2026-04-10 11:53:01.359000+00:00,ETH-13APR26-2200-C,C,2200,2026-04-13 08:00:00+00:00,2.83333,0.704677,0.465357,0.4706,0.6141,0.1435,4.38124,76.6917,273.743,-0.0830471,0.0237743,3.09963,-0.00901365,304.443,-0.396347,-0.348618
2026-04-10,2026-04-10 11:51:20.174000+00:00,ETH-17APR26-2200-P,P,2200,2026-04-17 08:00:00+00:00,6.83333,0.292425,0.428853,0.5504,0.6852,0.1348,2.82024,119.441,97.0469,-0.0402732,0.0338977,-1.3814,0.00298835,119.494,-0.138607,-0.106151
2026-04-10,2026-04-10 11:48:19.832000+00:00,ETH-17APR26-2250-P,P,2250,2026-04-17 08:00:00+00:00,6.83333,0.292336,0.548001,0.5459,0.6742,0.1283,2.92834,120.495,97.8469,-0.0399439,0.0432183,2.61631,-0.00566311,482.273,-0.128173,-0.0945864
2026-04-17,2026-04-17 11:55:21.797000+00:00,ETH-20APR26-2300-P,P,2300,2026-04-20 08:00:00+00:00,2.83333,0.705081,0.461173,0.4749,0.5561,0.0812,3.62997,80.7174,271.265,-0.0838059,0.0114307,-1.3305,0.00390067,403.32,0.119662,0.161197
2026-04-17,2026-04-17 11:52:24.953000+00:00,ETH-24APR26-2400-C,C,2400,2026-04-24 08:00:00+00:00,6.83333,0.292458,0.423765,0.5678,0.6711,0.1033,-0.353164,126.315,94.073,-0.0415463,0.0915008,3.4762,-0.00773893,756.819,-0.135401,-0.102421
2026-04-17,2026-04-17 12:11:46.451000+00:00,ETH-19APR26-2300-P,P,2300,2026-04-19 08:00:00+00:00,1.83333,0.730531,0.423327,0.4817,0.5112,0.0295,2.12141,64.214,413.309,-0.131373,0.0636751,-4.65437,0.0169691,64.0662,0.0779189,0.115883
2026-04-17,2026-04-17 12:12:01.452000+00:00,ETH-20APR26-2325-P,P,2325,2026-04-20 08:00:00+00:00,2.83333,0.707969,0.553753,0.4705,0.5106,0.0401,1.8511,80.4605,273.801,-0.0830294,0.0505563,4.25398,-0.0123024,400.367,0.0975313,0.143067
2026-04-17,2026-04-17 12:13:29.917000+00:00,ETH-19APR26-2325-P,P,2325,2026-04-19 08:00:00+00:00,1.83333,0.73101,0.541931,0.46,0.4382,-0.0218,1.64376,65.1177,432.806,-0.125455,0.0313803,4.21909,-0.0148832,64.9486,0.103471,0.152138
2026-04-17,2026-04-17 12:24:42.357000+00:00,ETH-21APR26-2375-C,C,2375,2026-04-21 08:00:00+00:00,3.83333,0.524085,0.350682,0.5316,0.6117,0.0801,1.15893,88.2575,179.115,-0.0693391,0.314415,8.02106,-0.0211345,267.037,-0.334302,-0.289456
2026-04-17,2026-04-17 12:34:11.100000+00:00,ETH-20APR26-2350-C,C,2350,2026-04-20 08:00:00+00:00,2.83333,0.711847,0.368961,0.4806,0.4718,-0.00880001,1.39366,76.9811,268.047,-0.0848118,0.260105,8.86484,-0.025001,153.235,-0.418028,-0.365423
2026-04-24,2026-04-24 12:07:10.750000+00:00,ETH-27APR26-2325-C,C,2325,2026-04-27 08:00:00+00:00,2.83333,0.707127,0.64142,0.43,0.379,-0.051,-1.06875,77.5404,299.59,-0.0758824,0.272815,-8.55443,0.0213694,155.113,0.263677,0.306131
2026-04-24,2026-04-24 12:08:23.606000+00:00,ETH-27APR26-2350-C,C,2350,2026-04-27 08:00:00+00:00,2.83333,0.707337,0.525963,0.4079,0.379,-0.0289,-0.0888399,82.565,315.821,-0.0719824,0.00465309,-0.811314,0.00204836,1572.26,0.0725861,0.111863
2026-04-24,2026-04-24 11:48:35.465000+00:00,ETH-1MAY26-2350-C,C,2350,2026-05-01 08:00:00+00:00,6.83333,0.292344,0.469442,0.5246,0.5403,0.0157,-0.52045,126.869,101.82,-0.0383854,0.0217342,2.06939,-0.00432322,508.349,0.0222782,0.0520468
2026-04-24,2026-04-24 12:16:07.903000+00:00,ETH-26APR26-2375-C,C,2375,2026-04-26 08:00:00+00:00,1.83333,0.731744,0.429926,0.3997,0.4594,0.0597,-1.70294,65.7639,498.101,-0.109009,0.0899107,7.21078,-0.0218831,65.5555,0.215785,0.250178
2026-05-01,2026-05-01 12:14:32.353000+00:00,ETH-5MAY26-2275-P,P,2275,2026-05-05 08:00:00+00:00,3.83333,0.523117,0.424473,0.3853,0.3726,-0.0127,1.11987,91.9595,247.125,-0.0502565,0.0744547,-3.81852,0.00770511,459.7,0.0320377,0.069019
2026-05-01,2026-05-01 12:14:32.680000+00:00,ETH-3MAY26-2300-P,P,2300,2026-05-03 08:00:00+00:00,1.83333,0.731302,0.575533,0.2931,0.2992,0.00610001,1.34742,63.6026,679.259,-0.0799364,0.136489,10.1417,-0.0225116,578.358,0.0720239,0.121013
2026-05-01,2026-05-01 12:19:34.883000+00:00,ETH-8MAY26-2300-P,P,2300,2026-05-08 08:00:00+00:00,6.83333,0.293267,0.508511,0.4283,0.4422,0.0139,1.00619,125.148,124.713,-0.031339,0.00396341,1.36272,-0.00233064,750.873,0.0173328,0.0479143
2026-05-01,2026-05-01 12:24:40.878000+00:00,ETH-4MAY26-2325-C,C,2325,2026-05-04 08:00:00+00:00,2.83333,0.710178,0.381576,0.3466,0.3328,-0.0138,0.838047,77.3682,371.678,-0.0611647,0.286714,10.8351,-0.0222669,389.258,0.0385861,0.0780759
2026-05-01,2026-05-01 12:30:04.178000+00:00,ETH-4MAY26-2300-P,P,2300,2026-05-04 08:00:00+00:00,2.83333,0.711123,0.466937,0.3441,0.3286,-0.0155,0.774846,80.7314,374.378,-0.0607235,0.0126198,-1.73037,0.00368062,241.298,0.108455,0.148768
2026-05-01,2026-05-01 12:38:13.343000+00:00,ETH-5MAY26-2300-P,P,2300,2026-05-05 08:00:00+00:00,3.83333,0.525377,0.459593,0.3836,0.3892,0.00559998,0.690548,93.8527,248.221,-0.0500348,0.0163456,-1.57541,0.00320621,280.648,0.0620508,0.0980844
2026-05-08,2026-05-08 11:57:33.466000+00:00,ETH-12MAY26-2300-P,P,2300,2026-05-12 08:00:00+00:00,3.83333,0.521508,0.45706,0.3742,0.4006,0.0264,0.785553,93.806,254.456,-0.0488087,0.0200351,-1.81259,0.00359602,563.392,-0.0611425,-0.02259
2026-05-08,2026-05-08 12:02:33.210000+00:00,ETH-11MAY26-2325-C,C,2325,2026-05-11 08:00:00+00:00,2.83333,0.706324,0.44729,0.3454,0.3525,0.00709999,0.566633,80.6443,372.969,-0.0609529,0.0624693,5.35274,-0.0113677,479.739,0.103433,0.145519
2026-05-08,2026-05-08 11:55:41.675000+00:00,ETH-12MAY26-2325-C,C,2325,2026-05-12 08:00:00+00:00,3.83333,0.521333,0.428649,0.3861,0.3966,0.0105,0.886138,92.7931,246.613,-0.0503609,0.102261,5.54666,-0.011237,462.828,0.0542054,0.0913088
2026-05-15,2026-05-15 11:48:34.593000+00:00,ETH-22MAY26-2300-C,C,2300,2026-05-22 08:00:00+00:00,6.83333,0.292344,0.380879,0.3897,0.4321,0.0424,-3.48895,117.809,137.066,-0.0285146,0.277691,6.68967,-0.00994412,926.565,-0.0565787,-0.0252783
2026-05-15,2026-05-15 11:18:02.548000+00:00,ETH-17MAY26-2275-C,C,2275,2026-05-17 08:00:00+00:00,1.83333,0.715895,0.386218,0.2848,0.623,0.3382,-3.37602,61.2705,699.055,-0.0776727,0.31931,15.4488,-0.0325145,61.7995,-0.152022,-0.112707
2026-05-22,2026-05-22 11:48:34.226000+00:00,ETH-26MAY26-2150-C,C,2150,2026-05-26 08:00:00+00:00,3.83333,0.520661,0.372253,0.2896,0.4626,0.173,-0.661022,82.5049,328.789,-0.0377739,0.400995,11.9932,-0.0175616,415.99,-0.281702,-0.239841
2026-05-22,2026-05-22 12:12:19.427000+00:00,ETH-25MAY26-2150-C,C,2150,2026-05-25 08:00:00+00:00,2.83333,0.708021,0.367226,0.2526,0.4702,0.2176,-0.892181,70.8052,509.99,-0.0445765,0.483886,16.2171,-0.0239931,70.6851,-0.271952,-0.227413
2026-05-22,2026-05-22 11:47:40.510000+00:00,ETH-29MAY26-2150-C,C,2150,2026-05-29 08:00:00+00:00,6.83333,0.292317,0.419872,0.3785,0.4724,0.0939,-0.54119,113.629,141.122,-0.0276951,0.135902,4.9078,-0.00726902,343.863,-0.183696,-0.14927
2026-05-22,2026-05-22 12:35:45.865000+00:00,ETH-25MAY26-2125-C,C,2125,2026-05-25 08:00:00+00:00,2.83333,0.712125,0.543539,0.2677,0.4344,0.1667,-0.756438,74.4197,481.223,-0.0472412,0.0347612,-3.62043,0.00597605,148.166,-0.385215,-0.332946
2026-05-29,2026-05-29 12:03:29.068000+00:00,ETH-31MAY26-2000-P,P,2000,2026-05-31 08:00:00+00:00,1.83333,0.728234,0.49208,0.3349,0.2851,-0.0498,0.868006,56.5472,594.479,-0.0913364,-0.000230015,0.163457,-0.000422033,168.947,0.0374968,0.084901
2026-05-29,2026-05-29 12:12:49.750000+00:00,ETH-2JUN26-2025-C,C,2025,2026-06-02 08:00:00+00:00,3.83333,0.522955,0.376799,0.3669,0.3555,-0.0114,0.951739,77.8414,259.519,-0.0478565,0.29998,9.33744,-0.0173933,233.732,-0.002952,0.0365492
2026-05-29,2026-05-29 11:45:59.035000+00:00,ETH-5JUN26-2050-C,C,2050,2026-06-05 08:00:00+00:00,6.83333,0.292267,0.353647,0.4084,0.3913,-0.0171,0.752033,101.946,130.79,-0.0298829,0.39722,7.72513,-0.011742,102.03,0.0105283,0.0420274
2026-06-05,2026-06-05 12:04:45.272000+00:00,ETH-12JUN26-1600-P,P,1600,2026-06-12 08:00:00+00:00,6.83333,0.292824,0.356303,0.7396,0.7612,0.0216,-5.08057,84.2769,72.221,-0.0541171,0.133005,-2.63939,0.00728558,168.193,-0.125347,-0.0915005
2026-06-05,2026-06-05 11:54:03.542000+00:00,ETH-7JUN26-1650-C,C,1650,2026-06-07 08:00:00+00:00,1.83333,0.72564,0.590637,0.7084,0.8807,0.1723,-5.87955,45.9089,281.043,-0.1932,0.0580192,-3.5689,0.0189889,137.69,-0.244862,-0.197789
2026-06-05,2026-06-05 11:18:02.890000+00:00,ETH-12JUN26-1675-C,C,1675,2026-06-12 08:00:00+00:00,6.83333,0.29144,0.516109,0.6735,0.7291,0.0556001,-6.58455,91.3083,79.309,-0.0492805,-0.00310234,0.562899,-0.00151298,181.522,-0.161012,-0.127427
2026-06-12,2026-06-12 12:04:51.503000+00:00,ETH-14JUN26-1675-P,P,1675,2026-06-14 08:00:00+00:00,1.83333,0.728614,0.545477,0.4098,0.3011,-0.1087,0.627752,46.8759,485.825,-0.111764,0.039861,4.92894,-0.0154743,46.832,0.209461,0.259487
2026-06-26,2026-06-26 12:15:52.190000+00:00,ETH-28JUN26-1525-P,P,1525,2026-06-28 08:00:00+00:00,1.83333,0.731671,0.382256,0.6489,0.5787,-0.0702,1.95403,41.7615,306.813,-0.176973,0.11641,-5.49716,0.0263053,126.767,0.114579,0.154181
2026-06-26,2026-06-26 12:18:39.030000+00:00,ETH-29JUN26-1550-P,P,1550,2026-06-29 08:00:00+00:00,2.83333,0.709124,0.503154,0.5907,0.4824,-0.1083,1.53524,54.3835,218.086,-0.104241,0.000786771,1.14929,-0.00421085,322.345,0.107049,0.15136
2026-06-26,2026-06-26 12:33:48.735000+00:00,ETH-29JUN26-1575-P,P,1575,2026-06-29 08:00:00+00:00,2.83333,0.711781,0.611776,0.5376,0.4477,-0.0899,1.49337,52.4269,239.627,-0.0948706,0.173425,6.96585,-0.0223192,209.127,0.138872,0.188859
2026-07-03,2026-07-03 11:58:05.926000+00:00,ETH-6JUL26-1750-P,P,1750,2026-07-06 08:00:00+00:00,2.83333,0.705554,0.570233,0.3731,0.4967,0.1236,1.60906,60.1706,345.279,-0.0658412,0.0995804,6.38498,-0.0145467,484.86,-0.154361,-0.10476
2026-07-03,2026-07-03 12:07:23.978000+00:00,ETH-5JUL26-1725-P,P,1725,2026-07-05 08:00:00+00:00,1.83333,0.729317,0.367554,0.3533,0.5296,0.1763,2.13156,46.4429,563.518,-0.0963546,0.29922,-12.4948,0.032151,232.559,-0.050133,-0.00594294
2026-07-10,2026-07-10 12:03:49.861000+00:00,ETH-14JUL26-1825-C,C,1825,2026-07-14 08:00:00+00:00,3.83333,0.522101,0.35571,0.3838,0.4388,0.055,-0.491729,68.6223,248.091,-0.0500609,0.394225,10.4022,-0.0198829,68.5949,-0.100648,-0.059864
2026-07-10,2026-07-10 11:52:25.837000+00:00,ETH-13JUL26-1800-P,P,1800,2026-07-13 08:00:00+00:00,2.83333,0.704575,0.511179,0.3423,0.4407,0.0984,-0.906662,63.1609,376.347,-0.0604059,0.00477752,1.93108,-0.00409847,126.375,-0.168374,-0.120354
2026-07-10,2026-07-10 11:52:25.420000+00:00,ETH-13JUL26-1800-C,C,1800,2026-07-13 08:00:00+00:00,2.83333,0.704574,0.490455,0.3677,0.4401,0.0724,-1.12514,63.1677,350.35,-0.0648882,0.00367663,1.7402,-0.00396784,755.937,-0.0403249,0.00703699
2026-07-10,2026-07-10 12:18:33.314000+00:00,ETH-12JUL26-1800-C,C,1800,2026-07-12 08:00:00+00:00,1.83333,0.732421,0.501946,0.3561,0.3969,0.0408,-0.573876,50.8824,559.087,-0.0971182,-0.000282021,0.803851,-0.00220727,50.7033,-0.165577,-0.100655
2026-07-10,2026-07-10 11:30:14.390000+00:00,ETH-13JUL26-1775-C,C,1775,2026-07-13 08:00:00+00:00,2.83333,0.700771,0.639604,0.3693,0.3926,0.0233,0.476673,59.1598,348.832,-0.0651706,0.316586,-10.0207,0.0215249,236.121,-0.235013,-0.186201
2026-07-17,2026-07-17 11:50:26.162000+00:00,ETH-24JUL26-1800-P,P,1800,2026-07-24 08:00:00+00:00,6.83333,0.292399,0.359228,0.4648,0.4588,-0.00599998,1.14633,94.0133,114.92,-0.0340098,0.230514,-4.67113,0.00812566,189.022,0.0112842,0.0418351
2026-07-17,2026-07-17 12:33:28.681000+00:00,ETH-24JUL26-1825-P,P,1825,2026-07-24 08:00:00+00:00,6.83333,0.293682,0.463208,0.4417,0.4268,-0.0149,1.57404,99.5686,120.93,-0.0323195,0.00665884,-0.527254,0.000926221,99.3986,0.0293693,0.0598146
2026-07-24,2026-07-24 11:43:46.534000+00:00,ETH-26JUL26-1875-P,P,1875,2026-07-26 08:00:00+00:00,1.83333,0.72283,0.455415,0.3291,0.2213,-0.1078,-0.118471,52.8041,604.956,-0.0897545,0.0303387,-3.81318,0.00961594,264.418,0.151184,0.202088
2026-07-31,2026-07-31 12:08:14.504000+00:00,ETH-3AUG26-1900-C,C,1900,2026-08-03 08:00:00+00:00,2.83333,0.707311,0.363281,0.3513,0.3913,0.04,-1.74059,62.1249,366.705,-0.0619941,0.378126,12.286,-0.0251871,495.125,-0.0342578,0.00446922
2026-08-07,2026-08-07 12:11:09.007000+00:00,ETH-14AUG26-1950-C,C,1950,2026-08-14 08:00:00+00:00,6.83333,0.293015,0.449228,0.3865,0.3873,0.00079998,-0.736882,104.724,138.201,-0.0282805,0.0595137,3.41116,-0.00522322,824.525,0.00100071,0.0310364
2026-08-07,2026-08-07 12:11:19.200000+00:00,ETH-10AUG26-1940-C,C,1940,2026-08-10 08:00:00+00:00,2.83333,0.707846,0.46513,0.3398,0.2678,-0.072,-0.914582,67.7215,379.116,-0.0599647,0.0301528,3.9178,-0.0082261,270.373,0.0922799,0.132447
2026-08-07,2026-08-07 12:14:45.907000+00:00,ETH-9AUG26-1940-C,C,1940,2026-08-09 08:00:00+00:00,1.83333,0.731363,0.445505,0.3519,0.2774,-0.0745,-0.837786,54.1404,565.76,-0.0959727,0.0626834,6.4761,-0.0174099,215.767,0.116259,0.156862
2026-08-07,2026-08-07 12:36:56.582000+00:00,ETH-9AUG26-1920-C,C,1920,2026-08-09 08:00:00+00:00,1.83333,0.737594,0.556389,0.329,0.2364,-0.0926,-0.534757,53.9112,605.14,-0.0897273,0.0504263,-5.04661,0.0126763,53.5263,0.131906,0.180571
