fri,entry_ts,instrument,cp,strike,expiry,T_days,wknd_frac,abs_delta,iv_in,iv_out,iv_change,index_move_pct,vega_usd,gamma_per_vega,theta_per_vega,volga_per_vega,vanna_per_vega,charm_per_day,vega_traded_in_window,net_per_vega,gross_per_vega
2017-09-22,2017-09-22 11:28:33.203000+00:00,BTC-29SEP17-3500-C,C,3500,2017-09-29 08:00:00+00:00,6.83333,0.291751,0.627044,0.8267,0.6612,-0.1655,4.67728,186.834,64.6119,-0.0604902,0.0828906,-1.86764,0.00585074,374.48,-0.481591,-0.444864
2017-12-01,2017-12-01 12:30:40.330000+00:00,BTC-8DEC17-10250-C,C,10250,2017-12-08 08:00:00+00:00,6.83333,0.293598,0.537759,1.2969,0.999,-0.2979,6.11708,557.602,41.1864,-0.0948951,-0.0060404,0.465101,-0.00239836,1664.68,-0.307149,-0.287033
2017-12-01,2017-12-01 12:34:18.581000+00:00,BTC-8DEC17-11000-C,C,11000,2017-12-08 08:00:00+00:00,6.83333,0.293707,0.37631,1.2644,1.4456,0.1812,6.19222,533.212,42.245,-0.0925171,0.121155,2.81693,-0.0135401,532.139,-0.565206,-0.544577
2017-12-22,2017-12-22 11:50:00.586000+00:00,BTC-29DEC17-14500-C,C,14500,2017-12-29 08:00:00+00:00,6.83333,0.292386,0.439481,1.5154,1.3621,-0.1533,9.01622,741.882,35.2479,-0.110883,0.0362014,1.73532,-0.0103819,742.279,-0.563081,-0.54274
2017-12-22,2017-12-22 12:36:36.224000+00:00,BTC-29DEC17-15000-P,P,15000,2017-12-29 08:00:00+00:00,6.83333,0.293776,0.551306,1.6551,1.6456,-0.00949997,2.77793,768.85,32.2728,-0.121105,0.0275008,1.56655,-0.010271,767.354,0.455016,0.478896
2018-03-23,2018-03-23 11:49:11.627000+00:00,BTC-30MAR18-8500-C,C,8500,2018-03-30 08:00:00+00:00,6.83333,0.292362,0.517943,1.0231,0.9746,-0.0485,0.871522,461.888,52.2086,-0.074861,-0.00417492,0.678978,-0.00277174,2311.25,0.0581589,0.0780213
2018-04-20,2018-04-20 12:21:47.936000+00:00,BTC-27APR18-8500-C,C,8500,2018-04-27 08:00:00+00:00,6.83333,0.293333,0.538082,0.8218,0.8307,0.00889999,4.4178,463.914,64.9971,-0.0601317,-0.00195745,0.149613,-0.000488839,2316.39,-0.437195,-0.417174
2018-04-27,2018-04-27 12:20:40.431000+00:00,BTC-4MAY18-9500-C,C,9500,2018-05-04 08:00:00+00:00,6.83333,0.293299,0.456943,0.7906,0.9212,0.1306,0.821963,506.599,67.5622,-0.0578488,0.0294943,1.99757,-0.00627114,8095.04,-0.114878,-0.0950572
2018-05-11,2018-05-11 11:38:38.092000+00:00,BTC-18MAY18-9000-C,C,9000,2018-05-18 08:00:00+00:00,6.83333,0.292049,0.364088,0.6012,0.8242,0.223,-2.23738,447.837,88.8467,-0.0439902,0.249077,5.23072,-0.0118222,903.179,0.00378739,0.0240539
2018-05-25,2018-05-25 12:06:08.351000+00:00,BTC-1JUN18-7500-C,C,7500,2018-06-01 08:00:00+00:00,6.83333,0.292866,0.528794,0.6488,0.6142,-0.0346,-2.46829,409.338,82.3284,-0.0474732,-0.00184056,0.186201,-0.000481256,817.187,0.295708,0.315408
2018-06-08,2018-06-08 12:00:36.083000+00:00,BTC-15JUN18-7500-C,C,7500,2018-06-15 08:00:00+00:00,6.83333,0.292701,0.562324,0.4743,0.4488,-0.0255,-1.69003,407.666,112.618,-0.0347049,0.0304146,-1.41709,0.0026517,407.654,0.217061,0.236821
2018-06-29,2018-06-29 11:18:15.146000+00:00,BTC-6JUL18-5750-P,P,5750,2018-07-06 08:00:00+00:00,6.83333,0.291446,0.384558,0.6558,0.7375,0.0817,8.60106,307.39,81.4496,-0.0479854,0.0915481,-2.27607,0.00570965,308.081,0.359358,0.383013
2018-07-06,2018-07-06 12:06:51.027000+00:00,BTC-13JUL18-6750-C,C,6750,2018-07-13 08:00:00+00:00,6.83333,0.292887,0.37587,0.556,0.7004,0.1444,2.9885,341.167,96.0695,-0.0406829,0.223101,5.15652,-0.0108927,1374.57,-0.34919,-0.327857
2018-07-20,2018-07-20 11:51:50.135000+00:00,BTC-27JUL18-7500-C,C,7500,2018-07-27 08:00:00+00:00,6.83333,0.29244,0.514621,0.6669,0.6136,-0.0533,-1.57569,408.784,80.0939,-0.0487976,-0.00300015,0.598521,-0.00159319,1635.87,0.240239,0.259986
2018-08-10,2018-08-10 12:11:23.233000+00:00,BTC-17AUG18-6500-C,C,6500,2018-08-17 08:00:00+00:00,6.83333,0.293022,0.502332,0.7458,0.7491,0.00330002,-3.32806,353.172,71.6206,-0.0545707,-0.000760728,0.942172,-0.00280648,1382.26,0.320924,0.342848
2018-08-10,2018-08-10 12:40:44.213000+00:00,BTC-17AUG18-6750-C,C,6750,2018-08-17 08:00:00+00:00,6.83333,0.2939,0.353329,0.6944,0.763,0.0686,-3.53723,329.866,76.922,-0.0508098,0.254277,4.95078,-0.0127969,329.061,0.193894,0.215651
2018-08-17,2018-08-17 12:27:45.316000+00:00,BTC-24AUG18-6500-C,C,6500,2018-08-24 08:00:00+00:00,6.83333,0.293511,0.493159,0.6702,0.6524,-0.0178,-1.49456,352.718,79.6995,-0.049039,0.0027562,1.18532,-0.00317246,1056.15,-0.0144834,0.0130164
2018-09-07,2018-09-07 12:17:44.478000+00:00,BTC-14SEP18-6500-C,C,6500,2018-09-14 08:00:00+00:00,6.83333,0.293212,0.429574,0.5634,0.7188,0.1554,-3.46193,343.518,94.8077,-0.0412244,0.08,3.29904,-0.00730804,688.708,-0.172398,-0.145129
2018-09-14,2018-09-14 12:12:49.814000+00:00,BTC-21SEP18-6500-P,P,6500,2018-09-21 08:00:00+00:00,6.83333,0.293065,0.514702,0.6077,0.5933,-0.0144,0.505865,352.265,87.8964,-0.0444659,0.0072595,1.44238,-0.00349859,704.08,0.0403653,0.0659294
2018-09-21,2018-09-21 12:38:23.253000+00:00,BTC-28SEP18-6750-P,P,6750,2018-09-28 08:00:00+00:00,6.83333,0.293829,0.506095,0.5498,0.5288,-0.021,-0.398134,366.954,97.1528,-0.0402293,0.00248107,1.20074,-0.00263647,1098.71,0.0110792,0.0380499
2018-09-28,2018-09-28 11:51:42.163000+00:00,BTC-5OCT18-6750-C,C,6750,2018-10-05 08:00:00+00:00,6.83333,0.292436,0.399373,0.4472,0.4985,0.0513,-0.865527,350.478,119.442,-0.032722,0.180427,5.16911,-0.00893725,350.637,-0.0641206,-0.0371219
2018-09-28,2018-09-28 12:22:34.537000+00:00,BTC-5OCT18-6500-C,C,6500,2018-10-05 08:00:00+00:00,6.83333,0.293356,0.604758,0.509,0.5687,0.0597,-0.633057,348.071,104.94,-0.0372439,0.102122,-2.8116,0.00551806,2430.77,-0.00554491,0.0233222
2018-09-28,2018-09-28 11:20:38.920000+00:00,BTC-5OCT18-6750-P,P,6750,2018-10-05 08:00:00+00:00,6.83333,0.291517,0.58812,0.4542,0.4632,0.00900002,-1.3588,353.747,117.602,-0.0332341,0.140314,4.59282,-0.00812677,354.499,-0.0979528,-0.0685135
2018-10-05,2018-10-05 11:47:55.312000+00:00,BTC-12OCT18-6500-P,P,6500,2018-10-12 08:00:00+00:00,6.83333,0.292324,0.444904,0.4044,0.4729,0.0685,0.169331,353.58,132.084,-0.0295902,0.0285373,-1.50482,0.00240737,1060.48,-0.04298,-0.0173265
2018-11-16,2018-11-16 12:25:05.491000+00:00,BTC-23NOV18-5500-P,P,5500,2018-11-23 08:00:00+00:00,6.83333,0.293431,0.471358,0.5776,0.8553,0.2777,-0.232349,300.214,92.4769,-0.0422634,-0.000891442,0.0906564,-0.000208603,599.656,-0.193732,-0.168293
2018-11-23,2018-11-23 11:51:01.517000+00:00,BTC-30NOV18-4250-C,C,4250,2018-11-30 08:00:00+00:00,6.83333,0.292416,0.553717,0.7721,1.29,0.5179,-11.9172,231.889,69.181,-0.0564951,0.00514784,-0.278545,0.000851187,463.593,-0.491048,-0.462015
2018-11-23,2018-11-23 11:50:58.005000+00:00,BTC-30NOV18-4500-C,C,4500,2018-11-30 08:00:00+00:00,6.83333,0.292414,0.362753,0.8632,1.3985,0.5353,-10.586,220.009,61.8798,-0.063161,0.191062,3.9746,-0.0128831,220.126,-0.383772,-0.356887
2018-11-30,2018-11-30 11:52:12.962000+00:00,BTC-7DEC18-3750-P,P,3750,2018-12-07 08:00:00+00:00,6.83333,0.292452,0.356455,1.1673,1.2011,0.0338,5.41814,200.303,45.7591,-0.0854122,0.0656784,-1.30427,0.00568271,1001.97,0.0121334,0.0390257
2018-11-30,2018-11-30 11:33:38.025000+00:00,BTC-7DEC18-4000-C,C,4000,2018-12-07 08:00:00+00:00,6.83333,0.291901,0.489267,1.0308,1.0566,0.0258,4.78333,215.277,51.8186,-0.0754244,0.00442673,1.19238,-0.00490734,215.567,0.012794,0.0405538
2018-11-30,2018-11-30 11:33:16.075000+00:00,BTC-7DEC18-4000-P,P,4000,2018-12-07 08:00:00+00:00,6.83333,0.29189,0.507281,1.0709,1.0823,0.0114001,4.7809,215.391,49.8783,-0.0783585,0.00284673,1.12609,-0.00481577,215.684,-0.0176231,0.0101382
2018-12-07,2018-12-07 12:16:06.504000+00:00,BTC-14DEC18-3250-P,P,3250,2018-12-14 08:00:00+00:00,6.83333,0.293163,0.383119,1.3104,1.2633,-0.0470999,0.833671,176.175,40.7621,-0.0958829,0.026741,-0.657592,0.00329304,702.636,0.102738,0.13044
2018-12-07,2018-12-07 11:25:29.409000+00:00,BTC-14DEC18-3500-C,C,3500,2018-12-14 08:00:00+00:00,6.83333,0.29166,0.437227,1.0846,1.2008,0.1162,0.0697837,182.259,49.2482,-0.079361,0.0448673,2.06832,-0.00884804,1464.85,-0.0266384,0.00014248
2018-12-14,2018-12-14 11:58:02.623000+00:00,BTC-21DEC18-3250-P,P,3250,2018-12-21 08:00:00+00:00,6.83333,0.292625,0.486029,0.9825,0.8389,-0.1436,-1.55153,176.529,54.366,-0.0718902,-0.00354316,0.739525,-0.00290026,1059.95,0.236779,0.262822
2018-12-21,2018-12-21 11:55:28.174000+00:00,BTC-28DEC18-4250-C,C,4250,2018-12-28 08:00:00+00:00,6.83333,0.292548,0.368446,1.0558,0.9971,-0.0587,-1.19017,206.692,50.5916,-0.0772537,0.152967,3.32646,-0.0132573,1458.07,0.0819639,0.108896
2018-12-21,2018-12-21 12:36:48.495000+00:00,BTC-28DEC18-4000-C,C,4000,2018-12-28 08:00:00+00:00,6.83333,0.293782,0.577198,0.9532,1.0366,0.0834,-2.75866,217.894,56.0372,-0.0697463,0.0131048,-0.492146,0.00183853,1524.38,-0.0243243,0.00457335
2018-12-28,2018-12-28 11:54:03.372000+00:00,BTC-4JAN19-3750-C,C,3750,2019-01-04 08:00:00+00:00,6.83333,0.292506,0.390305,0.7826,0.9945,0.2119,2.58377,190.022,68.2528,-0.0572634,0.137335,3.60218,-0.0108308,3588.64,-0.253311,-0.224409
2018-12-28,2018-12-28 11:51:21.813000+00:00,BTC-4JAN19-3500-P,P,3500,2019-01-04 08:00:00+00:00,6.83333,0.292426,0.370782,0.913,1.0859,0.1729,3.50501,187.08,58.5045,-0.0668049,0.0740493,-1.64061,0.00566585,2439.1,-0.179968,-0.15244
2018-12-28,2018-12-28 11:50:56.240000+00:00,BTC-4JAN19-3500-C,C,3500,2019-01-04 08:00:00+00:00,6.83333,0.292414,0.643753,0.7706,0.9446,0.174,2.65201,184.547,69.3156,-0.0563854,0.125901,-2.49615,0.0071781,184.64,-0.186205,-0.155488
2019-01-04,2019-01-04 12:10:48.958000+00:00,BTC-11JAN19-3750-P,P,3750,2019-01-11 08:00:00+00:00,6.83333,0.293005,0.454742,0.7017,0.7466,0.0449001,0.455563,204.665,76.1218,-0.0513439,0.00286261,-0.184037,0.000512469,818.46,-0.000142239,0.0259513
2019-01-11,2019-01-11 12:21:29.740000+00:00,BTC-18JAN19-3750-P,P,3750,2019-01-18 08:00:00+00:00,6.83333,0.293324,0.614319,0.7222,0.7272,0.005,-0.402896,189.782,73.961,-0.0528439,0.156288,3.93645,-0.0108867,567.601,0.0410683,0.0680037
2019-01-18,2019-01-18 12:04:38.925000+00:00,BTC-25JAN19-3500-C,C,3500,2019-01-25 08:00:00+00:00,6.83333,0.292821,0.649321,0.5828,0.7173,0.1345,2.32299,182.441,91.6517,-0.0426439,0.199782,-3.80817,0.00823628,551.283,-0.142643,-0.113215
2019-01-25,2019-01-25 12:03:09.961000+00:00,BTC-1FEB19-3500-C,C,3500,2019-02-01 08:00:00+00:00,6.83333,0.292777,0.552298,0.502,0.4967,-0.00530003,0.658224,190.674,106.404,-0.0367317,0.0164378,-0.913875,0.00181658,190.643,0.0143083,0.0420475
2019-01-25,2019-01-25 12:22:27.204000+00:00,BTC-1FEB19-3500-P,P,3500,2019-02-01 08:00:00+00:00,6.83333,0.293352,0.444487,0.6078,0.5892,-0.0186,0.604393,190.747,87.8819,-0.0444732,0.0129426,-0.677889,0.0016297,381.776,0.0303998,0.0570201
2019-02-01,2019-02-01 12:01:06.212000+00:00,BTC-8FEB19-3500-C,C,3500,2019-02-08 08:00:00+00:00,6.83333,0.292716,0.360931,0.4491,0.4919,0.0428,1.37235,175.112,118.937,-0.032861,0.33082,6.7926,-0.0114363,1761.55,-0.0316477,-0.00522067
2019-02-01,2019-02-01 11:29:50.700000+00:00,BTC-8FEB19-3500-P,P,3500,2019-02-08 08:00:00+00:00,6.83333,0.291789,0.623155,0.4925,0.5394,0.0469,1.077,177.625,108.456,-0.0360366,0.243667,5.665,-0.0106063,177.929,-0.042494,-0.0142557
2019-02-15,2019-02-15 11:50:51.045000+00:00,BTC-22FEB19-3625-C,C,3625,2019-02-22 08:00:00+00:00,6.83333,0.292411,0.419677,0.4549,0.4756,0.0207,0.373081,191.042,117.421,-0.0332854,0.118203,4.25892,-0.00758051,191.136,-0.00415843,0.0210367
2019-02-22,2019-02-22 11:52:42.625000+00:00,BTC-1MAR19-4000-C,C,4000,2019-03-01 08:00:00+00:00,6.83333,0.292466,0.405456,0.5027,0.5486,0.0459,4.69371,208.219,106.255,-0.0367829,0.146727,4.48002,-0.00874107,5276.58,-0.128841,-0.10074
2019-02-22,2019-02-22 12:07:37.075000+00:00,BTC-1MAR19-3875-C,C,3875,2019-03-01 08:00:00+00:00,6.83333,0.29291,0.589431,0.5034,0.61,0.1066,4.64488,208.925,106.108,-0.0368341,0.070556,-2.28146,0.00447147,1255.13,-0.153671,-0.124693
2019-02-22,2019-02-22 12:11:18.166000+00:00,BTC-1MAR19-4000-P,P,4000,2019-03-01 08:00:00+00:00,6.83333,0.29302,0.59651,0.4863,0.5729,0.0866,4.70822,208.056,109.839,-0.0355829,0.155977,4.66921,-0.00880281,1037.48,-0.203658,-0.173841
2019-02-22,2019-02-22 11:30:46.614000+00:00,BTC-1MAR19-3875-P,P,3875,2019-03-01 08:00:00+00:00,6.83333,0.291816,0.415635,0.5273,0.588,0.0607,4.68274,209.424,101.298,-0.0385829,0.0570854,-1.95615,0.00402716,629.295,-0.133703,-0.106093
2019-03-01,2019-03-01 12:02:43.547000+00:00,BTC-8MAR19-3875-C,C,3875,2019-03-08 08:00:00+00:00,6.83333,0.292764,0.410674,0.5038,0.461,-0.0428,0.0915785,202.531,106.023,-0.0368634,0.132067,4.2752,-0.00838617,1213.1,0.0653497,0.090909
2019-03-01,2019-03-01 11:51:17.686000+00:00,BTC-8MAR19-3750-P,P,3750,2019-03-08 08:00:00+00:00,6.83333,0.292424,0.398335,0.4814,0.494,0.0126,0.205409,200.963,110.957,-0.0352244,0.102731,-2.91302,0.00541802,201.057,0.0164775,0.0422994
2019-03-15,2019-03-15 12:01:51.885000+00:00,BTC-22MAR19-3875-C,C,3875,2019-03-22 08:00:00+00:00,6.83333,0.292738,0.534341,0.408,0.4538,0.0458,2.5575,211.423,130.918,-0.0298537,0.00641285,-0.543819,0.000882915,2749.77,-0.0397549,-0.0121732
2019-03-22,2019-03-22 11:49:20.561000+00:00,BTC-29MAR19-4000-P,P,4000,2019-03-29 08:00:00+00:00,6.83333,0.292366,0.524743,0.4147,0.3946,-0.0201,0.0310185,216.806,128.803,-0.0303439,0.0178076,2.09489,-0.00346318,866.342,0.0438973,0.0693968
2019-03-29,2019-03-29 12:06:43.405000+00:00,BTC-5APR19-4125-P,P,4125,2019-04-05 08:00:00+00:00,6.83333,0.292883,0.595647,0.3792,0.4111,0.0319,0.512483,215.65,140.861,-0.0277463,0.187547,5.66413,-0.00833109,645.809,0.0002727,0.0270385
2019-03-29,2019-03-29 11:35:17.550000+00:00,BTC-5APR19-4125-C,C,4125,2019-04-05 08:00:00+00:00,6.83333,0.29195,0.452709,0.3838,0.4391,0.0553,0.166849,221.878,139.173,-0.0280829,0.0532052,3.26672,-0.0049723,880.071,-0.0491545,-0.0237133
2019-03-29,2019-03-29 12:32:59.854000+00:00,BTC-5APR19-4000-C,C,4000,2019-04-05 08:00:00+00:00,6.83333,0.293668,0.634335,0.4025,0.3775,-0.025,0.743091,209.485,132.707,-0.0294512,0.245167,-5.22586,0.00792159,209.099,-0.00591021,0.0231211
2019-04-05,2019-04-05 12:02:03.593000+00:00,BTC-12APR19-5000-C,C,5000,2019-04-12 08:00:00+00:00,6.83333,0.292744,0.528293,0.7518,0.761,0.00919998,0.568952,272.79,71.049,-0.0550098,-0.00301026,0.309936,-0.00092832,2995.55,0.00683877,0.0343905
2019-04-05,2019-04-05 12:31:20.011000+00:00,BTC-12APR19-5000-P,P,5000,2019-04-12 08:00:00+00:00,6.83333,0.293618,0.460115,0.8088,0.7295,-0.0793,0.266571,272.914,66.0418,-0.0591805,-0.00130092,0.0949265,-0.000305118,816.993,0.0852925,0.11181
2019-04-26,2019-04-26 12:04:50.022000+00:00,BTC-3MAY19-5000-P,P,5000,2019-05-03 08:00:00+00:00,6.83333,0.292827,0.352649,0.5827,0.5411,-0.0416,0.575332,261.046,91.6675,-0.0426366,0.193613,-3.74241,0.00810903,260.975,0.0526332,0.0789911
2019-04-26,2019-04-26 12:07:59.523000+00:00,BTC-3MAY19-5125-C,C,5125,2019-05-03 08:00:00+00:00,6.83333,0.292921,0.523618,0.564,0.4453,-0.1187,0.549428,279.707,94.7068,-0.0412683,-0.00188298,0.232289,-0.000522351,279.594,0.134985,0.162247
2019-04-26,2019-04-26 11:44:32.349000+00:00,BTC-3MAY19-5125-P,P,5125,2019-05-03 08:00:00+00:00,6.83333,0.292224,0.44815,0.547,0.4905,-0.0565,0.428195,279.321,97.6502,-0.0400244,0.0132371,-0.742018,0.00160742,1120.57,0.0925531,0.118426
2019-05-03,2019-05-03 12:08:59.375000+00:00,BTC-10MAY19-5750-C,C,5750,2019-05-10 08:00:00+00:00,6.83333,0.292951,0.487501,0.6267,0.6109,-0.0158,1.01676,311.726,85.2316,-0.0458561,0.00584157,1.3648,-0.00341456,1866.42,-0.00365265,0.024622
2019-05-03,2019-05-03 11:42:54.248000+00:00,BTC-10MAY19-5750-P,P,5750,2019-05-10 08:00:00+00:00,6.83333,0.292175,0.512473,0.5909,0.6223,0.0314,0.946449,311.898,90.3954,-0.0432366,0.00595711,1.38797,-0.00327415,1549.96,-0.100389,-0.0711852
2019-05-10,2019-05-10 12:03:14.405000+00:00,BTC-17MAY19-6250-C,C,6250,2019-05-17 08:00:00+00:00,6.83333,0.292779,0.530779,0.5445,0.9369,0.3924,18.1639,341.16,98.0985,-0.0398415,0.00038649,-0.0365762,7.93084e-05,1365.91,-0.542732,-0.512385
2019-05-10,2019-05-10 12:19:34.244000+00:00,BTC-17MAY19-6250-P,P,6250,2019-05-17 08:00:00+00:00,6.83333,0.293266,0.483876,0.7055,1.116,0.4105,16.0632,340.626,75.7117,-0.051622,-0.00321617,0.58061,-0.00163472,340.288,-0.261256,-0.231619
2019-05-17,2019-05-17 11:44:40.313000+00:00,BTC-24MAY19-7250-C,C,7250,2019-05-24 08:00:00+00:00,6.83333,0.292228,0.487567,1.1764,0.9279,-0.2485,2.5621,388.499,45.4052,-0.086078,0.00511925,1.19458,-0.00561015,388.803,0.285877,0.311898
2019-05-24,2019-05-24 12:01:38.750000+00:00,BTC-31MAY19-8000-C,C,8000,2019-05-31 08:00:00+00:00,6.83333,0.292732,0.538334,0.8589,0.8516,-0.00729996,0.856251,436.588,62.1896,-0.0628463,-0.00238461,0.181093,-0.000618372,1311.3,0.0589027,0.0857572
2019-05-24,2019-05-24 11:37:51.722000+00:00,BTC-31MAY19-8500-C,C,8500,2019-05-31 08:00:00+00:00,6.83333,0.292026,0.352577,0.8719,0.8665,-0.00540001,-0.082697,409.822,61.2623,-0.0637976,0.216533,4.17632,-0.0135362,1232.77,0.0976795,0.123684
2019-06-07,2019-06-07 11:59:49.581000+00:00,BTC-14JUN19-8000-C,C,8000,2019-06-14 08:00:00+00:00,6.83333,0.292678,0.476589,0.7376,0.6996,-0.038,0.247094,431.157,72.4168,-0.0539707,0.0127088,1.58182,-0.00465207,866.325,0.0778679,0.104515
2019-06-07,2019-06-07 11:58:17.873000+00:00,BTC-14JUN19-8000-P,P,8000,2019-06-14 08:00:00+00:00,6.83333,0.292632,0.526573,0.7259,0.6906,-0.0353,0.613298,430.712,73.584,-0.0531146,0.0152465,1.67128,-0.00483479,1292.54,0.0938454,0.120909
2019-06-14,2019-06-14 11:49:11.609000+00:00,BTC-21JUN19-8500-C,C,8500,2019-06-21 08:00:00+00:00,6.83333,0.292362,0.412947,0.673,0.7314,0.0584,6.77558,441.906,79.368,-0.0492439,0.10213,3.39066,-0.00889596,8880.55,-0.0957095,-0.0673176
2019-06-28,2019-06-28 12:00:26.589000+00:00,BTC-5JUL19-12000-C,C,12000,2019-07-05 08:00:00+00:00,6.83333,0.292696,0.554927,1.256,1.2584,0.00239998,-0.146545,654.657,42.5276,-0.0919024,-0.00370965,0.196293,-0.000975371,2596.74,-0.00465312,0.0236714
2019-06-28,2019-06-28 12:23:22.622000+00:00,BTC-5JUL19-12500-C,C,12500,2019-07-05 08:00:00+00:00,6.83333,0.29338,0.418667,1.3188,1.1369,-0.1819,1.93867,633.511,40.5025,-0.0964976,0.0598463,2.13521,-0.0110135,1265.87,0.0182114,0.0465904
2019-07-12,2019-07-12 11:54:45.949000+00:00,BTC-19JUL19-12000-C,C,12000,2019-07-19 08:00:00+00:00,6.83333,0.292527,0.459159,1.0071,1.102,0.0949,-2.77639,636.371,53.0381,-0.0736902,0.0244964,1.74469,-0.00698104,1273.89,-0.0569516,-0.0293871
2019-07-12,2019-07-12 11:44:38.985000+00:00,BTC-19JUL19-11500-C,C,11500,2019-07-19 08:00:00+00:00,6.83333,0.292227,0.577951,1.0811,1.1347,0.0536,-2.78918,626.991,49.4077,-0.0791049,0.00887304,-0.329696,0.00139636,627.485,-0.00292479,0.0257265
2019-07-19,2019-07-19 12:00:54.429000+00:00,BTC-26JUL19-10500-C,C,10500,2019-07-26 08:00:00+00:00,6.83333,0.29271,0.486624,1.2371,1.325,0.0879,6.33397,561.486,43.1773,-0.0905195,0.00549568,1.19806,-0.00591639,2266.14,-0.236848,-0.210244
2019-07-19,2019-07-19 12:02:01.088000+00:00,BTC-26JUL19-10500-P,P,10500,2019-07-26 08:00:00+00:00,6.83333,0.292743,0.513117,1.3133,1.3306,0.0173,4.09366,560.349,40.6721,-0.0960951,0.00531897,1.18289,-0.0062014,2841.78,0.0591431,0.0858149
2019-07-19,2019-07-19 12:02:37.052000+00:00,BTC-26JUL19-10000-P,P,10000,2019-07-26 08:00:00+00:00,6.83333,0.292761,0.402846,1.2674,1.3349,0.0675001,4.21421,544.423,42.145,-0.0927366,0.0140834,-0.418448,0.0020551,7066.89,0.016103,0.0422325
2019-07-19,2019-07-19 12:05:20.136000+00:00,BTC-26JUL19-10000-C,C,10000,2019-07-26 08:00:00+00:00,6.83333,0.292842,0.596023,1.2439,1.3101,0.0662,4.78412,544.412,42.9413,-0.0910171,0.0142342,-0.428027,0.00206465,1088.89,-0.40145,-0.37252
2019-07-19,2019-07-19 12:09:39.973000+00:00,BTC-26JUL19-11000-C,C,11000,2019-07-26 08:00:00+00:00,6.83333,0.292971,0.4211,1.2586,1.1847,-0.0739,4.32123,560.489,42.4397,-0.0920927,0.0586467,2.15498,-0.0106208,1704,-0.11797,-0.0912871
2019-07-19,2019-07-19 12:10:50.514000+00:00,BTC-26JUL19-11500-C,C,11500,2019-07-26 08:00:00+00:00,6.83333,0.293006,0.370607,1.3107,1.2183,-0.0924001,1.42194,551.381,40.7528,-0.0959049,0.128216,2.8399,-0.0140793,551.026,0.116314,0.142325
2019-07-26,2019-07-26 11:34:04.903000+00:00,BTC-2AUG19-9500-C,C,9500,2019-08-02 08:00:00+00:00,6.83333,0.291914,0.619621,0.9908,1.0048,0.014,-3.71732,511.2,53.9106,-0.0724976,0.0520172,-1.24765,0.0047134,511.908,-0.0672512,-0.037818
2019-08-02,2019-08-02 12:04:46.163000+00:00,BTC-9AUG19-11000-C,C,11000,2019-08-09 08:00:00+00:00,6.83333,0.292825,0.391268,0.96,0.9225,-0.0375,3.28871,552.656,55.6402,-0.0702439,0.117055,3.10057,-0.0114446,4447.91,0.0720143,0.0983469
2019-08-02,2019-08-02 11:38:07.189000+00:00,BTC-9AUG19-10500-C,C,10500,2019-08-09 08:00:00+00:00,6.83333,0.292034,0.535393,0.9581,0.9356,-0.0225,3.44462,572.639,55.7506,-0.0701049,-0.00392059,0.32273,-0.00123014,1718.46,0.00409888,0.0310713
2019-08-09,2019-08-09 12:02:37.589000+00:00,BTC-16AUG19-11500-P,P,11500,2019-08-16 08:00:00+00:00,6.83333,0.292761,0.420472,0.8863,0.8547,-0.0316,-3.21307,625.761,60.267,-0.0648512,0.0179788,-0.654786,0.00227171,4367.86,0.0758756,0.102092
2019-08-09,2019-08-09 11:44:18.819000+00:00,BTC-16AUG19-12000-C,C,12000,2019-08-16 08:00:00+00:00,6.83333,0.292217,0.468609,0.9753,0.8998,-0.0755,-3.65121,640.422,54.7674,-0.0713634,0.0171891,1.59151,-0.00618035,4472.16,0.076854,0.102639
2019-08-09,2019-08-09 11:43:15.235000+00:00,BTC-16AUG19-11500-C,C,11500,2019-08-16 08:00:00+00:00,6.83333,0.292186,0.596685,0.9403,0.8888,-0.0515,-3.96917,623.512,56.806,-0.0688024,0.0302656,-0.903306,0.00329229,3122.84,0.0808209,0.108367
2019-08-16,2019-08-16 11:58:27.006000+00:00,BTC-23AUG19-10000-C,C,10000,2019-08-23 08:00:00+00:00,6.83333,0.292637,0.571851,0.9403,0.9877,0.0474,1.15902,545.108,56.806,-0.0688024,0.0100986,-0.407557,0.00150574,8706.83,-0.00113057,0.0265192
2019-08-16,2019-08-16 11:48:24.649000+00:00,BTC-23AUG19-10000-P,P,10000,2019-08-23 08:00:00+00:00,6.83333,0.292339,0.422225,0.9362,0.9677,0.0314999,0.793979,544.592,57.0547,-0.0685024,0.0142848,-0.531995,0.00195133,2724.92,-0.0148499,0.0115278
2019-08-16,2019-08-16 11:35:08.023000+00:00,BTC-23AUG19-9500-P,P,9500,2019-08-23 08:00:00+00:00,6.83333,0.291945,0.360679,0.9573,0.9795,0.0221999,3.86896,505.496,55.7972,-0.0700463,0.0842438,-1.72499,0.00618852,1009.98,-0.0434266,-0.0165283
2019-08-23,2019-08-23 11:28:22.776000+00:00,BTC-30AUG19-10500-C,C,10500,2019-08-30 08:00:00+00:00,6.83333,0.291745,0.399726,0.7827,0.792,0.0093,0.23433,536.854,68.2441,-0.0572707,0.117681,3.37768,-0.0102224,537.795,-0.028581,-0.00160877
2019-08-30,2019-08-30 12:01:29.019000+00:00,BTC-6SEP19-9500-C,C,9500,2019-09-06 08:00:00+00:00,6.83333,0.292727,0.556015,0.7281,0.797,0.0689,0.503036,518.124,73.3617,-0.0532756,0.00798048,-0.414036,0.00119217,2593.85,-0.0322986,-0.00620604
2019-09-06,2019-09-06 12:00:45.321000+00:00,BTC-13SEP19-11000-C,C,11000,2019-09-13 08:00:00+00:00,6.83333,0.292705,0.48366,0.7098,0.7312,0.0214,-3.43125,594.747,75.2531,-0.0519366,0.00796929,1.4218,-0.00402742,17283,-0.0892039,-0.0627368
2019-09-13,2019-09-13 12:02:54.263000+00:00,BTC-20SEP19-10500-C,C,10500,2019-09-20 08:00:00+00:00,6.83333,0.292769,0.45068,0.6021,0.5558,-0.0463,0.287321,561.084,88.7139,-0.0440561,0.0424566,2.50412,-0.00597594,1674.93,0.0688438,0.094952
2019-09-13,2019-09-13 11:48:59.634000+00:00,BTC-20SEP19-10250-C,C,10250,2019-09-20 08:00:00+00:00,6.83333,0.292356,0.552255,0.6097,0.5702,-0.0395,0.57822,558.862,87.6081,-0.0446122,0.0103358,-0.574943,0.00138807,1118.35,0.045299,0.0724746
2019-09-13,2019-09-13 11:42:19.865000+00:00,BTC-20SEP19-10500-P,P,10500,2019-09-20 08:00:00+00:00,6.83333,0.292158,0.586955,0.516,0.5634,0.0474,0.743176,549.457,103.517,-0.0377561,0.123879,4.11574,-0.00827956,549.982,-0.0165161,0.0115648
2019-09-13,2019-09-13 11:38:49.482000+00:00,BTC-20SEP19-10250-P,P,10250,2019-09-20 08:00:00+00:00,6.83333,0.292054,0.448589,0.6037,0.53,-0.0737,0.796976,558.896,88.4788,-0.0441732,0.00999482,-0.565049,0.00135113,1119.14,0.107481,0.133501
2019-09-20,2019-09-20 12:02:35.216000+00:00,BTC-27SEP19-10000-P,P,10000,2019-09-27 08:00:00+00:00,6.83333,0.29276,0.385756,0.5756,0.5766,0.000999985,-1.76802,533.772,92.7982,-0.0421171,0.106752,-2.6869,0.00592217,1067.93,0.0492408,0.0741902
2019-09-20,2019-09-20 12:05:12.155000+00:00,BTC-27SEP19-10000-C,C,10000,2019-09-27 08:00:00+00:00,6.83333,0.292838,0.608528,0.6187,0.5761,-0.0426,-1.7868,536.015,86.3337,-0.0452707,0.0849308,-2.25361,0.00536171,535.865,0.0667811,0.0937011
2019-09-20,2019-09-20 12:06:20.115000+00:00,BTC-27SEP19-10250-C,C,10250,2019-09-27 08:00:00+00:00,6.83333,0.292871,0.493349,0.58,0.6038,0.0238,-2.16132,556.933,92.0942,-0.042439,0.0027543,1.20969,-0.00280194,2782.18,0.0345887,0.0598763
2019-09-27,2019-09-27 12:17:46.012000+00:00,BTC-4OCT19-8250-P,P,8250,2019-10-04 08:00:00+00:00,6.83333,0.293212,0.561085,0.9638,0.8057,-0.1581,2.33523,432.369,55.4209,-0.0705219,0.0454326,2.1637,-0.00823168,861.488,0.18075,0.207339
2019-09-27,2019-09-27 12:37:17.159000+00:00,BTC-4OCT19-8250-C,C,8250,2019-10-04 08:00:00+00:00,6.83333,0.293796,0.429911,0.8886,0.8684,-0.0202,2.73507,430.824,60.111,-0.0650195,0.0589599,2.44785,-0.00855422,429.964,0.0764257,0.102442
2019-10-04,2019-10-04 12:01:31.997000+00:00,BTC-11OCT19-8000-P,P,8000,2019-10-11 08:00:00+00:00,6.83333,0.292729,0.389182,0.683,0.6703,-0.0127,-0.524582,429.039,78.2059,-0.0499756,0.0774604,-2.01155,0.00527434,858.007,0.0210948,0.0468043
2019-10-04,2019-10-04 12:28:11.753000+00:00,BTC-11OCT19-8250-P,P,8250,2019-10-11 08:00:00+00:00,6.83333,0.293524,0.537302,0.6488,0.6471,-0.00169998,-0.188524,442.924,82.3284,-0.0474732,0.0262157,2.05187,-0.005294,1323.01,0.0148758,0.0411246
2019-10-11,2019-10-11 11:54:19.317000+00:00,BTC-18OCT19-8250-P,P,8250,2019-10-18 08:00:00+00:00,6.83333,0.292514,0.44947,0.6166,0.5769,-0.0397,0.0574626,449.924,86.6277,-0.0451171,0.00878421,-0.505463,0.00123483,1793.83,0.0897327,0.115904
2019-10-11,2019-10-11 12:07:58.479000+00:00,BTC-18OCT19-8250-C,C,8250,2019-10-18 08:00:00+00:00,6.83333,0.29292,0.566544,0.6001,0.5442,-0.0559,-0.0821205,448.692,89.0096,-0.0439098,0.0238547,-1.04055,0.00245928,896.088,0.0459985,0.0730266
2019-10-18,2019-10-18 12:01:39.218000+00:00,BTC-25OCT19-8000-C,C,8000,2019-10-25 08:00:00+00:00,6.83333,0.292732,0.467666,0.5194,0.473,-0.0464,0.24879,431.658,102.839,-0.0380049,0.0237715,2.14154,-0.00442808,5182.31,0.0919616,0.116993
2019-10-18,2019-10-18 11:49:40.424000+00:00,BTC-25OCT19-8000-P,P,8000,2019-10-25 08:00:00+00:00,6.83333,0.292376,0.544704,0.5107,0.5225,0.0118,0.508603,429.493,104.591,-0.0373683,0.0401103,2.60836,-0.00528698,4750.64,0.00138431,0.0278128
2019-10-25,2019-10-25 11:59:22.911000+00:00,BTC-1NOV19-7500-P,P,7500,2019-11-01 08:00:00+00:00,6.83333,0.292665,0.411602,0.4816,1.1181,0.6365,22.1886,404.345,110.911,-0.035239,0.0730867,-2.39069,0.00448526,2000.88,-0.522956,-0.493461
2019-10-25,2019-10-25 11:30:52.287000+00:00,BTC-1NOV19-7750-P,P,7750,2019-11-01 08:00:00+00:00,6.83333,0.291819,0.593087,0.4769,1.0483,0.5714,22.8273,404.281,112.004,-0.0348951,0.149008,4.61575,-0.00855066,404.921,-0.799422,-0.765862
2019-11-01,2019-11-01 12:01:01.419000+00:00,BTC-8NOV19-9000-P,P,9000,2019-11-08 08:00:00+00:00,6.83333,0.292713,0.379691,0.6194,0.6162,-0.0032,1.34534,479.364,86.2361,-0.045322,0.109544,-2.61394,0.0061704,3356.8,0.0204282,0.046256
2019-11-01,2019-11-01 12:05:00.693000+00:00,BTC-8NOV19-9500-C,C,9500,2019-11-08 08:00:00+00:00,6.83333,0.292832,0.37081,0.6291,0.5571,-0.072,1.28081,475.645,84.9064,-0.0460317,0.217786,4.82914,-0.0114925,7752,0.121686,0.147407
2019-11-01,2019-11-01 11:51:35.967000+00:00,BTC-8NOV19-9250-C,C,9250,2019-11-08 08:00:00+00:00,6.83333,0.292433,0.481551,0.591,0.5647,-0.0263,1.63152,500.852,90.3801,-0.0432439,0.00996697,1.57276,-0.00370853,3510.68,0.0744836,0.0999611
2019-11-01,2019-11-01 12:11:01.281000+00:00,BTC-8NOV19-9250-P,P,9250,2019-11-08 08:00:00+00:00,6.83333,0.293011,0.511576,0.604,0.5341,-0.0699,1.55516,501.784,88.4348,-0.0441951,0.00535091,1.35042,-0.00325641,1502.3,0.09174,0.118221
2019-11-08,2019-11-08 12:01:03.973000+00:00,BTC-15NOV19-9000-P,P,9000,2019-11-15 08:00:00+00:00,6.83333,0.292715,0.477083,0.4996,0.4446,-0.055,-2.10001,491.243,106.915,-0.0365561,-0.00125202,0.159206,-0.000317163,2947.7,0.0666751,0.0935187
2019-11-15,2019-11-15 12:20:45.947000+00:00,BTC-22NOV19-8500-C,C,8500,2019-11-22 08:00:00+00:00,6.83333,0.293302,0.620824,0.4655,0.4813,0.0158,-1.76517,450.405,114.747,-0.034061,0.160922,-3.82612,0.00678543,449.894,-0.0273502,0.00165402
2019-11-15,2019-11-15 12:27:02.237000+00:00,BTC-22NOV19-8500-P,P,8500,2019-11-22 08:00:00+00:00,6.83333,0.293489,0.380478,0.4707,0.4476,-0.0231,-1.7938,450.862,113.479,-0.0344415,0.154622,-3.71858,0.00667551,899.57,0.00979585,0.0363868
2019-11-22,2019-11-22 11:59:06.518000+00:00,BTC-29NOV19-7250-P,P,7250,2019-11-29 08:00:00+00:00,6.83333,0.292656,0.550497,0.8676,0.5641,-0.3035,3.33447,383.986,61.566,-0.0634829,0.0359363,2.06922,-0.00711287,28509.1,0.307788,0.335225
2019-11-22,2019-11-22 11:57:55.106000+00:00,BTC-29NOV19-7000-P,P,7000,2019-11-29 08:00:00+00:00,6.83333,0.292621,0.434529,0.8414,0.6458,-0.1956,3.07045,381.629,63.483,-0.0615659,0.00974458,-0.431996,0.00143218,8750.18,0.170409,0.196773
2019-11-22,2019-11-22 11:48:35.013000+00:00,BTC-29NOV19-7250-C,C,7250,2019-11-29 08:00:00+00:00,6.83333,0.292344,0.432985,0.8235,0.5726,-0.2509,3.62723,380.361,64.8629,-0.0602561,0.0577746,2.49936,-0.00810423,4239.46,0.285807,0.31239
2019-11-22,2019-11-22 12:25:46.097000+00:00,BTC-29NOV19-7500-P,P,7500,2019-11-29 08:00:00+00:00,6.83333,0.293451,0.644367,0.9393,0.5879,-0.3514,3.42654,361.645,56.8664,-0.0687293,0.195913,3.87504,-0.0135784,1085.38,0.367841,0.398085
2019-11-22,2019-11-22 11:25:16.509000+00:00,BTC-29NOV19-7500-C,C,7500,2019-11-29 08:00:00+00:00,6.83333,0.291654,0.362095,0.8089,0.5576,-0.2513,1.91029,367.551,66.0337,-0.0591878,0.203035,4.19556,-0.0127332,368.305,0.354069,0.380382
2019-11-29,2019-11-29 12:00:59.899000+00:00,BTC-6DEC19-7500-P,P,7500,2019-12-06 08:00:00+00:00,6.83333,0.292713,0.469912,0.5147,0.5422,0.0275,0.388854,409.388,103.778,-0.037661,0.000743088,-0.0719409,0.000147472,5720.61,-0.181133,-0.151821
2019-11-29,2019-11-29 12:01:15.663000+00:00,BTC-6DEC19-7500-C,C,7500,2019-12-06 08:00:00+00:00,6.83333,0.29272,0.528569,0.5146,0.5717,0.0571,-0.0326765,409.393,103.798,-0.0376537,0.00017591,-0.0179374,3.67733e-05,7312.03,-0.0350664,-0.00603473
2019-11-29,2019-11-29 11:47:03.005000+00:00,BTC-6DEC19-7750-C,C,7750,2019-12-06 08:00:00+00:00,6.83333,0.292298,0.387888,0.5365,0.5531,0.0166,-0.195297,396.715,99.5613,-0.0392561,0.190468,4.8833,-0.0100474,6382.25,-0.041072,-0.0134512
2019-12-06,2019-12-06 11:50:55.233000+00:00,BTC-13DEC19-7250-P,P,7250,2019-12-13 08:00:00+00:00,6.83333,0.292413,0.400876,0.5053,0.4946,-0.0107,1.55479,389.245,105.709,-0.0369732,0.0904784,-2.63279,0.00514854,389.433,-0.00864322,0.0170995
2019-12-06,2019-12-06 11:17:44.485000+00:00,BTC-13DEC19-7500-P,P,7500,2019-12-13 08:00:00+00:00,6.83333,0.291431,0.588159,0.5148,0.4817,-0.0331,1.90414,392.091,103.758,-0.0376683,0.127553,4.17214,-0.00836708,392.988,0.0353144,0.0632256
2019-12-13,2019-12-13 12:01:58.475000+00:00,BTC-20DEC19-7250-P,P,7250,2019-12-20 08:00:00+00:00,6.83333,0.292742,0.512483,0.4626,0.4346,-0.028,-2.77092,393.981,115.466,-0.0338488,0.0063968,1.49429,-0.0027596,1180.49,-0.0611811,-0.0340181
2019-12-13,2019-12-13 12:11:08.625000+00:00,BTC-20DEC19-7250-C,C,7250,2019-12-20 08:00:00+00:00,6.83333,0.293015,0.476105,0.425,0.4599,0.0349,-2.40007,393.001,125.681,-0.0310976,0.0166235,2.02947,-0.00343883,1964.44,-0.0235256,0.00334909
2019-12-20,2019-12-20 11:56:43.857000+00:00,BTC-27DEC19-7250-C,C,7250,2019-12-27 08:00:00+00:00,6.83333,0.292586,0.435503,0.5377,0.4685,-0.0692,-0.062681,384.879,99.3391,-0.0393439,0.0712855,3.20766,-0.00679857,1930.34,0.0897964,0.114826
2019-12-20,2019-12-20 12:05:24.472000+00:00,BTC-27DEC19-7250-P,P,7250,2019-12-27 08:00:00+00:00,6.83333,0.292844,0.566849,0.5477,0.5058,-0.0419,0.041046,384.212,97.5253,-0.0400756,0.0747371,3.24568,-0.00700029,1541.59,0.0831816,0.109625
2019-12-20,2019-12-20 12:24:34.959000+00:00,BTC-27DEC19-7000-C,C,7000,2019-12-27 08:00:00+00:00,6.83333,0.293416,0.62664,0.5877,0.4995,-0.0882,-0.259312,371.052,90.8876,-0.0430024,0.133004,-3.01261,0.00671286,370.552,0.0928245,0.120658
2019-12-20,2019-12-20 11:19:42.759000+00:00,BTC-27DEC19-7000-P,P,7000,2019-12-27 08:00:00+00:00,6.83333,0.291489,0.392141,0.5872,0.5156,-0.0716,0.132815,374.993,90.965,-0.0429659,0.0904745,-2.41205,0.00544841,375.8,0.108149,0.132983
2019-12-27,2019-12-27 11:59:02.327000+00:00,BTC-3JAN20-7250-C,C,7250,2020-01-03 08:00:00+00:00,6.83333,0.292654,0.403063,0.4991,0.4573,-0.0418,2.6405,376.743,107.022,-0.0365195,0.154283,4.5941,-0.00888637,4126.81,0.0403832,0.0667621
2019-12-27,2019-12-27 12:02:39.071000+00:00,BTC-3JAN20-7250-P,P,7250,2020-01-03 08:00:00+00:00,6.83333,0.292762,0.602221,0.4787,0.4854,0.00670002,2.65361,375.443,111.583,-0.0350268,0.17564,4.95515,-0.00916146,3046.98,-0.0330922,-0.00393411
2019-12-27,2019-12-27 11:55:20.444000+00:00,BTC-3JAN20-7000-C,C,7000,2020-01-03 08:00:00+00:00,6.83333,0.292544,0.600887,0.4993,0.5052,0.0059,2.69658,375.452,106.979,-0.0365341,0.0959511,-2.74265,0.00529362,3329.29,-0.0240678,0.00403539
2019-12-27,2019-12-27 11:48:29.674000+00:00,BTC-3JAN20-7000-P,P,7000,2020-01-03 08:00:00+00:00,6.83333,0.292341,0.366344,0.5319,0.5162,-0.0157,2.04292,368.53,100.422,-0.0389195,0.17277,-3.69524,0.00740516,2579.61,0.0109669,0.0372765
2020-01-03,2020-01-03 12:03:18.393000+00:00,BTC-10JAN20-7500-C,C,7500,2020-01-10 08:00:00+00:00,6.83333,0.292781,0.370305,0.473,0.4391,-0.0339,0.691535,378.565,112.927,-0.0346098,0.276887,6.1141,-0.0109351,4162.39,0.0494437,0.0753414
2020-01-03,2020-01-03 11:51:59.277000+00:00,BTC-10JAN20-7250-C,C,7250,2020-01-10 08:00:00+00:00,6.83333,0.292445,0.569466,0.4811,0.4485,-0.0326,0.950142,393.393,111.026,-0.0352024,0.0397469,-1.65939,0.00314011,3913.19,0.0064055,0.0331511
2020-01-03,2020-01-03 11:48:42.850000+00:00,BTC-10JAN20-7250-P,P,7250,2020-01-10 08:00:00+00:00,6.83333,0.292348,0.428014,0.4795,0.4893,0.0098,0.221837,393.099,111.397,-0.0350854,0.0438668,-1.76641,0.0033277,2341.07,-0.0222427,0.00338745
2020-01-10,2020-01-10 12:00:35.219000+00:00,BTC-17JAN20-8000-C,C,8000,2020-01-17 08:00:00+00:00,6.83333,0.2927,0.402443,0.5023,0.5393,0.037,1.82268,415.452,106.34,-0.0367537,0.155276,4.59415,-0.00893997,4156.92,-0.114373,-0.084386
2020-01-10,2020-01-10 11:50:48.430000+00:00,BTC-17JAN20-7750-P,P,7750,2020-01-17 08:00:00+00:00,6.83333,0.29241,0.443414,0.4762,0.5713,0.0951,2.58097,421.782,112.168,-0.0348439,0.0230776,-1.18481,0.00223077,3775.8,-0.126045,-0.0973228
2020-01-10,2020-01-10 11:31:40.892000+00:00,BTC-17JAN20-8000-P,P,8000,2020-01-17 08:00:00+00:00,6.83333,0.291843,0.597236,0.4965,0.5342,0.0377,2.05801,415.605,107.582,-0.0363293,0.156278,4.63071,-0.00890787,2497.9,-0.0555949,-0.0248277
2020-01-17,2020-01-17 12:02:59.139000+00:00,BTC-24JAN20-9000-P,P,9000,2020-01-24 08:00:00+00:00,6.83333,0.292772,0.541175,0.5727,0.5648,-0.00790001,0.0232102,483.227,93.2681,-0.0419049,0.0328,2.31912,-0.00527652,3834.43,-0.00858374,0.0175365
2020-01-17,2020-01-17 12:12:05.280000+00:00,BTC-24JAN20-8750-P,P,8750,2020-01-24 08:00:00+00:00,6.83333,0.293043,0.422912,0.5813,0.582,0.000699997,0.987804,474.487,91.8882,-0.0425341,0.0384011,-1.44387,0.00328958,2377.41,0.0349552,0.0608168
2020-01-17,2020-01-17 12:15:51.009000+00:00,BTC-24JAN20-9000-C,C,9000,2020-01-24 08:00:00+00:00,6.83333,0.293155,0.438664,0.6059,0.5835,-0.0224,0.701647,477.659,88.1575,-0.0443341,0.06032,2.85959,-0.0068385,2869.31,0.0674941,0.0929218
2020-01-24,2020-01-24 12:01:14.492000+00:00,BTC-31JAN20-8500-C,C,8500,2020-01-31 08:00:00+00:00,6.83333,0.29272,0.464333,0.489,0.4414,-0.0476,-1.25476,458.338,109.232,-0.0357805,0.0286335,2.33785,-0.00454783,9939.63,0.0654597,0.0919073
2020-01-24,2020-01-24 12:01:20.370000+00:00,BTC-31JAN20-8500-P,P,8500,2020-01-31 08:00:00+00:00,6.83333,0.292723,0.538184,0.4478,0.4308,-0.017,-1.40005,458.288,119.282,-0.0327659,0.0336311,2.56436,-0.00456548,5394.4,-0.038409,-0.0106008
2020-01-24,2020-01-24 12:04:22.485000+00:00,BTC-31JAN20-8250-P,P,8250,2020-01-31 08:00:00+00:00,6.83333,0.292813,0.36148,0.4616,0.4274,-0.0342,-1.03299,431.628,115.716,-0.0337756,0.223661,-4.61187,0.00798509,6245.33,0.0260774,0.0531398
2020-01-24,2020-01-24 11:50:15.165000+00:00,BTC-31JAN20-8250-C,C,8250,2020-01-31 08:00:00+00:00,6.83333,0.292393,0.587933,0.4973,0.4573,-0.04,-0.158156,445.006,107.409,-0.0363878,0.0689609,-2.26714,0.00439321,2238.88,-0.0200031,0.00875603
2020-01-31,2020-01-31 11:57:25.334000+00:00,BTC-7FEB20-9250-P,P,9250,2020-02-07 08:00:00+00:00,6.83333,0.292606,0.420885,0.4727,0.5012,0.0285,0.258351,500.341,112.999,-0.0345878,0.0570061,-2.08682,0.00386218,6025.04,-0.0371274,-0.0109739
2020-01-31,2020-01-31 12:11:20.618000+00:00,BTC-7FEB20-9500-C,C,9500,2020-02-07 08:00:00+00:00,6.83333,0.293021,0.4153,0.557,0.5319,-0.0251,1.00551,497.215,95.897,-0.0407561,0.111288,3.80488,-0.00827352,987.632,0.0557106,0.0809393
2020-01-31,2020-01-31 12:12:02.216000+00:00,BTC-7FEB20-9250-C,C,9250,2020-02-07 08:00:00+00:00,6.83333,0.293041,0.551064,0.5238,0.4978,-0.026,0.784448,504.11,101.975,-0.0383268,0.0138762,-0.79036,0.00163996,5034.79,0.0742609,0.100619
2020-01-31,2020-01-31 12:41:05.539000+00:00,BTC-7FEB20-9500-P,P,9500,2020-02-07 08:00:00+00:00,6.83333,0.29391,0.610239,0.5035,0.4774,-0.0261,1.10921,488.079,106.087,-0.0368415,0.19304,5.05291,-0.00977304,486.96,0.0322836,0.0604033
2020-02-07,2020-02-07 11:58:27.996000+00:00,BTC-9FEB20-9875-P,P,9875,2020-02-09 08:00:00+00:00,1.83333,0.726851,0.585561,0.4435,0.3123,-0.1312,1.30832,270.772,448.908,-0.120955,0.12073,7.8788,-0.0263218,2410.52,0.231851,0.280868
2020-02-07,2020-02-07 11:58:16.448000+00:00,BTC-9FEB20-9750-P,P,9750,2020-02-09 08:00:00+00:00,1.83333,0.726798,0.419296,0.4498,0.5409,0.0911,1.25935,271.628,442.621,-0.122673,0.0778556,-5.39157,0.0183161,2723.6,0.104594,0.149546
2020-02-07,2020-02-07 11:56:31.059000+00:00,BTC-14FEB20-10000-P,P,10000,2020-02-14 08:00:00+00:00,6.83333,0.292579,0.573314,0.4973,0.4918,-0.00549999,0.886671,528.677,107.409,-0.0363878,0.094014,3.71683,-0.0072575,1056.35,0.0084141,0.0360762
2020-02-07,2020-02-07 12:04:26.683000+00:00,BTC-14FEB20-9750-P,P,9750,2020-02-14 08:00:00+00:00,6.83333,0.292815,0.440771,0.4921,0.5042,0.0121,0.965814,530.44,108.544,-0.0360073,0.0247261,-1.21286,0.00235754,5300.51,-0.00070419,0.0257531
2020-02-07,2020-02-07 11:47:34.541000+00:00,BTC-14FEB20-10000-C,C,10000,2020-02-14 08:00:00+00:00,6.83333,0.292314,0.445374,0.5951,0.5501,-0.045,0.70775,532.933,89.7574,-0.0435439,0.0505815,2.68862,-0.00633041,4762.85,0.0798581,0.105523
2020-02-07,2020-02-07 11:42:28.162000+00:00,BTC-9FEB20-9875-C,C,9875,2020-02-09 08:00:00+00:00,1.83333,0.722475,0.492835,0.5427,0.5363,-0.00639999,0.647373,278.757,366.853,-0.148009,0.00189306,1.47184,-0.00615832,2209.16,0.0943913,0.144881
2020-02-07,2020-02-07 11:42:26.321000+00:00,BTC-9FEB20-10000-C,C,10000,2020-02-09 08:00:00+00:00,1.83333,0.722467,0.360529,0.531,0.5417,0.0107,0.513645,261.417,374.936,-0.144818,0.26724,10.5224,-0.040405,262.408,0.106518,0.15452
2020-02-07,2020-02-07 12:44:19.360000+00:00,BTC-9FEB20-9625-P,P,9625,2020-02-09 08:00:00+00:00,1.83333,0.739691,0.352575,0.4412,0.6078,0.1666,1.66035,256.485,451.249,-0.120327,0.292891,-11.0072,0.0348993,508.084,0.0693364,0.107235
2020-02-14,2020-02-14 12:00:21.563000+00:00,BTC-21FEB20-10250-C,C,10250,2020-02-21 08:00:00+00:00,6.83333,0.292694,0.551043,0.5824,0.6365,0.0541,-3.9947,558.844,91.7147,-0.0426146,0.010708,-0.609991,0.0014073,4469.27,-0.0227532,0.00486005
2020-02-14,2020-02-14 11:58:38.991000+00:00,BTC-21FEB20-10250-P,P,10250,2020-02-21 08:00:00+00:00,6.83333,0.292643,0.454072,0.4826,0.5815,0.0989,-3.78579,558.824,110.681,-0.0353122,0.0117995,-0.74739,0.00143107,558.862,-0.0902939,-0.0628206
2020-02-14,2020-02-14 11:42:26.160000+00:00,BTC-16FEB20-10250-C,C,10250,2020-02-16 08:00:00+00:00,1.83333,0.722466,0.529677,0.4525,0.7777,0.3252,-3.90656,289.545,439.98,-0.123409,0.00701153,-1.32618,0.00461451,869.406,-0.196528,-0.150904
2020-02-14,2020-02-14 12:24:48.973000+00:00,BTC-21FEB20-10500-C,C,10500,2020-02-21 08:00:00+00:00,6.83333,0.293423,0.421292,0.5857,0.6294,0.0437,-3.61721,551.368,91.1979,-0.0428561,0.0942198,3.47366,-0.00796794,1098.06,-0.0208673,0.00544515
2020-02-21,2020-02-21 11:55:28.380000+00:00,BTC-28FEB20-10000-C,C,10000,2020-02-28 08:00:00+00:00,6.83333,0.292548,0.364134,0.5046,0.4945,-0.0101,-0.368882,500.494,105.855,-0.036922,0.286896,6.03349,-0.0114474,5601.96,0.0323397,0.0575834
2020-02-21,2020-02-21 12:05:02.895000+00:00,BTC-28FEB20-9750-P,P,9750,2020-02-28 08:00:00+00:00,6.83333,0.292833,0.478036,0.4748,0.4593,-0.0155,-0.696287,532.186,112.499,-0.0347415,-0.00114622,0.152076,-0.000287958,2126.5,0.049401,0.075563
2020-02-21,2020-02-21 12:19:16.525000+00:00,BTC-28FEB20-10000-P,P,10000,2020-02-28 08:00:00+00:00,6.83333,0.293257,0.622151,0.4444,0.4716,0.0272,-0.951103,509.447,120.195,-0.0325171,0.259843,6.11087,-0.0103353,508.89,-0.0273228,0.00191349
2020-02-21,2020-02-21 11:40:09.988000+00:00,BTC-23FEB20-9625-P,P,9625,2020-02-23 08:00:00+00:00,1.83333,0.72185,0.362829,0.4735,0.3852,-0.0883,-0.488035,258.674,420.467,-0.129136,0.236865,-9.49219,0.0325746,259.752,0.234109,0.278793
2020-02-28,2020-02-28 12:01:42.593000+00:00,BTC-6MAR20-8750-P,P,8750,2020-03-06 08:00:00+00:00,6.83333,0.292734,0.574155,0.5384,0.511,-0.0274,-0.173118,461.679,99.2099,-0.0393951,0.0904867,3.53763,-0.0074756,3619.99,-0.0461761,-0.016857
2020-02-28,2020-02-28 11:56:07.046000+00:00,BTC-6MAR20-8500-P,P,8500,2020-03-06 08:00:00+00:00,6.83333,0.292567,0.432136,0.5715,0.5165,-0.055,-0.276423,461.988,93.4639,-0.0418171,0.027748,-1.18625,0.00266848,8768.4,-0.00277549,0.0257429
2020-02-28,2020-02-28 12:06:57.492000+00:00,BTC-6MAR20-8750-C,C,8750,2020-03-06 08:00:00+00:00,6.83333,0.29289,0.408989,0.5503,0.5022,-0.0481,-0.0389414,455.873,97.0646,-0.0402659,0.127636,4.05512,-0.00868021,4961.81,0.0918898,0.119322
2020-02-28,2020-02-28 11:53:01.001000+00:00,BTC-6MAR20-8500-C,C,8500,2020-03-06 08:00:00+00:00,6.83333,0.292475,0.570723,0.596,0.5005,-0.0955,-0.279834,461.815,89.6219,-0.0436098,0.028921,-1.18581,0.0027783,925.166,0.127876,0.156723
2020-02-28,2020-02-28 12:09:45.875000+00:00,BTC-1MAR20-8625-C,C,8625,2020-03-01 08:00:00+00:00,1.83333,0.729973,0.425646,0.6199,0.5786,-0.0413,-0.118747,237.443,321.166,-0.169064,0.0696923,5.2574,-0.024695,1197.64,0.250333,0.304003
2020-02-28,2020-02-28 11:49:30.077000+00:00,BTC-1MAR20-8500-P,P,8500,2020-03-01 08:00:00+00:00,1.83333,0.724392,0.418757,0.627,0.6039,-0.0231,-0.0353677,237.234,317.529,-0.171,0.0527263,-3.62215,0.0171469,1180.26,0.0437153,0.0965573
2020-02-28,2020-02-28 11:35:53.196000+00:00,BTC-1MAR20-8625-P,P,8625,2020-03-01 08:00:00+00:00,1.83333,0.72069,0.542959,0.5242,0.6448,0.1206,-0.0860496,241.287,379.8,-0.142964,0.0301729,3.92194,-0.0157598,242.404,-0.0489661,0.00968575
2020-02-28,2020-02-28 12:36:49.222000+00:00,BTC-6MAR20-8250-P,P,8250,2020-03-06 08:00:00+00:00,6.83333,0.293782,0.353774,0.5802,0.5534,-0.0268,1.74281,431.131,92.0625,-0.0424537,0.190598,-3.71864,0.00803357,2587.77,0.0121383,0.0394318
2020-03-06,2020-03-06 12:00:37.936000+00:00,BTC-8MAR20-9125-P,P,9125,2020-03-08 08:00:00+00:00,1.83333,0.727447,0.467821,0.4248,0.6299,0.2051,-3.08039,257.668,468.67,-0.115855,0.00962433,-1.68189,0.00549135,1284.77,-0.222185,-0.169313
2020-03-06,2020-03-06 11:55:03.876000+00:00,BTC-13MAR20-9250-C,C,9250,2020-03-13 08:00:00+00:00,6.83333,0.292536,0.471509,0.4402,0.4899,0.0497,-3.30115,500.556,121.342,-0.0322098,0.0214009,2.18725,-0.0038358,3490.96,-0.0329352,-0.00562685
2020-03-06,2020-03-06 11:42:56.325000+00:00,BTC-13MAR20-9000-P,P,9000,2020-03-13 08:00:00+00:00,6.83333,0.292176,0.36493,0.4759,0.4582,-0.0177,-3.37678,472.329,112.239,-0.034822,0.20363,-4.30679,0.00771183,945.449,-0.0178614,0.00945718
2020-03-06,2020-03-06 12:23:09.431000+00:00,BTC-13MAR20-9000-C,C,9000,2020-03-13 08:00:00+00:00,6.83333,0.293373,0.605792,0.4484,0.4642,0.0158,-2.5345,480.882,119.123,-0.0328098,0.123642,-3.37021,0.00582276,480.284,-0.0371199,-0.00828536
2020-03-06,2020-03-06 12:26:54.197000+00:00,BTC-8MAR20-9125-C,C,9125,2020-03-08 08:00:00+00:00,1.83333,0.73476,0.500195,0.3992,0.6058,0.2066,-2.71712,257.9,498.725,-0.108873,-4.36852e-05,0.977717,-0.00300965,256.582,-0.14841,-0.102355
2020-03-13,2020-03-13 12:03:01.980000+00:00,BTC-15MAR20-5750-C,C,5750,2020-03-15 08:00:00+00:00,1.83333,0.728109,0.372328,1.9801,1.8389,-0.1412,-5.39765,145.863,100.546,-0.540027,0.0765469,3.31895,-0.0480623,145.767,0.635579,0.676836
2020-03-13,2020-03-13 11:56:40.565000+00:00,BTC-20MAR20-5750-C,C,5750,2020-03-20 08:00:00+00:00,6.83333,0.292584,0.430962,1.6551,1.5744,-0.0806999,-4.43444,289.684,32.2728,-0.121105,0.0420982,1.76832,-0.011514,1175.52,-0.00442036,0.0234686
2020-03-13,2020-03-13 11:56:31.719000+00:00,BTC-20MAR20-6000-C,C,6000,2020-03-20 08:00:00+00:00,6.83333,0.29258,0.370166,1.729,1.5968,-0.1322,-4.54006,278.71,30.8934,-0.126512,0.108923,2.40131,-0.0156963,1720.54,0.0631224,0.0907974
2020-03-13,2020-03-13 11:49:02.464000+00:00,BTC-15MAR20-5875-C,C,5875,2020-03-15 08:00:00+00:00,1.83333,0.724266,0.39868,2.1899,2.1188,-0.0711,-7.66644,152.541,90.9132,-0.597245,0.0485641,2.65989,-0.04345,152.891,0.0976548,0.141062
2020-03-13,2020-03-13 12:15:43.380000+00:00,BTC-20MAR20-5500-C,C,5500,2020-03-20 08:00:00+00:00,6.83333,0.293151,0.544665,1.5433,1.5542,0.0109,-7.25073,298.758,34.6107,-0.112924,-0.0071942,0.468313,-0.00286858,1494.17,0.0364204,0.0639182
2020-03-20,2020-03-20 12:02:24.802000+00:00,BTC-27MAR20-6500-C,C,6500,2020-03-27 08:00:00+00:00,6.83333,0.292755,0.584186,1.6403,1.2626,-0.3777,-7.17409,354.783,32.5639,-0.120022,-0.00153233,0.0526732,-0.000337376,1064.11,0.29876,0.326618
2020-03-20,2020-03-20 11:39:59.923000+00:00,BTC-22MAR20-6750-C,C,6750,2020-03-22 08:00:00+00:00,1.83333,0.721804,0.476402,1.6298,1.5897,-0.0400999,-7.55758,187.936,122.157,-0.444491,0.00643897,1.51812,-0.0190447,380.349,0.210721,0.250161
2020-03-20,2020-03-20 12:24:00.071000+00:00,BTC-27MAR20-7000-C,C,7000,2020-03-27 08:00:00+00:00,6.83333,0.293399,0.431679,1.5868,1.3576,-0.2292,-6.58723,354.293,33.6619,-0.116107,0.0420457,1.79048,-0.0111818,353.832,0.140223,0.166697
2020-03-20,2020-03-20 12:29:12.137000+00:00,BTC-22MAR20-6500-C,C,6500,2020-03-22 08:00:00+00:00,1.83333,0.735407,0.579202,1.927,1.5151,-0.4119,-6.9659,183.416,103.317,-0.525545,0.00651501,-0.460785,0.00671198,182.386,0.352515,0.404892
2020-03-27,2020-03-27 12:01:49.263000+00:00,BTC-29MAR20-6625-C,C,6625,2020-03-29 08:00:00+00:00,1.83333,0.727775,0.513648,1.007,1.2851,0.2781,-5.22247,187.185,197.707,-0.274636,-0.0012624,0.520373,-0.00403834,373.318,-0.327027,-0.281553
2020-03-27,2020-03-27 11:34:36.080000+00:00,BTC-29MAR20-6750-C,C,6750,2020-03-29 08:00:00+00:00,1.83333,0.720343,0.469012,0.9491,1.4921,0.543,-6.39651,188.833,209.768,-0.258845,0.0120444,2.16629,-0.0158054,1517.14,-0.419823,-0.378835
2020-04-03,2020-04-03 12:01:04.631000+00:00,BTC-10APR20-7000-C,C,7000,2020-04-10 08:00:00+00:00,6.83333,0.292715,0.511451,0.8829,0.7314,-0.1515,-1.46121,380.484,60.4991,-0.0646024,-0.00299494,0.762314,-0.0026871,14488.8,0.100864,0.128581
2020-04-03,2020-04-03 12:08:03.447000+00:00,BTC-10APR20-6750-C,C,6750,2020-04-10 08:00:00+00:00,6.83333,0.292923,0.635632,0.8948,0.7372,-0.1576,-2.10964,359.303,59.6945,-0.0654732,0.0869056,-1.83191,0.00616514,2157.98,0.174897,0.205075
2020-04-03,2020-04-03 11:50:19.392000+00:00,BTC-5APR20-6875-P,P,6875,2020-04-05 08:00:00+00:00,1.83333,0.724617,0.38552,1.0252,1.0349,0.00970001,-1.43914,189.787,194.197,-0.2796,0.0621814,-3.01076,0.0228117,379.53,0.331031,0.380046
2020-04-03,2020-04-03 12:30:35.197000+00:00,BTC-5APR20-7000-P,P,7000,2020-04-05 08:00:00+00:00,1.83333,0.735798,0.491323,1.0866,0.9003,-0.1863,-1.32453,197.618,183.224,-0.296345,-0.00111596,0.713377,-0.0059758,589.025,0.333189,0.382601
2020-04-03,2020-04-03 12:34:08.859000+00:00,BTC-5APR20-7000-C,C,7000,2020-04-05 08:00:00+00:00,1.83333,0.736803,0.509725,0.9542,0.9768,0.0226,-1.56897,197.734,208.647,-0.260236,-0.00111036,0.635375,-0.00467359,196.452,0.114736,0.165094
2020-04-10,2020-04-10 11:54:11.739000+00:00,BTC-17APR20-7000-C,C,7000,2020-04-17 08:00:00+00:00,6.83333,0.29251,0.467706,0.6777,0.6407,-0.037,-0.383218,376.372,78.8175,-0.0495878,0.0207974,1.87448,-0.00505718,1127.21,0.0694321,0.0961488
2020-04-10,2020-04-10 12:06:21.136000+00:00,BTC-12APR20-6875-P,P,6875,2020-04-12 08:00:00+00:00,1.83333,0.729027,0.436704,0.6955,0.728,0.0325,-0.436977,193.212,286.256,-0.189682,0.0251578,-2.22976,0.0118077,582.626,0.0823638,0.138642
2020-04-10,2020-04-10 12:11:07.989000+00:00,BTC-12APR20-6875-C,C,6875,2020-04-12 08:00:00+00:00,1.83333,0.730353,0.56759,0.7631,0.5366,-0.2265,-0.483973,193.081,260.898,-0.208118,0.0258223,-2.14329,0.0124308,192.665,0.322964,0.378178
2020-04-10,2020-04-10 12:11:41.167000+00:00,BTC-12APR20-7000-C,C,7000,2020-04-12 08:00:00+00:00,1.83333,0.730506,0.426706,0.6978,0.6811,-0.0167,-0.374708,192.585,285.312,-0.190309,0.0617073,4.72562,-0.0249995,384.486,0.146157,0.197793
2020-04-10,2020-04-10 11:36:27.145000+00:00,BTC-12APR20-7000-P,P,7000,2020-04-12 08:00:00+00:00,1.83333,0.720843,0.597438,0.6864,0.6749,-0.0115,-0.32908,189.395,290.051,-0.1872,0.107208,6.09873,-0.0313019,574.479,0.0836026,0.137835
2020-04-17,2020-04-17 12:02:39.906000+00:00,BTC-24APR20-7000-C,C,7000,2020-04-24 08:00:00+00:00,6.83333,0.292762,0.578554,0.6203,0.6212,0.000900002,2.07217,379.656,86.111,-0.0453878,0.0362003,-1.33501,0.0032432,1515.09,0.0300261,0.0576053
2020-04-17,2020-04-17 12:03:00.338000+00:00,BTC-24APR20-7000-P,P,7000,2020-04-24 08:00:00+00:00,6.83333,0.292772,0.424473,0.666,0.6892,0.0232,2.59377,380.221,80.2022,-0.0487317,0.0284024,-1.08995,0.00284722,759.708,0.0387652,0.0647659
2020-04-17,2020-04-17 11:30:13.942000+00:00,BTC-19APR20-7000-P,P,7000,2020-04-19 08:00:00+00:00,1.83333,0.719164,0.385832,0.6013,0.9678,0.3665,2.49897,191.876,331.101,-0.163991,0.120736,-5.84239,0.0259616,193.033,-0.00636962,0.0381991
2020-04-17,2020-04-17 11:23:57.869000+00:00,BTC-24APR20-7250-P,P,7250,2020-04-24 08:00:00+00:00,6.83333,0.291615,0.570373,0.6983,0.675,-0.0233,2.69654,381.233,76.4924,-0.0510951,0.069614,2.86113,-0.00785472,381.964,0.097654,0.125503
2020-04-24,2020-04-24 12:00:30.910000+00:00,BTC-1MAY20-7500-P,P,7500,2020-05-01 08:00:00+00:00,6.83333,0.292698,0.502263,0.6053,0.576,-0.0293,1.05945,407.794,88.2449,-0.0442902,0.000828986,1.06847,-0.0025831,3274.29,0.0931648,0.119302
2020-04-24,2020-04-24 12:00:52.866000+00:00,BTC-26APR20-7375-P,P,7375,2020-04-26 08:00:00+00:00,1.83333,0.727516,0.366463,0.523,0.5687,0.0457,0.898615,199.096,380.671,-0.142636,0.198394,-8.20477,0.0312179,398.221,0.161281,0.199846
2020-05-01,2020-05-01 12:03:57.953000+00:00,BTC-8MAY20-9250-C,C,9250,2020-05-08 08:00:00+00:00,6.83333,0.292801,0.415632,0.72,0.6428,-0.0772,0.234914,481.002,74.187,-0.0526829,0.0921692,3.16228,-0.00888991,4339.29,0.0149752,0.0422813
2020-05-01,2020-05-01 12:06:15.782000+00:00,BTC-8MAY20-8750-P,P,8750,2020-05-08 08:00:00+00:00,6.83333,0.292869,0.361834,0.7767,0.6717,-0.105,-0.431843,463.252,68.7713,-0.0568317,0.112506,-2.32616,0.00677919,3727.84,0.0776701,0.105301
2020-05-01,2020-05-01 12:12:52.995000+00:00,BTC-8MAY20-9000-C,C,9000,2020-05-08 08:00:00+00:00,6.83333,0.293067,0.514568,0.7081,0.5968,-0.1113,-0.169476,490.379,75.4337,-0.0518122,-0.00311485,0.622619,-0.00175972,3917.76,0.128907,0.156509
2020-05-01,2020-05-01 11:46:57.622000+00:00,BTC-8MAY20-9000-P,P,9000,2020-05-08 08:00:00+00:00,6.83333,0.292296,0.47307,0.7816,0.6478,-0.1338,-0.294367,490.891,68.3401,-0.0571902,-0.00340535,0.368553,-0.00114792,1962.74,0.143168,0.170043
2020-05-01,2020-05-01 11:46:39.293000+00:00,BTC-3MAY20-9125-C,C,9125,2020-05-03 08:00:00+00:00,1.83333,0.723615,0.414446,0.7255,0.798,0.0725,-0.216949,248.883,274.419,-0.197864,0.0801499,5.21642,-0.0285047,744.775,0.0269848,0.0760211
2020-05-01,2020-05-01 11:45:07.871000+00:00,BTC-3MAY20-9000-C,C,9000,2020-05-03 08:00:00+00:00,1.83333,0.7232,0.546966,0.809,0.7487,-0.0603,-0.804566,253.994,246.095,-0.220636,0.00888589,-1.06102,0.00657281,508.584,0.288681,0.340494
2020-05-01,2020-05-01 12:24:51.774000+00:00,BTC-3MAY20-8875-P,P,8875,2020-05-03 08:00:00+00:00,1.83333,0.734187,0.44399,0.884,0.7438,-0.1402,0.693918,250.171,225.216,-0.241091,0.0123707,-1.24244,0.00838598,991.167,0.352254,0.402859
2020-05-08,2020-05-08 12:01:29.417000+00:00,BTC-15MAY20-9750-C,C,9750,2020-05-15 08:00:00+00:00,6.83333,0.292727,0.571396,0.8113,0.7589,-0.0524,-4.17375,530.949,65.8383,-0.0593634,0.0152838,-0.620829,0.00197944,5301.98,0.116972,0.145539
2020-05-08,2020-05-08 12:01:39.195000+00:00,BTC-15MAY20-10000-C,C,10000,2020-05-15 08:00:00+00:00,6.83333,0.292732,0.475949,0.7943,0.8019,0.00760002,-3.97202,538.119,67.2474,-0.0581195,0.0128311,1.55492,-0.00492402,2706.66,0.0348575,0.0623357
2020-05-08,2020-05-08 12:03:41.034000+00:00,BTC-15MAY20-10250-C,C,10250,2020-05-15 08:00:00+00:00,6.83333,0.292793,0.386818,0.8014,0.8402,0.0388,-4.90547,517.065,66.6517,-0.058639,0.142518,3.62235,-0.0111251,516.957,0.0458755,0.0729306
2020-05-08,2020-05-08 12:04:41.725000+00:00,BTC-15MAY20-10000-P,P,10000,2020-05-15 08:00:00+00:00,6.83333,0.292823,0.52793,0.835,0.7569,-0.0781,-3.7185,536.669,63.9696,-0.0610976,0.0154529,1.61289,-0.00536591,1611.28,0.0229983,0.0511182
2020-05-08,2020-05-08 12:04:41.726000+00:00,BTC-15MAY20-10250-P,P,10250,2020-05-15 08:00:00+00:00,6.83333,0.292823,0.609512,0.8524,1.0035,0.1511,-5.75161,517.601,62.6638,-0.0623707,0.128667,3.38318,-0.0110818,517.464,-0.439059,-0.409869
2020-05-08,2020-05-08 11:50:29.950000+00:00,BTC-15MAY20-9750-P,P,9750,2020-05-15 08:00:00+00:00,6.83333,0.292401,0.411963,0.804,0.8382,0.0342,-5.52274,528.852,66.4361,-0.0588293,0.031153,-1.02305,0.00320491,529.114,-0.154697,-0.127656
2020-05-08,2020-05-08 11:17:12.568000+00:00,BTC-10MAY20-9875-C,C,9875,2020-05-10 08:00:00+00:00,1.83333,0.715673,0.542096,0.782,1.9766,1.1946,-10.2259,278.845,254.592,-0.213273,0.0068797,-0.91475,0.005485,281.108,0.122428,0.17068
2020-05-15,2020-05-15 11:46:07.565000+00:00,BTC-22MAY20-10000-C,C,10000,2020-05-22 08:00:00+00:00,6.83333,0.292271,0.377458,0.7812,0.706,-0.0752,-2.64582,499.912,68.3751,-0.057161,0.167729,3.92323,-0.011658,2005.74,0.105768,0.131429
2020-05-15,2020-05-15 12:24:35.124000+00:00,BTC-22MAY20-9500-C,C,9500,2020-05-22 08:00:00+00:00,6.83333,0.293416,0.542048,0.813,0.7145,-0.0985001,-2.14952,518.557,65.7007,-0.0594878,-0.000732252,0.0506777,-0.000163645,517.909,0.133422,0.160859
2020-05-15,2020-05-15 12:24:38.261000+00:00,BTC-17MAY20-9500-C,C,9500,2020-05-17 08:00:00+00:00,1.83333,0.734124,0.551096,0.6899,0.4557,-0.2342,-1.69133,267.761,288.579,-0.188155,0.0146941,-1.61906,0.00854283,266.496,0.201122,0.251508
2020-05-15,2020-05-15 11:32:39.883000+00:00,BTC-22MAY20-9750-C,C,9750,2020-05-22 08:00:00+00:00,6.83333,0.291872,0.478343,0.7798,0.7197,-0.0601,-1.43392,525.339,68.4979,-0.0570585,0.0112763,1.51114,-0.00469958,2105.73,0.0018836,0.0279542
2020-05-15,2020-05-15 12:40:02.726000+00:00,BTC-22MAY20-9250-C,C,9250,2020-05-22 08:00:00+00:00,6.83333,0.293879,0.629569,0.7732,0.7805,0.00730003,-0.3878,492.358,69.0826,-0.0565756,0.0958728,-2.12167,0.00620444,491.281,-0.173217,-0.143302
2020-05-15,2020-05-15 11:18:02.327000+00:00,BTC-22MAY20-9500-P,P,9500,2020-05-22 08:00:00+00:00,6.83333,0.29144,0.42997,0.7859,0.7362,-0.0496999,-1.54877,517.33,67.9662,-0.0575049,0.0155196,-0.642282,0.0019849,518.445,0.203931,0.230291
2020-05-22,2020-05-22 11:49:58.845000+00:00,BTC-24MAY20-9125-P,P,9125,2020-05-24 08:00:00+00:00,1.83333,0.724523,0.465366,0.6316,0.6389,0.0073,0.0313961,257.768,315.217,-0.172255,0.00581898,-0.94369,0.00457868,1552.84,0.225684,0.271616
2020-05-22,2020-05-22 12:15:18.428000+00:00,BTC-29MAY20-9500-C,C,9500,2020-05-29 08:00:00+00:00,6.83333,0.293139,0.357443,0.636,0.6183,-0.0177,-0.060609,468.215,83.9853,-0.0465366,0.259352,5.19379,-0.0123435,1876.85,0.0451191,0.0711027
2020-05-22,2020-05-22 11:23:55.257000+00:00,BTC-24MAY20-9250-C,C,9250,2020-05-24 08:00:00+00:00,1.83333,0.717468,0.404516,0.545,0.6835,0.1385,-0.204865,251.323,365.304,-0.148636,0.126132,7.30637,-0.0298076,253.152,0.138601,0.187949
2020-05-29,2020-05-29 12:00:24.967000+00:00,BTC-31MAY20-9500-P,P,9500,2020-05-31 08:00:00+00:00,1.83333,0.727387,0.599065,0.5514,0.8653,0.3139,3.16614,257.542,361.064,-0.150382,0.131952,7.4205,-0.0305733,781.686,-0.0255684,0.0290711
2020-05-29,2020-05-29 11:56:11.259000+00:00,BTC-5JUN20-9250-P,P,9250,2020-06-05 08:00:00+00:00,6.83333,0.29257,0.406534,0.5864,0.665,0.0786,3.36309,498.792,91.0891,-0.0429073,0.0630225,-1.94758,0.00443569,2481.11,-0.0237323,0.00236692
2020-05-29,2020-05-29 12:06:17.187000+00:00,BTC-31MAY20-9250-P,P,9250,2020-05-31 08:00:00+00:00,1.83333,0.729009,0.358297,0.5664,0.9222,0.3558,3.41682,248.281,351.502,-0.154473,0.206468,-8.03369,0.0328546,247.95,0.142739,0.177211
2020-05-29,2020-05-29 12:09:06.262000+00:00,BTC-5JUN20-9500-C,C,9500,2020-06-05 08:00:00+00:00,6.83333,0.292954,0.476939,0.5783,0.6502,0.0718999,2.62117,513.729,92.3649,-0.0423146,0.0136769,1.73015,-0.00398959,10286.8,-0.0420713,-0.0157548
2020-05-29,2020-05-29 12:14:38.619000+00:00,BTC-31MAY20-9500-C,C,9500,2020-05-31 08:00:00+00:00,1.83333,0.731329,0.436969,0.5572,0.7965,0.2393,2.76065,263.408,357.306,-0.151964,0.0560691,5.00376,-0.021232,1047.69,-0.04902,0.00331245
2020-05-29,2020-05-29 12:26:26.194000+00:00,BTC-5JUN20-9500-P,P,9500,2020-06-05 08:00:00+00:00,6.83333,0.293471,0.512542,0.6038,0.6853,0.0815,2.5092,515.212,88.4641,-0.0441805,0.00590297,1.37875,-0.00332341,1029.04,-0.0627129,-0.03544
2020-06-05,2020-06-05 12:04:40.096000+00:00,BTC-12JUN20-9500-P,P,9500,2020-06-12 08:00:00+00:00,6.83333,0.292822,0.393494,0.5864,0.6031,0.0167,-0.0900064,509.295,91.0891,-0.0429073,0.0875152,-2.36735,0.00534592,1538.58,0.00426966,0.0305662
2020-06-05,2020-06-05 11:47:31.905000+00:00,BTC-12JUN20-10000-C,C,10000,2020-06-12 08:00:00+00:00,6.83333,0.292313,0.366491,0.5966,0.6042,0.00759998,-0.289428,499.131,89.5317,-0.0436537,0.242115,5.18263,-0.0116503,2510.41,0.0343801,0.0597841
2020-06-05,2020-06-05 11:26:26.681000+00:00,BTC-12JUN20-9750-C,C,9750,2020-06-12 08:00:00+00:00,6.83333,0.291688,0.512668,0.5739,0.581,0.00709999,-0.757008,531.628,93.0731,-0.0419927,-0.00258584,0.59658,-0.0013668,532.533,0.0253851,0.0519288
2020-06-12,2020-06-12 12:00:28.307000+00:00,BTC-19JUN20-9500-P,P,9500,2020-06-19 08:00:00+00:00,6.83333,0.292697,0.482732,0.5199,0.5111,-0.00880001,-0.38646,518.365,102.74,-0.0380415,-0.00231841,0.391343,-0.000811871,4144.55,-0.00106859,0.0259841
2020-06-12,2020-06-12 12:02:58.018000+00:00,BTC-14JUN20-9500-C,C,9500,2020-06-14 08:00:00+00:00,1.83333,0.728091,0.504806,0.48,0.4087,-0.0713,-0.30061,268.536,414.773,-0.130909,-0.000551719,0.645471,-0.00238891,800.072,0.162541,0.215694
2020-06-12,2020-06-12 11:25:42.278000+00:00,BTC-14JUN20-9625-C,C,9625,2020-06-14 08:00:00+00:00,1.83333,0.717946,0.357645,0.4991,0.4392,-0.0599,-0.392092,250.938,398.9,-0.136118,0.296416,11.3853,-0.0409583,505.605,0.159412,0.195865
2020-06-12,2020-06-12 11:16:17.981000+00:00,BTC-14JUN20-9500-P,P,9500,2020-06-14 08:00:00+00:00,1.83333,0.71543,0.506096,0.5044,0.2739,-0.2305,-0.410746,268.246,394.708,-0.137564,0.00160184,1.43929,-0.00559734,270.459,0.229954,0.276398
2020-06-19,2020-06-19 12:05:52.162000+00:00,BTC-21JUN20-9500-C,C,9500,2020-06-21 08:00:00+00:00,1.83333,0.728893,0.353016,0.4473,0.491,0.0437,-0.305667,247.106,445.095,-0.121991,0.344001,12.884,-0.0413945,994.318,0.0744149,0.114011
2020-06-19,2020-06-19 12:09:54.640000+00:00,BTC-26JUN20-9500-C,C,9500,2020-06-26 08:00:00+00:00,6.83333,0.292978,0.450373,0.4992,0.4952,-0.00399998,-0.162212,509.004,107,-0.0365268,0.0481627,2.82453,-0.00558811,2035.93,0.0153256,0.0412491
2020-06-19,2020-06-19 12:11:36.866000+00:00,BTC-21JUN20-9375-C,C,9375,2020-06-21 08:00:00+00:00,1.83333,0.730486,0.531258,0.4397,0.4005,-0.0392,-0.386175,264.772,452.788,-0.119918,0.00840201,-1.51354,0.00511599,264.187,0.134052,0.184795
2020-06-19,2020-06-19 12:12:59.806000+00:00,BTC-26JUN20-9250-P,P,9250,2020-06-26 08:00:00+00:00,6.83333,0.29307,0.392096,0.4911,0.4922,0.00110001,-0.299974,494.265,108.765,-0.0359341,0.115111,-3.07353,0.00580704,2964.53,0.0240911,0.0501374
2020-06-19,2020-06-19 12:34:31.704000+00:00,BTC-26JUN20-9500-P,P,9500,2020-06-26 08:00:00+00:00,6.83333,0.293714,0.545745,0.4646,0.4737,0.0091,-0.302868,510.399,114.969,-0.0339951,0.043951,2.80283,-0.00516702,509.485,0.00907622,0.0361433
2020-06-26,2020-06-26 12:01:54.268000+00:00,BTC-28JUN20-9250-C,C,9250,2020-06-28 08:00:00+00:00,1.83333,0.727798,0.4083,0.4155,0.5671,0.1516,-1.9286,252.757,479.16,-0.113318,0.145777,8.8726,-0.0276735,758.75,-0.008593,0.0315409
2020-06-26,2020-06-26 11:55:48.064000+00:00,BTC-3JUL20-9250-C,C,9250,2020-07-03 08:00:00+00:00,6.83333,0.292558,0.463723,0.4691,0.5088,0.0397,-1.90912,498.869,113.866,-0.0343244,0.0301517,2.41918,-0.00451388,3499.55,-0.0387805,-0.0123899
2020-06-26,2020-06-26 11:43:39.099000+00:00,BTC-28JUN20-9125-C,C,9125,2020-06-28 08:00:00+00:00,1.83333,0.722797,0.553872,0.5042,0.5112,0.00700001,-1.62244,256.711,394.865,-0.137509,0.0269322,-2.79918,0.0107831,257.515,0.152115,0.198221
2020-07-03,2020-07-03 11:57:55.447000+00:00,BTC-10JUL20-9000-P,P,9000,2020-07-10 08:00:00+00:00,6.83333,0.292621,0.40262,0.3709,0.3914,0.0205,0.307024,481.941,144.014,-0.027139,0.130204,-3.85904,0.00554561,2894.79,-0.0186926,0.00661794
2020-07-03,2020-07-03 11:44:33.253000+00:00,BTC-10JUL20-9250-P,P,9250,2020-07-10 08:00:00+00:00,6.83333,0.292224,0.645609,0.3234,0.3789,0.0555,0.660553,462.667,165.166,-0.0236634,0.483248,9.44797,-0.0113802,463.086,-0.0509285,-0.0221693
2020-07-03,2020-07-03 12:32:45.966000+00:00,BTC-10JUL20-9250-C,C,9250,2020-07-10 08:00:00+00:00,6.83333,0.293661,0.37333,0.3341,0.349,0.0149,0.35705,471.836,159.876,-0.0244463,0.355288,8.05328,-0.0102021,2814.58,-1.45373e-05,0.0251889
2020-07-10,2020-07-10 11:59:48.717000+00:00,BTC-17JUL20-9000-P,P,9000,2020-07-17 08:00:00+00:00,6.83333,0.292677,0.35404,0.3857,0.4344,0.0487,0.876505,466.503,138.488,-0.028222,0.312272,-6.09513,0.00875398,3259.51,-0.038374,-0.0119873
2020-07-10,2020-07-10 12:00:21.804000+00:00,BTC-12JUL20-9250-C,C,9250,2020-07-12 08:00:00+00:00,1.83333,0.727373,0.350877,0.3326,0.2736,-0.059,0.988595,240.793,598.59,-0.0907091,0.468005,17.2449,-0.0411013,2466.33,0.0888456,0.140921
2020-07-17,2020-07-17 11:52:13.578000+00:00,BTC-19JUL20-9125-C,C,9125,2020-07-19 08:00:00+00:00,1.83333,0.725137,0.524953,0.2979,0.2268,-0.0711,0.532818,257.776,668.315,-0.0812455,0.00873506,-1.96734,0.00451035,2821.03,0.112693,0.15765
2020-07-24,2020-07-24 11:58:18.622000+00:00,BTC-31JUL20-9500-C,C,9500,2020-07-31 08:00:00+00:00,6.83333,0.292633,0.555409,0.3771,0.4003,0.0232,1.70755,516.573,141.646,-0.0275927,0.032426,-1.70068,0.00253677,2067.41,-0.0217217,0.00554134
2020-07-24,2020-07-24 11:51:40.208000+00:00,BTC-31JUL20-9750-P,P,9750,2020-07-31 08:00:00+00:00,6.83333,0.292435,0.641964,0.3649,0.3556,-0.0093,1.4794,488.539,146.382,-0.0267,0.41267,8.28828,-0.0113058,977.554,-0.0042506,0.0248797
2020-07-24,2020-07-24 11:39:35.950000+00:00,BTC-31JUL20-9500-P,P,9500,2020-07-31 08:00:00+00:00,6.83333,0.292077,0.434501,0.3622,0.3826,0.0204,1.4817,515.119,147.473,-0.0265024,0.0526238,-2.3303,0.00332554,1032.09,-0.0218116,0.00467187
2020-07-24,2020-07-24 12:35:56.115000+00:00,BTC-26JUL20-9500-P,P,9500,2020-07-26 08:00:00+00:00,1.83333,0.737309,0.431047,0.2645,0.509,0.2445,1.93945,265.439,752.707,-0.0721364,0.100459,-8.21013,0.0164974,527.156,-0.0305672,0.0101574
2020-07-31,2020-07-31 11:57:43.745000+00:00,BTC-7AUG20-11000-C,C,11000,2020-08-07 08:00:00+00:00,6.83333,0.292615,0.636985,0.5592,0.6227,0.0635,4.99078,578.334,95.5197,-0.0409171,0.171667,-3.58015,0.00752,2330.24,0.00862273,0.03825
2020-07-31,2020-07-31 12:09:43.449000+00:00,BTC-7AUG20-11250-P,P,11250,2020-08-07 08:00:00+00:00,6.83333,0.292972,0.492838,0.4357,0.6511,0.2154,5.23158,613.558,122.595,-0.0318805,-0.00171779,0.698514,-0.00121537,613.255,-0.245785,-0.216328
2020-07-31,2020-07-31 12:20:18.127000+00:00,BTC-7AUG20-11500-P,P,11500,2020-08-07 08:00:00+00:00,6.83333,0.293288,0.623338,0.4644,0.6352,0.1708,5.31541,584.585,115.019,-0.0339805,0.255076,5.93953,-0.0104875,583.91,-0.223597,-0.192277
2020-08-07,2020-08-07 11:57:08.132000+00:00,BTC-14AUG20-12000-C,C,12000,2020-08-14 08:00:00+00:00,6.83333,0.292598,0.405104,0.4929,0.5304,0.0375,0.265408,624.754,108.368,-0.0360659,0.149922,4.56162,-0.00872502,9975.68,-0.0434349,-0.016189
2020-08-07,2020-08-07 11:56:21.072000+00:00,BTC-14AUG20-12000-P,P,12000,2020-08-14 08:00:00+00:00,6.83333,0.292574,0.608717,0.4834,0.4823,-0.00110001,0.107739,617.783,110.498,-0.0353707,0.195398,5.17344,-0.00961518,2505.42,-0.02443,0.00501563
2020-08-07,2020-08-07 11:55:51.580000+00:00,BTC-14AUG20-11750-C,C,11750,2020-08-14 08:00:00+00:00,6.83333,0.29256,0.510663,0.4774,0.4978,0.0204,0.747267,640.906,111.887,-0.0349317,-0.00216059,0.590878,-0.00112627,10913.3,-0.0795245,-0.0512324
2020-08-07,2020-08-07 11:55:14.481000+00:00,BTC-9AUG20-11750-C,C,11750,2020-08-09 08:00:00+00:00,1.83333,0.725964,0.471303,0.4534,0.445,-0.0084,0.594541,330.418,439.107,-0.123655,0.0165712,3.24345,-0.0113103,997.283,-0.0330194,0.0238863
2020-08-07,2020-08-07 12:18:53.150000+00:00,BTC-9AUG20-11750-P,P,11750,2020-08-09 08:00:00+00:00,1.83333,0.732513,0.46597,0.4104,0.4891,0.0787,0.218057,331.695,485.114,-0.111927,0.0116504,-1.92936,0.00608354,1319.75,-0.0462212,0.00982057
2020-08-14,2020-08-14 11:56:08.828000+00:00,BTC-21AUG20-12000-C,C,12000,2020-08-21 08:00:00+00:00,6.83333,0.292568,0.41449,0.4777,0.5747,0.097,0.455445,629.597,111.816,-0.0349537,0.12729,4.30567,-0.00802557,1890.15,-0.0500411,-0.0244633
2020-08-21,2020-08-21 11:57:24.064000+00:00,BTC-28AUG20-11750-C,C,11750,2020-08-28 08:00:00+00:00,6.83333,0.292606,0.500388,0.3853,0.4042,0.0189,-0.619217,640.525,138.631,-0.0281927,-0.000129571,0.981703,-0.00151076,15951.3,-0.00119459,0.0261311
2020-08-21,2020-08-21 12:02:54.537000+00:00,BTC-28AUG20-11500-P,P,11500,2020-08-28 08:00:00+00:00,6.83333,0.292769,0.360159,0.4076,0.4026,-0.005,-0.131906,599.714,131.047,-0.0298244,0.265435,-5.41899,0.00827448,13242.5,-0.00522805,0.0220764
2020-08-21,2020-08-21 11:52:59.762000+00:00,BTC-23AUG20-11625-P,P,11625,2020-08-23 08:00:00+00:00,1.83333,0.725348,0.396078,0.3961,0.3506,-0.0455,-0.581824,319.675,502.628,-0.108027,0.157023,-8.39799,0.024773,320.125,-0.00909443,0.0456472
2020-08-21,2020-08-21 11:50:15.456000+00:00,BTC-23AUG20-11750-C,C,11750,2020-08-23 08:00:00+00:00,1.83333,0.724599,0.455959,0.3288,0.385,0.0562,-0.548146,329.241,605.508,-0.0896727,0.0452395,5.75765,-0.0145084,1658.53,-0.0399932,0.00936542
2020-08-28,2020-08-28 12:03:18.917000+00:00,BTC-4SEP20-11250-P,P,11250,2020-09-04 08:00:00+00:00,6.83333,0.292782,0.351255,0.4182,0.3903,-0.0279,0.260158,582.565,127.725,-0.0306,0.296461,-5.67377,0.00881062,1165.25,0.0459232,0.0720436
2020-08-28,2020-08-28 11:48:05.612000+00:00,BTC-4SEP20-11500-C,C,11500,2020-09-04 08:00:00+00:00,6.83333,0.292329,0.501018,0.3984,0.3419,-0.0565,0.248957,626.889,134.073,-0.0291512,-0.000329013,0.953749,-0.00151764,1253.25,0.0391454,0.0655002
2020-09-04,2020-09-04 11:49:45.033000+00:00,BTC-11SEP20-10500-C,C,10500,2020-09-11 08:00:00+00:00,6.83333,0.292378,0.467487,0.5222,0.6523,0.1301,-2.53157,566.472,102.288,-0.0382098,0.0239467,2.143,-0.0044548,566.77,-0.200356,-0.170049
2020-09-11,2020-09-11 11:54:39.531000+00:00,BTC-18SEP20-10250-P,P,10250,2020-09-18 08:00:00+00:00,6.83333,0.292524,0.470548,0.4981,0.486,-0.0121,1.5482,559.496,107.237,-0.0364463,0.000851813,-0.084248,0.000167151,1119.33,0.0287347,0.0545918
2020-09-11,2020-09-11 11:48:23.794000+00:00,BTC-18SEP20-10500-P,P,10500,2020-09-18 08:00:00+00:00,6.83333,0.292338,0.618426,0.4776,0.464,-0.0136,1.52251,535.841,111.84,-0.0349463,0.231676,5.61474,-0.0102344,536.191,0.0170141,0.0452367
2020-09-11,2020-09-11 11:22:04.508000+00:00,BTC-13SEP20-10375-P,P,10375,2020-09-13 08:00:00+00:00,1.83333,0.716973,0.59556,0.3865,0.4,0.0135,1.33351,282.75,515.112,-0.105409,0.171063,9.90036,-0.0286422,284.907,0.144723,0.194747
2020-09-25,2020-09-25 12:06:45.299000+00:00,BTC-2OCT20-10750-P,P,10750,2020-10-02 08:00:00+00:00,6.83333,0.292884,0.54808,0.3752,0.3754,0.000200005,0.671263,578.173,142.363,-0.0274537,0.0553855,3.35217,-0.004987,1144.29,0.02871,0.0548685
2020-09-25,2020-09-25 12:06:55.608000+00:00,BTC-2OCT20-10500-P,P,10500,2020-10-02 08:00:00+00:00,6.83333,0.292889,0.372427,0.3999,0.3978,-0.00210003,0.74005,552.544,133.57,-0.029261,0.22016,-4.9458,0.00749242,1099.92,0.0319468,0.0571073
2020-09-25,2020-09-25 12:07:33.114000+00:00,BTC-2OCT20-10750-C,C,10750,2020-10-02 08:00:00+00:00,6.83333,0.292908,0.468386,0.3969,0.3821,-0.0148,0.490164,581.585,134.58,-0.0290415,0.0266815,2.45979,-0.00388716,2894.45,0.0312745,0.0565236
2020-09-25,2020-09-25 11:39:32.718000+00:00,BTC-27SEP20-10625-P,P,10625,2020-09-27 08:00:00+00:00,1.83333,0.721681,0.465907,0.3679,0.4281,0.0602,1.07314,299.874,541.155,-0.100336,0.0139261,-2.29037,0.00647367,899.086,0.126154,0.165774
2020-10-09,2020-10-09 12:01:31.557000+00:00,BTC-16OCT20-11250-C,C,11250,2020-10-16 08:00:00+00:00,6.83333,0.292728,0.391075,0.3842,0.3659,-0.0183,2.17019,581.728,139.028,-0.0281122,0.23681,6.25962,-0.00924533,5268.27,-0.0383244,-0.0107381
2020-10-16,2020-10-16 11:57:27.885000+00:00,BTC-23OCT20-11500-C,C,11500,2020-10-23 08:00:00+00:00,6.83333,0.292608,0.429125,0.3333,0.3552,0.0219,0.0187565,612.152,160.26,-0.0243878,0.120178,4.91697,-0.00644201,1811.62,-0.0233517,0.00161276
2020-10-23,2020-10-23 12:03:18.692000+00:00,BTC-25OCT20-13000-P,P,13000,2020-10-25 08:00:00+00:00,1.83333,0.728186,0.540848,0.3231,0.4338,0.1107,1.16928,364.681,616.19,-0.0881182,0.0397754,5.47586,-0.0135713,364.45,0.0131333,0.0626068
2020-10-23,2020-10-23 12:05:06.738000+00:00,BTC-30OCT20-13000-P,P,13000,2020-10-30 08:00:00+00:00,6.83333,0.292835,0.497792,0.3753,0.4081,0.0328,1.30646,708.872,142.325,-0.027461,-0.000676953,0.891985,-0.00133705,2834.35,-0.0111805,0.01532
2020-10-23,2020-10-23 11:51:20.424000+00:00,BTC-30OCT20-13000-C,C,13000,2020-10-30 08:00:00+00:00,6.83333,0.292426,0.529546,0.3973,0.4495,0.0522,0.646656,709.477,134.444,-0.0290707,0.00369044,-0.363804,0.000575718,3545.08,-0.00537048,0.021231
2020-10-30,2020-10-30 11:45:28.795000+00:00,BTC-1NOV20-13375-P,P,13375,2020-11-01 08:00:00+00:00,1.83333,0.723295,0.497266,0.3696,0.5867,0.2171,2.73897,378.091,538.666,-0.1008,-0.000356789,0.740437,-0.0021102,758.416,-0.183308,-0.139139
2020-10-30,2020-10-30 11:42:56.096000+00:00,BTC-6NOV20-13500-P,P,13500,2020-11-06 08:00:00+00:00,6.83333,0.292176,0.55574,0.4135,0.5492,0.1357,3.12641,722.758,129.177,-0.0302561,0.066839,3.48061,-0.00569209,723.402,-0.166475,-0.136673
2020-11-06,2020-11-06 11:53:24.886000+00:00,BTC-13NOV20-15500-C,C,15500,2020-11-13 08:00:00+00:00,6.83333,0.292487,0.540875,0.648,0.6253,-0.0227,-4.98095,845.998,82.43,-0.0474146,0.00221424,-0.157662,0.000405912,7603.48,-0.059074,-0.0303481
2020-11-06,2020-11-06 11:53:08.199000+00:00,BTC-13NOV20-15250-C,C,15250,2020-11-13 08:00:00+00:00,6.83333,0.292479,0.608774,0.6521,0.5647,-0.0874,-4.43413,818.011,81.9117,-0.0477146,0.0791866,-2.09544,0.00525343,4108.06,-0.0510168,-0.0208636
2020-11-06,2020-11-06 11:45:13.507000+00:00,BTC-13NOV20-15250-P,P,15250,2020-11-13 08:00:00+00:00,6.83333,0.292244,0.386481,0.6059,0.546,-0.0599,-4.72234,814.999,88.1575,-0.0443341,0.0980231,-2.48186,0.00576105,5746.51,-0.0294714,-0.001666
2020-11-13,2020-11-13 11:49:53.316000+00:00,BTC-15NOV20-16125-P,P,16125,2020-11-15 08:00:00+00:00,1.83333,0.724498,0.422126,0.4267,0.4749,0.0482,-0.343302,449.637,466.583,-0.116373,0.0767979,-5.50688,0.0177719,875.394,0.0450054,0.104571
2020-11-13,2020-11-13 12:26:47.809000+00:00,BTC-20NOV20-16250-C,C,16250,2020-11-20 08:00:00+00:00,6.83333,0.293482,0.536861,0.5026,0.5196,0.017,-1.25203,886.77,106.277,-0.0367756,0.00436648,-0.345018,0.000689642,23889.6,-0.0474908,-0.0184882
2020-11-13,2020-11-13 11:31:42.970000+00:00,BTC-20NOV20-16000-C,C,16000,2020-11-20 08:00:00+00:00,6.83333,0.291844,0.596059,0.4867,0.4931,0.00640003,-0.744474,859.827,109.749,-0.0356122,0.0884321,-2.6552,0.00501084,5214.75,-0.00739592,0.0217774
2020-11-13,2020-11-13 11:17:46.931000+00:00,BTC-20NOV20-15750-P,P,15750,2020-11-20 08:00:00+00:00,6.83333,0.291433,0.351864,0.4902,0.5437,0.0535,-0.00536321,818.4,108.965,-0.0358683,0.243944,-4.67989,0.00852141,820.363,-0.024563,0.00324116
2020-11-13,2020-11-13 11:17:43.487000+00:00,BTC-15NOV20-16250-C,C,16250,2020-11-15 08:00:00+00:00,1.83333,0.71581,0.385196,0.3923,0.4284,0.0361,-0.147474,436.207,507.497,-0.106991,0.241814,11.5892,-0.0335708,882.25,-0.0804931,-0.0256278
2020-11-20,2020-11-20 11:59:01.672000+00:00,BTC-27NOV20-18000-P,P,18000,2020-11-27 08:00:00+00:00,6.83333,0.292654,0.399971,0.6088,0.6442,0.0354,2.14532,968.428,87.7376,-0.0445463,0.070821,-2.04237,0.00480929,11618.3,-0.0298617,-0.00335355
2020-11-20,2020-11-20 12:02:30.425000+00:00,BTC-27NOV20-19000-C,C,19000,2020-11-27 08:00:00+00:00,6.83333,0.292758,0.354716,0.6261,0.7098,0.0837,2.41067,933.767,85.3133,-0.0458122,0.272668,5.34894,-0.0124793,6535.25,-0.113709,-0.0856031
2020-11-20,2020-11-20 11:45:56.769000+00:00,BTC-22NOV20-18500-P,P,18500,2020-11-22 08:00:00+00:00,1.83333,0.723422,0.57776,0.6889,0.6476,-0.0413,2.43727,507.52,288.998,-0.187882,0.0701789,5.03118,-0.0262136,508.935,0.219568,0.273693
2020-11-20,2020-11-20 12:30:07.673000+00:00,BTC-27NOV20-18500-P,P,18500,2020-11-27 08:00:00+00:00,6.83333,0.293582,0.534217,0.609,0.6393,0.0303,2.51257,995.529,87.7088,-0.044561,0.0237505,2.02746,-0.00491354,2986.9,-0.000381004,0.0280956
2020-11-27,2020-11-27 12:06:43.439000+00:00,BTC-4DEC20-16500-P,P,16500,2020-12-04 08:00:00+00:00,6.83333,0.292883,0.384819,0.7481,0.6314,-0.1167,4.40597,884.484,71.4004,-0.054739,0.0745262,-1.86034,0.00532543,7961,0.0512304,0.0789957
2020-11-27,2020-11-27 11:51:00.968000+00:00,BTC-4DEC20-17500-C,C,17500,2020-12-04 08:00:00+00:00,6.83333,0.292416,0.355917,0.6955,0.6561,-0.0394,5.54016,857.457,76.8003,-0.0508902,0.246989,4.88393,-0.0126713,8643.85,0.0257981,0.0545807
2020-11-27,2020-11-27 12:21:40.537000+00:00,BTC-4DEC20-17000-P,P,17000,2020-12-04 08:00:00+00:00,6.83333,0.293329,0.515715,0.6867,0.6051,-0.0816,5.35416,919.762,77.7845,-0.0502463,0.007615,1.41779,-0.00388562,5539.35,0.0865604,0.114904
2020-11-27,2020-11-27 12:23:30.572000+00:00,BTC-4DEC20-17250-C,C,17250,2020-12-04 08:00:00+00:00,6.83333,0.293384,0.435728,0.7014,0.6011,-0.1003,4.394,910.907,76.1543,-0.051322,0.0592839,2.68283,-0.00741842,909.773,0.135031,0.162935
2020-11-27,2020-11-27 12:31:19.283000+00:00,BTC-4DEC20-17500-P,P,17500,2020-12-04 08:00:00+00:00,6.83333,0.293618,0.613279,0.6829,0.5894,-0.0935,4.9576,888.474,78.2174,-0.0499683,0.160149,4.07442,-0.010664,1786.05,0.102408,0.132917
2020-12-04,2020-12-04 11:59:58.961000+00:00,BTC-11DEC20-18500-P,P,18500,2020-12-11 08:00:00+00:00,6.83333,0.292682,0.392769,0.6253,0.6183,-0.00699997,1.9898,992.418,85.4224,-0.0457537,0.081182,-2.18044,0.00524773,13859.9,0.00293287,0.0298765
2020-12-04,2020-12-04 12:00:22.598000+00:00,BTC-11DEC20-18750-P,P,18750,2020-12-11 08:00:00+00:00,6.83333,0.292694,0.457104,0.6378,0.6005,-0.0373,2.14575,1023.27,83.7483,-0.0466683,0.00345661,-0.234496,0.000593906,4086.23,0.0384773,0.0656462
2020-12-04,2020-12-04 11:54:49.993000+00:00,BTC-6DEC20-19000-P,P,19000,2020-12-06 08:00:00+00:00,1.83333,0.725852,0.52838,0.6628,0.6556,-0.00720001,1.53676,533.457,300.379,-0.180764,0.0127269,2.51814,-0.0128372,1604.04,0.226822,0.277042
2020-12-04,2020-12-04 11:48:11.469000+00:00,BTC-11DEC20-19000-C,C,19000,2020-12-11 08:00:00+00:00,6.83333,0.292332,0.527552,0.6933,0.5939,-0.0994,1.24838,1036.79,77.044,-0.0507293,-0.00256755,0.271558,-0.000750178,8209.02,0.145083,0.171717
2020-12-04,2020-12-04 11:47:46.915000+00:00,BTC-11DEC20-19750-C,C,19750,2020-12-11 08:00:00+00:00,6.83333,0.29232,0.364333,0.6897,0.6193,-0.0704,1.33588,977.939,77.4462,-0.0504659,0.22226,4.6789,-0.0121352,2905.21,0.109521,0.135385
2020-12-04,2020-12-04 12:17:28.502000+00:00,BTC-6DEC20-18500-P,P,18500,2020-12-06 08:00:00+00:00,1.83333,0.732119,0.381397,0.7505,0.7017,-0.0488,1.96432,507.25,265.278,-0.204682,0.0993798,-4.6588,0.0257671,505.443,0.132064,0.173705
2020-12-04,2020-12-04 11:18:56.168000+00:00,BTC-6DEC20-19250-P,P,19250,2020-12-06 08:00:00+00:00,1.83333,0.716134,0.553729,0.6793,0.614,-0.0653,0.490423,535.071,293.082,-0.185264,0.0371074,3.83549,-0.0199044,539.32,0.146568,0.198122
2020-12-04,2020-12-04 12:44:09.322000+00:00,BTC-6DEC20-18750-P,P,18750,2020-12-06 08:00:00+00:00,1.83333,0.739644,0.379656,0.6565,0.5887,-0.0678,1.3778,512.824,303.261,-0.179045,0.119396,-5.53807,0.0267678,508.178,0.179671,0.221083
2020-12-11,2020-12-11 12:05:12.424000+00:00,BTC-18DEC20-17750-C,C,17750,2020-12-18 08:00:00+00:00,6.83333,0.292838,0.524579,0.597,0.6795,0.0825,6.32974,968.704,89.4717,-0.0436829,-0.00206869,0.245223,-0.000583617,968.448,-0.0614701,-0.0327915
2020-12-18,2020-12-18 12:01:26.895000+00:00,BTC-20DEC20-22750-P,P,22750,2020-12-20 08:00:00+00:00,1.83333,0.727672,0.433771,0.595,0.8221,0.2271,2.10769,638.257,334.607,-0.162273,0.0349131,-2.9543,0.0133674,638.078,-0.199767,-0.148984
2020-12-18,2020-12-18 12:04:12.950000+00:00,BTC-25DEC20-22500-P,P,22500,2020-12-25 08:00:00+00:00,6.83333,0.292808,0.410528,0.682,0.8627,0.1807,4.42762,1217.39,78.3206,-0.0499024,0.0440522,-1.42359,0.0037799,1217.12,-0.153805,-0.125926
2020-12-18,2020-12-18 12:11:40.852000+00:00,BTC-25DEC20-23500-C,C,23500,2020-12-25 08:00:00+00:00,6.83333,0.293031,0.424531,0.6887,0.8202,0.1315,2.20946,1231.93,77.5586,-0.0503927,0.0785159,3.01785,-0.00815257,13710,-0.0568495,-0.0284579
2020-12-18,2020-12-18 12:12:08.658000+00:00,BTC-25DEC20-24000-P,P,24000,2020-12-25 08:00:00+00:00,6.83333,0.293045,0.64699,0.7219,0.9072,0.1853,3.23862,1169.92,73.9917,-0.052822,0.248362,4.81587,-0.0129336,1169.07,-0.202249,-0.171214
2020-12-18,2020-12-18 12:13:40.089000+00:00,BTC-25DEC20-24000-C,C,24000,2020-12-25 08:00:00+00:00,6.83333,0.29309,0.366958,0.7364,0.9246,0.1882,3.53725,1188.99,72.5348,-0.0538829,0.203094,4.37058,-0.0121346,8191.78,-0.248305,-0.220218
2020-12-18,2020-12-18 11:27:56.847000+00:00,BTC-20DEC20-23000-C,C,23000,2020-12-20 08:00:00+00:00,1.83333,0.718549,0.472124,0.6571,0.8374,0.1803,2.11832,645.846,302.984,-0.179209,0.0125995,2.51679,-0.0127206,1299.57,0.503744,0.55926
2020-12-18,2020-12-18 11:24:14.492000+00:00,BTC-20DEC20-23000-P,P,23000,2020-12-20 08:00:00+00:00,1.83333,0.717554,0.534492,0.6277,0.9385,0.3108,2.86966,644.662,317.175,-0.171191,0.0183817,2.96581,-0.0143004,1299.65,-0.193759,-0.135234
2020-12-25,2020-12-25 12:00:28.142000+00:00,BTC-1JAN21-26000-C,C,26000,2021-01-01 08:00:00+00:00,6.83333,0.292697,0.354656,0.887,0.8759,-0.0111,7.2488,1256.13,60.2194,-0.0649024,0.207662,4.07146,-0.013456,8781.56,0.109913,0.137983
2020-12-25,2020-12-25 11:59:01.293000+00:00,BTC-1JAN21-24000-P,P,24000,2021-01-01 08:00:00+00:00,6.83333,0.292654,0.372634,0.8158,0.9502,0.1344,7.8436,1280.6,65.4752,-0.0596927,0.0849369,-1.91065,0.00590557,10368.1,-0.136346,-0.107407
2020-12-25,2020-12-25 12:01:05.068000+00:00,BTC-1JAN21-24500-P,P,24500,2021-01-01 08:00:00+00:00,6.83333,0.292715,0.456183,0.7918,0.9324,0.1406,8.20682,1337.35,67.4598,-0.0579366,0.000238282,-0.015824,4.97416e-05,9361.76,-0.151668,-0.123141
2020-12-25,2020-12-25 11:52:58.740000+00:00,BTC-1JAN21-25500-C,C,25500,2021-01-01 08:00:00+00:00,6.83333,0.292474,0.406226,0.8262,0.9753,0.1491,7.97452,1309.04,64.651,-0.0604537,0.100689,3.09993,-0.00994529,64999.8,-0.157324,-0.128307
2020-12-25,2020-12-25 11:51:07.454000+00:00,BTC-1JAN21-24500-C,C,24500,2021-01-01 08:00:00+00:00,6.83333,0.292419,0.542719,0.8352,0.9328,0.0976,7.36801,1337.32,63.9543,-0.0611122,-0.000898576,0.0612151,-0.000203033,33374.8,0.00272513,0.0324117
2021-01-01,2021-01-01 12:13:52.041000+00:00,BTC-8JAN21-29000-P,P,29000,2021-01-08 08:00:00+00:00,6.83333,0.293096,0.42011,0.7193,0.9395,0.2202,10.3263,1574.59,74.2592,-0.0526317,0.0288933,-1.04777,0.00294967,51427.7,-0.274859,-0.245928
2021-01-01,2021-01-01 12:17:21.550000+00:00,BTC-8JAN21-30000-C,C,30000,2021-01-08 08:00:00+00:00,6.83333,0.2932,0.450142,0.769,1.5385,0.7695,9.74629,1594.71,69.4599,-0.0562683,0.0374678,2.18894,-0.00667081,8015.25,-0.860355,-0.831467
2021-01-01,2021-01-01 11:34:15.379000+00:00,BTC-8JAN21-30500-C,C,30500,2021-01-08 08:00:00+00:00,6.83333,0.291919,0.398364,0.7812,1.0727,0.2915,9.45935,1557.61,68.3751,-0.057161,0.120557,3.4143,-0.0103043,4689.91,-0.512025,-0.480769
2021-01-01,2021-01-01 11:32:55.992000+00:00,BTC-3JAN21-30000-C,C,30000,2021-01-03 08:00:00+00:00,1.83333,0.719892,0.375419,0.7802,0.8553,0.0751,9.32117,790.701,255.179,-0.212782,0.153431,6.77713,-0.0387442,4825.11,-0.495543,-0.440255
2021-01-01,2021-01-01 12:33:44.360000+00:00,BTC-8JAN21-31000-C,C,31000,2021-01-08 08:00:00+00:00,6.83333,0.29369,0.366985,0.8013,1.0546,0.2533,7.49125,1530.1,66.66,-0.0586317,0.189878,4.09267,-0.0123667,1527.07,-0.327229,-0.297244
2021-01-08,2021-01-08 12:00:25.795000+00:00,BTC-15JAN21-40000-C,C,40000,2021-01-15 08:00:00+00:00,6.83333,0.292696,0.611372,1.5109,1.6762,0.1653,-2.72897,2177.11,35.3529,-0.110554,0.0142607,-0.368423,0.0021361,47888.4,-0.018248,0.010447
2021-01-08,2021-01-08 11:59:07.245000+00:00,BTC-10JAN21-41000-C,C,41000,2021-01-10 08:00:00+00:00,1.83333,0.727031,0.547385,1.6614,1.3366,-0.3248,-2.05749,1159.23,119.833,-0.453109,9.39976e-05,-0.0111399,0.000141707,5828.76,0.868245,0.916863
2021-01-08,2021-01-08 11:59:03.914000+00:00,BTC-10JAN21-41000-P,P,41000,2021-01-10 08:00:00+00:00,1.83333,0.727015,0.451537,1.4264,1.3743,-0.0521001,-2.10045,1158.98,139.576,-0.389018,0.00176657,-0.204678,0.00223463,49964.1,0.629532,0.67734
2021-01-08,2021-01-08 11:56:57.190000+00:00,BTC-15JAN21-40000-P,P,40000,2021-01-15 08:00:00+00:00,6.83333,0.292592,0.391663,1.3821,1.5694,0.1873,-2.07953,2175.39,38.6474,-0.101129,0.0170906,-0.454205,0.00241427,6539.01,-0.0547034,-0.028896
2021-01-08,2021-01-08 12:09:54.201000+00:00,BTC-15JAN21-42000-C,C,42000,2021-01-15 08:00:00+00:00,6.83333,0.292978,0.525962,1.5603,1.6393,0.0789999,-2.53524,2267.53,34.2336,-0.114168,-0.0061964,0.694615,-0.00431963,24925.2,0.0196202,0.0465491
2021-01-08,2021-01-08 12:10:56.322000+00:00,BTC-10JAN21-42000-C,C,42000,2021-01-10 08:00:00+00:00,1.83333,0.730299,0.492256,1.7566,1.4357,-0.3209,-2.23583,1175.32,113.339,-0.479073,0.00156259,1.15353,-0.015622,4694.36,0.680495,0.728856
2021-01-15,2021-01-15 12:03:03.948000+00:00,BTC-22JAN21-40000-C,C,40000,2021-01-22 08:00:00+00:00,6.83333,0.292774,0.451601,1.5418,1.4982,-0.0435999,-4.2077,2065.99,34.6443,-0.112815,0.0262188,1.57626,-0.00963527,117850,-0.107416,-0.079534
2021-01-15,2021-01-15 11:49:41.497000+00:00,BTC-17JAN21-38000-C,C,38000,2021-01-17 08:00:00+00:00,1.83333,0.724444,0.526346,1.5268,1.486,-0.0407999,-5.81616,1073.45,130.398,-0.4164,-0.00182443,0.390007,-0.00458165,12697.7,0.174783,0.229082
2021-01-15,2021-01-15 11:46:25.305000+00:00,BTC-22JAN21-38000-C,C,38000,2021-01-22 08:00:00+00:00,6.83333,0.29228,0.555727,1.5333,1.4351,-0.0982001,-5.15032,2069.23,34.8364,-0.112193,-0.0063684,0.332226,-0.00201473,158129,0.0550997,0.0833848
2021-01-15,2021-01-15 12:29:42.015000+00:00,BTC-17JAN21-39000-C,C,39000,2021-01-17 08:00:00+00:00,1.83333,0.735548,0.3745,1.5614,1.6541,0.0927,-3.73723,1006.09,127.508,-0.425836,0.0870776,3.86943,-0.0442976,4940,0.150007,0.1967
2021-01-15,2021-01-15 12:32:43.734000+00:00,BTC-17JAN21-37000-P,P,37000,2021-01-17 08:00:00+00:00,1.83333,0.736402,0.444053,1.3947,1.0202,-0.3745,-4.08113,1045.23,142.748,-0.380373,0.00418843,-0.42081,0.00448123,2074.08,0.200896,0.258907
2021-01-15,2021-01-15 12:43:38.643000+00:00,BTC-17JAN21-37000-C,C,37000,2021-01-17 08:00:00+00:00,1.83333,0.739498,0.56329,1.3888,1.2706,-0.1182,-3.94468,1044.23,143.355,-0.378764,0.00690441,-0.613454,0.00648721,1035.47,0.0330583,0.0932895
2021-01-22,2021-01-22 12:00:11.061000+00:00,BTC-29JAN21-32000-C,C,32000,2021-01-29 08:00:00+00:00,6.83333,0.292688,0.523297,1.1598,1.069,-0.0908,0.292404,1737.99,46.055,-0.0848634,-0.00505113,0.631796,-0.0029217,69421.6,0.067009,0.0950634
2021-01-22,2021-01-22 11:59:13.518000+00:00,BTC-24JAN21-31000-C,C,31000,2021-01-24 08:00:00+00:00,1.83333,0.727059,0.614678,1.3375,1.3964,0.0589,0.750254,859.683,148.853,-0.364773,0.042894,-2.07583,0.0205182,3416.01,0.0286274,0.0867735
2021-01-22,2021-01-22 11:58:22.674000+00:00,BTC-29JAN21-32000-P,P,32000,2021-01-29 08:00:00+00:00,6.83333,0.292635,0.48524,1.152,1.0444,-0.1076,1.07563,1734.08,46.3669,-0.0842927,-0.00387402,0.76528,-0.00351879,24189.6,0.163168,0.192124
2021-01-22,2021-01-22 12:21:32.395000+00:00,BTC-29JAN21-34000-C,C,34000,2021-01-29 08:00:00+00:00,6.83333,0.293325,0.359273,1.1426,1.0694,-0.0732,0.328156,1624.44,46.7483,-0.0836049,0.162557,3.30165,-0.014123,41520.1,0.0583545,0.08646
2021-01-22,2021-01-22 11:35:38.826000+00:00,BTC-24JAN21-33000-C,C,33000,2021-01-24 08:00:00+00:00,1.83333,0.720625,0.367557,1.2222,1.0411,-0.1811,-0.029423,851.772,162.896,-0.333327,0.11886,4.92852,-0.0438356,2570.92,0.430549,0.484857
2021-01-22,2021-01-22 12:44:12.296000+00:00,BTC-29JAN21-30000-P,P,30000,2021-01-29 08:00:00+00:00,6.83333,0.294004,0.350079,1.2165,1.1418,-0.0747,1.8737,1599.06,43.9085,-0.0890122,0.068976,-1.3107,0.00591439,11168.5,0.0998117,0.127606
2021-01-29,2021-01-29 11:59:45.800000+00:00,BTC-31JAN21-37000-C,C,37000,2021-01-31 08:00:00+00:00,1.83333,0.727208,0.537968,1.6881,1.6518,-0.0363,-7.57341,1045.82,117.938,-0.460391,-0.00137341,0.203313,-0.00263454,23979.4,0.0976507,0.142604
2021-01-29,2021-01-29 12:04:59.935000+00:00,BTC-5FEB21-38000-C,C,38000,2021-02-05 08:00:00+00:00,6.83333,0.292832,0.490998,1.4377,1.2365,-0.2012,-7.26377,2025.01,37.1528,-0.105198,0.0034325,1.11443,-0.00639778,14183.3,0.0476869,0.0751563
2021-01-29,2021-01-29 11:42:00.714000+00:00,BTC-5FEB21-36000-C,C,36000,2021-02-05 08:00:00+00:00,6.83333,0.292149,0.606189,1.3372,1.1497,-0.1875,-8.33148,1957.75,39.9451,-0.0978439,0.0174346,-0.472844,0.00243536,11764.2,0.183514,0.211926
2021-01-29,2021-01-29 11:17:50.949000+00:00,BTC-31JAN21-36000-C,C,36000,2021-01-31 08:00:00+00:00,1.83333,0.715843,0.582567,1.7431,1.164,-0.5791,-6.73845,1014.13,114.217,-0.475391,0.0102701,-0.692904,0.00911194,1022.34,0.51788,0.562005
2021-02-05,2021-02-05 12:04:07.677000+00:00,BTC-7FEB21-37000-P,P,37000,2021-02-07 08:00:00+00:00,1.83333,0.728412,0.352305,0.8103,1.1318,0.3215,4.21064,993.463,245.7,-0.220991,0.150281,-5.59705,0.03255,2976.8,-0.0740353,-0.0346505
2021-02-05,2021-02-05 12:04:57.678000+00:00,BTC-12FEB21-38000-P,P,38000,2021-02-12 08:00:00+00:00,6.83333,0.292831,0.482644,0.8978,0.9708,0.073,4.20376,2067.75,59.495,-0.0656927,-0.00384583,0.645576,-0.00231277,2067.23,-0.0698741,-0.0407894
2021-02-05,2021-02-05 12:05:13.293000+00:00,BTC-12FEB21-40000-C,C,40000,2021-02-12 08:00:00+00:00,6.83333,0.292838,0.356769,0.9193,1.0483,0.129,3.12877,1933.81,58.1036,-0.0672659,0.196706,3.91751,-0.0134475,34990.3,-0.0541883,-0.0250941
2021-02-05,2021-02-05 12:05:20.374000+00:00,BTC-12FEB21-40000-P,P,40000,2021-02-12 08:00:00+00:00,6.83333,0.292842,0.640772,0.9322,0.9695,0.0373,4.18402,1938.38,57.2995,-0.0682098,0.18864,3.82551,-0.0133479,1937.77,-0.0493079,-0.0171587
2021-02-05,2021-02-05 12:37:07.958000+00:00,BTC-7FEB21-38000-P,P,38000,2021-02-07 08:00:00+00:00,1.83333,0.737648,0.456606,0.8507,0.8694,0.0187,2.29917,1073.15,234.032,-0.232009,0.00617518,-0.801994,0.00522995,1065.54,-0.02467,0.0246226
2021-02-12,2021-02-12 12:03:52.604000+00:00,BTC-19FEB21-46000-C,C,46000,2021-02-19 08:00:00+00:00,6.83333,0.292798,0.636982,1.0898,1.1631,0.0732999,-0.700467,2460.61,49.0132,-0.0797415,0.0647013,-1.34965,0.00552498,2460.09,-0.0399254,-0.011367
2021-02-12,2021-02-12 12:35:43.721000+00:00,BTC-14FEB21-48000-C,C,48000,2021-02-14 08:00:00+00:00,1.83333,0.73725,0.516966,1.1452,1.0561,-0.0891,-1.74642,1356.14,173.848,-0.312327,-0.00143373,0.472641,-0.00416992,1346.95,0.580296,0.625014
2021-02-19,2021-02-19 11:59:58.922000+00:00,BTC-26FEB21-52000-C,C,52000,2021-02-26 08:00:00+00:00,6.83333,0.292682,0.591156,0.9289,0.9935,0.0646,6.08395,2823.32,57.5031,-0.0679683,0.025666,-0.813725,0.00293985,22588,-0.133556,-0.104386
2021-02-19,2021-02-19 12:03:42.102000+00:00,BTC-26FEB21-56000-C,C,56000,2021-02-26 08:00:00+00:00,6.83333,0.292793,0.358163,0.9259,1.0096,0.0837,6.3031,2711.05,57.6894,-0.0677488,0.192241,3.86753,-0.0133893,38249.1,-0.136879,-0.108913
2021-02-19,2021-02-19 12:06:50.581000+00:00,BTC-26FEB21-52000-P,P,52000,2021-02-26 08:00:00+00:00,6.83333,0.292887,0.416238,0.9202,1.0286,0.1084,5.8352,2828.09,58.0468,-0.0673317,0.0196716,-0.679777,0.00244317,62117,-0.0867592,-0.0593682
2021-02-19,2021-02-19 12:14:32.331000+00:00,BTC-26FEB21-54000-C,C,54000,2021-02-26 08:00:00+00:00,6.83333,0.293116,0.472617,0.9382,1.0001,0.0619,5.83176,2891.04,56.9331,-0.0686488,0.0143876,1.53399,-0.00573474,11595.9,-0.077815,-0.0500773
2021-02-26,2021-02-26 12:04:03.905000+00:00,BTC-28FEB21-48000-C,C,48000,2021-02-28 08:00:00+00:00,1.83333,0.728394,0.371178,1.0724,1.2541,0.1817,-3.3192,1250.57,185.65,-0.292473,0.123855,5.32117,-0.0416922,21211.9,0.164609,0.212777
2021-02-26,2021-02-26 11:42:30.736000+00:00,BTC-5MAR21-48000-C,C,48000,2021-03-05 08:00:00+00:00,6.83333,0.292164,0.406949,1.0753,1.0571,-0.0182,-0.654653,2434.95,49.6742,-0.0786805,0.0839369,2.60226,-0.01087,42730.6,0.0326628,0.0614433
2021-02-26,2021-02-26 12:22:21.394000+00:00,BTC-28FEB21-47000-C,C,47000,2021-02-28 08:00:00+00:00,1.83333,0.733484,0.524014,1.101,1.1473,0.0463,-2.08074,1328.66,180.827,-0.300273,-0.000970803,0.227141,-0.00192489,1323.03,-0.0699383,-0.0104413
2021-02-26,2021-02-26 12:31:41.056000+00:00,BTC-28FEB21-46000-C,C,46000,2021-02-28 08:00:00+00:00,1.83333,0.736107,0.643296,1.1523,1.2093,0.057,-3.35035,1249.23,172.777,-0.314264,0.0900651,-3.47633,0.0288922,1240.92,0.156306,0.221729
2021-02-26,2021-02-26 12:33:15.761000+00:00,BTC-5MAR21-50000-C,C,50000,2021-03-05 08:00:00+00:00,6.83333,0.293676,0.370414,1.0708,1.0486,-0.0222,-3.30379,2436.43,49.8829,-0.0783512,0.146814,3.252,-0.0131715,9683.21,0.025703,0.0541772
2021-02-26,2021-02-26 11:23:28.800000+00:00,BTC-28FEB21-45000-P,P,45000,2021-02-28 08:00:00+00:00,1.83333,0.717349,0.375211,1.238,1.0667,-0.1713,-0.632811,1238.56,160.817,-0.337636,0.059887,-2.64338,0.0239775,1247.73,0.233536,0.28703
2021-03-05,2021-03-05 12:00:52.300000+00:00,BTC-12MAR21-48000-P,P,48000,2021-03-12 08:00:00+00:00,6.83333,0.292709,0.502946,0.8936,0.8793,-0.0143,3.63106,2598.19,59.7747,-0.0653854,0.00107043,1.06034,-0.00378438,5202.84,0.0555858,0.0841812
2021-03-05,2021-03-05 12:01:00.846000+00:00,BTC-12MAR21-46000-P,P,46000,2021-03-12 08:00:00+00:00,6.83333,0.292713,0.370211,0.9292,0.9434,0.0142,3.38489,2459.17,57.4845,-0.0679902,0.0727824,-1.60567,0.00564095,81434.4,0.012684,0.0405077
2021-03-05,2021-03-05 12:01:07.470000+00:00,BTC-7MAR21-47000-P,P,47000,2021-03-07 08:00:00+00:00,1.83333,0.727583,0.422045,0.9248,0.8586,-0.0662,3.25932,1317.5,215.28,-0.252218,0.0278737,-2.00013,0.0139902,10504.7,0.11955,0.165228
2021-03-05,2021-03-05 12:02:07.343000+00:00,BTC-12MAR21-50000-C,C,50000,2021-03-12 08:00:00+00:00,6.83333,0.292746,0.373385,0.9131,0.8641,-0.0489999,3.11576,2468.93,58.4981,-0.0668122,0.15833,3.58415,-0.0124076,2468.62,0.0387144,0.0670084
2021-03-05,2021-03-05 12:19:58.125000+00:00,BTC-12MAR21-48000-C,C,48000,2021-03-12 08:00:00+00:00,6.83333,0.293278,0.483767,0.9209,0.8755,-0.0453999,3.66144,2584.04,58.0026,-0.0673829,0.00732981,1.32167,-0.00485733,12915.5,0.0556006,0.0838599
2021-03-05,2021-03-05 11:36:15.639000+00:00,BTC-7MAR21-48000-P,P,48000,2021-03-07 08:00:00+00:00,1.83333,0.720791,0.55631,0.9173,0.9482,0.0309,3.87245,1328.22,217.04,-0.250173,0.032255,3.1927,-0.0223547,4000.95,0.233186,0.290459
2021-03-12,2021-03-12 12:00:37.776000+00:00,BTC-14MAR21-57000-P,P,57000,2021-03-14 08:00:00+00:00,1.83333,0.727446,0.542799,0.9007,1.3126,0.4119,8.76713,1588.13,221.04,-0.245645,0.0204388,2.68353,-0.0185307,9705.89,-0.0683835,-0.0243529
2021-03-12,2021-03-12 12:08:55.037000+00:00,BTC-19MAR21-60000-C,C,60000,2021-03-19 08:00:00+00:00,6.83333,0.292948,0.362335,0.9422,0.9843,0.0421,8.52404,2917.48,56.6914,-0.0689415,0.179672,3.73046,-0.0131952,58415,-0.125346,-0.0975882
2021-03-12,2021-03-12 12:44:05.839000+00:00,BTC-19MAR21-56000-P,P,56000,2021-03-19 08:00:00+00:00,6.83333,0.294,0.441623,0.9051,0.9987,0.0936,8.48261,3056,59.0152,-0.0662268,0.0037243,-0.185413,0.000663091,3049.12,-0.127252,-0.0982326
2021-03-19,2021-03-19 11:59:59.929000+00:00,BTC-26MAR21-58000-P,P,58000,2021-03-26 08:00:00+00:00,6.83333,0.292683,0.414847,0.8064,0.767,-0.0394,-0.606927,3148.65,66.2384,-0.0590049,0.0279426,-0.949439,0.00298806,53501.3,0.133212,0.159313
2021-03-19,2021-03-19 12:00:52.861000+00:00,BTC-26MAR21-62000-C,C,62000,2021-03-26 08:00:00+00:00,6.83333,0.292709,0.361638,0.8317,0.8062,-0.0255,-0.90273,3033.47,64.2234,-0.0608561,0.199174,4.11132,-0.0128275,15158.9,0.0150789,0.0409425
2021-03-19,2021-03-19 12:02:19.524000+00:00,BTC-26MAR21-60000-C,C,60000,2021-03-26 08:00:00+00:00,6.83333,0.292752,0.479989,0.8172,0.7775,-0.0397,-1.9414,3232.47,65.363,-0.0597951,0.00994283,1.44863,-0.00472232,87042.6,0.0920131,0.118009
2021-03-19,2021-03-19 12:04:45.607000+00:00,BTC-26MAR21-58000-C,C,58000,2021-03-26 08:00:00+00:00,6.83333,0.292825,0.604474,0.8342,0.7684,-0.0658,-2.16993,3130.2,64.031,-0.061039,0.0478781,-1.3209,0.00424932,3129.41,0.150342,0.177979
2021-03-19,2021-03-19 12:22:57.658000+00:00,BTC-21MAR21-59000-P,P,59000,2021-03-21 08:00:00+00:00,1.83333,0.733654,0.478795,0.6705,0.7324,0.0618999,-1.97667,1668.13,296.929,-0.182864,0.000446524,-0.118535,0.000611992,1660.86,0.131183,0.181005
2021-03-26,2021-03-26 11:56:02.799000+00:00,BTC-2APR21-54000-C,C,54000,2021-04-02 08:00:00+00:00,6.83333,0.292565,0.427451,0.6723,0.6542,-0.0181001,6.63346,2838.33,79.4506,-0.0491927,0.0747994,2.98854,-0.00789177,14373.8,-0.0728229,-0.0449397
2021-03-26,2021-03-26 11:52:22.854000+00:00,BTC-2APR21-54000-P,P,54000,2021-04-02 08:00:00+00:00,6.83333,0.292456,0.562227,0.6885,0.6851,-0.00339996,5.9801,2856.29,77.5812,-0.050378,0.0571134,2.66355,-0.00723516,80533.1,-0.0105359,0.018254
2021-04-02,2021-04-02 12:09:26.782000+00:00,BTC-9APR21-62000-C,C,62000,2021-04-09 08:00:00+00:00,6.83333,0.292964,0.373487,0.6814,0.6873,0.00590004,-4.41745,3104.23,78.3895,-0.0498585,0.196688,4.45832,-0.011519,18564,0.0361166,0.0617973
2021-04-02,2021-04-02 12:11:04.221000+00:00,BTC-9APR21-60000-C,C,60000,2021-04-09 08:00:00+00:00,6.83333,0.293013,0.508423,0.6758,0.6886,0.0128,-4.26636,3266.83,79.0391,-0.0494488,-0.00223239,0.771208,-0.00208118,65406.5,0.0350013,0.0617307
2021-04-02,2021-04-02 11:48:30.075000+00:00,BTC-4APR21-59000-C,C,59000,2021-04-04 08:00:00+00:00,1.83333,0.724119,0.606411,0.6531,0.6741,0.0210001,-4.32965,1626.76,304.84,-0.178118,0.0928365,-4.84324,0.023515,3261.03,0.117775,0.163765
2021-04-02,2021-04-02 12:13:58.611000+00:00,BTC-9APR21-58000-C,C,58000,2021-04-09 08:00:00+00:00,6.83333,0.293099,0.644306,0.6735,0.6674,-0.00610001,-4.15585,3046.27,79.309,-0.0492805,0.152445,-3.01287,0.00756904,6091.83,0.0338046,0.0632656
2021-04-02,2021-04-02 11:16:44.200000+00:00,BTC-9APR21-60000-P,P,60000,2021-04-09 08:00:00+00:00,6.83333,0.291402,0.480429,0.6664,0.6689,0.0025,-4.71702,3272.24,80.154,-0.048761,-0.00310172,0.462792,-0.00123032,3279.41,0.0354185,0.0622763
2021-04-09,2021-04-09 11:57:12.115000+00:00,BTC-16APR21-58000-P,P,58000,2021-04-16 08:00:00+00:00,6.83333,0.2926,0.353472,0.5835,0.7184,0.1349,1.32132,3030.13,91.5418,-0.0426951,0.190848,-3.70958,0.00805533,18168.4,-0.19752,-0.169037
2021-04-09,2021-04-09 12:03:58.793000+00:00,BTC-16APR21-60000-C,C,60000,2021-04-16 08:00:00+00:00,6.83333,0.292801,0.484606,0.6058,0.6994,0.0936,2.54736,3251.08,88.1721,-0.0443268,0.00773346,1.46534,-0.00354292,156791,-0.199779,-0.17257
2021-04-09,2021-04-09 11:47:28.781000+00:00,BTC-16APR21-62000-C,C,62000,2021-04-16 08:00:00+00:00,6.83333,0.292311,0.351557,0.631,0.6902,0.0592,0.983734,3033.62,84.6508,-0.0461707,0.282741,5.41775,-0.0126962,9152.98,-0.0196761,0.00664794
2021-04-09,2021-04-09 11:31:06.221000+00:00,BTC-11APR21-59000-P,P,59000,2021-04-11 08:00:00+00:00,1.83333,0.719398,0.466555,0.5007,0.693,0.1923,1.46221,1666.18,397.625,-0.136555,0.00819133,-1.37272,0.0052812,5028.86,-0.202845,-0.146176
2021-04-09,2021-04-09 11:30:57.323000+00:00,BTC-11APR21-60000-C,C,60000,2021-04-11 08:00:00+00:00,1.83333,0.719359,0.364341,0.5558,0.6712,0.1154,1.25809,1573.18,358.206,-0.151582,0.243878,9.85995,-0.039761,3158.53,-0.0524901,0.00378183
2021-04-09,2021-04-09 12:37:10.782000+00:00,BTC-16APR21-58000-C,C,58000,2021-04-16 08:00:00+00:00,6.83333,0.293793,0.644676,0.582,0.7145,0.1325,2.40162,3034.9,91.7777,-0.0425854,0.185091,-3.65177,0.00792586,3028.54,-0.290171,-0.259542
2021-04-16,2021-04-16 12:02:15.277000+00:00,BTC-23APR21-60000-C,C,60000,2021-04-23 08:00:00+00:00,6.83333,0.29275,0.604207,0.5958,0.56,-0.0358,-2.24805,3220.94,89.652,-0.0435951,0.0810291,-2.24124,0.00515046,64245.1,0.152209,0.181771
2021-04-16,2021-04-16 11:57:31.693000+00:00,BTC-23APR21-60000-P,P,60000,2021-04-23 08:00:00+00:00,6.83333,0.292609,0.385354,0.5912,0.547,-0.0442,-1.50973,3203.33,90.3495,-0.0432585,0.103823,-2.60328,0.00589147,64841,-0.0111543,0.0172207
2021-04-16,2021-04-16 11:45:16.439000+00:00,BTC-18APR21-61000-C,C,61000,2021-04-18 08:00:00+00:00,1.83333,0.723238,0.462829,0.5259,0.5753,0.0494,-0.852436,1709.98,378.572,-0.143427,0.0233237,3.51325,-0.0141847,15069,-0.0423382,0.0169313
2021-04-16,2021-04-16 11:41:02.047000+00:00,BTC-23APR21-62000-C,C,62000,2021-04-23 08:00:00+00:00,6.83333,0.29212,0.432307,0.5865,0.5536,-0.0329,-1.25666,3279.38,91.0735,-0.0429146,0.0730711,3.12771,-0.00722072,94406.1,0.0470425,0.0751897
2021-04-16,2021-04-16 12:44:15.904000+00:00,BTC-23APR21-62000-P,P,62000,2021-04-23 08:00:00+00:00,6.83333,0.294006,0.554336,0.5478,0.5221,-0.0257,-1.68455,3309.75,97.5075,-0.0400829,0.0524666,2.81644,-0.0061054,3302.08,-0.0767448,-0.0470888
2021-04-23,2021-04-23 11:59:52.142000+00:00,BTC-30APR21-52000-C,C,52000,2021-04-30 08:00:00+00:00,6.83333,0.292679,0.384264,0.7651,0.8059,0.0407999,0.509923,2621.29,69.8139,-0.0559829,0.153475,3.8113,-0.0111532,49089.9,-0.0703134,-0.0420615
2021-04-23,2021-04-23 11:59:34.920000+00:00,BTC-30APR21-50000-C,C,50000,2021-04-30 08:00:00+00:00,6.83333,0.29267,0.535764,0.7813,0.8283,0.047,-0.343735,2728.89,68.3664,-0.0571683,-0.00196869,0.160282,-0.000498163,84498.8,0.000315181,0.0292032
2021-04-23,2021-04-23 11:59:27.282000+00:00,BTC-30APR21-50000-P,P,50000,2021-04-30 08:00:00+00:00,6.83333,0.292667,0.463673,0.7793,0.8512,0.0719,-0.372715,2728.97,68.5418,-0.057022,-0.00180725,0.144855,-0.000449005,136366,-0.11233,-0.084018
2021-04-23,2021-04-23 11:58:12.188000+00:00,BTC-30APR21-52000-P,P,52000,2021-04-30 08:00:00+00:00,6.83333,0.292629,0.610397,0.7664,0.7764,0.01,0.270842,2635.45,69.6955,-0.056078,0.140946,3.67385,-0.0108124,189711,-0.00144019,0.0289069
2021-04-23,2021-04-23 11:57:17.316000+00:00,BTC-25APR21-50000-C,C,50000,2021-04-25 08:00:00+00:00,1.83333,0.726527,0.542943,0.7557,0.7456,-0.0101,-0.252277,1411.61,263.452,-0.2061,0.00775424,-1.01422,0.00587582,11282,0.120807,0.181751
2021-04-23,2021-04-23 11:56:01.622000+00:00,BTC-25APR21-51000-C,C,51000,2021-04-25 08:00:00+00:00,1.83333,0.72618,0.374611,0.7274,0.9235,0.1961,0.210573,1345.82,273.702,-0.198382,0.163403,7.20625,-0.0384032,10906.6,-0.0651048,-0.00520904
2021-04-23,2021-04-23 12:25:10.028000+00:00,BTC-30APR21-48000-P,P,48000,2021-04-30 08:00:00+00:00,6.83333,0.293433,0.350651,0.826,0.9459,0.1199,1.23955,2526.2,64.6666,-0.060439,0.125356,-2.39073,0.00732891,22804,-0.0912125,-0.063384
2021-04-23,2021-04-23 11:30:31.938000+00:00,BTC-25APR21-49000-C,C,49000,2021-04-25 08:00:00+00:00,1.83333,0.719245,0.628463,0.7894,0.9531,0.1637,0.495523,1334.61,252.205,-0.215291,0.114028,-4.88596,0.0281717,1342.71,0.0702154,0.127395
2021-04-23,2021-04-23 11:24:13.052000+00:00,BTC-30APR21-48000-C,C,48000,2021-04-30 08:00:00+00:00,6.83333,0.291622,0.648549,0.893,0.9181,0.0250999,0.508411,2533.24,59.8148,-0.0653415,0.111052,-2.12537,0.00704753,5076.6,-0.00733257,0.0233439
2021-04-30,2021-04-30 12:04:44.278000+00:00,BTC-7MAY21-56000-P,P,56000,2021-05-07 08:00:00+00:00,6.83333,0.292824,0.597926,0.5858,0.6716,0.0858,5.72358,2896.67,91.1824,-0.0428634,0.138829,4.09287,-0.00928645,43656.4,-0.224435,-0.193452
2021-05-07,2021-05-07 11:55:27.971000+00:00,BTC-14MAY21-58000-C,C,58000,2021-05-14 08:00:00+00:00,6.83333,0.292548,0.42736,0.6062,0.6933,0.0871,3.61551,3055.85,88.1139,-0.0443561,0.0804022,3.20824,-0.00763862,37145.9,-0.0474602,-0.0193638
2021-05-07,2021-05-07 12:22:02.347000+00:00,BTC-9MAY21-57000-P,P,57000,2021-05-09 08:00:00+00:00,1.83333,0.733395,0.591097,0.5702,0.8731,0.3029,4.74961,1554.07,349.16,-0.155509,0.108404,6.67255,-0.0285773,11251.9,-0.222492,-0.170486
2021-05-07,2021-05-07 12:36:25.895000+00:00,BTC-9MAY21-58000-C,C,58000,2021-05-09 08:00:00+00:00,1.83333,0.737449,0.381133,0.5769,0.7288,0.1519,2.53015,1547.25,345.105,-0.157336,0.177413,8.34067,-0.0354694,1535.43,0.0822877,0.139393
2021-05-14,2021-05-14 11:57:21.979000+00:00,BTC-21MAY21-50000-P,P,50000,2021-05-21 08:00:00+00:00,6.83333,0.292605,0.429445,0.7947,0.9107,0.116,-7.1523,2722.79,67.2136,-0.0581488,0.0154509,-0.635125,0.00198434,185332,-0.169589,-0.141493
2021-05-14,2021-05-14 12:17:35.570000+00:00,BTC-21MAY21-52000-C,C,52000,2021-05-21 08:00:00+00:00,6.83333,0.293207,0.405881,0.7481,0.9179,0.1698,-7.17602,2678.86,71.4004,-0.054739,0.108166,3.32366,-0.00965404,39998.7,-0.091679,-0.0642357
2021-05-14,2021-05-14 12:19:31.611000+00:00,BTC-16MAY21-50000-P,P,50000,2021-05-16 08:00:00+00:00,1.83333,0.732692,0.429538,0.7524,0.9852,0.2328,-5.51394,1402.9,264.608,-0.2052,0.0291301,-2.321,0.0132564,13970.2,0.194201,0.247829
2021-05-14,2021-05-14 12:23:51.011000+00:00,BTC-21MAY21-49000-P,P,49000,2021-05-21 08:00:00+00:00,6.83333,0.293394,0.376589,0.7881,0.9168,0.1287,-6.96984,2618.35,67.7765,-0.0576659,0.0822759,-1.91379,0.00573396,5223.75,-0.206495,-0.17882
2021-05-14,2021-05-14 12:24:08.548000+00:00,BTC-21MAY21-51000-C,C,51000,2021-05-21 08:00:00+00:00,6.83333,0.293403,0.472545,0.7562,0.9247,0.1685,-6.97116,2742.94,70.6356,-0.0553317,0.0156292,1.6636,-0.0050128,38443.7,-0.0966249,-0.0688305
2021-05-14,2021-05-14 12:24:55.265000+00:00,BTC-21MAY21-49000-C,C,49000,2021-05-21 08:00:00+00:00,6.83333,0.293426,0.619751,0.7903,0.9274,0.1371,-6.06373,2623.59,67.5878,-0.0578268,0.0757091,-1.81668,0.00547449,26153.3,-0.142873,-0.112821
2021-05-14,2021-05-14 11:31:37.035000+00:00,BTC-21MAY21-53000-C,C,53000,2021-05-21 08:00:00+00:00,6.83333,0.291841,0.351629,0.761,0.9656,0.2046,-7.19264,2571.1,70.1901,-0.0556829,0.243592,4.66506,-0.0131836,2575.49,-0.142063,-0.114389
2021-05-14,2021-05-14 11:22:42.627000+00:00,BTC-21MAY21-50000-C,C,50000,2021-05-21 08:00:00+00:00,6.83333,0.291578,0.583987,0.7784,0.9157,0.1373,-7.4815,2714.06,68.6211,-0.0569561,0.0288559,-0.993359,0.00301953,16335.2,-0.115823,-0.0865861
2021-05-14,2021-05-14 11:16:00.687000+00:00,BTC-21MAY21-51000-P,P,51000,2021-05-21 08:00:00+00:00,6.83333,0.29138,0.48766,0.7699,0.9605,0.1906,-6.79097,2776.15,69.3787,-0.0563341,-0.00298042,0.7079,-0.0021758,2782.33,-0.136967,-0.108738
2021-05-21,2021-05-21 12:00:36.677000+00:00,BTC-23MAY21-41000-C,C,41000,2021-05-23 08:00:00+00:00,1.83333,0.727441,0.564561,1.0009,1.6974,0.6965,-10.188,1154.37,198.912,-0.272973,0.0148743,-1.29128,0.0098353,14874.6,-0.950393,-0.905593
2021-05-28,2021-05-28 12:01:25.749000+00:00,BTC-4JUN21-35000-P,P,35000,2021-06-04 08:00:00+00:00,6.83333,0.292725,0.433293,1.143,1.164,0.021,-3.13084,1910.38,46.732,-0.0836341,0.00170552,-0.0741971,0.000333981,45577.5,0.034836,0.0622071
2021-05-28,2021-05-28 11:58:20.339000+00:00,BTC-30MAY21-35000-P,P,35000,2021-05-30 08:00:00+00:00,1.83333,0.726815,0.438357,1.2501,1.2743,0.0242,-3.30459,987.394,159.26,-0.340936,0.00826095,-0.751255,0.00715513,11781.2,0.0733385,0.129626
2021-05-28,2021-05-28 11:55:06.045000+00:00,BTC-4JUN21-36000-P,P,36000,2021-06-04 08:00:00+00:00,6.83333,0.292537,0.521404,1.1054,1.1715,0.0661,-1.48869,1924.24,48.3215,-0.0808829,0.00996283,1.35523,-0.0059748,23204.4,0.0850309,0.11414
2021-05-28,2021-05-28 11:49:46.886000+00:00,BTC-30MAY21-35000-C,C,35000,2021-05-30 08:00:00+00:00,1.83333,0.724469,0.553064,1.245,1.1566,-0.0884,-3.80965,988.57,159.912,-0.339545,0.0048527,-0.51292,0.00488047,1980.08,0.252682,0.310404
2021-05-28,2021-05-28 11:48:31.740000+00:00,BTC-4JUN21-35000-C,C,35000,2021-06-04 08:00:00+00:00,6.83333,0.292342,0.563828,1.1348,1.2214,0.0866,-4.69968,1910.48,47.0696,-0.0830341,0.000766492,-0.0348631,0.00015599,1911.59,0.0791862,0.108326
2021-05-28,2021-05-28 12:11:40.050000+00:00,BTC-30MAY21-37000-C,C,37000,2021-05-30 08:00:00+00:00,1.83333,0.730501,0.377254,1.1583,1.1068,-0.0515,-3.20166,968.035,171.882,-0.3159,0.106047,4.79855,-0.0408253,15214.1,-0.0819338,-0.0407812
2021-05-28,2021-05-28 12:13:25.656000+00:00,BTC-4JUN21-38000-C,C,38000,2021-06-04 08:00:00+00:00,6.83333,0.293083,0.401452,1.0517,1.1305,0.0788,-5.51995,1919.94,50.7889,-0.0769537,0.0932195,2.7326,-0.0111272,1918.5,-0.0749049,-0.0482978
2021-05-28,2021-05-28 12:13:26.585000+00:00,BTC-30MAY21-36000-C,C,36000,2021-05-30 08:00:00+00:00,1.83333,0.730995,0.561892,1.223,1.2843,0.0612999,-5.6423,1015.44,162.789,-0.333545,0.00876749,-0.795087,0.00740794,12158.1,0.15852,0.208427
2021-05-28,2021-05-28 12:18:38.258000+00:00,BTC-4JUN21-36000-C,C,36000,2021-06-04 08:00:00+00:00,6.83333,0.293238,0.553354,1.0793,1.1755,0.0962,-6.09726,1964.91,49.4901,-0.0789732,-0.00168107,0.0915837,-0.000391264,3915.6,-0.00512154,0.0221648
2021-05-28,2021-05-28 12:24:49.245000+00:00,BTC-4JUN21-37000-P,P,37000,2021-06-04 08:00:00+00:00,6.83333,0.293423,0.496521,1.0579,1.1674,0.1095,-8.41042,2001.12,50.4912,-0.0774073,-0.00114202,0.938564,-0.0039656,9958.9,-0.287319,-0.260509
2021-05-28,2021-05-28 12:24:49.540000+00:00,BTC-4JUN21-37000-C,C,37000,2021-06-04 08:00:00+00:00,6.83333,0.293423,0.507326,1.0786,1.1479,0.0693,-7.10851,2002.93,49.5222,-0.078922,-0.00221684,0.874456,-0.00376653,2000.4,-0.0141628,0.0129429
2021-05-28,2021-05-28 12:25:05.767000+00:00,BTC-4JUN21-39000-C,C,39000,2021-06-04 08:00:00+00:00,6.83333,0.293431,0.361736,1.0294,1.1237,0.0943,-6.67441,1884.27,51.8891,-0.075322,0.169508,3.50759,-0.0135495,1881.45,-0.0283326,-0.00199964
2021-05-28,2021-05-28 12:32:33.589000+00:00,BTC-4JUN21-38000-P,P,38000,2021-06-04 08:00:00+00:00,6.83333,0.293655,0.596918,0.9582,1.3146,0.3564,-8.47055,1932.8,55.7448,-0.0701122,0.096007,2.86683,-0.010648,5800.78,-0.600722,-0.572323
2021-06-04,2021-06-04 12:05:11.493000+00:00,BTC-6JUN21-36000-P,P,36000,2021-06-06 08:00:00+00:00,1.83333,0.728706,0.46392,1.0784,1.118,0.0396001,-1.94718,1017.76,184.617,-0.294109,0.0011857,-0.184763,0.00153013,18157.1,-0.155568,-0.0989
2021-06-04,2021-06-04 12:07:19.396000+00:00,BTC-6JUN21-37000-C,C,37000,2021-06-06 08:00:00+00:00,1.83333,0.729296,0.359231,1.0492,1.0816,0.0324001,-0.839561,951.994,189.755,-0.286145,0.148969,5.84019,-0.0442864,12658.3,-0.109284,-0.0536671
2021-06-04,2021-06-04 12:07:20.525000+00:00,BTC-6JUN21-35000-P,P,35000,2021-06-06 08:00:00+00:00,1.83333,0.729301,0.35524,1.1179,1.2718,0.1539,-1.1591,948.399,178.094,-0.304882,0.0967157,-3.68024,0.0296166,7662.12,-0.0029315,0.0494621
2021-06-11,2021-06-11 11:38:07.816000+00:00,BTC-18JUN21-36000-C,C,36000,2021-06-18 08:00:00+00:00,6.83333,0.292034,0.647806,0.8343,0.8557,0.0214,-4.22493,1897.01,64.0233,-0.0610463,0.120853,-2.3262,0.0072124,3798.86,-0.0836979,-0.0542761
2021-06-11,2021-06-11 11:30:30.973000+00:00,BTC-18JUN21-37000-C,C,37000,2021-06-18 08:00:00+00:00,6.83333,0.291809,0.556339,0.8463,0.8464,0.000100021,-4.84104,2019,63.1155,-0.0619244,0.00434372,-0.223986,0.000749551,4044.69,0.0205582,0.0479753
2021-06-11,2021-06-11 11:29:12.231000+00:00,BTC-18JUN21-38000-C,C,38000,2021-06-18 08:00:00+00:00,6.83333,0.29177,0.457701,0.8197,0.8488,0.0291,-4.58527,2025.23,65.1636,-0.059978,0.0284367,1.95019,-0.00634866,2028.47,-0.0425929,-0.0158895
2021-06-18,2021-06-18 11:51:20.015000+00:00,BTC-25JUN21-38000-P,P,38000,2021-06-25 08:00:00+00:00,6.83333,0.292425,0.509391,0.8244,0.8331,0.00869995,-6.49857,2055.06,64.7921,-0.060322,0.00390486,1.20923,-0.00398054,45112.4,-0.141156,-0.113472
2021-06-18,2021-06-18 11:42:08.933000+00:00,BTC-25JUN21-38000-C,C,38000,2021-06-25 08:00:00+00:00,6.83333,0.292153,0.483137,0.8265,0.8196,-0.00690002,-6.22069,2049.33,64.6275,-0.0604756,0.00798194,1.37513,-0.00453538,6088.89,-0.052096,-0.0242565
2021-06-18,2021-06-18 12:17:52.863000+00:00,BTC-25JUN21-36000-P,P,36000,2021-06-25 08:00:00+00:00,6.83333,0.293216,0.361741,0.8697,0.8407,-0.029,-5.27869,1911.75,61.4173,-0.0636366,0.0953807,-1.97144,0.00643311,13378.2,-0.0237161,0.00410043
2021-06-25,2021-06-25 11:59:10.426000+00:00,BTC-2JUL21-33000-P,P,33000,2021-07-02 08:00:00+00:00,6.83333,0.292658,0.439983,0.8832,1.0123,0.1291,-2.99422,1800.51,60.4785,-0.0646244,0.00515861,-0.249657,0.000870697,10795.7,-0.125809,-0.0969437
2021-06-25,2021-06-25 11:55:57.806000+00:00,BTC-2JUL21-35000-C,C,35000,2021-07-02 08:00:00+00:00,6.83333,0.292563,0.351479,0.8354,1.0018,0.1664,-4.29236,1689.6,63.939,-0.0611268,0.226346,4.33697,-0.0134557,15417.4,-0.139265,-0.111292
2021-06-25,2021-06-25 11:54:28.842000+00:00,BTC-2JUL21-33000-C,C,33000,2021-07-02 08:00:00+00:00,6.83333,0.292519,0.557423,0.8584,1.0347,0.1763,-3.08013,1800.68,62.2258,-0.0628098,0.00454235,-0.22983,0.000779799,10791.9,-0.22465,-0.195148
2021-06-25,2021-06-25 11:48:49.701000+00:00,BTC-27JUN21-34000-C,C,34000,2021-06-27 08:00:00+00:00,1.83333,0.724208,0.394782,0.8656,1.0016,0.136,-2.44268,910.691,230.003,-0.236073,0.101673,5.3616,-0.0345285,5478.03,-0.0816065,-0.0413698
2021-06-25,2021-06-25 12:14:46.251000+00:00,BTC-2JUL21-34000-C,C,34000,2021-07-02 08:00:00+00:00,6.83333,0.293123,0.471978,0.8768,1.0039,0.1271,-3.6417,1822.68,60.92,-0.0641561,0.0152122,1.58477,-0.00553625,3636.27,-0.229933,-0.200771
2021-06-25,2021-06-25 12:22:25.472000+00:00,BTC-27JUN21-33000-P,P,33000,2021-06-27 08:00:00+00:00,1.83333,0.733503,0.398226,0.8903,0.8391,-0.0512,-4.29742,915.639,223.622,-0.242809,0.0560303,-3.07486,0.020423,8257.06,-0.494824,-0.440156
2021-06-25,2021-06-25 12:22:25.515000+00:00,BTC-27JUN21-33000-C,C,33000,2021-06-27 08:00:00+00:00,1.83333,0.733503,0.603456,0.8709,1.1292,0.2583,-4.38766,914.61,228.604,-0.237518,0.0599594,-3.2359,0.0210007,4569.06,-0.469428,-0.410931
2021-06-25,2021-06-25 12:31:20.317000+00:00,BTC-2JUL21-32000-C,C,32000,2021-07-02 08:00:00+00:00,6.83333,0.293618,0.647327,0.899,1.0696,0.1706,-4.19335,1691,59.4156,-0.0657805,0.107011,-2.07062,0.00692308,1688.04,-0.215592,-0.182653
2021-07-02,2021-07-02 11:55:13.809000+00:00,BTC-9JUL21-34000-C,C,34000,2021-07-09 08:00:00+00:00,6.83333,0.292541,0.417483,0.8741,0.8392,-0.0349001,4.76051,1758.71,61.1081,-0.0639585,0.0782102,2.74261,-0.00936935,8872.79,0.0902023,0.117515
2021-07-16,2021-07-16 12:00:09.670000+00:00,BTC-18JUL21-31000-C,C,31000,2021-07-18 08:00:00+00:00,1.83333,0.727317,0.525705,0.7421,0.7851,0.043,2.29709,876.426,268.28,-0.202391,0.00103255,-0.225957,0.00129032,26048.7,-0.203749,-0.150087
2021-07-16,2021-07-16 11:56:28.098000+00:00,BTC-23JUL21-30000-P,P,30000,2021-07-23 08:00:00+00:00,6.83333,0.292578,0.350026,0.768,0.7585,-0.00950005,1.53701,1574.53,69.5503,-0.0561951,0.140584,-2.66665,0.00759464,30047.5,0.00884951,0.0361878
2021-07-16,2021-07-16 11:55:37.067000+00:00,BTC-23JUL21-31000-C,C,31000,2021-07-23 08:00:00+00:00,6.83333,0.292553,0.53177,0.7291,0.6993,-0.0298,1.56886,1691.82,73.261,-0.0533488,-0.00219154,0.200926,-0.000583258,10128.5,-0.000898673,0.0274458
2021-07-16,2021-07-16 12:07:43.063000+00:00,BTC-18JUL21-31000-P,P,31000,2021-07-18 08:00:00+00:00,1.83333,0.729405,0.451085,0.7454,0.7031,-0.0423,1.29001,874.344,267.093,-0.203291,0.0115321,-1.32486,0.00755785,1751.21,0.241637,0.291481
2021-07-16,2021-07-16 11:45:04.459000+00:00,BTC-23JUL21-32000-C,C,32000,2021-07-23 08:00:00+00:00,6.83333,0.29224,0.391998,0.7064,0.6595,-0.0469,1.81499,1630.55,75.6153,-0.0516878,0.144132,3.83895,-0.0104311,21844.5,-0.014148,0.0138779
2021-07-16,2021-07-16 11:44:23.977000+00:00,BTC-23JUL21-32000-P,P,32000,2021-07-23 08:00:00+00:00,6.83333,0.29222,0.602709,0.7325,0.6799,-0.0526,1.79473,1636.63,72.921,-0.0535976,0.128413,3.60064,-0.0101824,24712.7,0.0854031,0.114862
2021-07-16,2021-07-16 12:21:48.806000+00:00,BTC-23JUL21-31000-P,P,31000,2021-07-23 08:00:00+00:00,6.83333,0.293333,0.424582,0.7421,0.6966,-0.0455,0.281926,1685.54,71.9777,-0.0543,0.0226811,-0.872055,0.0025385,1683.64,0.049475,0.0762518
2021-07-23,2021-07-23 11:53:07.835000+00:00,BTC-30JUL21-33000-C,C,33000,2021-07-30 08:00:00+00:00,6.83333,0.292479,0.427496,0.6243,0.7131,0.0888,6.04597,1737.67,85.5592,-0.0456805,0.0785698,3.14052,-0.00770111,38433.4,-0.112663,-0.0855271
2021-07-30,2021-07-30 12:00:06.585000+00:00,BTC-6AUG21-39000-C,C,39000,2021-08-06 08:00:00+00:00,6.83333,0.292686,0.492085,0.7595,0.8626,0.1031,6.52415,2112.61,70.3287,-0.0555732,0.00323324,1.19093,-0.003612,2112.59,-0.103374,-0.0754498
2021-07-30,2021-07-30 11:55:18.676000+00:00,BTC-6AUG21-38000-C,C,38000,2021-08-06 08:00:00+00:00,6.83333,0.292544,0.592882,0.7717,0.8595,0.0878,6.50016,2056.97,69.2168,-0.0564659,0.0394061,-1.22556,0.0036746,30747.2,-0.0702282,-0.0408289
2021-07-30,2021-07-30 12:14:43.407000+00:00,BTC-6AUG21-38000-P,P,38000,2021-08-06 08:00:00+00:00,6.83333,0.293122,0.393547,0.7881,0.8675,0.0794,6.47955,2047.18,67.7765,-0.0576659,0.0555391,-1.50356,0.00456345,12241.1,-0.121725,-0.0942481
2021-07-30,2021-07-30 11:31:11.602000+00:00,BTC-6AUG21-40000-C,C,40000,2021-08-06 08:00:00+00:00,6.83333,0.291829,0.425071,0.7728,0.8375,0.0647,6.15645,2090.4,69.1183,-0.0565463,0.0723135,2.79089,-0.00846137,2093.63,-0.133282,-0.10511
2021-07-30,2021-07-30 11:25:26.735000+00:00,BTC-6AUG21-39000-P,P,39000,2021-08-06 08:00:00+00:00,6.83333,0.291659,0.485007,0.7793,0.8408,0.0615,6.82926,2123.76,68.5418,-0.057022,-0.00332521,0.648608,-0.00201743,2127.48,-0.0944923,-0.0661066
2021-08-06,2021-08-06 11:54:24.206000+00:00,BTC-13AUG21-42000-C,C,42000,2021-08-13 08:00:00+00:00,6.83333,0.292517,0.400373,0.8116,0.9294,0.1178,10.1508,2146.01,65.814,-0.0593854,0.113093,3.27365,-0.0102789,37043,-0.199361,-0.169538
2021-08-06,2021-08-06 12:06:09.808000+00:00,BTC-13AUG21-40000-P,P,40000,2021-08-13 08:00:00+00:00,6.83333,0.292866,0.439973,0.7846,0.9583,0.1737,10.388,2181.35,68.0788,-0.0574098,0.00840587,-0.406787,0.00126032,19412.9,-0.212035,-0.182248
2021-08-06,2021-08-06 11:47:45.681000+00:00,BTC-13AUG21-40000-C,C,40000,2021-08-13 08:00:00+00:00,6.83333,0.292319,0.582089,0.8048,0.9606,0.1558,9.60547,2173.15,66.3701,-0.0588878,0.0250327,-0.882543,0.00277658,30491.1,-0.126202,-0.0967189
2021-08-06,2021-08-06 11:47:09.168000+00:00,BTC-13AUG21-41000-C,C,41000,2021-08-13 08:00:00+00:00,6.83333,0.292301,0.489779,0.792,0.9219,0.1299,8.91533,2217.99,67.4427,-0.0579512,0.00435264,1.23726,-0.00391255,8894.49,-0.0203898,0.00833456
2021-08-06,2021-08-06 12:15:56.024000+00:00,BTC-8AUG21-41000-P,P,41000,2021-08-08 08:00:00+00:00,1.83333,0.731689,0.502314,0.7757,1.5543,0.7786,9.34548,1157.1,256.66,-0.211555,0.000438851,1.10219,-0.00659261,2307.2,-0.309489,-0.265601
2021-08-13,2021-08-13 12:12:30.003000+00:00,BTC-15AUG21-47000-C,C,47000,2021-08-15 08:00:00+00:00,1.83333,0.730733,0.415093,0.7987,0.7377,-0.0610001,1.90566,1281.16,249.269,-0.217827,0.0723966,4.77741,-0.0287581,12842.9,0.174825,0.227469
2021-08-13,2021-08-13 12:13:54.277000+00:00,BTC-20AUG21-46000-C,C,46000,2021-08-20 08:00:00+00:00,6.83333,0.293097,0.554493,0.7775,0.8161,0.0386,1.67697,2509.77,68.7005,-0.0568902,0.00539507,-0.287809,0.000885416,2507.99,-0.00755625,0.0203862
2021-08-13,2021-08-13 11:44:16.694000+00:00,BTC-15AUG21-46000-P,P,46000,2021-08-15 08:00:00+00:00,1.83333,0.722967,0.454035,0.7753,0.9463,0.171,2.00665,1298.2,256.792,-0.211445,0.00905564,-1.10481,0.00656094,18071.2,-0.0253447,0.0279385
2021-08-13,2021-08-13 11:43:25.176000+00:00,BTC-15AUG21-47000-P,P,47000,2021-08-15 08:00:00+00:00,1.83333,0.722734,0.582532,0.7981,0.7845,-0.0136,1.77522,1282.76,249.456,-0.217664,0.0696656,4.69863,-0.0282903,6460.21,0.0331656,0.0898451
2021-08-13,2021-08-13 12:42:15.742000+00:00,BTC-20AUG21-49000-C,C,49000,2021-08-20 08:00:00+00:00,6.83333,0.293945,0.354119,0.8279,0.8399,0.012,1.25536,2376.24,64.5182,-0.060578,0.21927,4.29433,-0.013245,16582.6,-0.00480041,0.0223004
2021-08-20,2021-08-20 12:23:03.795000+00:00,BTC-27AUG21-46000-P,P,46000,2021-08-27 08:00:00+00:00,6.83333,0.293371,0.388509,0.7019,0.7664,0.0645,4.29664,2467.45,76.1001,-0.0513585,0.0753723,-1.9466,0.00524299,9856.66,-0.0531451,-0.0259327
2021-08-20,2021-08-20 12:28:27.680000+00:00,BTC-22AUG21-47000-P,P,47000,2021-08-22 08:00:00+00:00,1.83333,0.735199,0.474624,0.6504,0.8174,0.167,4.05338,1328.67,306.105,-0.177382,0.0017062,-0.378793,0.00189591,1321.48,-0.165502,-0.125841
2021-08-20,2021-08-20 12:32:55.533000+00:00,BTC-22AUG21-48000-C,C,48000,2021-08-22 08:00:00+00:00,1.83333,0.736458,0.351917,0.6814,0.821,0.1396,4.0622,1239.54,292.179,-0.185836,0.235859,8.81643,-0.0431387,2461.08,-0.149906,-0.0972013
2021-08-27,2021-08-27 12:06:06.028000+00:00,BTC-3SEP21-49000-C,C,49000,2021-09-03 08:00:00+00:00,6.83333,0.292864,0.406494,0.7743,0.7817,0.00739998,3.17855,2522.42,68.9844,-0.0566561,0.10457,3.23198,-0.0097197,12616.4,0.0183358,0.0442839
2021-08-27,2021-08-27 12:07:24.294000+00:00,BTC-3SEP21-48000-P,P,48000,2021-09-03 08:00:00+00:00,6.83333,0.292903,0.520734,0.756,0.7862,0.0302,2.70094,2588.68,70.6543,-0.0553171,0.0106744,1.50209,-0.0045295,7794.24,-0.00618057,0.0203734
2021-08-27,2021-08-27 11:37:26.285000+00:00,BTC-3SEP21-47000-P,P,47000,2021-09-03 08:00:00+00:00,6.83333,0.292013,0.420254,0.7571,0.7599,0.00279999,2.80974,2553.3,70.5516,-0.0553976,0.0260011,-0.943752,0.00279656,2556.29,0.0725156,0.0980365
2021-08-27,2021-08-27 11:35:49.893000+00:00,BTC-29AUG21-48000-P,P,48000,2021-08-29 08:00:00+00:00,1.83333,0.720675,0.530333,0.7057,0.7058,0.000100021,2.79581,1346.29,282.118,-0.192464,0.0137671,2.53321,-0.0137445,2691.38,0.297941,0.341164
2021-08-27,2021-08-27 11:35:48.211000+00:00,BTC-29AUG21-47000-P,P,47000,2021-08-29 08:00:00+00:00,1.83333,0.720668,0.369889,0.732,0.7647,0.0327,2.27178,1277.23,271.982,-0.199636,0.128246,-5.42712,0.0289769,2564.18,0.179091,0.214336
2021-08-27,2021-08-27 11:33:50.774000+00:00,BTC-3SEP21-50000-C,C,50000,2021-09-03 08:00:00+00:00,6.83333,0.291907,0.354634,0.7904,0.7888,-0.00160004,2.43257,2430.41,67.5792,-0.0578341,0.227578,4.45342,-0.013112,9731.4,0.0637062,0.0894317
2021-09-03,2021-09-03 11:57:59.747000+00:00,BTC-10SEP21-49000-P,P,49000,2021-09-10 08:00:00+00:00,6.83333,0.292623,0.385468,0.7769,0.7624,-0.0145,-0.447427,2629.39,68.7535,-0.0568463,0.0692854,-1.73911,0.00517249,13224.1,0.0734563,0.0986592
2021-09-03,2021-09-03 11:57:58.001000+00:00,BTC-10SEP21-49000-C,C,49000,2021-09-10 08:00:00+00:00,6.83333,0.292622,0.614281,0.776,0.7358,-0.0402,-0.428597,2629.65,68.8333,-0.0567805,0.0690106,-1.73612,0.0051586,7851.79,0.0807772,0.108131
2021-09-03,2021-09-03 11:57:55.113000+00:00,BTC-10SEP21-50000-C,C,50000,2021-09-10 08:00:00+00:00,6.83333,0.292621,0.539971,0.7788,0.7298,-0.0489999,-0.425241,2729.24,68.5858,-0.0569854,-0.000799052,0.0581897,-0.000180095,21732.6,0.0914026,0.11747
2021-09-03,2021-09-03 12:04:41.030000+00:00,BTC-5SEP21-50000-P,P,50000,2021-09-05 08:00:00+00:00,1.83333,0.728565,0.442187,0.6847,0.5748,-0.1099,-0.70588,1407.08,290.771,-0.186736,0.020551,-1.99512,0.0104231,19474.6,0.314925,0.361765
2021-09-03,2021-09-03 11:52:36.789000+00:00,BTC-10SEP21-52000-C,C,52000,2021-09-10 08:00:00+00:00,6.83333,0.292463,0.402318,0.7827,0.7412,-0.0414999,-0.346982,2665.52,68.2441,-0.0572707,0.112115,3.3109,-0.0100383,27314.4,0.081798,0.106781
2021-09-03,2021-09-03 11:51:52.855000+00:00,BTC-5SEP21-51000-C,C,51000,2021-09-05 08:00:00+00:00,1.83333,0.725043,0.395843,0.7305,0.6626,-0.0679,-0.713066,1371.57,272.541,-0.199227,0.114601,6.11101,-0.0332385,22426.8,0.33164,0.372025
2021-09-03,2021-09-03 12:13:50.765000+00:00,BTC-10SEP21-51000-C,C,51000,2021-09-10 08:00:00+00:00,6.83333,0.293095,0.480706,0.7799,0.7339,-0.046,-0.704036,2750.64,68.4891,-0.0570659,0.00959282,1.45237,-0.00451884,33053.5,0.0800322,0.1058
2021-09-03,2021-09-03 12:18:58.362000+00:00,BTC-10SEP21-50000-P,P,50000,2021-09-10 08:00:00+00:00,6.83333,0.293248,0.457772,0.7898,0.7228,-0.067,-0.482553,2729.29,67.6306,-0.0577902,-0.000270508,0.0186421,-5.84774e-05,10871.4,0.123896,0.149324
2021-09-03,2021-09-03 12:24:55.067000+00:00,BTC-5SEP21-50000-C,C,50000,2021-09-05 08:00:00+00:00,1.83333,0.734203,0.528518,0.7021,0.6014,-0.1007,-0.291683,1413.36,283.565,-0.191482,0.00220614,-0.435727,0.00235298,13933.7,0.361303,0.407346
2021-09-10,2021-09-10 12:03:37.428000+00:00,BTC-12SEP21-46000-P,P,46000,2021-09-12 08:00:00+00:00,1.83333,0.728272,0.437148,0.6612,0.7876,0.1264,-2.64436,1292.57,301.105,-0.180327,0.0266098,-2.37443,0.0119557,15567.9,-0.0238115,0.0311923
2021-09-10,2021-09-10 12:04:49.600000+00:00,BTC-17SEP21-46000-P,P,46000,2021-09-17 08:00:00+00:00,6.83333,0.292827,0.453215,0.7033,0.7248,0.0215,-2.49831,2510.38,75.9486,-0.051461,0.00356086,-0.221417,0.000617688,5015.29,-0.018316,0.0091403
2021-09-10,2021-09-10 11:54:15.122000+00:00,BTC-12SEP21-47000-C,C,47000,2021-09-12 08:00:00+00:00,1.83333,0.725693,0.383562,0.6595,0.8011,0.1416,-2.59621,1252.85,301.882,-0.179864,0.154325,7.34383,-0.0357404,8731.96,0.00908398,0.0485765
2021-09-10,2021-09-10 12:09:30.251000+00:00,BTC-17SEP21-45000-P,P,45000,2021-09-17 08:00:00+00:00,6.83333,0.292966,0.3652,0.7197,0.7424,0.0227,-2.45901,2383.15,74.2179,-0.052661,0.117744,-2.49812,0.00676729,7204.18,0.000513746,0.0276059
2021-09-10,2021-09-10 12:12:27.200000+00:00,BTC-12SEP21-46000-C,C,46000,2021-09-12 08:00:00+00:00,1.83333,0.73072,0.578278,0.6593,0.7251,0.0658,-2.70324,1285.97,301.973,-0.179809,0.0449728,-3.21895,0.0160499,7784.01,0.205082,0.258296
2021-09-10,2021-09-10 12:28:35.403000+00:00,BTC-17SEP21-47000-C,C,47000,2021-09-17 08:00:00+00:00,6.83333,0.293536,0.434648,0.6966,0.7341,0.0375,-2.38933,2480.6,76.6791,-0.0509707,0.0611562,2.72248,-0.0074733,4968.13,0.0121321,0.0386624
2021-09-10,2021-09-10 11:18:48.801000+00:00,BTC-17SEP21-46000-C,C,46000,2021-09-17 08:00:00+00:00,6.83333,0.291463,0.528187,0.71,0.7386,0.0286,-2.05415,2510.07,75.2319,-0.0519512,-0.00263612,0.272668,-0.000771304,5030.65,0.00162574,0.0292754
2021-09-17,2021-09-17 12:00:05.608000+00:00,BTC-24SEP21-47000-P,P,47000,2021-09-24 08:00:00+00:00,6.83333,0.292686,0.441562,0.6743,0.6495,-0.0248,1.57436,2561.69,79.2149,-0.049339,0.0119363,-0.593405,0.00158099,7684.78,0.00381925,0.0304791
2021-09-17,2021-09-17 12:04:43.695000+00:00,BTC-24SEP21-49000-C,C,49000,2021-09-24 08:00:00+00:00,6.83333,0.292824,0.3789,0.6807,0.6354,-0.0453,1.77027,2467.67,78.4702,-0.0498073,0.18179,4.30987,-0.0111738,17345.7,0.0986691,0.125312
2021-09-17,2021-09-17 12:05:07.419000+00:00,BTC-24SEP21-48000-C,C,48000,2021-09-24 08:00:00+00:00,6.83333,0.292835,0.463053,0.6798,0.6307,-0.0491,1.97328,2575.32,78.574,-0.0497415,0.0253238,1.99659,-0.00539787,49469.4,0.0875166,0.114268
2021-09-17,2021-09-17 11:46:39.585000+00:00,BTC-19SEP21-48000-P,P,48000,2021-09-19 08:00:00+00:00,1.83333,0.723616,0.610908,0.6016,0.5671,-0.0345,1.85183,1287.27,330.936,-0.164073,0.152683,7.62588,-0.0339923,1290.82,0.183836,0.237738
2021-09-17,2021-09-17 11:30:38.220000+00:00,BTC-24SEP21-48000-P,P,48000,2021-09-24 08:00:00+00:00,6.83333,0.291812,0.512666,0.6424,0.6349,-0.00749996,1.33833,2601.38,83.1486,-0.0470049,0.00595654,1.36329,-0.00349616,2605.27,-0.00694675,0.019969
2021-09-24,2021-09-24 12:00:30.320000+00:00,BTC-26SEP21-42000-P,P,42000,2021-09-26 08:00:00+00:00,1.83333,0.727412,0.556914,0.8602,0.7212,-0.139,2.63844,1163.02,231.447,-0.2346,0.0339598,3.34779,-0.0219797,12675.2,0.259459,0.309373
2021-09-24,2021-09-24 12:02:19.459000+00:00,BTC-1OCT21-40000-P,P,40000,2021-10-01 08:00:00+00:00,6.83333,0.292752,0.362598,0.8745,0.78,-0.0945,3.12481,2125.53,61.0802,-0.0639878,0.0931861,-1.93759,0.00636224,107926,0.0990078,0.124947
2021-09-24,2021-09-24 12:17:38.381000+00:00,BTC-1OCT21-42000-P,P,42000,2021-10-01 08:00:00+00:00,6.83333,0.293209,0.532217,0.8514,0.7158,-0.1356,2.82996,2248.48,62.7374,-0.0622976,0.0186807,1.69247,-0.00573665,36066.1,0.136967,0.163877
2021-10-01,2021-10-01 11:55:58.508000+00:00,BTC-8OCT21-48000-C,C,48000,2021-10-08 08:00:00+00:00,6.83333,0.292563,0.480309,0.7305,0.6966,-0.0339,0.247391,2591.06,73.1206,-0.0534512,0.0101023,1.49433,-0.00435465,44124,0.101141,0.127829
2021-10-01,2021-10-01 11:52:05.305000+00:00,BTC-3OCT21-48000-C,C,48000,2021-10-03 08:00:00+00:00,1.83333,0.7251,0.427865,0.793,0.6439,-0.1491,0.494514,1319.13,251.06,-0.216273,0.0547592,4.24137,-0.0255086,37866.5,0.457424,0.505707
2021-10-01,2021-10-01 11:47:37.479000+00:00,BTC-8OCT21-47000-P,P,47000,2021-10-08 08:00:00+00:00,6.83333,0.292315,0.428854,0.7632,0.6945,-0.0687,0.235262,2558.35,69.9877,-0.0558439,0.0176031,-0.717376,0.00215188,33296.5,0.0599093,0.0865279
2021-10-01,2021-10-01 11:41:42.437000+00:00,BTC-3OCT21-47000-C,C,47000,2021-10-03 08:00:00+00:00,1.83333,0.722268,0.577163,0.7715,0.6013,-0.1702,1.00596,1315.83,258.057,-0.210409,0.0355214,-2.56864,0.0149928,2642.55,0.223858,0.275085
2021-10-01,2021-10-01 12:24:53.846000+00:00,BTC-3OCT21-47000-P,P,47000,2021-10-03 08:00:00+00:00,1.83333,0.734197,0.380972,0.8166,0.7618,-0.0548,-0.0664892,1289.93,243.805,-0.222709,0.0901306,-4.21426,0.0253553,42211.9,0.352628,0.396565
2021-10-08,2021-10-08 12:00:08.578000+00:00,BTC-15OCT21-54000-P,P,54000,2021-10-15 08:00:00+00:00,6.83333,0.292687,0.39085,0.7364,0.7272,-0.00919998,-0.223686,2902.16,72.5348,-0.0538829,0.0663579,-1.75017,0.00495378,17530.1,0.0656925,0.0925956
2021-10-08,2021-10-08 12:02:27.181000+00:00,BTC-15OCT21-56000-C,C,56000,2021-10-15 08:00:00+00:00,6.83333,0.292756,0.466235,0.7185,0.7145,-0.00400002,-0.0658399,3006.03,74.3419,-0.0525732,0.0215794,1.86171,-0.00532351,5950,-0.0282182,-0.00120469
2021-10-08,2021-10-08 12:10:01.198000+00:00,BTC-15OCT21-55000-C,C,55000,2021-10-15 08:00:00+00:00,6.83333,0.292981,0.535721,0.71,0.7149,0.00489998,0.0378093,3002.14,75.2319,-0.0519512,-0.000945108,0.0770369,-0.000217585,14943.4,-0.0176614,0.0098692
2021-10-08,2021-10-08 11:49:37.762000+00:00,BTC-10OCT21-56000-C,C,56000,2021-10-10 08:00:00+00:00,1.83333,0.724427,0.403054,0.7135,0.5831,-0.1304,-0.696653,1515.2,279.034,-0.194591,0.102274,5.86544,-0.0313086,9208.16,0.19262,0.235081
2021-10-08,2021-10-08 12:10:31.450000+00:00,BTC-10OCT21-55000-P,P,55000,2021-10-10 08:00:00+00:00,1.83333,0.730184,0.464013,0.7453,0.5675,-0.1778,-0.373748,1553.97,267.129,-0.203264,0.004533,-0.708675,0.00405623,23240.1,0.311538,0.363034
2021-10-08,2021-10-08 12:17:21.052000+00:00,BTC-10OCT21-55000-C,C,55000,2021-10-10 08:00:00+00:00,1.83333,0.732084,0.492763,0.7452,0.554,-0.1912,0.284237,1551.18,267.164,-0.203236,0.00169957,1.33909,-0.00769351,1546.06,0.337753,0.387482
2021-10-15,2021-10-15 11:58:49.805000+00:00,BTC-17OCT21-60000-C,C,60000,2021-10-17 08:00:00+00:00,1.83333,0.726951,0.464406,0.9144,0.5551,-0.3593,1.7804,1676.38,217.728,-0.249382,0.0150695,2.37911,-0.0167082,20130.6,0.536564,0.582862
2021-10-15,2021-10-15 11:58:49.785000+00:00,BTC-17OCT21-60000-P,P,60000,2021-10-17 08:00:00+00:00,1.83333,0.72695,0.53644,0.9019,0.6385,-0.2634,2.26603,1676.06,220.746,-0.245973,0.0157689,2.43156,-0.0168399,20109.8,0.460663,0.508236
2021-10-15,2021-10-15 12:02:08.609000+00:00,BTC-22OCT21-60000-P,P,60000,2021-10-22 08:00:00+00:00,6.83333,0.292747,0.483426,1.0221,0.8176,-0.2045,1.74418,3259.37,52.2597,-0.0747878,-0.00399704,0.70277,-0.00286648,26028.2,0.215599,0.241542
2021-10-15,2021-10-15 12:02:13.241000+00:00,BTC-22OCT21-58000-P,P,58000,2021-10-22 08:00:00+00:00,6.83333,0.292749,0.39059,1.0504,0.8233,-0.2271,1.53883,3137.66,50.8517,-0.0768585,0.035446,-0.932651,0.00376476,53479,0.217895,0.243439
2021-10-15,2021-10-15 12:04:30.106000+00:00,BTC-22OCT21-63000-C,C,63000,2021-10-22 08:00:00+00:00,6.83333,0.292817,0.370926,0.9978,0.829,-0.1688,2.52492,3085.33,53.5324,-0.0730098,0.153731,3.41198,-0.0128801,76782.4,0.206188,0.231835
2021-10-15,2021-10-15 12:14:23.418000+00:00,BTC-22OCT21-59000-P,P,59000,2021-10-22 08:00:00+00:00,6.83333,0.293112,0.446088,1.013,0.8299,-0.1831,2.11711,3220.55,52.7292,-0.074122,-0.000408397,0.0220193,-8.82754e-05,3218.19,0.204242,0.230283
2021-10-15,2021-10-15 11:39:41.145000+00:00,BTC-22OCT21-59000-C,C,59000,2021-10-22 08:00:00+00:00,6.83333,0.29208,0.555693,1.0007,0.8514,-0.1493,2.60692,3220.55,53.3773,-0.073222,0.000439417,-0.0229291,9.07504e-05,3223.87,0.153084,0.179658
2021-10-15,2021-10-15 11:28:22.240000+00:00,BTC-17OCT21-59000-P,P,59000,2021-10-17 08:00:00+00:00,1.83333,0.718663,0.438185,0.9604,0.7563,-0.2041,2.08666,1661.7,207.3,-0.261927,0.0143073,-1.2933,0.00946176,5027.07,0.311422,0.351477
2021-10-22,2021-10-22 12:06:15.944000+00:00,BTC-24OCT21-64000-C,C,64000,2021-10-24 08:00:00+00:00,1.83333,0.729003,0.427913,0.6841,0.8483,0.1642,-3.16044,1762.33,291.026,-0.186573,0.0609676,4.74183,-0.0246055,8783.5,-0.171896,-0.131708
2021-10-22,2021-10-22 12:14:11.957000+00:00,BTC-29OCT21-66000-C,C,66000,2021-10-29 08:00:00+00:00,6.83333,0.293106,0.362863,0.7276,0.7642,0.0366,-2.87316,3255.69,73.4121,-0.053239,0.21679,4.52058,-0.0123546,19701.4,-0.089659,-0.0626723
2021-10-22,2021-10-22 12:17:47.498000+00:00,BTC-29OCT21-62000-C,C,62000,2021-10-29 08:00:00+00:00,6.83333,0.293213,0.602962,0.7228,0.756,0.0332,-3.02797,3340.22,73.8996,-0.0528878,0.0584602,-1.6378,0.00457002,13280.6,-0.0528745,-0.023677
2021-10-22,2021-10-22 12:38:03.955000+00:00,BTC-29OCT21-64000-C,C,64000,2021-10-29 08:00:00+00:00,6.83333,0.29382,0.495108,0.7281,0.7485,0.0204,-3.09265,3471.78,73.3617,-0.0532756,0.00184735,1.12091,-0.00325946,3465.05,-0.0395439,-0.0125909
2021-10-22,2021-10-22 11:16:55.042000+00:00,BTC-29OCT21-62000-P,P,62000,2021-10-29 08:00:00+00:00,6.83333,0.291407,0.385224,0.7291,0.7662,0.0371,-3.09819,3322.23,73.261,-0.0533488,0.0771303,-1.92912,0.00538298,3329.9,-0.00783191,0.0186806
2021-10-29,2021-10-29 11:58:43.989000+00:00,BTC-5NOV21-63000-C,C,63000,2021-11-05 08:00:00+00:00,6.83333,0.292645,0.399409,0.7332,0.7616,0.0284,1.96849,3228.65,72.8514,-0.0536488,0.123494,3.54084,-0.0100378,19457.4,0.00502399,0.031155
2021-10-29,2021-10-29 11:58:23.644000+00:00,BTC-31OCT21-62000-C,C,62000,2021-10-31 08:00:00+00:00,1.83333,0.726831,0.381406,0.7289,0.6617,-0.0672,1.46913,1646.77,273.139,-0.198791,0.146437,6.84411,-0.0367541,10137.6,0.405693,0.454545
2021-10-29,2021-10-29 11:58:04.333000+00:00,BTC-31OCT21-60000-P,P,60000,2021-10-31 08:00:00+00:00,1.83333,0.726742,0.367209,0.7138,0.8043,0.0905,1.67992,1627.15,278.917,-0.194673,0.13729,-5.70826,0.029661,3297.79,0.144751,0.184785
2021-10-29,2021-10-29 11:46:57.663000+00:00,BTC-31OCT21-61000-C,C,61000,2021-10-31 08:00:00+00:00,1.83333,0.723698,0.464383,0.7425,0.8314,0.0889,2.12292,1707.31,268.136,-0.2025,0.0172089,2.70552,-0.0154281,5162.2,0.256439,0.305575
2021-10-29,2021-10-29 11:45:04.202000+00:00,BTC-31OCT21-61000-P,P,61000,2021-10-31 08:00:00+00:00,1.83333,0.723183,0.527766,0.7125,0.6925,-0.02,2.42799,1712.23,279.426,-0.194318,0.0118366,2.38612,-0.0130776,6885.67,0.245612,0.293711
2021-10-29,2021-10-29 11:39:37.358000+00:00,BTC-5NOV21-59000-P,P,59000,2021-11-05 08:00:00+00:00,6.83333,0.292078,0.356359,0.729,0.761,0.032,2.70435,3106.34,73.2711,-0.0533415,0.135839,-2.69423,0.00732983,3109.88,0.0156927,0.0419048
2021-10-29,2021-10-29 11:37:55.145000+00:00,BTC-5NOV21-61000-P,P,61000,2021-11-05 08:00:00+00:00,6.83333,0.292028,0.485546,0.7334,0.7413,0.00790001,1.54711,3322.88,72.8315,-0.0536634,-0.003165,0.6396,-0.00187233,16624.4,-0.0366041,-0.0101512
2021-10-29,2021-10-29 12:29:40.479000+00:00,BTC-5NOV21-62000-P,P,62000,2021-11-05 08:00:00+00:00,6.83333,0.293568,0.529787,0.7236,0.7405,0.0169,0.995433,3333.78,73.8179,-0.0529463,0.0178543,1.75218,-0.00505,20023.7,0.000620637,0.0275754
2021-10-29,2021-10-29 12:29:40.542000+00:00,BTC-31OCT21-62000-P,P,62000,2021-10-31 08:00:00+00:00,1.83333,0.735541,0.605522,0.6972,0.5649,-0.1323,1.93995,1667.97,285.558,-0.190145,0.120239,6.38092,-0.0331133,3346.88,0.439006,0.492067
2021-11-05,2021-11-05 12:02:28.122000+00:00,BTC-7NOV21-61000-P,P,61000,2021-11-07 08:00:00+00:00,1.83333,0.727953,0.437173,0.6283,0.6217,-0.00660004,0.160516,1713.62,316.872,-0.171355,0.0285725,-2.55022,0.012202,27239.6,0.238442,0.287043
2021-11-05,2021-11-05 12:04:40.031000+00:00,BTC-7NOV21-61000-C,C,61000,2021-11-07 08:00:00+00:00,1.83333,0.728561,0.565621,0.6469,0.6145,-0.0324,0.236963,1712.48,307.761,-0.176427,0.0304491,-2.60178,0.0128027,22107.6,0.256886,0.307535
2021-11-05,2021-11-05 11:54:07.489000+00:00,BTC-7NOV21-62000-C,C,62000,2021-11-07 08:00:00+00:00,1.83333,0.725658,0.418358,0.6199,0.5517,-0.0682,0.245437,1698.91,321.166,-0.169064,0.0833319,5.69744,-0.0266603,1700.9,0.266403,0.311551
2021-11-05,2021-11-05 12:10:43.471000+00:00,BTC-12NOV21-64000-C,C,64000,2021-11-12 08:00:00+00:00,6.83333,0.293002,0.361165,0.6974,0.7022,0.00480003,0.116284,3156.35,76.5911,-0.0510293,0.229397,4.72135,-0.0123476,15834.1,0.0243193,0.0499606
2021-11-12,2021-11-12 12:02:34.494000+00:00,BTC-19NOV21-62000-C,C,62000,2021-11-19 08:00:00+00:00,6.83333,0.29276,0.627008,0.7655,0.8071,0.0416,2.45601,3304.01,69.7774,-0.0560122,0.0927383,-2.0925,0.00607078,13166.2,-0.154295,-0.124761
2021-11-12,2021-11-12 12:04:04.628000+00:00,BTC-19NOV21-64000-P,P,64000,2021-11-19 08:00:00+00:00,6.83333,0.292804,0.494585,0.7553,0.7799,0.0246,1.64897,3479.45,70.7198,-0.0552659,-0.0016152,0.868475,-0.00261971,55732.3,0.00954086,0.0372445
2021-11-12,2021-11-12 12:04:21.226000+00:00,BTC-19NOV21-62000-P,P,62000,2021-11-19 08:00:00+00:00,6.83333,0.292812,0.375975,0.7458,0.8001,0.0543,2.00175,3307.73,71.6206,-0.0545707,0.0906686,-2.09687,0.0059419,42583.7,0.000793947,0.0281453
2021-11-12,2021-11-12 12:05:11.923000+00:00,BTC-14NOV21-63000-C,C,63000,2021-11-14 08:00:00+00:00,1.83333,0.728708,0.570376,0.673,0.8137,0.1407,2.20222,1766.37,295.826,-0.183545,0.0341003,-2.71524,0.0138713,3529.88,-0.293972,-0.237639
2021-11-12,2021-11-12 12:05:14.539000+00:00,BTC-14NOV21-64000-C,C,64000,2021-11-14 08:00:00+00:00,1.83333,0.72872,0.435609,0.6752,0.7236,0.0484,1.92029,1770.15,294.862,-0.184145,0.050296,4.38335,-0.0225247,7164.83,-0.0838464,-0.02781
2021-11-12,2021-11-12 12:05:14.662000+00:00,BTC-14NOV21-64000-P,P,64000,2021-11-14 08:00:00+00:00,1.83333,0.72872,0.559661,0.6938,0.7016,0.00780006,1.96078,1774.02,286.957,-0.189218,0.0430171,4.04881,-0.0214188,3544.4,0.37567,0.430744
2021-11-12,2021-11-12 12:05:23.575000+00:00,BTC-19NOV21-65000-C,C,65000,2021-11-19 08:00:00+00:00,6.83333,0.292843,0.443462,0.7588,0.7872,0.0284,2.30702,3442.37,70.3936,-0.0555219,0.0460688,2.36894,-0.00710743,38306.1,-0.140156,-0.112984
2021-11-12,2021-11-12 11:54:29.242000+00:00,BTC-19NOV21-66000-C,C,66000,2021-11-19 08:00:00+00:00,6.83333,0.292519,0.386635,0.7359,0.7739,0.038,1.46604,3340.27,72.5841,-0.0538463,0.152309,3.86232,-0.0108905,10108.8,-0.0204965,0.00619077
2021-11-12,2021-11-12 12:05:43.042000+00:00,BTC-19NOV21-64000-C,C,64000,2021-11-19 08:00:00+00:00,6.83333,0.292853,0.519085,0.7546,0.7762,0.0216,1.18783,3488.14,70.7854,-0.0552146,-0.00351314,0.536343,-0.00161465,45402.7,-0.0388108,-0.0113159
2021-11-12,2021-11-12 11:30:45.526000+00:00,BTC-14NOV21-65000-P,P,65000,2021-11-14 08:00:00+00:00,1.83333,0.719306,0.621296,0.621,0.6046,-0.0164,0.67322,1725.66,320.597,-0.169364,0.177615,8.06259,-0.0367874,1736.24,0.0832573,0.139976
2021-11-12,2021-11-12 11:26:34.399000+00:00,BTC-14NOV21-63000-P,P,63000,2021-11-14 08:00:00+00:00,1.83333,0.718179,0.388791,0.6556,0.6322,-0.0234,1.13156,1731.72,303.677,-0.1788,0.102868,-5.11147,0.0248192,1743.38,0.228827,0.272315
2021-11-12,2021-11-12 11:15:28.389000+00:00,BTC-14NOV21-65000-C,C,65000,2021-11-14 08:00:00+00:00,1.83333,0.71521,0.368399,0.645,0.5898,-0.0552,0.758015,1706.51,308.668,-0.175909,0.202541,8.42262,-0.0395476,1722.7,0.158117,0.209995
2021-11-19,2021-11-19 12:02:06.517000+00:00,BTC-26NOV21-59000-C,C,59000,2021-11-26 08:00:00+00:00,6.83333,0.292746,0.377754,0.7075,0.7318,0.0243,5.31219,2963.18,75.4977,-0.0517683,0.179609,4.21619,-0.0113505,11992.6,-0.0966125,-0.068917
2021-11-19,2021-11-19 12:18:00.977000+00:00,BTC-26NOV21-59000-P,P,59000,2021-11-26 08:00:00+00:00,6.83333,0.29322,0.600461,0.6925,0.7061,0.0136,3.96224,3030.31,77.133,-0.0506707,0.12811,3.683,-0.00986291,3027.29,-0.071015,-0.0410858
2021-11-19,2021-11-19 11:36:18.584000+00:00,BTC-26NOV21-57000-P,P,57000,2021-11-26 08:00:00+00:00,6.83333,0.29198,0.499199,0.7265,0.7296,0.00309998,5.02118,3096.63,73.5232,-0.0531585,-0.000253916,0.980969,-0.00284648,12410.6,-0.00198991,0.0255743
2021-11-19,2021-11-19 11:21:08.079000+00:00,BTC-26NOV21-56000-P,P,56000,2021-11-26 08:00:00+00:00,6.83333,0.291531,0.432687,0.736,0.7544,0.0184,5.1611,3049.55,72.5742,-0.0538537,0.0158994,-0.684857,0.00198446,3055.63,-0.00554012,0.0212898
2021-11-26,2021-11-26 12:00:07.431000+00:00,BTC-3DEC21-53000-P,P,53000,2021-12-03 08:00:00+00:00,6.83333,0.292687,0.429056,0.8742,0.7685,-0.1057,1.46024,2887.99,61.1012,-0.0639659,0.0120996,-0.494637,0.00169971,77537.8,0.120543,0.146444
2021-11-26,2021-11-26 11:59:27.676000+00:00,BTC-3DEC21-56000-P,P,56000,2021-12-03 08:00:00+00:00,6.83333,0.292667,0.614833,0.8353,0.7153,-0.12,1.65348,2814.7,63.9466,-0.0611195,0.141987,3.55444,-0.0113638,2814.78,0.164102,0.192047
2021-11-26,2021-11-26 11:59:24.357000+00:00,BTC-28NOV21-55000-C,C,55000,2021-11-28 08:00:00+00:00,1.83333,0.727109,0.350864,0.7722,0.5819,-0.1903,1.50304,1412.97,257.823,-0.2106,0.217148,7.99905,-0.044261,55318.4,0.461549,0.50907
2021-11-26,2021-11-26 12:00:40.025000+00:00,BTC-3DEC21-52000-P,P,52000,2021-12-03 08:00:00+00:00,6.83333,0.292703,0.358742,0.8829,0.7808,-0.1021,1.13321,2757.21,60.4991,-0.0646024,0.098767,-1.99506,0.00658958,11023.1,0.0940986,0.120148
2021-11-26,2021-11-26 11:58:22.302000+00:00,BTC-28NOV21-53000-P,P,53000,2021-11-28 08:00:00+00:00,1.83333,0.726824,0.380875,0.8439,0.7248,-0.1191,1.2253,1454.76,235.918,-0.230155,0.0874841,-4.07045,0.0252974,4370.23,0.252546,0.292918
2021-11-26,2021-11-26 12:01:42.453000+00:00,BTC-28NOV21-54000-P,P,54000,2021-11-28 08:00:00+00:00,1.83333,0.727743,0.503545,0.7913,0.6411,-0.1502,1.39806,1523.57,251.6,-0.215809,0.000727592,1.15807,-0.007066,12135.2,0.274152,0.323407
2021-11-26,2021-11-26 12:04:27.908000+00:00,BTC-3DEC21-55000-C,C,55000,2021-12-03 08:00:00+00:00,6.83333,0.292816,0.448661,0.8499,0.7598,-0.0900999,1.45298,2913.26,62.8481,-0.0621878,0.0372259,2.10922,-0.00710057,62493.2,0.168693,0.194521
2021-11-26,2021-11-26 11:48:11.248000+00:00,BTC-3DEC21-54000-P,P,54000,2021-12-03 08:00:00+00:00,6.83333,0.292332,0.471045,0.8495,0.7605,-0.0889999,1.04288,2944.83,62.8777,-0.0621585,-0.00372849,0.375256,-0.00126988,100024,0.155196,0.181051
2021-11-26,2021-11-26 12:16:40.879000+00:00,BTC-28NOV21-55000-P,P,55000,2021-11-28 08:00:00+00:00,1.83333,0.731897,0.604349,0.7843,0.5607,-0.2236,1.2304,1477.83,253.845,-0.2139,0.107281,5.74241,-0.0335429,1472.76,0.514682,0.564919
2021-11-26,2021-11-26 11:24:41.031000+00:00,BTC-3DEC21-57000-C,C,57000,2021-12-03 08:00:00+00:00,6.83333,0.291636,0.372358,0.7948,0.7177,-0.0771001,0.223003,2830.34,67.2051,-0.0581561,0.178696,4.00133,-0.0120433,5672.26,0.109939,0.135506
2021-12-03,2021-12-03 11:18:33.869000+00:00,BTC-10DEC21-56000-C,C,56000,2021-12-10 08:00:00+00:00,6.83333,0.291456,0.576989,0.6822,0.7387,0.0565,-13.4693,3041.24,78.2976,-0.0499171,0.0288004,-1.08272,0.00289493,3047.76,-0.404689,-0.374775
2021-12-10,2021-12-10 12:01:41.526000+00:00,BTC-12DEC21-48000-P,P,48000,2021-12-12 08:00:00+00:00,1.83333,0.727739,0.36431,0.684,0.7385,0.0545,1.33657,1298.05,291.069,-0.186545,0.151317,-6.15535,0.03057,29035.4,-0.0362498,0.0195047
2021-12-10,2021-12-10 12:01:49.996000+00:00,BTC-12DEC21-48000-C,C,48000,2021-12-12 08:00:00+00:00,1.83333,0.727778,0.632999,0.7077,0.8629,0.1552,1.40254,1301.43,281.321,-0.193009,0.138989,-5.773,0.0297375,7882.11,-0.327821,-0.258952
2021-12-10,2021-12-10 12:01:53.855000+00:00,BTC-17DEC21-48000-C,C,48000,2021-12-17 08:00:00+00:00,6.83333,0.292739,0.588186,0.7816,0.7491,-0.0325,1.34027,2602.57,68.3401,-0.0571902,0.0330558,-1.08399,0.00330098,2602.32,-0.0774178,-0.0468403
2021-12-10,2021-12-10 12:03:01.578000+00:00,BTC-17DEC21-50000-C,C,50000,2021-12-17 08:00:00+00:00,6.83333,0.292773,0.444281,0.7497,0.7308,-0.0189,1.21631,2650.1,71.248,-0.0548561,0.0453442,2.36566,-0.00701448,29074.2,-0.0634447,-0.0346787
2021-12-10,2021-12-10 12:04:31.578000+00:00,BTC-17DEC21-51000-C,C,51000,2021-12-17 08:00:00+00:00,6.83333,0.292818,0.374537,0.7487,0.7315,-0.0172,0.670685,2546.49,71.3432,-0.0547829,0.180319,4.1214,-0.0117103,7611.69,-0.0177625,0.0106858
2021-12-10,2021-12-10 12:04:53.597000+00:00,BTC-12DEC21-50000-C,C,50000,2021-12-12 08:00:00+00:00,1.83333,0.728623,0.357733,0.6907,0.6134,-0.0773,1.13158,1298.07,288.245,-0.188373,0.217785,8.43886,-0.0420623,1296.69,-0.119472,-0.063747
2021-12-10,2021-12-10 12:04:54.756000+00:00,BTC-12DEC21-49000-C,C,49000,2021-12-12 08:00:00+00:00,1.83333,0.728629,0.525579,0.7035,0.7254,0.0219,0.905934,1385.28,283.001,-0.191864,0.00130308,-0.286622,0.00155164,8272.04,-0.159037,-0.0962204
2021-12-10,2021-12-10 11:51:21.508000+00:00,BTC-17DEC21-49000-P,P,49000,2021-12-17 08:00:00+00:00,6.83333,0.292426,0.494105,0.7627,0.7326,-0.0300999,1.16374,2663.99,70.0336,-0.0558073,-0.00173181,0.858769,-0.00261577,2665.15,-0.02577,0.00264548
2021-12-10,2021-12-10 12:18:35.788000+00:00,BTC-12DEC21-49000-P,P,49000,2021-12-12 08:00:00+00:00,1.83333,0.732432,0.479799,0.6807,0.672,-0.00870003,0.22229,1385.41,292.48,-0.185645,0.000178998,-0.0498666,0.00026141,6902.58,-0.364383,-0.298478
2021-12-10,2021-12-10 12:31:05.149000+00:00,BTC-17DEC21-50000-P,P,50000,2021-12-17 08:00:00+00:00,6.83333,0.29361,0.551976,0.757,0.7361,-0.0209,0.289745,2655.67,70.5609,-0.0553902,0.0402492,2.25785,-0.00676895,2651.34,-0.0538902,-0.025283
2021-12-10,2021-12-10 11:22:10.090000+00:00,BTC-17DEC21-48000-P,P,48000,2021-12-17 08:00:00+00:00,6.83333,0.291562,0.437708,0.7733,0.7456,-0.0277,1.93113,2616.71,69.0736,-0.0565829,0.010361,-0.482685,0.0014726,7789.9,0.0390123,0.0656249
2021-12-10,2021-12-10 11:15:36.547000+00:00,BTC-17DEC21-47000-P,P,47000,2021-12-17 08:00:00+00:00,6.83333,0.291368,0.35433,0.7687,0.7647,-0.00400002,1.55896,2474.32,69.487,-0.0562463,0.13101,-2.55834,0.00732347,2480.45,0.00160648,0.0286481
2021-12-17,2021-12-17 12:12:10.140000+00:00,BTC-19DEC21-47000-P,P,47000,2021-12-19 08:00:00+00:00,1.83333,0.730641,0.495564,0.6164,0.5543,-0.0621,-0.443781,1328.17,322.99,-0.168109,-0.00059008,0.743742,-0.00353485,9298.02,0.179812,0.232159
2021-12-17,2021-12-17 12:23:38.174000+00:00,BTC-19DEC21-48000-C,C,48000,2021-12-19 08:00:00+00:00,1.83333,0.733843,0.36825,0.6269,0.6405,0.0136,-0.829093,1262.99,317.58,-0.170973,0.202512,8.53516,-0.0390108,1256.6,0.101232,0.142102
2021-12-24,2021-12-24 12:00:13.560000+00:00,BTC-31DEC21-51000-C,C,51000,2021-12-31 08:00:00+00:00,6.83333,0.29269,0.519008,0.6483,0.706,0.0577,-0.716164,2781.53,82.3918,-0.0474366,-0.00301736,0.462664,-0.00119665,16677.8,-0.0211977,0.00450183
2021-12-24,2021-12-24 11:50:42.601000+00:00,BTC-31DEC21-50000-P,P,50000,2021-12-31 08:00:00+00:00,6.83333,0.292407,0.395324,0.6656,0.7182,0.0526,-0.981669,2688.06,80.2504,-0.0487024,0.0696122,-1.91587,0.0049168,31858.1,-0.00597604,0.0195162
2021-12-24,2021-12-24 12:23:52.391000+00:00,BTC-31DEC21-51000-P,P,51000,2021-12-31 08:00:00+00:00,6.83333,0.293395,0.474413,0.6523,0.7291,0.0768,-1.33801,2783,81.8866,-0.0477293,-0.00246499,0.280568,-0.000729469,2779.63,-0.0335572,-0.00811432
2021-12-24,2021-12-24 12:25:51.653000+00:00,BTC-31DEC21-50000-C,C,50000,2021-12-31 08:00:00+00:00,6.83333,0.293454,0.609034,0.6409,0.7077,0.0668,-0.739287,2681.05,83.3432,-0.0468951,0.0814951,-2.15369,0.00530619,5322.28,-0.048369,-0.0211714
2021-12-24,2021-12-24 12:27:15.548000+00:00,BTC-31DEC21-52000-C,C,52000,2021-12-31 08:00:00+00:00,6.83333,0.293496,0.432371,0.6417,0.709,0.0673,-1.06895,2745.7,83.2393,-0.0469537,0.0682866,2.93601,-0.00741706,30713.4,-0.00954179,0.0155901
2021-12-24,2021-12-24 11:28:29.561000+00:00,BTC-31DEC21-53000-C,C,53000,2021-12-31 08:00:00+00:00,6.83333,0.291749,0.376205,0.6521,0.7165,0.0644,-1.62559,2664.89,81.9117,-0.0477146,0.196489,4.54286,-0.0112554,10723.3,-0.0253736,0.000805544
2021-12-24,2021-12-24 11:28:25.192000+00:00,BTC-26DEC21-52000-C,C,52000,2021-12-26 08:00:00+00:00,1.83333,0.718676,0.378583,0.5664,0.6518,0.0854,-1.7418,1382.2,351.502,-0.154473,0.193142,8.75468,-0.036428,1391.34,0.0935086,0.13428
2021-12-31,2021-12-31 11:58:27.040000+00:00,BTC-7JAN22-47000-P,P,47000,2022-01-07 08:00:00+00:00,6.83333,0.292637,0.396118,0.6916,0.6544,-0.0372,-0.498193,2529.25,77.2334,-0.0506049,0.0642908,-1.78372,0.00475918,10117.3,-0.027962,0.000427777
2021-12-31,2021-12-31 12:06:57.048000+00:00,BTC-7JAN22-48000-C,C,48000,2022-01-07 08:00:00+00:00,6.83333,0.29289,0.511498,0.7036,0.6542,-0.0494,-0.23989,2614.17,75.9162,-0.0514829,-0.00276442,0.700339,-0.0019673,20973.3,0.00690642,0.034544
2021-12-31,2021-12-31 11:36:39.650000+00:00,BTC-7JAN22-49000-C,C,49000,2022-01-07 08:00:00+00:00,6.83333,0.29199,0.442171,0.6892,0.6661,-0.0231,-0.844144,2598.74,77.5024,-0.0504293,0.0507657,2.5456,-0.00693329,2601.93,0.00918045,0.0359345
2021-12-31,2021-12-31 11:15:20.515000+00:00,BTC-2JAN22-48000-P,P,48000,2022-01-02 08:00:00+00:00,1.83333,0.715175,0.470788,0.5979,0.6576,0.0597,-0.764107,1356.48,332.984,-0.163064,0.00383469,-0.735673,0.00338261,1367.93,-0.0367914,0.0146503
2022-01-07,2022-01-07 12:01:57.522000+00:00,BTC-14JAN22-43000-C,C,43000,2022-01-14 08:00:00+00:00,6.83333,0.292741,0.438593,0.6324,0.6246,-0.00780003,-1.6956,2279.98,84.4634,-0.0462732,0.0588931,2.78567,-0.00695273,18259.3,-0.0161559,0.0115249
2022-01-07,2022-01-07 12:03:05.239000+00:00,BTC-9JAN22-42000-C,C,42000,2022-01-09 08:00:00+00:00,1.83333,0.728124,0.571273,0.6088,0.5872,-0.0216,-1.41714,1176.51,327.022,-0.166036,0.0402212,-3.16104,0.0146022,1175.8,-0.0440034,0.0151295
2022-01-07,2022-01-07 11:42:50.839000+00:00,BTC-14JAN22-41000-P,P,41000,2022-01-14 08:00:00+00:00,6.83333,0.292174,0.358293,0.6574,0.6499,-0.0075,-1.75849,2155.97,81.2513,-0.0481024,0.151027,-3.03852,0.00746887,2158.03,-0.0528744,-0.0242376
2022-01-07,2022-01-07 12:21:35.603000+00:00,BTC-9JAN22-42000-P,P,42000,2022-01-09 08:00:00+00:00,1.83333,0.73327,0.417306,0.6026,0.5809,-0.0217,-1.21175,1171.37,330.387,-0.164345,0.0571219,-3.87291,0.0176106,1166.4,0.0782837,0.135122
2022-01-07,2022-01-07 12:22:46.380000+00:00,BTC-9JAN22-43000-C,C,43000,2022-01-09 08:00:00+00:00,1.83333,0.733601,0.357508,0.5864,0.7533,0.1669,-1.94911,1120.08,339.514,-0.159927,0.250921,9.74344,-0.0412427,1114.52,-0.0571653,-0.0167274
2022-01-14,2022-01-14 12:05:51.703000+00:00,BTC-21JAN22-42000-P,P,42000,2022-01-21 08:00:00+00:00,6.83333,0.292857,0.483089,0.5269,0.5374,0.0105,2.61709,2291.6,101.375,-0.0385537,-0.0023892,0.411713,-0.000865665,18347.6,-0.053745,-0.025503
2022-01-14,2022-01-14 12:07:11.189000+00:00,BTC-21JAN22-41000-P,P,41000,2022-01-21 08:00:00+00:00,6.83333,0.292897,0.360897,0.5465,0.5324,-0.0141,2.69428,2151.27,97.7395,-0.0399878,0.183149,-3.76038,0.00770416,25818.4,-0.0250809,0.00242039
2022-01-21,2022-01-21 11:59:50.962000+00:00,BTC-28JAN22-38000-P,P,38000,2022-01-28 08:00:00+00:00,6.83333,0.292678,0.374873,0.615,0.7226,0.1076,-9.72507,2017.85,86.8531,-0.045,0.121796,-2.79064,0.00651483,36997.8,-0.117642,-0.0892462
2022-01-21,2022-01-21 11:58:48.336000+00:00,BTC-28JAN22-40000-C,C,40000,2022-01-28 08:00:00+00:00,6.83333,0.292647,0.385164,0.611,0.7407,0.1297,-9.18338,2034.75,87.4217,-0.0447073,0.179466,4.49239,-0.0105057,22060.2,-0.133856,-0.107176
2022-01-21,2022-01-21 11:52:56.866000+00:00,BTC-28JAN22-39000-C,C,39000,2022-01-28 08:00:00+00:00,6.83333,0.292473,0.495306,0.6277,0.7333,0.1056,-9.77887,2118.71,85.0958,-0.0459293,0.0018367,1.13741,-0.0028514,71226.3,-0.132973,-0.105014
2022-01-21,2022-01-21 11:52:23.703000+00:00,BTC-28JAN22-38000-C,C,38000,2022-01-28 08:00:00+00:00,6.83333,0.292457,0.615954,0.6118,0.7173,0.1055,-9.39104,2028.49,87.3073,-0.0447659,0.101841,-2.52349,0.00590387,32956.1,-0.176292,-0.145544
2022-01-21,2022-01-21 12:36:44.184000+00:00,BTC-28JAN22-37000-P,P,37000,2022-01-28 08:00:00+00:00,6.83333,0.29378,0.352864,0.6569,0.7319,0.075,-8.22242,1938.09,81.3132,-0.0480659,0.164842,-3.1951,0.0078078,3868.14,-0.204502,-0.17521
2022-01-28,2022-01-28 11:57:52.731000+00:00,BTC-4FEB22-37000-C,C,37000,2022-02-04 08:00:00+00:00,6.83333,0.29262,0.441136,0.6366,0.6358,-0.00079998,4.52232,1964.57,83.9061,-0.0465805,0.0547275,2.70045,-0.00679135,7853.05,0.0527752,0.0797889
2022-02-04,2022-02-04 11:53:43.004000+00:00,BTC-11FEB22-37000-P,P,37000,2022-02-11 08:00:00+00:00,6.83333,0.292496,0.374513,0.5521,0.702,0.1499,9.5152,1960.22,96.7481,-0.0403976,0.141692,-3.2361,0.00677986,5822.07,-0.174423,-0.146404
2022-02-11,2022-02-11 12:03:06.614000+00:00,BTC-18FEB22-43000-C,C,43000,2022-02-18 08:00:00+00:00,6.83333,0.292775,0.550493,0.5573,0.5595,0.00220001,-2.60866,2344.18,95.8454,-0.040778,0.0115321,-0.664171,0.00146653,4673.26,-0.0132554,0.015417
2022-02-11,2022-02-11 12:12:29.152000+00:00,BTC-13FEB22-44000-C,C,44000,2022-02-13 08:00:00+00:00,1.83333,0.730729,0.351334,0.5153,0.8372,0.3219,-2.74232,1140.33,386.359,-0.140536,0.308289,11.4252,-0.0422241,4674.09,-0.13363,-0.0953544
2022-02-11,2022-02-11 12:23:38.802000+00:00,BTC-18FEB22-44000-C,C,44000,2022-02-18 08:00:00+00:00,6.83333,0.293388,0.463394,0.5496,0.5501,0.000499992,-3.35394,2368.56,97.1882,-0.0402146,0.0278398,2.21922,-0.00485108,4719.18,-0.0346667,-0.00823514
2022-02-11,2022-02-11 12:27:11.321000+00:00,BTC-18FEB22-45000-C,C,45000,2022-02-18 08:00:00+00:00,6.83333,0.293494,0.355187,0.539,0.5678,0.0288,-3.16476,2225.31,99.0995,-0.039439,0.305729,6.02699,-0.0121132,2221.73,-0.046358,-0.0200814
2022-02-18,2022-02-18 12:02:12.238000+00:00,BTC-20FEB22-40000-C,C,40000,2022-02-20 08:00:00+00:00,1.83333,0.72788,0.542641,0.591,0.3351,-0.2559,-0.346063,1128.55,336.871,-0.161182,0.011807,-1.55607,0.00705085,2250.88,0.21479,0.269147
2022-02-18,2022-02-18 12:02:44.355000+00:00,BTC-25FEB22-40000-P,P,40000,2022-02-25 08:00:00+00:00,6.83333,0.292764,0.457188,0.5736,0.5076,-0.066,-0.213821,2182.51,93.1217,-0.0419707,0.0054419,-0.369919,0.000842603,39210.7,0.0828754,0.109935
2022-02-18,2022-02-18 12:02:44.497000+00:00,BTC-25FEB22-41000-C,C,41000,2022-02-25 08:00:00+00:00,6.83333,0.292764,0.418355,0.5757,0.5201,-0.0556,-0.352431,2149.05,92.7821,-0.0421244,0.101952,3.61597,-0.00813989,41115.3,0.0385525,0.0656147
2022-02-18,2022-02-18 12:02:44.504000+00:00,BTC-25FEB22-40000-C,C,40000,2022-02-25 08:00:00+00:00,6.83333,0.292765,0.542493,0.5906,0.5296,-0.061,-0.769709,2182.7,90.4413,-0.0432146,0.00468058,-0.32056,0.000751877,4364.57,0.0843792,0.112347
2022-02-18,2022-02-18 12:03:00.729000+00:00,BTC-20FEB22-40000-P,P,40000,2022-02-20 08:00:00+00:00,1.83333,0.728103,0.414791,0.5705,0.331,-0.2395,-0.549035,1113.82,348.976,-0.155591,0.0658817,-4.32091,0.0185735,3287.4,0.212995,0.265439
2022-02-18,2022-02-18 12:13:37.771000+00:00,BTC-20FEB22-41000-C,C,41000,2022-02-20 08:00:00+00:00,1.83333,0.731047,0.373424,0.5678,0.5061,-0.0617,-0.830326,1085.67,350.636,-0.154855,0.205258,8.99828,-0.0374087,2184.3,0.0882186,0.127879
2022-02-25,2022-02-25 12:03:28.634000+00:00,BTC-4MAR22-39000-C,C,39000,2022-03-04 08:00:00+00:00,6.83333,0.292786,0.510143,0.6481,0.655,0.00690002,-0.230602,2124.59,82.4173,-0.0474219,-0.00248216,0.713137,-0.00184541,27507.9,0.0482716,0.0765119
2022-02-25,2022-02-25 12:03:32.242000+00:00,BTC-4MAR22-38000-C,C,38000,2022-03-04 08:00:00+00:00,6.83333,0.292788,0.624219,0.6679,0.6932,0.0253,-0.200622,2022.35,79.974,-0.0488707,0.106707,-2.46375,0.00625125,10156.8,0.0482349,0.0781784
2022-02-25,2022-02-25 12:05:42.749000+00:00,BTC-4MAR22-38000-P,P,38000,2022-03-04 08:00:00+00:00,6.83333,0.292853,0.385734,0.6581,0.6834,0.0253,0.598046,2033.05,81.1649,-0.0481537,0.0884082,-2.225,0.00560696,26402.9,0.0346496,0.0614384
2022-02-25,2022-02-25 12:06:01.604000+00:00,BTC-4MAR22-39000-P,P,39000,2022-03-04 08:00:00+00:00,6.83333,0.292862,0.502763,0.6489,0.6624,0.0135,0.251762,2119.12,82.3157,-0.0474805,0.00101688,1.07767,-0.002793,8469.48,0.024788,0.052139
2022-02-25,2022-02-25 12:08:35.308000+00:00,BTC-27FEB22-39000-C,C,39000,2022-02-27 08:00:00+00:00,1.83333,0.729646,0.496204,0.6434,0.6326,-0.0108,-0.157423,1101.01,309.436,-0.175473,0.000806073,1.2067,-0.00598652,5431.57,0.171031,0.225214
2022-02-25,2022-02-25 12:09:06.940000+00:00,BTC-4MAR22-40000-C,C,40000,2022-03-04 08:00:00+00:00,6.83333,0.292954,0.404727,0.6433,0.6492,0.00589996,0.252973,2068.41,83.0322,-0.0470707,0.123241,3.73774,-0.0093289,26478.6,-0.0172714,0.0100482
2022-03-04,2022-03-04 11:58:53.665000+00:00,BTC-11MAR22-42000-C,C,42000,2022-03-11 08:00:00+00:00,6.83333,0.29265,0.4797,0.6487,0.6976,0.0489,-5.2809,2270.35,82.341,-0.0474659,0.0109622,1.57361,-0.00407189,42821.7,-0.0667302,-0.0399706
2022-03-04,2022-03-04 11:53:22.565000+00:00,BTC-11MAR22-42000-P,P,42000,2022-03-11 08:00:00+00:00,6.83333,0.292486,0.495752,0.6404,0.6929,0.0525,-5.688,2285.82,83.4082,-0.0468585,-0.00127719,0.878777,-0.00224762,6802,-0.041519,-0.014518
2022-03-04,2022-03-04 12:07:47.514000+00:00,BTC-6MAR22-41000-P,P,41000,2022-03-06 08:00:00+00:00,1.83333,0.729426,0.351802,0.6603,0.5813,-0.079,-5.6097,1096.64,301.516,-0.180082,0.191723,-7.11955,0.0337253,3312.6,-0.179261,-0.129742
2022-03-04,2022-03-04 12:17:13.403000+00:00,BTC-6MAR22-41000-C,C,41000,2022-03-06 08:00:00+00:00,1.83333,0.732049,0.624963,0.6882,0.7672,0.079,-4.99829,1118.07,289.292,-0.187691,0.124113,-5.51291,0.0278161,2226.19,-0.118915,-0.0733223
2022-03-11,2022-03-11 11:57:57.347000+00:00,BTC-18MAR22-40000-C,C,40000,2022-03-18 08:00:00+00:00,6.83333,0.292622,0.506451,0.7179,0.7341,0.0162,-2.40625,2176.09,74.404,-0.0525293,-0.00184765,0.835452,-0.00239522,51865,-0.0150792,0.0110365
2022-03-11,2022-03-11 11:54:46.044000+00:00,BTC-18MAR22-41000-C,C,41000,2022-03-18 08:00:00+00:00,6.83333,0.292527,0.39354,0.7107,0.7315,0.0208,-1.5623,2091.92,75.1578,-0.0520024,0.139699,3.77864,-0.0103415,31409.9,-0.0438529,-0.0182316
2022-03-11,2022-03-11 11:46:52.224000+00:00,BTC-13MAR22-40000-C,C,40000,2022-03-13 08:00:00+00:00,1.83333,0.723674,0.513968,0.7167,0.6387,-0.078,-2.9995,1130.81,277.788,-0.195464,-0.000771846,0.311347,-0.0017196,25204.8,0.117755,0.157967
2022-03-11,2022-03-11 11:38:44.428000+00:00,BTC-13MAR22-39000-P,P,39000,2022-03-13 08:00:00+00:00,1.83333,0.721463,0.377959,0.6807,0.5376,-0.1431,-1.82936,1065.01,292.48,-0.185645,0.120811,-5.46528,0.0273248,2172.33,0.407314,0.453334
2022-03-11,2022-03-11 11:31:57.348000+00:00,BTC-13MAR22-39000-C,C,39000,2022-03-13 08:00:00+00:00,1.83333,0.719628,0.601836,0.6925,0.4947,-0.1978,-1.59682,1078.6,287.496,-0.188864,0.0786539,-4.28149,0.0221074,3267.14,0.328732,0.379884
2022-03-18,2022-03-18 12:16:16.433000+00:00,BTC-20MAR22-41000-P,P,41000,2022-03-20 08:00:00+00:00,1.83333,0.731784,0.612538,0.6149,0.5886,-0.0263,3.98828,1098.34,323.778,-0.1677,0.152216,7.53805,-0.0343201,1094.63,0.0556636,0.101474
2022-03-18,2022-03-18 12:20:47.354000+00:00,BTC-25MAR22-42000-P,P,42000,2022-03-25 08:00:00+00:00,6.83333,0.293303,0.638567,0.693,0.6387,-0.0543,4.47385,2072.8,77.0774,-0.0507073,0.229449,4.73502,-0.0123094,12386.1,0.0620053,0.0913611
2022-03-25,2022-03-25 12:02:21.088000+00:00,BTC-1APR22-45000-C,C,45000,2022-04-01 08:00:00+00:00,6.83333,0.292753,0.479298,0.5918,0.568,-0.0238,-0.195758,2434.77,90.2579,-0.0433024,0.0116524,1.64093,-0.00387345,26678.2,0.0566185,0.0824469
2022-03-25,2022-03-25 11:55:59.062000+00:00,BTC-1APR22-46000-C,C,46000,2022-04-01 08:00:00+00:00,6.83333,0.292564,0.370334,0.5745,0.5514,-0.0231,-0.198471,2308.85,92.9759,-0.0420366,0.236063,5.21149,-0.0113206,18438.2,0.0559674,0.0813099
2022-03-25,2022-03-25 12:15:46.081000+00:00,BTC-1APR22-44000-C,C,44000,2022-04-01 08:00:00+00:00,6.83333,0.293153,0.575914,0.5943,0.5756,-0.0187,-0.119787,2387.28,89.8782,-0.0434854,0.0354346,-1.35332,0.00315408,2385.32,0.0544281,0.0812564
2022-03-25,2022-03-25 12:31:17.287000+00:00,BTC-27MAR22-45000-C,C,45000,2022-03-27 08:00:00+00:00,1.83333,0.735995,0.447254,0.52,0.4116,-0.1084,-0.430696,1254.4,382.867,-0.141818,0.0426297,4.57081,-0.0181698,3733.22,0.209102,0.252787
2022-04-01,2022-04-01 12:00:33.209000+00:00,BTC-8APR22-46000-P,P,46000,2022-04-08 08:00:00+00:00,6.83333,0.292699,0.585084,0.5657,0.5583,-0.00739998,1.73058,2405.93,94.4222,-0.0413927,0.11105,3.77651,-0.00833807,73256.3,-0.0245668,0.00444201
2022-04-01,2022-04-01 12:02:57.233000+00:00,BTC-8APR22-45000-P,P,45000,2022-04-08 08:00:00+00:00,6.83333,0.292771,0.479145,0.5645,0.561,-0.00350002,1.61502,2455.6,94.6229,-0.0413049,-0.0023104,0.322847,-0.000726916,29430.4,-0.0353473,-0.00804251
2022-04-01,2022-04-01 12:02:59.307000+00:00,BTC-8APR22-44000-P,P,44000,2022-04-08 08:00:00+00:00,6.83333,0.292772,0.367825,0.5761,0.5864,0.0103,2.44059,2322.7,92.7176,-0.0421537,0.151624,-3.28262,0.00713493,16280.9,-0.00275507,0.0240425
2022-04-01,2022-04-01 12:10:56.081000+00:00,BTC-3APR22-45000-P,P,45000,2022-04-03 08:00:00+00:00,1.83333,0.730298,0.468039,0.5356,0.5357,9.99832e-05,2.09231,1271.19,371.716,-0.146073,0.00630518,-1.11051,0.00457174,8883.4,-0.128729,-0.0882989
2022-04-08,2022-04-08 12:00:05.253000+00:00,BTC-15APR22-44000-C,C,44000,2022-04-15 08:00:00+00:00,6.83333,0.292686,0.418523,0.489,0.4669,-0.0221,-1.12244,2314.19,109.232,-0.0357805,0.114647,4.07396,-0.00779036,23322.6,-0.00443037,0.0223471
2022-04-08,2022-04-08 12:06:57.170000+00:00,BTC-15APR22-43000-C,C,43000,2022-04-15 08:00:00+00:00,6.83333,0.29289,0.56349,0.4923,0.4987,0.00639999,-1.52272,2337.19,108.5,-0.036022,0.0300009,-1.37219,0.0026639,2336.35,-0.0139534,0.0141563
2022-04-08,2022-04-08 11:47:06.038000+00:00,BTC-15APR22-43000-P,P,43000,2022-04-15 08:00:00+00:00,6.83333,0.2923,0.434687,0.5078,0.4781,-0.0297,-1.76294,2336.61,105.188,-0.0371561,0.0307899,-1.36782,0.00273691,9347.54,-0.0208496,0.00639259
2022-04-15,2022-04-15 12:24:40.565000+00:00,BTC-17APR22-40000-P,P,40000,2022-04-17 08:00:00+00:00,1.83333,0.734135,0.414647,0.3963,0.3552,-0.0411,0.439931,1111.42,502.374,-0.108082,0.101128,-6.64521,0.0198442,4454.93,0.145735,0.186217
2022-04-15,2022-04-15 11:19:20.313000+00:00,BTC-17APR22-40000-C,C,40000,2022-04-17 08:00:00+00:00,1.83333,0.716241,0.617117,0.4036,0.4244,0.0208,0.186747,1090.06,493.288,-0.110073,0.201708,-9.48749,0.0282276,1099.11,0.152771,0.203221
2022-04-22,2022-04-22 12:01:14.524000+00:00,BTC-29APR22-41000-C,C,41000,2022-04-29 08:00:00+00:00,6.83333,0.29272,0.447183,0.4754,0.4686,-0.0068,-2.61367,2194.66,112.357,-0.0347854,0.0552461,3.04112,-0.00572377,4382.78,-0.0461139,-0.0188155
2022-04-22,2022-04-22 12:11:40.736000+00:00,BTC-29APR22-40000-P,P,40000,2022-04-29 08:00:00+00:00,6.83333,0.293031,0.407197,0.5053,0.4818,-0.0235,-2.92687,2153.73,105.709,-0.0369732,0.0768712,-2.39412,0.00470062,4308.24,-0.0431364,-0.0158973
2022-04-22,2022-04-22 11:33:58.475000+00:00,BTC-29APR22-40000-C,C,40000,2022-04-29 08:00:00+00:00,6.83333,0.291911,0.58235,0.5021,0.4659,-0.0362,-2.41605,2162.32,106.382,-0.036739,0.0577711,-2.029,0.00398186,2165.26,0.0404996,0.0678737
2022-04-29,2022-04-29 11:56:13.136000+00:00,BTC-1MAY22-39000-C,C,39000,2022-05-01 08:00:00+00:00,1.83333,0.726233,0.434231,0.4899,0.6765,0.1866,-2.61239,1080.74,406.391,-0.133609,0.067831,5.77408,-0.0215148,8727.18,-0.037951,0.00498965
2022-04-29,2022-04-29 12:04:23.199000+00:00,BTC-6MAY22-38000-C,C,38000,2022-05-06 08:00:00+00:00,6.83333,0.292813,0.609169,0.5393,0.5476,0.00829998,-2.43971,2031.83,99.0444,-0.039461,0.104471,-2.75534,0.00571148,8002.67,-0.0187444,0.00974218
2022-04-29,2022-04-29 12:04:34.860000+00:00,BTC-6MAY22-38000-P,P,38000,2022-05-06 08:00:00+00:00,6.83333,0.292819,0.392937,0.5578,0.5463,-0.0115,-2.65809,2035.08,95.7595,-0.0408146,0.0951051,-2.55896,0.00549462,34197.2,0.00505179,0.0312586
2022-04-29,2022-04-29 11:50:17.243000+00:00,BTC-6MAY22-39000-P,P,39000,2022-05-06 08:00:00+00:00,6.83333,0.292394,0.509387,0.5364,0.5131,-0.0233,-3.01498,2118.86,99.5799,-0.0392488,0.00426269,1.32127,-0.00282993,10590.7,-0.0505843,-0.0226955
2022-04-29,2022-04-29 11:47:26.492000+00:00,BTC-6MAY22-40000-C,C,40000,2022-05-06 08:00:00+00:00,6.83333,0.29231,0.351355,0.5265,0.5427,0.0162,-3.09771,1969.63,101.452,-0.0385244,0.329352,6.30203,-0.0123202,5918.51,-0.0236896,0.00344839
2022-04-29,2022-04-29 11:45:45.195000+00:00,BTC-6MAY22-39000-C,C,39000,2022-05-06 08:00:00+00:00,6.83333,0.29226,0.483709,0.5421,0.5316,-0.0105,-2.80469,2114.79,98.5328,-0.0396659,0.0086906,1.55181,-0.00335716,6347.49,-0.0176769,0.00977255
2022-04-29,2022-04-29 11:39:18.737000+00:00,BTC-1MAY22-39000-P,P,39000,2022-05-01 08:00:00+00:00,1.83333,0.721618,0.570237,0.516,0.5381,0.0221,-2.36246,1077.63,385.835,-0.140727,0.0738756,5.86226,-0.0229595,2177.03,0.0685582,0.123081
2022-04-29,2022-04-29 12:25:15.747000+00:00,BTC-6MAY22-40000-P,P,40000,2022-05-06 08:00:00+00:00,6.83333,0.293436,0.638843,0.5,0.5334,0.0334,-3.31004,1996.38,106.829,-0.0365854,0.300348,6.18647,-0.0116009,1993.43,-0.0374664,-0.00868584
2022-05-06,2022-05-06 11:58:09.510000+00:00,BTC-13MAY22-35000-C,C,35000,2022-05-13 08:00:00+00:00,6.83333,0.292628,0.625083,0.5809,0.6097,0.0288,-1.54822,1856.53,91.9515,-0.0425049,0.131415,-3.01195,0.00664181,1856.72,0.0477263,0.0757739
2022-05-06,2022-05-06 12:07:43.575000+00:00,BTC-13MAY22-36000-P,P,36000,2022-05-13 08:00:00+00:00,6.83333,0.292913,0.508743,0.5559,0.5962,0.0403,-0.380284,1955.69,96.0868,-0.0406756,0.00385449,1.28763,-0.00285826,13688.6,0.0724658,0.0988346
2022-05-06,2022-05-06 12:09:08.345000+00:00,BTC-13MAY22-35000-P,P,35000,2022-05-13 08:00:00+00:00,6.83333,0.292955,0.372472,0.596,0.6126,0.0166,-0.827056,1854.63,89.6219,-0.0436098,0.132947,-2.98782,0.00674612,20560.6,0.0439617,0.0696528
2022-05-06,2022-05-06 11:43:48.477000+00:00,BTC-8MAY22-36000-C,C,36000,2022-05-08 08:00:00+00:00,1.83333,0.722839,0.459515,0.6007,0.5391,-0.0616,-1.01526,1007.26,331.432,-0.163827,0.0245891,3.39821,-0.0156587,6058.67,0.244472,0.288706
2022-05-06,2022-05-06 11:38:43.750000+00:00,BTC-8MAY22-36000-P,P,36000,2022-05-08 08:00:00+00:00,1.83333,0.72146,0.518184,0.614,0.7559,0.1419,-1.42337,1013.79,324.252,-0.167455,0.00669634,2.05605,-0.00972427,13106.1,0.195389,0.243443
2022-05-06,2022-05-06 11:37:48.765000+00:00,BTC-13MAY22-36000-C,C,36000,2022-05-13 08:00:00+00:00,6.83333,0.292024,0.501333,0.5794,0.5987,0.0193,-1.20933,1959.42,92.1896,-0.0423951,-0.000427056,0.958944,-0.00221915,23433,0.00447428,0.0303695
2022-05-06,2022-05-06 11:37:48.734000+00:00,BTC-13MAY22-37000-C,C,37000,2022-05-13 08:00:00+00:00,6.83333,0.292024,0.358327,0.5517,0.5853,0.0336,-1.60691,1834.21,96.8183,-0.0403683,0.289134,5.81445,-0.0119936,41917.8,0.0166384,0.0422053
2022-05-13,2022-05-13 12:00:25.378000+00:00,BTC-15MAY22-31000-C,C,31000,2022-05-15 08:00:00+00:00,1.83333,0.727389,0.422786,0.7747,0.611,-0.1637,-1.5966,849.595,256.991,-0.211282,0.0627602,4.54707,-0.0266528,5054.24,0.0595584,0.0971261
2022-05-13,2022-05-13 12:07:11.768000+00:00,BTC-20MAY22-31000-C,C,31000,2022-05-20 08:00:00+00:00,6.83333,0.292897,0.452674,0.7369,0.6883,-0.0486,-1.39748,1651.83,72.4856,-0.0539195,0.0354201,2.17852,-0.00636681,4957.68,0.00341137,0.0310754
2022-05-13,2022-05-13 12:09:22.784000+00:00,BTC-20MAY22-30000-P,P,30000,2022-05-20 08:00:00+00:00,6.83333,0.292962,0.424748,0.765,0.7021,-0.0629,-1.54559,1631.66,69.8231,-0.0559756,0.021092,-0.812519,0.00243835,1630.87,0.0565126,0.0843523
2022-05-13,2022-05-13 11:38:42.612000+00:00,BTC-15MAY22-30000-C,C,30000,2022-05-15 08:00:00+00:00,1.83333,0.721455,0.607569,0.8497,0.5826,-0.2671,-1.11618,829.079,234.307,-0.231736,0.0688471,-3.54739,0.0223874,832.61,-0.00188628,0.0589917
2022-05-13,2022-05-13 12:33:29.501000+00:00,BTC-20MAY22-30000-C,C,30000,2022-05-20 08:00:00+00:00,6.83333,0.293683,0.613553,0.7582,0.719,-0.0392,-2.20806,1609.93,70.4493,-0.055478,0.0701626,-1.77879,0.00516751,1607.04,-0.0105037,0.0191709
2022-05-13,2022-05-13 12:33:44.788000+00:00,BTC-20MAY22-32000-C,C,32000,2022-05-20 08:00:00+00:00,6.83333,0.29369,0.351191,0.6991,0.6724,-0.0267001,-2.26464,1558.96,76.4049,-0.0511537,0.260122,4.98604,-0.0129463,4670.51,-0.0273366,-0.000266488
2022-05-20,2022-05-20 12:11:05.559000+00:00,BTC-27MAY22-31000-C,C,31000,2022-05-27 08:00:00+00:00,6.83333,0.293013,0.42298,0.6717,0.6629,-0.00879997,-3.1132,1624.34,79.5216,-0.0491488,0.082657,3.11209,-0.00819337,11309.4,-0.0146254,0.0116709
2022-05-20,2022-05-20 12:14:49.915000+00:00,BTC-27MAY22-30000-P,P,30000,2022-05-27 08:00:00+00:00,6.83333,0.293125,0.44038,0.7048,0.6915,-0.0133,-2.84179,1635.23,75.7869,-0.0515707,0.0113897,-0.555079,0.00154509,4911.89,-0.0020353,0.0245003
2022-05-27,2022-05-27 11:55:06.213000+00:00,BTC-3JUN22-29000-P,P,29000,2022-06-03 08:00:00+00:00,6.83333,0.292537,0.504157,0.6906,0.6442,-0.0464,0.848699,1574.3,77.3453,-0.0505317,0.00158754,1.11056,-0.00306312,1574.69,0.13404,0.159666
2022-05-27,2022-05-27 11:53:39.123000+00:00,BTC-3JUN22-30000-C,C,30000,2022-06-03 08:00:00+00:00,6.83333,0.292494,0.350102,0.6556,0.6255,-0.0301,0.270109,1462.94,81.4744,-0.0479707,0.279028,5.29413,-0.0128716,45831,0.0690904,0.0948001
2022-05-27,2022-05-27 11:53:13.133000+00:00,BTC-29MAY22-29000-P,P,29000,2022-05-29 08:00:00+00:00,1.83333,0.725409,0.528192,0.6654,0.3913,-0.2741,0.586277,814.248,299.205,-0.181473,0.0125732,2.50299,-0.0128104,4081.48,0.436146,0.483156
2022-05-27,2022-05-27 11:44:28.100000+00:00,BTC-29MAY22-29000-C,C,29000,2022-05-29 08:00:00+00:00,1.83333,0.723019,0.491099,0.6673,0.4043,-0.263,0.138124,817.945,298.353,-0.181991,0.0023557,1.47613,-0.00759361,2461.8,0.389588,0.436079
2022-05-27,2022-05-27 12:35:09.534000+00:00,BTC-29MAY22-29500-C,C,29500,2022-05-29 08:00:00+00:00,1.83333,0.737089,0.37086,0.6223,0.4186,-0.2037,-0.175591,778.553,319.928,-0.169718,0.195095,8.41621,-0.0382823,2345.09,0.213958,0.249726
2022-05-27,2022-05-27 11:17:31.464000+00:00,BTC-29MAY22-28500-P,P,28500,2022-05-29 08:00:00+00:00,1.83333,0.715757,0.384841,0.7114,0.6224,-0.089,0.625286,782.11,279.858,-0.194018,0.101218,-4.84571,0.025452,788.826,0.325171,0.367903
2022-06-03,2022-06-03 11:58:47.882000+00:00,BTC-10JUN22-29000-P,P,29000,2022-06-10 08:00:00+00:00,6.83333,0.292647,0.375059,0.6578,0.6162,-0.0416,0.242857,1542.2,81.2019,-0.0481317,0.110634,-2.5387,0.00634007,10792.9,0.075611,0.101595
2022-06-03,2022-06-03 12:01:18.196000+00:00,BTC-10JUN22-30500-C,C,30500,2022-06-10 08:00:00+00:00,6.83333,0.292722,0.400461,0.6009,0.5551,-0.0458,0.154569,1574.36,88.8911,-0.0439683,0.140291,4.06659,-0.00945466,11017.4,0.0656096,0.0915017
2022-06-03,2022-06-03 11:51:58.301000+00:00,BTC-10JUN22-30000-C,C,30000,2022-06-10 08:00:00+00:00,6.83333,0.292444,0.477761,0.6269,0.5712,-0.0557,0.244969,1621.24,85.2044,-0.0458707,0.0126116,1.6509,-0.00412723,43753.1,0.0832295,0.109425
2022-06-03,2022-06-03 12:13:32.145000+00:00,BTC-5JUN22-30000-C,C,30000,2022-06-05 08:00:00+00:00,1.83333,0.731021,0.439457,0.6191,0.4154,-0.2037,0.137892,832.123,321.581,-0.168845,0.0480033,4.46068,-0.0210508,5768.48,0.286157,0.333757
2022-06-03,2022-06-03 12:21:49.983000+00:00,BTC-5JUN22-29500-P,P,29500,2022-06-05 08:00:00+00:00,1.83333,0.733337,0.426413,0.6197,0.4874,-0.1323,0.331498,825.827,321.27,-0.169009,0.0420781,-3.21058,0.0150818,3285.54,0.297025,0.342779
2022-06-10,2022-06-10 12:00:23.669000+00:00,BTC-17JUN22-30000-C,C,30000,2022-06-17 08:00:00+00:00,6.83333,0.292695,0.523008,0.6765,0.6717,-0.00480003,-5.3501,1636.58,78.9573,-0.0495,-0.00297339,0.376592,-0.00101586,24500,0.0165951,0.0438159
2022-06-10,2022-06-10 11:58:02.992000+00:00,BTC-17JUN22-31000-C,C,31000,2022-06-17 08:00:00+00:00,6.83333,0.292625,0.378461,0.6497,0.6624,0.0127,-5.29424,1563.02,82.2143,-0.047539,0.189856,4.48232,-0.0110872,20458.1,-0.0169417,0.00970685
2022-06-10,2022-06-10 12:09:07.548000+00:00,BTC-17JUN22-29500-C,C,29500,2022-06-17 08:00:00+00:00,6.83333,0.292955,0.602987,0.7032,0.6926,-0.0106,-5.71474,1588.57,75.9594,-0.0514537,0.0611663,-1.71273,0.00464934,1587.8,0.0389885,0.0674758
2022-06-10,2022-06-10 12:30:09.625000+00:00,BTC-17JUN22-29000-P,P,29000,2022-06-17 08:00:00+00:00,6.83333,0.293583,0.368576,0.752,0.6889,-0.0631,-5.13003,1540.82,71.0301,-0.0550244,0.103603,-2.25843,0.00641259,57274.7,-0.0487487,-0.0218852
2022-06-17,2022-06-17 11:57:51.122000+00:00,BTC-24JUN22-21000-C,C,21000,2022-06-24 08:00:00+00:00,6.83333,0.292619,0.51862,0.9791,1.0551,0.076,-9.69951,1141.94,54.5548,-0.0716415,-0.00416159,0.651542,-0.00254515,12570,-0.159709,-0.131568
2022-06-17,2022-06-17 12:16:21.019000+00:00,BTC-19JUN22-20500-C,C,20500,2022-06-19 08:00:00+00:00,1.83333,0.731805,0.634856,1.0889,1.3043,0.2154,-9.02934,559.356,182.837,-0.296973,0.0842458,-3.45642,0.0273554,557.462,-0.469946,-0.422965
2022-06-17,2022-06-17 12:32:31.428000+00:00,BTC-24JUN22-21500-C,C,21500,2022-06-24 08:00:00+00:00,6.83333,0.293654,0.426039,0.9097,1.065,0.1553,-9.18019,1118.39,58.7168,-0.0665634,0.0634543,2.49395,-0.00890624,1116.43,-0.259333,-0.231576
2022-06-24,2022-06-24 11:58:52.171000+00:00,BTC-26JUN22-21500-C,C,21500,2022-06-26 08:00:00+00:00,1.83333,0.726961,0.377512,0.6584,0.4628,-0.1956,1.45815,569.999,302.386,-0.179564,0.170062,7.68849,-0.0371785,2299.91,0.174624,0.231578
2022-06-24,2022-06-24 11:58:17.419000+00:00,BTC-26JUN22-21000-C,C,21000,2022-06-26 08:00:00+00:00,1.83333,0.726802,0.567357,0.6827,0.7331,0.0504,1.68113,589.398,291.623,-0.186191,0.0301512,-2.50712,0.0130097,1776.6,0.0137557,0.0736631
2022-06-24,2022-06-24 12:05:58.723000+00:00,BTC-1JUL22-21000-P,P,21000,2022-07-01 08:00:00+00:00,6.83333,0.292861,0.465221,0.7424,0.7522,0.00980003,1.62827,1146.19,71.9486,-0.0543219,-0.00167982,0.14064,-0.000415441,5727.28,-0.003905,0.0240408
2022-06-24,2022-06-24 12:11:02.178000+00:00,BTC-26JUN22-21000-P,P,21000,2022-06-26 08:00:00+00:00,1.83333,0.730326,0.409449,0.6575,0.5539,-0.1036,0.952147,583.999,302.8,-0.179318,0.0632666,-3.90535,0.0192896,3523.51,0.084999,0.135924
2022-06-24,2022-06-24 11:46:41.737000+00:00,BTC-1JUL22-21500-C,C,21500,2022-07-01 08:00:00+00:00,6.83333,0.292288,0.464188,0.73,0.7483,0.0183,1.54313,1152.62,73.1707,-0.0534146,0.0234163,1.90121,-0.00552091,24329.2,-0.0196017,0.00785649
2022-06-24,2022-06-24 11:18:06.433000+00:00,BTC-26JUN22-21500-P,P,21500,2022-06-26 08:00:00+00:00,1.83333,0.715912,0.649976,0.6472,0.4869,-0.1603,1.78235,553.122,307.619,-0.176509,0.260951,9.47349,-0.0438389,558.23,0.303324,0.362714
2022-07-01,2022-07-01 11:57:44.162000+00:00,BTC-8JUL22-19000-P,P,19000,2022-07-08 08:00:00+00:00,6.83333,0.292616,0.444715,0.8418,0.7625,-0.0793,0.168112,1036.84,63.4529,-0.0615951,0.00393863,-0.207049,0.000689447,8294.62,0.121414,0.146454
2022-07-01,2022-07-01 12:03:05.989000+00:00,BTC-8JUL22-20000-C,C,20000,2022-07-08 08:00:00+00:00,6.83333,0.292775,0.374632,0.8156,0.721,-0.0946,0.165734,994.825,65.4912,-0.059678,0.168914,3.86339,-0.0119589,16860,0.154447,0.179233
2022-07-01,2022-07-01 12:19:17.308000+00:00,BTC-3JUL22-19500-P,P,19500,2022-07-03 08:00:00+00:00,1.83333,0.732625,0.605234,0.8069,0.3782,-0.4287,0.303759,523.33,246.736,-0.220064,0.106346,5.64678,-0.0339156,1042.5,0.391866,0.441823
2022-07-01,2022-07-01 12:22:24.491000+00:00,BTC-3JUL22-19000-P,P,19000,2022-07-03 08:00:00+00:00,1.83333,0.733499,0.434476,0.8425,0.658,-0.1845,0.321022,534.259,236.31,-0.229773,0.0204739,-1.7557,0.0112526,1063.89,0.415261,0.460437
2022-07-08,2022-07-08 12:18:39.796000+00:00,BTC-10JUL22-21500-P,P,21500,2022-07-10 08:00:00+00:00,1.83333,0.732451,0.436971,0.6885,0.4714,-0.2171,-0.266915,604.256,289.166,-0.187773,0.0251632,-2.24342,0.0117622,602.079,0.387124,0.431713
2022-07-08,2022-07-08 12:25:22.634000+00:00,BTC-10JUL22-22000-C,C,22000,2022-07-10 08:00:00+00:00,1.83333,0.734332,0.375987,0.6949,0.4559,-0.239,-0.256094,582.252,286.503,-0.189518,0.164409,7.3814,-0.0376466,1155.31,0.327451,0.366015
2022-07-08,2022-07-08 12:44:52.759000+00:00,BTC-10JUL22-21000-P,P,21000,2022-07-10 08:00:00+00:00,1.83333,0.73985,0.391217,0.747,0.586,-0.161,1.41377,579.387,266.521,-0.203727,0.081245,-4.18012,0.0231894,6894.41,0.214591,0.25341
2022-07-15,2022-07-15 11:44:28.766000+00:00,BTC-22JUL22-20500-P,P,20500,2022-07-22 08:00:00+00:00,6.83333,0.292222,0.427186,0.6658,0.7297,0.0639,2.47324,1114.23,80.2262,-0.0487171,0.0255145,-1.01556,0.00265551,7789.16,-0.0327903,-0.00531835
2022-07-15,2022-07-15 12:17:35.434000+00:00,BTC-22JUL22-21500-C,C,21500,2022-07-22 08:00:00+00:00,6.83333,0.293207,0.369862,0.6467,0.7292,0.0825,2.23862,1074.37,82.5957,-0.0473195,0.215685,4.75025,-0.0116125,106751,-0.0910513,-0.0631474
2022-07-15,2022-07-15 12:39:33.791000+00:00,BTC-17JUL22-21000-C,C,21000,2022-07-17 08:00:00+00:00,1.83333,0.738337,0.470388,0.6031,0.6634,0.0602999,1.32174,589.758,330.113,-0.164482,0.01414,2.71761,-0.0126043,585.284,0.0617717,0.117865
2022-07-22,2022-07-22 11:44:49.679000+00:00,BTC-29JUL22-23000-P,P,23000,2022-07-29 08:00:00+00:00,6.83333,0.292232,0.388625,0.7797,0.7384,-0.0413,-4.14814,1236.1,68.5066,-0.0570512,0.0640203,-1.65309,0.00494591,2480.86,0.0365367,0.0636468
2022-07-22,2022-07-22 12:22:34.683000+00:00,BTC-29JUL22-24000-C,C,24000,2022-07-29 08:00:00+00:00,6.83333,0.293356,0.469766,0.7828,0.7581,-0.0247,-5.0798,1288.36,68.2354,-0.057278,0.017661,1.70628,-0.00531955,7724.3,0.0433848,0.0697799
2022-07-29,2022-07-29 12:01:37.622000+00:00,BTC-5AUG22-23500-P,P,23500,2022-08-05 08:00:00+00:00,6.83333,0.292731,0.439644,0.6891,0.7289,0.0398,-0.360303,1280.64,77.5136,-0.050422,0.0126898,-0.610689,0.00166154,5131.48,-0.0269559,0.000406713
2022-07-29,2022-07-29 11:53:06.848000+00:00,BTC-31JUL22-24000-P,P,24000,2022-07-31 08:00:00+00:00,1.83333,0.725381,0.591069,0.6933,0.7243,0.031,-0.0892759,652.524,287.164,-0.189082,0.0930872,5.69435,-0.0296432,3277.35,0.119353,0.183206
2022-07-29,2022-07-29 11:50:16.738000+00:00,BTC-31JUL22-23500-C,C,23500,2022-07-31 08:00:00+00:00,1.83333,0.724605,0.562579,0.6942,0.6131,-0.0811,-0.0277072,660.534,286.792,-0.189327,0.024652,-2.20555,0.0116604,3962.72,-0.0728593,-0.0152372
2022-07-29,2022-07-29 12:13:48.802000+00:00,BTC-5AUG22-23000-P,P,23000,2022-08-05 08:00:00+00:00,6.83333,0.293094,0.360357,0.6895,0.7537,0.0642001,-0.666681,1212.8,77.4687,-0.0504512,0.136284,-2.78752,0.00720185,7271.12,-0.0637815,-0.0369665
2022-07-29,2022-07-29 11:45:03.475000+00:00,BTC-31JUL22-23500-P,P,23500,2022-07-31 08:00:00+00:00,1.83333,0.72318,0.455769,0.6979,0.6034,-0.0945,0.199335,663.166,285.271,-0.190336,0.00985513,-1.24968,0.0066837,12484.1,0.147388,0.200998
2022-07-29,2022-07-29 11:41:51.810000+00:00,BTC-5AUG22-24500-C,C,24500,2022-08-05 08:00:00+00:00,6.83333,0.292144,0.363715,0.6683,0.7296,0.0613,-0.466827,1213.76,79.9261,-0.0489,0.22995,4.81613,-0.0120961,1215.05,-0.0667315,-0.0378971
2022-07-29,2022-07-29 11:41:27.119000+00:00,BTC-31JUL22-24000-C,C,24000,2022-07-31 08:00:00+00:00,1.83333,0.722199,0.385883,0.6458,0.5845,-0.0613,-0.0468515,641.11,308.286,-0.176127,0.151987,7.36334,-0.0351453,3269.46,-0.0860189,-0.0249016
2022-07-29,2022-07-29 11:41:26.219000+00:00,BTC-5AUG22-24000-P,P,24000,2022-08-05 08:00:00+00:00,6.83333,0.292132,0.539826,0.6908,0.7334,0.0425999,-0.259391,1285.46,77.3229,-0.0505463,0.0282348,2.05987,-0.00565497,1286.7,-0.0542605,-0.0248866
2022-07-29,2022-07-29 11:29:36.089000+00:00,BTC-5AUG22-24000-C,C,24000,2022-08-05 08:00:00+00:00,6.83333,0.291782,0.486477,0.6817,0.7154,0.0337,-0.39511,1299.48,78.355,-0.0498805,0.00637183,1.3656,-0.00371605,3832.44,-0.134189,-0.10593
2022-08-05,2022-08-05 11:58:43.425000+00:00,BTC-12AUG22-24000-C,C,24000,2022-08-12 08:00:00+00:00,6.83333,0.292645,0.41327,0.6939,0.6198,-0.0741,-1.75263,1247,76.9774,-0.0507732,0.0992064,3.30832,-0.00895141,25724.9,0.0634946,0.08963
2022-08-05,2022-08-05 12:01:19.252000+00:00,BTC-7AUG22-23500-C,C,23500,2022-08-07 08:00:00+00:00,1.83333,0.727637,0.480272,0.5775,0.5233,-0.0542,-1.95614,661.727,344.746,-0.1575,0.00773865,2.20818,-0.00982128,40057.7,0.0950122,0.137962
2022-08-05,2022-08-05 11:58:10.170000+00:00,BTC-7AUG22-23500-P,P,23500,2022-08-07 08:00:00+00:00,1.83333,0.726769,0.533274,0.5916,0.551,-0.0406,-1.95583,659.225,336.53,-0.161345,0.0177195,2.99262,-0.0136043,21028.8,0.112996,0.164504
2022-08-05,2022-08-05 11:56:58.435000+00:00,BTC-12AUG22-23000-P,P,23000,2022-08-12 08:00:00+00:00,6.83333,0.292593,0.410558,0.6821,0.6369,-0.0452,-1.53445,1244.45,78.3091,-0.0499098,0.044026,-1.42292,0.00377871,12476.1,0.106104,0.13227
2022-08-05,2022-08-05 11:34:22.680000+00:00,BTC-7AUG22-23000-P,P,23000,2022-08-07 08:00:00+00:00,1.83333,0.720282,0.355007,0.5706,0.3824,-0.1882,-1.58324,615.223,348.915,-0.155618,0.217938,-8.23453,0.033791,618.571,0.253664,0.304611
2022-08-05,2022-08-05 12:28:21.196000+00:00,BTC-12AUG22-23000-C,C,23000,2022-08-12 08:00:00+00:00,6.83333,0.293529,0.593941,0.682,0.6235,-0.0585,-1.85699,1242.49,78.3206,-0.0499024,0.0502032,-1.54498,0.00409145,16244.4,0.0625605,0.0902392
2022-08-05,2022-08-05 12:30:08.700000+00:00,BTC-7AUG22-23000-C,C,23000,2022-08-07 08:00:00+00:00,1.83333,0.735673,0.636271,0.5469,0.397,-0.1499,-1.42606,620.178,364.035,-0.149155,0.195256,-7.94571,0.0315535,12178.2,0.301674,0.356096
2022-08-05,2022-08-05 12:34:35.304000+00:00,BTC-12AUG22-22500-P,P,22500,2022-08-12 08:00:00+00:00,6.83333,0.293715,0.351418,0.6981,0.6432,-0.0549,-1.11859,1179.14,76.5143,-0.0510805,0.1558,-2.98868,0.00774987,11834.2,0.081262,0.107231
2022-08-12,2022-08-12 11:43:13.345000+00:00,BTC-19AUG22-23500-P,P,23500,2022-08-19 08:00:00+00:00,6.83333,0.292185,0.4461,0.6263,0.6044,-0.0219,3.10849,1281.17,85.286,-0.0458268,0.0107941,-0.581935,0.00144239,19234.9,0.0205649,0.0477626
2022-08-12,2022-08-12 11:39:59.536000+00:00,BTC-19AUG22-23000-P,P,23000,2022-08-19 08:00:00+00:00,6.83333,0.292089,0.352592,0.6193,0.6448,0.0255,2.9818,1202.41,86.25,-0.0453146,0.179682,-3.46832,0.0079856,1203.77,-0.0264795,0.000448135
2022-08-12,2022-08-12 12:22:10.693000+00:00,BTC-19AUG22-24500-P,P,24500,2022-08-19 08:00:00+00:00,6.83333,0.293344,0.627285,0.6075,0.6038,-0.00369999,2.60466,1230.88,87.9253,-0.0444512,0.217387,4.90044,-0.0112817,1229.31,-0.00616355,0.023507
2022-08-12,2022-08-12 11:32:24.381000+00:00,BTC-19AUG22-24500-C,C,24500,2022-08-19 08:00:00+00:00,6.83333,0.291864,0.354015,0.6,0.5929,-0.00709999,2.99182,1204.61,89.0244,-0.0439024,0.285885,5.56959,-0.0124403,2429.72,0.0600239,0.0874032
2022-08-19,2022-08-19 12:04:05.978000+00:00,BTC-26AUG22-22000-C,C,22000,2022-08-26 08:00:00+00:00,6.83333,0.292805,0.409037,0.6588,0.6768,0.018,-1.58856,1140.91,81.0787,-0.0482049,0.111732,3.55107,-0.00910013,12583.5,-0.00199865,0.0246694
2022-08-19,2022-08-19 12:12:43.531000+00:00,BTC-21AUG22-21500-P,P,21500,2022-08-21 08:00:00+00:00,1.83333,0.730795,0.524534,0.6613,0.5427,-0.1186,-0.889527,604.343,301.06,-0.180355,0.0100206,2.30743,-0.0117442,2410.6,0.289994,0.339817
2022-08-19,2022-08-19 11:32:36.829000+00:00,BTC-21AUG22-21500-C,C,21500,2022-08-21 08:00:00+00:00,1.83333,0.719806,0.496832,0.6674,0.5528,-0.1146,-1.45921,606.951,298.308,-0.182018,0.000684508,1.17394,-0.0060413,1816.13,0.253814,0.298132
2022-08-19,2022-08-19 12:31:20.325000+00:00,BTC-21AUG22-21000-P,P,21000,2022-08-21 08:00:00+00:00,1.83333,0.73601,0.366131,0.704,0.657,-0.047,-0.649912,569.221,282.8,-0.192,0.140447,-5.82204,0.0298265,565.496,0.356836,0.404914
2022-08-26,2022-08-26 11:36:34.201000+00:00,BTC-2SEP22-21500-C,C,21500,2022-09-02 08:00:00+00:00,6.83333,0.291988,0.425801,0.5998,0.5904,-0.00939999,-5.61039,1131.75,89.0541,-0.0438878,0.0841884,3.2834,-0.00772898,12644,-0.0209669,0.00542941
2022-08-26,2022-08-26 12:30:06.292000+00:00,BTC-2SEP22-22000-C,C,22000,2022-09-02 08:00:00+00:00,6.83333,0.293581,0.355433,0.6112,0.5987,-0.0125,-5.56231,1083.47,87.3931,-0.044722,0.274609,5.42432,-0.0123657,38429.6,-0.207663,-0.17982
2022-09-02,2022-09-02 11:57:53.488000+00:00,BTC-9SEP22-20000-P,P,20000,2022-09-09 08:00:00+00:00,6.83333,0.29262,0.469727,0.6373,0.6087,-0.0286,-1.17765,1091.65,83.814,-0.0466317,-0.00134021,0.128959,-0.00032731,14151.9,0.0536284,0.0800928
2022-09-02,2022-09-02 11:48:09.277000+00:00,BTC-4SEP22-20000-C,C,20000,2022-09-04 08:00:00+00:00,1.83333,0.724024,0.525792,0.6173,0.3278,-0.2895,-1.0332,565.352,322.519,-0.168355,0.00220185,-0.479866,0.00227939,13502.2,0.212348,0.257031
2022-09-02,2022-09-02 12:30:05.285000+00:00,BTC-9SEP22-20000-C,C,20000,2022-09-09 08:00:00+00:00,6.83333,0.293581,0.562185,0.6387,0.5994,-0.0393,-1.78197,1089.12,83.6302,-0.0467341,0.0169001,-0.789712,0.00199008,19535.9,0.0566104,0.0834828
2022-09-09,2022-09-09 12:00:01.288000+00:00,BTC-11SEP22-21000-P,P,21000,2022-09-11 08:00:00+00:00,1.83333,0.727279,0.514224,0.6218,0.6294,0.00759998,3.19092,591.866,320.185,-0.169582,0.00457265,1.80923,-0.00866926,5285.43,0.161845,0.202839
2022-09-09,2022-09-09 12:05:20.798000+00:00,BTC-16SEP22-21000-C,C,21000,2022-09-16 08:00:00+00:00,6.83333,0.292842,0.518511,0.6804,0.7497,0.0693,3.33272,1145.05,78.5048,-0.0497854,-0.0031845,0.501268,-0.00136077,66376.9,-0.0408191,-0.0142395
2022-09-09,2022-09-09 12:34:18.077000+00:00,BTC-16SEP22-21500-C,C,21500,2022-09-16 08:00:00+00:00,6.83333,0.293707,0.440897,0.6701,0.7527,0.0825999,2.79011,1140.29,79.7114,-0.0490317,0.0530976,2.61719,-0.00692816,8014.97,-0.0568756,-0.0304518
2022-09-09,2022-09-09 12:37:41.181000+00:00,BTC-11SEP22-21500-C,C,21500,2022-09-11 08:00:00+00:00,1.83333,0.737805,0.358613,0.5872,0.7012,0.114,2.47567,560.95,339.051,-0.160145,0.245287,9.63317,-0.040892,10223.3,0.118795,0.170009
2022-09-09,2022-09-09 12:37:55.437000+00:00,BTC-16SEP22-21500-P,P,21500,2022-09-16 08:00:00+00:00,6.83333,0.293815,0.533575,0.656,0.7471,0.0911,2.25159,1156.03,81.4247,-0.048,0.02222,1.93501,-0.00505214,1153.76,-0.0532407,-0.0263429
2022-09-09,2022-09-09 11:20:15.075000+00:00,BTC-16SEP22-20500-P,P,20500,2022-09-16 08:00:00+00:00,6.83333,0.291505,0.379854,0.6689,0.7322,0.0633,2.90774,1093.5,79.8544,-0.0489439,0.0983474,-2.34666,0.00598214,1095.85,-0.044209,-0.0177263
2022-09-16,2022-09-16 11:47:12.269000+00:00,BTC-23SEP22-19500-P,P,19500,2022-09-23 08:00:00+00:00,6.83333,0.292303,0.399459,0.6552,0.646,-0.00919998,0.907694,1050,81.5242,-0.0479415,0.0642609,-1.84282,0.00466843,13715.1,0.039584,0.0657922
2022-09-16,2022-09-16 12:15:57.933000+00:00,BTC-18SEP22-20000-C,C,20000,2022-09-18 08:00:00+00:00,1.83333,0.731698,0.423939,0.5396,0.3763,-0.1633,1.40161,550.795,368.96,-0.147164,0.0812456,5.99785,-0.0245046,1648.48,0.0700394,0.124568
2022-09-16,2022-09-16 11:41:03.065000+00:00,BTC-23SEP22-20000-C,C,20000,2022-09-23 08:00:00+00:00,6.83333,0.29212,0.489819,0.6321,0.6307,-0.00139999,0.857052,1084.88,84.5035,-0.0462512,0.00454644,1.29636,-0.0032718,9764.31,0.0200138,0.0466426
2022-09-16,2022-09-16 11:38:25.189000+00:00,BTC-18SEP22-20000-P,P,20000,2022-09-18 08:00:00+00:00,1.83333,0.721376,0.579728,0.5498,0.3568,-0.193,1.46187,549.272,362.115,-0.149945,0.0886764,6.18868,-0.0257063,2179.28,0.335673,0.386868
2022-09-16,2022-09-16 11:37:19.469000+00:00,BTC-23SEP22-20500-C,C,20500,2022-09-23 08:00:00+00:00,6.83333,0.29201,0.36195,0.6107,0.6165,0.00580002,0.90177,1016.96,87.4646,-0.0446854,0.253319,5.23355,-0.0119913,6065.92,0.0267975,0.0529996
2022-09-23,2022-09-23 12:00:51.010000+00:00,BTC-25SEP22-19000-P,P,19000,2022-09-25 08:00:00+00:00,1.83333,0.727507,0.554707,0.7229,0.3887,-0.3342,0.433251,527.716,275.406,-0.197155,0.0359124,3.68441,-0.0203447,5852,0.352045,0.405473
2022-09-23,2022-09-23 12:02:01.440000+00:00,BTC-30SEP22-18500-P,P,18500,2022-09-30 08:00:00+00:00,6.83333,0.292743,0.405224,0.7102,0.6605,-0.0496999,0.527328,999.614,75.2107,-0.0519659,0.0481763,-1.46809,0.00404632,12922.4,0.0710445,0.0977954
2022-09-23,2022-09-23 12:03:54.527000+00:00,BTC-25SEP22-19000-C,C,19000,2022-09-25 08:00:00+00:00,1.83333,0.728351,0.453586,0.7022,0.4373,-0.2649,0.297625,529.83,283.525,-0.191509,0.0275782,3.34062,-0.0179661,4251.17,0.310284,0.362507
2022-09-23,2022-09-23 11:53:05.912000+00:00,BTC-30SEP22-19000-C,C,19000,2022-09-30 08:00:00+00:00,6.83333,0.292478,0.49422,0.6865,0.6472,-0.0393,0.528512,1031.05,77.8072,-0.0502317,0.00229497,1.15465,-0.00316564,8247.84,0.0368281,0.0637394
2022-09-30,2022-09-30 12:02:52.841000+00:00,BTC-7OCT22-19000-P,P,19000,2022-10-07 08:00:00+00:00,6.83333,0.292769,0.372666,0.6284,0.6403,0.0119,-0.852721,1007.98,85.001,-0.0459805,0.123406,-2.77714,0.00661223,20372.9,0.00472263,0.0304222
2022-09-30,2022-09-30 12:03:48.791000+00:00,BTC-7OCT22-20000-C,C,20000,2022-10-07 08:00:00+00:00,6.83333,0.292796,0.380778,0.5953,0.5891,-0.00619999,-0.858113,1013.8,89.7273,-0.0435585,0.196102,4.72441,-0.010728,23213.3,0.0476915,0.073352
2022-09-30,2022-09-30 12:11:38.525000+00:00,BTC-7OCT22-19500-C,C,19500,2022-10-07 08:00:00+00:00,6.83333,0.29303,0.494909,0.6132,0.6096,-0.00360001,-0.578771,1059.47,87.108,-0.0448683,0.00200133,1.15141,-0.00281977,7382.63,0.0348461,0.0610451
2022-09-30,2022-09-30 12:18:33.415000+00:00,BTC-2OCT22-19500-C,C,19500,2022-10-02 08:00:00+00:00,1.83333,0.732421,0.471191,0.5608,0.3828,-0.178,-0.715696,547.915,355.012,-0.152945,0.0143085,2.80861,-0.0121141,6466.45,0.273361,0.314591
2022-09-30,2022-09-30 12:30:12.339000+00:00,BTC-2OCT22-19000-P,P,19000,2022-10-02 08:00:00+00:00,1.83333,0.73569,0.352762,0.6315,0.4979,-0.1336,0.0484513,508.531,315.267,-0.172227,0.197182,-7.40031,0.0335771,2055.18,0.219843,0.260669
2022-10-07,2022-10-07 12:06:49.308000+00:00,BTC-14OCT22-20500-C,C,20500,2022-10-14 08:00:00+00:00,6.83333,0.292886,0.395614,0.5658,0.5287,-0.0371,-3.06603,1055.44,94.4055,-0.0414,0.159944,4.41786,-0.00964026,12522,0.0367272,0.0622887
2022-10-07,2022-10-07 12:10:29.584000+00:00,BTC-14OCT22-19500-C,C,19500,2022-10-14 08:00:00+00:00,6.83333,0.292995,0.646552,0.5679,0.5324,-0.0355,-2.85235,1018.14,94.0564,-0.0415537,0.197343,-3.83721,0.00811011,17768.9,0.0479172,0.0765958
2022-10-07,2022-10-07 11:48:14.530000+00:00,BTC-14OCT22-20000-C,C,20000,2022-10-14 08:00:00+00:00,6.83333,0.292334,0.516709,0.5646,0.5268,-0.0378,-3.02286,1091.03,94.6062,-0.0413122,-0.00262384,0.457944,-0.00103179,35906.5,0.0467772,0.0731148
2022-10-07,2022-10-07 11:43:02.076000+00:00,BTC-14OCT22-19500-P,P,19500,2022-10-14 08:00:00+00:00,6.83333,0.292179,0.362504,0.5739,0.5427,-0.0312,-2.8563,1025.35,93.0731,-0.0419927,0.167745,-3.48278,0.00750366,13534.6,0.038426,0.0643523
2022-10-14,2022-10-14 11:59:30.652000+00:00,BTC-21OCT22-20000-C,C,20000,2022-10-21 08:00:00+00:00,6.83333,0.292668,0.384149,0.4927,0.484,-0.00869999,-2.46255,1022.47,108.412,-0.0360512,0.216475,5.37017,-0.0101191,34114.6,0.009518,0.0351247
2022-10-14,2022-10-14 12:15:46.043000+00:00,BTC-16OCT22-19500-P,P,19500,2022-10-16 08:00:00+00:00,1.83333,0.731642,0.434762,0.461,0.5125,0.0515,-2.46099,546.615,431.867,-0.125727,0.0466369,-4.01564,0.0140844,4852.3,0.0991413,0.145579
2022-10-21,2022-10-21 12:11:28.608000+00:00,BTC-28OCT22-19000-P,P,19000,2022-10-28 08:00:00+00:00,6.83333,0.293025,0.522248,0.388,0.3868,-0.00119999,1.47547,1031.01,137.667,-0.0283902,0.0156312,2.0498,-0.00317166,36735.4,-0.0976899,-0.070273
2022-10-21,2022-10-21 12:11:30.749000+00:00,BTC-23OCT22-19000-P,P,19000,2022-10-23 08:00:00+00:00,1.83333,0.730458,0.571291,0.3531,0.2873,-0.0658,1.54448,526.114,563.837,-0.0963,0.103662,8.16148,-0.0218678,524.924,-0.148089,-0.102961
2022-10-21,2022-10-21 12:11:42.730000+00:00,BTC-28OCT22-18500-P,P,18500,2022-10-28 08:00:00+00:00,6.83333,0.293032,0.37698,0.4149,0.4134,-0.00150002,2.12028,977.159,128.741,-0.0303585,0.19367,-4.51829,0.00712893,63278.1,-0.0276482,-0.00145595
2022-10-28,2022-10-28 11:54:00.879000+00:00,BTC-4NOV22-20500-C,C,20500,2022-11-04 08:00:00+00:00,6.83333,0.292505,0.406865,0.4378,0.4991,0.0613,3.01815,1071.17,122.007,-0.0320341,0.159153,4.93484,-0.00839271,20382,-0.0309475,-0.00440575
2022-10-28,2022-10-28 11:52:42.506000+00:00,BTC-4NOV22-20000-P,P,20000,2022-11-04 08:00:00+00:00,6.83333,0.292466,0.43142,0.4452,0.5091,0.0639,3.00755,1084.9,119.979,-0.0325756,0.0434275,-1.83675,0.00321764,36793.6,-0.0562791,-0.0300338
2022-10-28,2022-10-28 11:51:45.228000+00:00,BTC-4NOV22-20000-C,C,20000,2022-11-04 08:00:00+00:00,6.83333,0.292438,0.567054,0.4565,0.5212,0.0647,3.16281,1085.55,117.009,-0.0334024,0.0393948,-1.70444,0.00306368,33656.5,-0.0432107,-0.0157169
2022-11-04,2022-11-04 12:05:56.061000+00:00,BTC-11NOV22-21000-C,C,21000,2022-11-11 08:00:00+00:00,6.83333,0.29286,0.35663,0.4378,0.4856,0.0478,3.84899,1046.31,122.007,-0.0320341,0.358504,7.1325,-0.0116582,29831,-0.0518284,-0.024064
2022-11-04,2022-11-04 12:15:22.113000+00:00,BTC-11NOV22-21000-P,P,21000,2022-11-11 08:00:00+00:00,6.83333,0.293141,0.646228,0.4359,0.5069,0.071,3.89253,1043.07,122.539,-0.0318951,0.373577,7.28437,-0.011822,3167.48,-0.0794005,-0.0485183
2022-11-04,2022-11-04 12:30:07.487000+00:00,BTC-11NOV22-20000-P,P,20000,2022-11-11 08:00:00+00:00,6.83333,0.293582,0.35202,0.4497,0.5333,0.0836,4.10492,1037.94,118.778,-0.0329049,0.268154,-5.16577,0.00863417,1036.16,-0.0352206,-0.00888965
2022-11-11,2022-11-11 11:59:59.867000+00:00,BTC-13NOV22-17000-C,C,17000,2022-11-13 08:00:00+00:00,1.83333,0.727272,0.619967,0.799,0.5617,-0.2373,-2.59479,466.01,249.175,-0.217909,0.0950832,-4.39309,0.0258332,8435.55,0.243569,0.297338
2022-11-11,2022-11-11 11:59:54.053000+00:00,BTC-18NOV22-17000-P,P,17000,2022-11-18 08:00:00+00:00,6.83333,0.29268,0.444375,0.7456,0.7776,0.032,-2.76737,927.294,71.6398,-0.0545561,0.007105,-0.371207,0.00109469,13905.8,0.0162634,0.0423257
2022-11-11,2022-11-11 12:00:08.693000+00:00,BTC-13NOV22-17250-C,C,17250,2022-11-13 08:00:00+00:00,1.83333,0.727313,0.51836,0.7469,0.6135,-0.1334,-2.92983,487.712,266.556,-0.2037,-0.00042506,0.130274,-0.0007495,8785,0.040418,0.0838165
2022-11-11,2022-11-11 11:55:24.137000+00:00,BTC-18NOV22-17000-C,C,17000,2022-11-18 08:00:00+00:00,6.83333,0.292546,0.549744,0.7432,0.7646,0.0214,-2.629,927.707,71.8711,-0.0543805,0.00392486,-0.229441,0.000675772,12974.6,-0.0726631,-0.0449458
2022-11-11,2022-11-11 11:35:35.134000+00:00,BTC-13NOV22-17000-P,P,17000,2022-11-13 08:00:00+00:00,1.83333,0.720609,0.356773,0.8074,0.5998,-0.2076,-3.33633,457.92,246.583,-0.2202,0.14209,-5.44029,0.031647,460.274,0.301518,0.350465
2022-11-11,2022-11-11 12:36:12.137000+00:00,BTC-18NOV22-16500-P,P,16500,2022-11-18 08:00:00+00:00,6.83333,0.293764,0.355385,0.8437,0.8215,-0.0222,-2.49151,871.874,63.31,-0.0617341,0.111897,-2.20817,0.00694791,1740.23,0.0568137,0.0831745
2022-11-18,2022-11-18 12:02:00.105000+00:00,BTC-20NOV22-16750-C,C,16750,2022-11-20 08:00:00+00:00,1.83333,0.727825,0.490074,0.4966,0.3486,-0.148,-0.250037,472.733,400.908,-0.135436,0.0030063,1.70634,-0.00653206,945.107,0.244111,0.28989
2022-11-18,2022-11-18 12:02:56.090000+00:00,BTC-25NOV22-17000-C,C,17000,2022-11-25 08:00:00+00:00,6.83333,0.29277,0.423886,0.5762,0.5939,0.0177,-0.236248,894.56,92.7016,-0.042161,0.090185,3.43433,-0.00775951,3577.96,0.0101783,0.0354343
2022-11-18,2022-11-18 12:09:15.081000+00:00,BTC-25NOV22-16500-P,P,16500,2022-11-25 08:00:00+00:00,6.83333,0.292958,0.424044,0.6207,0.6334,0.0127,-0.384228,895.565,86.0555,-0.0454171,0.0328845,-1.25496,0.00305468,6284.09,0.0338191,0.0586622
2022-11-18,2022-11-18 11:50:28.208000+00:00,BTC-20NOV22-16500-P,P,16500,2022-11-20 08:00:00+00:00,1.83333,0.724657,0.360442,0.5147,0.4513,-0.0634,-0.128018,443.038,386.81,-0.140373,0.223444,-8.81023,0.0327979,1758,0.260204,0.302287
2022-11-18,2022-11-18 11:47:26.161000+00:00,BTC-25NOV22-16500-C,C,16500,2022-11-25 08:00:00+00:00,6.83333,0.29231,0.56383,0.6178,0.6407,0.0229,-0.127231,898.055,86.4594,-0.0452049,0.0198268,-0.901503,0.00219595,2690.17,0.0121484,0.0387024
2022-11-18,2022-11-18 11:35:28.131000+00:00,BTC-20NOV22-16750-P,P,16750,2022-11-20 08:00:00+00:00,1.83333,0.720577,0.507325,0.4957,0.3991,-0.0966,-0.273923,472.903,401.636,-0.135191,0.00201753,1.52972,-0.00584611,1416.44,0.219411,0.265706
2022-11-25,2022-11-25 11:48:49.223000+00:00,BTC-2DEC22-16500-C,C,16500,2022-12-02 08:00:00+00:00,6.83333,0.292351,0.508324,0.5193,0.5404,0.0211,-0.378,899.531,102.859,-0.0379976,-0.00201497,0.706743,-0.00146556,7202.93,0.00879702,0.0344378
2022-11-25,2022-11-25 12:29:09.689000+00:00,BTC-27NOV22-16500-C,C,16500,2022-11-27 08:00:00+00:00,1.83333,0.735396,0.540946,0.4154,0.2753,-0.1401,-0.566101,465.278,479.275,-0.113291,0.0179893,-2.47856,0.00789772,462.681,0.187905,0.235383
2022-12-02,2022-12-02 11:37:34.962000+00:00,BTC-9DEC22-17000-P,P,17000,2022-12-09 08:00:00+00:00,6.83333,0.292018,0.481815,0.4308,0.4797,0.0489,-0.589552,927.876,123.989,-0.031522,-0.00141377,0.226673,-0.00038962,2785.79,-0.0169247,0.00871594
2022-12-02,2022-12-02 11:35:27.061000+00:00,BTC-9DEC22-17000-C,C,17000,2022-12-09 08:00:00+00:00,6.83333,0.291955,0.523946,0.4351,0.4693,0.0342,-0.451304,927.959,122.764,-0.0318366,7.28439e-05,-0.00886404,1.53764e-05,4643.68,-0.0285703,-0.00263259
2022-12-02,2022-12-02 11:35:25.233000+00:00,BTC-4DEC22-17000-C,C,17000,2022-12-04 08:00:00+00:00,1.83333,0.720564,0.508979,0.3879,0.3422,-0.0457,-0.577054,480.649,513.253,-0.105791,-0.000290139,0.182061,-0.000544428,1931.59,0.149407,0.194586
2022-12-09,2022-12-09 11:59:09.608000+00:00,BTC-16DEC22-17000-C,C,17000,2022-12-16 08:00:00+00:00,6.83333,0.292658,0.595381,0.4737,0.4861,0.0124,-0.551698,913.601,112.76,-0.034661,0.0900039,-2.72473,0.00500712,1823.81,0.000878852,0.0275578
2022-12-09,2022-12-09 11:47:34.667000+00:00,BTC-16DEC22-17500-C,C,17500,2022-12-16 08:00:00+00:00,6.83333,0.292314,0.410186,0.4552,0.4587,0.00349998,-0.54775,916.041,117.343,-0.0333073,0.144542,4.64862,-0.00823626,17457.5,0.0101851,0.0350891
2022-12-09,2022-12-09 12:41:21.832000+00:00,BTC-11DEC22-17250-C,C,17250,2022-12-11 08:00:00+00:00,1.83333,0.738849,0.519016,0.3255,0.2843,-0.0412,-0.742841,487.578,611.646,-0.0887727,0.00356321,-1.05866,0.00265418,3368.27,0.172499,0.211485
2022-12-23,2022-12-23 12:04:22.706000+00:00,BTC-30DEC22-17000-C,C,17000,2022-12-30 08:00:00+00:00,6.83333,0.292813,0.412663,0.3239,0.3233,-0.000599976,-0.0234427,895.951,164.911,-0.0237,0.180489,5.97856,-0.00754838,3586.38,0.013237,0.0381941
2022-12-23,2022-12-23 11:50:04.964000+00:00,BTC-25DEC22-16750-P,P,16750,2022-12-25 08:00:00+00:00,1.83333,0.724551,0.373354,0.2456,0.1811,-0.0645,-0.0299959,451.904,810.631,-0.0669818,0.403327,-17.5886,0.0316112,1344.23,0.10308,0.139411
2022-12-23,2022-12-23 12:26:35.895000+00:00,BTC-30DEC22-17000-P,P,17000,2022-12-30 08:00:00+00:00,6.83333,0.293476,0.587634,0.3118,0.3191,0.0073,-0.0639989,896.233,171.311,-0.0228146,0.187046,6.18269,-0.00751372,15249.4,0.00559391,0.0315666
2022-12-30,2022-12-30 11:57:58.799000+00:00,BTC-1JAN23-16500-P,P,16500,2023-01-01 08:00:00+00:00,1.83333,0.726717,0.519286,0.2185,0.1683,-0.0502,0.199575,465.567,911.171,-0.0595909,0.0141445,4.12465,-0.00694134,4171.29,0.0523378,0.0990713
2023-01-06,2023-01-06 11:58:22.949000+00:00,BTC-13JAN23-16500-P,P,16500,2023-01-13 08:00:00+00:00,6.83333,0.292635,0.37602,0.3142,0.3036,-0.0106,1.35561,867.725,170.002,-0.0229902,0.274524,-6.34979,0.00758059,24410.1,0.0110823,0.036458
2023-01-20,2023-01-20 12:03:32.438000+00:00,BTC-27JAN23-21000-P,P,21000,2023-01-27 08:00:00+00:00,6.83333,0.292788,0.484975,0.4337,0.6602,0.2265,8.72615,1146.03,123.16,-0.0317341,-0.00188218,0.36513,-0.000632042,12595.1,-0.270149,-0.240209
2023-01-20,2023-01-20 12:41:56.999000+00:00,BTC-27JAN23-21000-C,C,21000,2023-01-27 08:00:00+00:00,6.83333,0.293936,0.554084,0.4388,0.6591,0.2203,8.07879,1143.02,121.729,-0.0321073,0.0234586,-1.26227,0.00219194,3429.93,-0.201935,-0.172295
2023-01-27,2023-01-27 11:59:54.575000+00:00,BTC-3FEB23-22500-P,P,22500,2023-02-03 08:00:00+00:00,6.83333,0.29268,0.368128,0.5166,0.5181,0.00150002,0.247501,1185.45,103.397,-0.0378,0.173516,-3.76508,0.00734026,14246.8,0.0164562,0.0421542
2023-01-27,2023-01-27 11:58:01.376000+00:00,BTC-29JAN23-22750-P,P,22750,2023-01-29 08:00:00+00:00,1.83333,0.726728,0.37149,0.409,0.4659,0.0569,0.313626,615.103,486.775,-0.111545,0.239828,-10.3163,0.0308316,2453.73,0.0772353,0.120396
2023-01-27,2023-01-27 12:06:26.444000+00:00,BTC-3FEB23-23500-C,C,23500,2023-02-03 08:00:00+00:00,6.83333,0.292875,0.398078,0.5359,0.527,-0.00889999,0.143654,1214.17,99.6728,-0.0392122,0.15975,4.52153,-0.0093607,4850.95,0.0180116,0.0443225
2023-01-27,2023-01-27 12:10:58.381000+00:00,BTC-29JAN23-23000-C,C,23000,2023-01-29 08:00:00+00:00,1.83333,0.730308,0.499575,0.4316,0.3967,-0.0349,0.516162,649.973,461.286,-0.117709,7.31969e-05,1.0327,-0.0034369,3877.29,0.0732245,0.121554
2023-01-27,2023-01-27 11:48:04.914000+00:00,BTC-3FEB23-23000-P,P,23000,2023-02-03 08:00:00+00:00,6.83333,0.292329,0.489949,0.5176,0.5241,0.00650002,0.297105,1254.17,103.197,-0.0378732,-0.00221989,0.644619,-0.00133222,2506.31,0.0196408,0.0456367
2023-01-27,2023-01-27 12:13:33.089000+00:00,BTC-29JAN23-23000-P,P,23000,2023-01-29 08:00:00+00:00,1.83333,0.731025,0.504914,0.4137,0.3427,-0.071,0.212525,649.737,481.245,-0.112827,0.00122586,1.41648,-0.00451832,1296.13,0.151087,0.199798
2023-01-27,2023-01-27 11:38:49.358000+00:00,BTC-29JAN23-23250-C,C,23250,2023-01-29 08:00:00+00:00,1.83333,0.721485,0.355723,0.4425,0.2676,-0.1749,0.290426,606.124,449.923,-0.120682,0.338257,12.8466,-0.0409113,608.913,0.237358,0.274717
2023-01-27,2023-01-27 11:33:33.921000+00:00,BTC-3FEB23-23000-C,C,23000,2023-02-03 08:00:00+00:00,6.83333,0.291899,0.50526,0.5337,0.5168,-0.0169,0.333982,1253.22,100.084,-0.0390512,-0.00147136,0.820532,-0.00174893,7506.84,0.0427848,0.0685152
2023-02-03,2023-02-03 12:02:44.162000+00:00,BTC-5FEB23-23500-C,C,23500,2023-02-05 08:00:00+00:00,1.83333,0.728027,0.537086,0.4855,0.2893,-0.1962,-0.97858,663.293,410.074,-0.132409,0.0112438,-1.70472,0.00635441,3981.07,0.234878,0.278049
2023-02-03,2023-02-03 12:03:20.167000+00:00,BTC-5FEB23-23250-P,P,23250,2023-02-05 08:00:00+00:00,1.83333,0.728193,0.350274,0.4982,0.2524,-0.2458,-0.909954,618.515,399.62,-0.135873,0.269294,-9.88583,0.0352736,3122.39,0.269388,0.313727
2023-02-03,2023-02-03 11:54:29.433000+00:00,BTC-5FEB23-23250-C,C,23250,2023-02-05 08:00:00+00:00,1.83333,0.725758,0.649377,0.4913,0.1997,-0.2916,-0.925,618.487,405.233,-0.133991,0.272925,-10.0285,0.0352918,1247.25,0.325279,0.377924
2023-02-03,2023-02-03 11:54:04.219000+00:00,BTC-10FEB23-23500-P,P,23500,2023-02-10 08:00:00+00:00,6.83333,0.292507,0.469494,0.4925,0.4956,0.00310001,-0.903575,1282.71,108.456,-0.0360366,0.0014235,-0.135914,0.000266573,29485.7,0.0192636,0.0450112
2023-02-03,2023-02-03 12:09:49.945000+00:00,BTC-5FEB23-23500-P,P,23500,2023-02-05 08:00:00+00:00,1.83333,0.729992,0.476292,0.503,0.4169,-0.0861,-0.866868,664.247,395.807,-0.137182,0.00280763,-0.666738,0.00258149,7289.24,0.217141,0.26308
2023-02-03,2023-02-03 12:17:06.841000+00:00,BTC-10FEB23-24000-C,C,24000,2023-02-10 08:00:00+00:00,6.83333,0.293193,0.399669,0.4959,0.4924,-0.00349998,-0.834274,1243.96,107.713,-0.0362854,0.164766,4.74232,-0.00909498,14948.3,0.0309262,0.0562888
2023-02-03,2023-02-03 11:40:25.136000+00:00,BTC-10FEB23-23000-P,P,23000,2023-02-10 08:00:00+00:00,6.83333,0.292102,0.350734,0.5,0.4919,-0.00810001,-1.02258,1194.62,106.829,-0.0365854,0.241885,-4.60788,0.00854922,9604.79,0.00963586,0.0359925
2023-02-10,2023-02-10 11:49:29.993000+00:00,BTC-17FEB23-22000-P,P,22000,2023-02-17 08:00:00+00:00,6.83333,0.292371,0.556798,0.4518,0.3897,-0.0621,0.474462,1175.97,118.226,-0.0330585,0.0648011,3.31268,-0.00591705,11827.4,0.0642124,0.0913993
2023-02-10,2023-02-10 11:46:56.428000+00:00,BTC-12FEB23-22000-P,P,22000,2023-02-12 08:00:00+00:00,1.83333,0.723693,0.633993,0.4026,0.3313,-0.0713,0.534966,580.462,494.513,-0.1098,0.317181,13.034,-0.0381471,2899.4,0.123123,0.176882
2023-02-10,2023-02-10 12:17:29.482000+00:00,BTC-12FEB23-22000-C,C,22000,2023-02-12 08:00:00+00:00,1.83333,0.732123,0.350094,0.3681,0.2653,-0.1028,0.415107,571.929,540.861,-0.100391,0.427162,15.7081,-0.041422,4044.62,0.1283,0.17059
2023-02-10,2023-02-10 12:17:41.352000+00:00,BTC-17FEB23-21500-P,P,21500,2023-02-17 08:00:00+00:00,6.83333,0.29321,0.40739,0.4754,0.4125,-0.0629,0.420049,1156.94,112.357,-0.0347854,0.083257,-2.59912,0.00480177,20791.9,0.0637666,0.089809
2023-02-10,2023-02-10 12:33:20.193000+00:00,BTC-12FEB23-21750-C,C,21750,2023-02-12 08:00:00+00:00,1.83333,0.736574,0.491388,0.376,0.2634,-0.1126,0.633877,614.249,529.497,-0.102545,0.00271333,1.79873,-0.00521397,1220.71,0.146063,0.194304
2023-02-10,2023-02-10 12:33:28.620000+00:00,BTC-12FEB23-21750-P,P,21750,2023-02-12 08:00:00+00:00,1.83333,0.736613,0.502959,0.3763,0.2887,-0.0876,0.568765,614.603,529.075,-0.102627,0.000648138,1.27001,-0.00368504,1221.25,0.146063,0.190631
2023-02-17,2023-02-17 12:01:31.103000+00:00,BTC-24FEB23-23500-P,P,23500,2023-02-24 08:00:00+00:00,6.83333,0.292728,0.405003,0.4909,0.5471,0.0562,3.51748,1263.66,108.81,-0.0359195,0.0848383,-2.57916,0.00491291,23992,-0.058248,-0.0316316
2023-02-17,2023-02-17 11:58:12.142000+00:00,BTC-19FEB23-23750-P,P,23750,2023-02-19 08:00:00+00:00,1.83333,0.726778,0.46423,0.4444,0.7656,0.3212,3.53799,670.363,447.999,-0.1212,0.0117826,-1.85129,0.00631846,1338.56,-0.0848827,-0.0459695
2023-02-17,2023-02-17 12:03:52.642000+00:00,BTC-24FEB23-24000-C,C,24000,2023-02-24 08:00:00+00:00,6.83333,0.292798,0.474001,0.4932,0.5251,0.0319,3.46454,1298.58,108.302,-0.0360878,0.0175366,1.96603,-0.00386463,33815.4,-0.0230521,0.00390682
2023-02-17,2023-02-17 11:55:53.866000+00:00,BTC-24FEB23-24500-P,P,24500,2023-02-24 08:00:00+00:00,6.83333,0.292561,0.644225,0.4957,0.5377,0.042,3.60252,1215.2,107.756,-0.0362707,0.326582,6.45325,-0.0119319,1215.49,-0.049804,-0.0197232
2023-02-17,2023-02-17 11:51:30.051000+00:00,BTC-24FEB23-24500-C,C,24500,2023-02-24 08:00:00+00:00,6.83333,0.29243,0.359779,0.4995,0.5297,0.0302,3.43373,1220.52,106.936,-0.0365488,0.307509,6.2562,-0.0117015,18332.4,-0.0132284,0.0138536
2023-02-17,2023-02-17 12:30:12.151000+00:00,BTC-19FEB23-24000-P,P,24000,2023-02-19 08:00:00+00:00,1.83333,0.735689,0.589245,0.4384,0.5932,0.1548,3.53283,656.83,454.131,-0.119564,0.130471,8.21368,-0.0270778,652.846,-0.295026,-0.249899
2023-02-24,2023-02-24 12:05:54.709000+00:00,BTC-3MAR23-23500-C,C,23500,2023-03-03 08:00:00+00:00,6.83333,0.292859,0.613945,0.4749,0.4304,-0.0445,-3.17389,1250.83,112.476,-0.0347488,0.13692,-3.45603,0.00628625,2481.05,-0.032869,-0.00323383
2023-03-03,2023-03-03 12:00:54.872000+00:00,BTC-5MAR23-22500-C,C,22500,2023-03-05 08:00:00+00:00,1.83333,0.727525,0.410374,0.3665,0.2144,-0.1521,-0.047585,616.199,543.222,-0.0999545,0.156082,9.72156,-0.0267781,1847.38,0.204205,0.2379
2023-03-03,2023-03-03 11:56:32.514000+00:00,BTC-10MAR23-22500-C,C,22500,2023-03-10 08:00:00+00:00,6.83333,0.29258,0.474091,0.4287,0.4007,-0.028,-0.144497,1218.83,124.597,-0.0313683,0.0187542,2.10833,-0.00360239,14600.7,0.0578468,0.082592
2023-03-03,2023-03-03 12:10:17.759000+00:00,BTC-5MAR23-22250-C,C,22250,2023-03-05 08:00:00+00:00,1.83333,0.73012,0.583733,0.3955,0.2414,-0.1541,-0.121867,618.639,503.39,-0.107864,0.0977085,-6.53104,0.0194789,2473.91,0.214183,0.262997
2023-03-03,2023-03-03 11:32:44.275000+00:00,BTC-5MAR23-22250-P,P,22250,2023-03-05 08:00:00+00:00,1.83333,0.719839,0.433192,0.406,0.274,-0.132,-0.106192,622.94,490.372,-0.110727,0.0583487,-4.87239,0.0150377,626.224,0.217499,0.258515
2023-03-10,2023-03-10 11:56:06.308000+00:00,BTC-17MAR23-19500-P,P,19500,2023-03-17 08:00:00+00:00,6.83333,0.292567,0.414469,0.5636,0.6273,0.0637,3.71729,1054.19,94.774,-0.041239,0.0532852,-1.80218,0.00396321,13775.5,-0.111819,-0.083089
2023-03-10,2023-03-10 11:50:35.589000+00:00,BTC-17MAR23-20000-P,P,20000,2023-03-17 08:00:00+00:00,6.83333,0.292403,0.555965,0.5312,0.5839,0.0527,4.11147,1067.11,100.555,-0.0388683,0.0566186,2.93788,-0.00617166,5314.9,-0.0947339,-0.0643642
2023-03-10,2023-03-10 11:45:54.660000+00:00,BTC-12MAR23-19400-P,P,19400,2023-03-12 08:00:00+00:00,1.83333,0.723412,0.381939,0.6864,1.0932,0.4068,4.73937,531.313,290.051,-0.1872,0.110714,-5.18881,0.0262468,10110.9,0.0502922,0.0894012
2023-03-10,2023-03-10 11:44:03.893000+00:00,BTC-12MAR23-19800-P,P,19800,2023-03-12 08:00:00+00:00,1.83333,0.722909,0.560268,0.5951,0.7795,0.1844,4.56955,549.342,334.55,-0.1623,0.0497324,4.6095,-0.0209086,2219.27,-0.0475329,0.00231115
2023-03-10,2023-03-10 11:29:10.667000+00:00,BTC-17MAR23-20000-C,C,20000,2023-03-17 08:00:00+00:00,6.83333,0.291769,0.426301,0.5431,0.5855,0.0424,4.63554,1055.29,98.3514,-0.039739,0.0893215,3.50581,-0.00747406,3217.74,-0.023619,0.00458325
2023-03-17,2023-03-17 12:00:52.166000+00:00,BTC-24MAR23-27000-C,C,27000,2023-03-24 08:00:00+00:00,6.83333,0.292709,0.516888,0.737,0.7375,0.000500031,0.798103,1471.3,72.4758,-0.0539268,-0.00336099,0.580061,-0.00170596,75886,-0.0201137,0.00738449
2023-03-17,2023-03-17 12:00:58.294000+00:00,BTC-24MAR23-27500-C,C,27500,2023-03-24 08:00:00+00:00,6.83333,0.292712,0.444214,0.7418,0.7478,0.00599998,0.328919,1457.87,72.0068,-0.054278,0.0457224,2.38211,-0.00698863,20207.1,0.0223785,0.0493239
2023-03-17,2023-03-17 12:01:10.106000+00:00,BTC-24MAR23-27000-P,P,27000,2023-03-24 08:00:00+00:00,6.83333,0.292718,0.490829,0.7415,0.7499,0.00839996,0.411988,1469.29,72.0359,-0.0542561,-0.0024332,0.773353,-0.00228977,30619.3,-0.0018358,0.0255166
2023-03-17,2023-03-17 11:58:41.524000+00:00,BTC-19MAR23-27500-C,C,27500,2023-03-19 08:00:00+00:00,1.83333,0.726913,0.38405,0.8127,0.8266,0.0139001,-0.219221,730.682,244.975,-0.221645,0.127947,6.12084,-0.0367251,13726.8,0.213036,0.267113
2023-03-17,2023-03-17 11:56:41.443000+00:00,BTC-19MAR23-27000-C,C,27000,2023-03-19 08:00:00+00:00,1.83333,0.726362,0.511215,0.7974,0.6921,-0.1053,-0.173123,763.085,249.675,-0.217473,-0.00100127,0.502797,-0.00309037,8974.42,0.259211,0.314093
2023-03-17,2023-03-17 12:05:39.511000+00:00,BTC-19MAR23-26750-P,P,26750,2023-03-19 08:00:00+00:00,1.83333,0.728835,0.44919,0.7838,0.6615,-0.1223,0.409469,754.362,254.007,-0.213764,0.0117372,-1.29759,0.00777891,3020.92,0.185703,0.234389
2023-03-17,2023-03-17 12:05:39.543000+00:00,BTC-24MAR23-28000-C,C,28000,2023-03-24 08:00:00+00:00,6.83333,0.292851,0.369593,0.759,0.7759,0.0168999,0.995986,1389.42,70.375,-0.0555366,0.191466,4.20464,-0.0120597,24865.2,0.00515274,0.0315403
2023-03-17,2023-03-17 11:48:27+00:00,BTC-19MAR23-27000-P,P,27000,2023-03-19 08:00:00+00:00,1.83333,0.724105,0.513804,0.8134,0.6332,-0.1802,0.484692,760.137,244.764,-0.221836,0.00395667,1.60383,-0.0100534,4480.64,0.237575,0.292834
2023-03-17,2023-03-17 11:42:24.692000+00:00,BTC-24MAR23-26500-C,C,26500,2023-03-24 08:00:00+00:00,6.83333,0.292161,0.577733,0.7413,0.7466,0.00530006,0.620847,1440.05,72.0554,-0.0542415,0.0250754,-0.934161,0.00271316,12986.4,-0.0346396,-0.00522114
2023-03-17,2023-03-17 11:42:18.954000+00:00,BTC-19MAR23-26500-P,P,26500,2023-03-19 08:00:00+00:00,1.83333,0.722433,0.395378,0.7729,0.7457,-0.0272,0.376697,732.722,257.589,-0.210791,0.072715,-3.85667,0.0221861,2949.26,0.0722109,0.125718
2023-03-17,2023-03-17 12:22:45.217000+00:00,BTC-19MAR23-26250-P,P,26250,2023-03-19 08:00:00+00:00,1.83333,0.733595,0.358872,0.7908,0.7849,-0.00590004,1.25254,708.649,251.759,-0.215673,0.138502,-5.42614,0.0310101,2136.52,0.159133,0.2001
2023-03-17,2023-03-17 12:38:19.558000+00:00,BTC-19MAR23-26000-P,P,26000,2023-03-19 08:00:00+00:00,1.83333,0.737986,0.370514,0.8185,0.8281,0.00959999,2.3081,708.711,243.239,-0.223227,0.108565,-4.66305,0.0278848,703.088,0.0689367,0.108203
2023-03-24,2023-03-24 12:00:00.770000+00:00,BTC-31MAR23-27000-P,P,27000,2023-03-31 08:00:00+00:00,6.83333,0.292683,0.373283,0.6327,0.5679,-0.0648,-0.729793,1433.14,84.4233,-0.0462951,0.120851,-2.73305,0.00655518,8575.93,0.084691,0.111654
2023-03-24,2023-03-24 12:01:48.696000+00:00,BTC-26MAR23-27500-C,C,27500,2023-03-26 08:00:00+00:00,1.83333,0.727772,0.570174,0.6216,0.3901,-0.2315,-0.724203,770.712,320.288,-0.169527,0.0377429,-3.01263,0.0142162,770.441,0.178925,0.235869
2023-03-24,2023-03-24 12:03:16.430000+00:00,BTC-31MAR23-27500-C,C,27500,2023-03-31 08:00:00+00:00,6.83333,0.29278,0.558598,0.6462,0.5851,-0.0611,-0.968915,1498.5,82.6596,-0.0472829,0.0134559,-0.667158,0.00170331,8970.75,0.0702129,0.0983226
2023-03-24,2023-03-24 11:54:57.450000+00:00,BTC-26MAR23-28000-C,C,28000,2023-03-26 08:00:00+00:00,1.83333,0.725886,0.433808,0.6163,0.4689,-0.1474,-1.1352,774.309,323.042,-0.168082,0.0570195,4.82085,-0.0225933,7839.97,0.0827499,0.128613
2023-03-24,2023-03-24 12:05:28.477000+00:00,BTC-26MAR23-27500-P,P,27500,2023-03-26 08:00:00+00:00,1.83333,0.728784,0.415396,0.638,0.3711,-0.2669,-0.860583,766.596,312.055,-0.174,0.0563212,-3.722,0.0178983,10751.3,0.392936,0.443506
2023-03-24,2023-03-24 12:18:26.269000+00:00,BTC-31MAR23-29000-C,C,29000,2023-03-31 08:00:00+00:00,6.83333,0.293232,0.365884,0.6775,0.5979,-0.0796,-1.69591,1440.04,78.8408,-0.0495732,0.219856,4.69329,-0.0119771,8739.78,0.0959329,0.121658
2023-03-24,2023-03-24 12:26:19.214000+00:00,BTC-26MAR23-27750-C,C,27750,2023-03-26 08:00:00+00:00,1.83333,0.734596,0.600147,0.6555,0.4038,-0.2517,-1.7239,768.089,303.724,-0.178773,0.0795029,-4.43932,0.0217339,2291.77,0.279568,0.332516
2023-03-24,2023-03-24 11:21:12.477000+00:00,BTC-26MAR23-28500-C,C,28500,2023-03-26 08:00:00+00:00,1.83333,0.716741,0.369484,0.5961,0.7481,0.152,-2.08613,750.182,333.989,-0.162573,0.213169,8.95258,-0.0388928,1512.74,0.0696265,0.106206
2023-03-31,2023-03-31 12:30:46.485000+00:00,BTC-7APR23-29000-C,C,29000,2023-04-07 08:00:00+00:00,6.83333,0.293601,0.362964,0.5848,0.5544,-0.0304,1.43945,1443.27,91.3383,-0.0427902,0.257195,5.37255,-0.0118039,26399,0.0455669,0.071073
2023-03-31,2023-03-31 12:30:48.501000+00:00,BTC-2APR23-28500-C,C,28500,2023-04-02 08:00:00+00:00,1.83333,0.73586,0.354196,0.4883,0.3289,-0.1594,1.25272,741.984,407.723,-0.133173,0.309166,11.7385,-0.04125,1473.97,0.281123,0.327695
2023-03-31,2023-03-31 12:30:50.592000+00:00,BTC-7APR23-28500-P,P,28500,2023-04-07 08:00:00+00:00,6.83333,0.293603,0.542551,0.578,0.5478,-0.0302,1.05292,1529.11,92.4129,-0.0422927,0.0342309,2.34753,-0.00538878,3054.45,0.0538631,0.0800976
2023-03-31,2023-03-31 12:39:36.557000+00:00,BTC-2APR23-28500-P,P,28500,2023-04-02 08:00:00+00:00,1.83333,0.738351,0.637014,0.4637,0.247,-0.2167,1.09583,749.543,429.353,-0.126464,0.285207,11.5772,-0.0389688,5936.82,0.26207,0.314224
2023-04-07,2023-04-07 12:01:13.437000+00:00,BTC-14APR23-28000-P,P,28000,2023-04-14 08:00:00+00:00,6.83333,0.292719,0.519416,0.5055,0.4783,-0.0272,0.56988,1517.83,105.667,-0.0369878,0.0113492,1.70384,-0.003436,39534.1,0.0820614,0.107614
2023-04-07,2023-04-07 11:56:37.574000+00:00,BTC-14APR23-28500-C,C,28500,2023-04-14 08:00:00+00:00,6.83333,0.292583,0.383546,0.5098,0.4805,-0.0293,0.492544,1454.91,104.776,-0.0373024,0.212681,5.24698,-0.0102251,10293.1,0.0475438,0.0726113
2023-04-07,2023-04-07 11:54:45.223000+00:00,BTC-14APR23-27500-P,P,27500,2023-04-14 08:00:00+00:00,6.83333,0.292527,0.411703,0.5068,0.4926,-0.0142,0.488582,1483.45,105.396,-0.0370829,0.0677664,-2.21888,0.00438095,16246.4,0.054334,0.0792395
2023-04-07,2023-04-07 11:47:20.243000+00:00,BTC-9APR23-27750-P,P,27750,2023-04-09 08:00:00+00:00,1.83333,0.723801,0.435769,0.3857,0.2439,-0.1418,0.401877,777.513,516.181,-0.105191,0.0565821,-4.92739,0.0144637,2338.43,0.173512,0.210337
2023-04-07,2023-04-07 11:35:16.920000+00:00,BTC-9APR23-28000-P,P,28000,2023-04-09 08:00:00+00:00,1.83333,0.720527,0.52661,0.3672,0.2077,-0.1595,0.0631243,788.235,542.187,-0.100145,0.0170536,3.58159,-0.0101184,3140.59,0.178993,0.226073
2023-04-07,2023-04-07 11:35:10.484000+00:00,BTC-9APR23-28000-C,C,28000,2023-04-09 08:00:00+00:00,1.83333,0.720498,0.474119,0.3685,0.1271,-0.2414,0.384508,788.362,540.274,-0.1005,0.0162196,3.50217,-0.00993026,3126.86,0.219806,0.264636
2023-04-14,2023-04-14 12:05:28.822000+00:00,BTC-16APR23-30750-C,C,30750,2023-04-16 08:00:00+00:00,1.83333,0.728786,0.544342,0.4282,0.3504,-0.0778,-1.63826,866.576,464.948,-0.116782,0.0210392,-2.66736,0.00875287,4328.39,0.0551094,0.0973267
2023-04-14,2023-04-14 12:30:16.153000+00:00,BTC-21APR23-30500-C,C,30500,2023-04-21 08:00:00+00:00,6.83333,0.293586,0.594163,0.4719,0.4387,-0.0332,-1.73424,1640.02,113.191,-0.0345293,0.0874683,-2.686,0.00492122,8209.85,0.052337,0.0801422
2023-04-14,2023-04-14 12:30:49.025000+00:00,BTC-16APR23-30500-P,P,30500,2023-04-16 08:00:00+00:00,1.83333,0.735863,0.351345,0.407,0.3119,-0.0951,-1.57056,810.895,489.167,-0.111,0.327189,-12.161,0.0355125,11326.8,0.0944654,0.145982
2023-04-21,2023-04-21 12:02:22.080000+00:00,BTC-28APR23-28000-P,P,28000,2023-04-28 08:00:00+00:00,6.83333,0.292753,0.479039,0.4507,0.4486,-0.00209999,-1.54367,1528.34,118.515,-0.032978,-0.00106152,0.147588,-0.000265311,39709.7,-0.10287,-0.0757058
2023-04-21,2023-04-21 11:56:44.341000+00:00,BTC-28APR23-28000-C,C,28000,2023-04-28 08:00:00+00:00,6.83333,0.292586,0.527581,0.4461,0.4521,0.00599998,-0.978183,1528.35,119.737,-0.0326415,0.00126445,-0.133563,0.000237408,35106.2,-0.0343451,-0.00672315
2023-04-21,2023-04-21 11:55:15.501000+00:00,BTC-28APR23-28500-C,C,28500,2023-04-28 08:00:00+00:00,6.83333,0.292542,0.409584,0.4385,0.4457,0.00720001,-0.88274,1492.2,121.812,-0.0320854,0.150553,4.81151,-0.00820942,16408.2,-0.0447975,-0.0181444
2023-04-21,2023-04-21 12:20:23.302000+00:00,BTC-23APR23-28250-C,C,28250,2023-04-23 08:00:00+00:00,1.83333,0.732933,0.423674,0.3428,0.3983,0.0555,-1.10636,780.325,580.779,-0.0934909,0.120745,8.88906,-0.0230692,3046.91,-0.146512,-0.108665
2023-04-21,2023-04-21 11:38:42.826000+00:00,BTC-23APR23-28000-C,C,28000,2023-04-23 08:00:00+00:00,1.83333,0.721456,0.524202,0.3478,0.3224,-0.0254,-0.955999,791.148,572.429,-0.0948545,0.00633312,-1.46857,0.00393127,6303.18,-0.218931,-0.171325
2023-04-21,2023-04-21 11:20:08.997000+00:00,BTC-23APR23-27750-P,P,27750,2023-04-23 08:00:00+00:00,1.83333,0.716458,0.376736,0.3756,0.26,-0.1156,-0.678424,752.376,530.061,-0.102436,0.243824,-10.8794,0.029973,758.55,-0.0133984,0.0430085
2023-04-28,2023-04-28 12:00:42.865000+00:00,BTC-1MAY23-29250-C,C,29250,2023-05-01 08:00:00+00:00,2.83333,0.706006,0.509769,0.3834,0.2714,-0.112,-0.0300658,1028.06,336.003,-0.0676588,-0.000593344,0.274979,-0.000653741,27775.8,0.164276,0.199591
2023-04-28,2023-04-28 12:01:08.894000+00:00,BTC-1MAY23-29250-P,P,29250,2023-05-01 08:00:00+00:00,2.83333,0.706081,0.493838,0.3827,0.2677,-0.115,0.000364149,1027.94,336.618,-0.0675353,-0.000737479,0.541852,-0.00128609,8234.2,0.150643,0.185956
2023-04-28,2023-04-28 12:01:45.599000+00:00,BTC-5MAY23-29500-C,C,29500,2023-05-05 08:00:00+00:00,6.83333,0.292735,0.458358,0.4691,0.4479,-0.0212,0.00893079,1587.52,113.866,-0.0343244,0.0376108,2.62899,-0.00489889,14351.4,0.0489812,0.0737731
2023-04-28,2023-04-28 11:49:24.830000+00:00,BTC-1MAY23-29000-P,P,29000,2023-05-01 08:00:00+00:00,2.83333,0.704056,0.381481,0.3724,0.2765,-0.0959,-0.160676,983.065,345.928,-0.0657177,0.218212,-8.20261,0.018103,4901.81,0.108981,0.14498
2023-04-28,2023-04-28 12:21:28.417000+00:00,BTC-30APR23-29500-C,C,29500,2023-04-30 08:00:00+00:00,1.83333,0.733237,0.408527,0.3939,0.2681,-0.1258,-0.237296,806.734,505.435,-0.107427,0.150945,9.24888,-0.0273573,2405.81,0.162815,0.20119
2023-04-28,2023-04-28 12:25:09.016000+00:00,BTC-30APR23-29250-P,P,29250,2023-04-30 08:00:00+00:00,1.83333,0.734268,0.445653,0.3957,0.2776,-0.1181,-0.489122,822.192,503.136,-0.107918,0.0371856,-3.85424,0.0116518,1639.07,0.172502,0.217597
2023-04-28,2023-04-28 12:31:05.101000+00:00,BTC-5MAY23-30000-C,C,30000,2023-05-05 08:00:00+00:00,6.83333,0.29361,0.373871,0.4737,0.4537,-0.02,-0.428725,1520.12,112.76,-0.034661,0.261456,5.9527,-0.0106969,4606.49,0.0598543,0.0848505
2023-05-05,2023-05-05 12:02:40.275000+00:00,BTC-7MAY23-29000-C,C,29000,2023-05-07 08:00:00+00:00,1.83333,0.728009,0.606918,0.3815,0.3125,-0.069,-1.14792,795.866,521.863,-0.104045,0.17353,-9.02938,0.0256034,11210.1,-0.101319,-0.0417743
2023-05-05,2023-05-05 12:03:18.619000+00:00,BTC-7MAY23-29000-P,P,29000,2023-05-07 08:00:00+00:00,1.83333,0.728186,0.386208,0.3836,0.2378,-0.1458,-1.01434,792.304,519.007,-0.104618,0.197324,-9.63224,0.027326,6440.83,-0.102688,-0.044568
2023-05-05,2023-05-05 12:30:43.509000+00:00,BTC-8MAY23-28750-P,P,28750,2023-05-08 08:00:00+00:00,2.83333,0.711238,0.446906,0.4404,0.2868,-0.1536,0.106422,1006.05,292.515,-0.0777176,0.028512,-2.4309,0.0065819,4943.57,0.0665975,0.108285
2023-05-05,2023-05-05 12:30:53.043000+00:00,BTC-8MAY23-29000-C,C,29000,2023-05-08 08:00:00+00:00,2.83333,0.711266,0.467857,0.3923,0.2886,-0.1037,0.0188336,1012.63,328.38,-0.0692294,0.0234722,3.32096,-0.00805507,3026.25,-0.0296466,0.0143243
2023-05-05,2023-05-05 12:31:29.346000+00:00,BTC-8MAY23-29250-C,C,29250,2023-05-08 08:00:00+00:00,2.83333,0.711373,0.435082,0.3559,0.3262,-0.0297,-0.568735,1008.93,361.966,-0.0628059,0.0887102,6.18859,-0.0134821,1004.91,-0.0377387,0.00585595
2023-05-05,2023-05-05 12:32:46.510000+00:00,BTC-8MAY23-29000-P,P,29000,2023-05-08 08:00:00+00:00,2.83333,0.711599,0.521803,0.392,0.2753,-0.1167,-0.146575,1015.3,328.631,-0.0691765,0.012313,2.57279,-0.00624646,1011.2,-0.0270193,0.017422
2023-05-12,2023-05-12 11:57:07.538000+00:00,BTC-19MAY23-27000-C,C,27000,2023-05-19 08:00:00+00:00,6.83333,0.292597,0.363132,0.447,0.4046,-0.0424,1.68955,1354.27,119.496,-0.0327073,0.322211,6.72518,-0.0112929,19060.5,0.0485765,0.074329
2023-05-12,2023-05-12 11:56:04.403000+00:00,BTC-19MAY23-27000-P,P,27000,2023-05-19 08:00:00+00:00,6.83333,0.292566,0.639554,0.4368,0.431,-0.00580002,1.11802,1351.02,122.286,-0.031961,0.341246,6.97918,-0.0114229,21686,-0.0391108,-0.0105049
2023-05-12,2023-05-12 11:50:11.638000+00:00,BTC-19MAY23-26500-C,C,26500,2023-05-19 08:00:00+00:00,6.83333,0.292392,0.480009,0.4391,0.3999,-0.0392,1.57265,1437.76,121.646,-0.0321293,0.0126031,1.83533,-0.00321476,23012.2,0.0344198,0.0604413
2023-05-12,2023-05-12 11:49:48.855000+00:00,BTC-19MAY23-26000-P,P,26000,2023-05-19 08:00:00+00:00,6.83333,0.29238,0.399509,0.4541,0.4281,-0.026,1.94919,1393.16,117.627,-0.0332268,0.108027,-3.09958,0.0054423,38732.8,0.022466,0.0486247
2023-05-12,2023-05-12 11:40:17.336000+00:00,BTC-15MAY23-26250-P,P,26250,2023-05-15 08:00:00+00:00,2.83333,0.702489,0.437457,0.4061,0.3543,-0.0518,1.19927,915.827,317.221,-0.0716647,0.0473544,-3.40792,0.00847824,918.079,-0.051421,-0.0119723
2023-05-12,2023-05-12 12:34:05.519000+00:00,BTC-15MAY23-26750-C,C,26750,2023-05-15 08:00:00+00:00,2.83333,0.71183,0.377568,0.385,0.3076,-0.0774,1.11963,886.111,334.607,-0.0679412,0.27765,10.1516,-0.0231023,882.003,0.122666,0.161276
2023-05-12,2023-05-12 12:34:56.845000+00:00,BTC-19MAY23-26500-P,P,26500,2023-05-19 08:00:00+00:00,6.83333,0.293726,0.495047,0.4444,0.4041,-0.0403,1.1949,1444.84,120.195,-0.0325171,-0.0013588,0.794412,-0.00140995,1442.27,0.0422157,0.068535
2023-05-12,2023-05-12 12:36:20.718000+00:00,BTC-14MAY23-26500-P,P,26500,2023-05-14 08:00:00+00:00,1.83333,0.737425,0.519086,0.3938,0.3634,-0.0304,1.65817,747.138,505.563,-0.1074,0.00904525,2.69612,-0.00817789,2225.88,0.0641642,0.106241
2023-05-19,2023-05-19 12:03:17.266000+00:00,BTC-21MAY23-27000-C,C,27000,2023-05-21 08:00:00+00:00,1.83333,0.72818,0.432062,0.3157,0.2224,-0.0933,0.797302,749.252,630.633,-0.0861,0.104748,8.64296,-0.0207348,2257.96,0.146149,0.191126
2023-05-19,2023-05-19 11:45:32.858000+00:00,BTC-22MAY23-27000-P,P,27000,2023-05-22 08:00:00+00:00,2.83333,0.703391,0.575316,0.3109,0.2271,-0.0838,1.02504,926.797,414.357,-0.0548647,0.133262,7.94767,-0.0150515,1867.27,0.120712,0.158917
2023-05-19,2023-05-19 12:14:45.863000+00:00,BTC-21MAY23-27000-P,P,27000,2023-05-21 08:00:00+00:00,1.83333,0.731363,0.512569,0.3202,0.2022,-0.118,0.473282,762.279,621.77,-0.0873273,0.00529356,2.38186,-0.00587809,3024.04,0.164922,0.203968
2023-05-19,2023-05-19 11:40:19.466000+00:00,BTC-22MAY23-26750-P,P,26750,2023-05-22 08:00:00+00:00,2.83333,0.702495,0.443667,0.3191,0.2472,-0.0719,0.973251,934.162,403.709,-0.0563118,0.0506398,-4.04904,0.00793392,936.448,0.0827475,0.11679
2023-05-19,2023-05-19 12:20:52.828000+00:00,BTC-26MAY23-27500-C,C,27500,2023-05-26 08:00:00+00:00,6.83333,0.293305,0.35053,0.3664,0.3554,-0.011,0.566069,1366.45,145.782,-0.0268098,0.45371,8.64819,-0.0117591,4101.58,0.0290922,0.0541527
2023-05-26,2023-05-26 11:58:53.471000+00:00,BTC-2JUN23-26000-P,P,26000,2023-06-02 08:00:00+00:00,6.83333,0.29265,0.352625,0.3687,0.3808,0.0121,2.18524,1344.99,144.873,-0.026978,0.336314,-6.49806,0.00890849,13573.3,0.0247258,0.0505339
2023-05-26,2023-05-26 11:57:07.232000+00:00,BTC-2JUN23-27000-C,C,27000,2023-06-02 08:00:00+00:00,6.83333,0.292597,0.359261,0.3731,0.356,-0.0171,2.22286,1354.15,143.164,-0.0273,0.397644,8.06164,-0.0112576,66191.6,-0.0509436,-0.0249422
2023-05-26,2023-05-26 11:55:28.493000+00:00,BTC-29MAY23-26250-P,P,26250,2023-05-29 08:00:00+00:00,2.83333,0.7051,0.372866,0.3104,0.2993,-0.0111,1.3558,882.828,415.024,-0.0547765,0.310522,-10.8633,0.0198432,4472.59,0.0120796,0.0438826
2023-05-26,2023-05-26 12:12:37.657000+00:00,BTC-28MAY23-26500-C,C,26500,2023-05-28 08:00:00+00:00,1.83333,0.730768,0.483803,0.3001,0.4952,0.1951,2.00259,747.83,663.415,-0.0818455,0.00832299,2.90241,-0.00671093,2203.42,-0.190156,-0.139788
2023-05-26,2023-05-26 11:46:48.572000+00:00,BTC-29MAY23-26500-P,P,26500,2023-05-29 08:00:00+00:00,2.83333,0.703608,0.511556,0.3052,0.2582,-0.047,1.58955,929.991,422.095,-0.0538588,0.00532741,2.08072,-0.00393731,5570.73,0.0722144,0.107386
2023-05-26,2023-05-26 11:40:07.433000+00:00,BTC-28MAY23-26500-P,P,26500,2023-05-28 08:00:00+00:00,1.83333,0.721838,0.534219,0.3017,0.3424,0.0407,1.54513,744.926,659.897,-0.0822818,0.0307914,5.03532,-0.0116708,1481.52,0.00542181,0.0477785
2023-05-26,2023-05-26 12:30:05.821000+00:00,BTC-29MAY23-26750-C,C,26750,2023-05-29 08:00:00+00:00,2.83333,0.711128,0.358861,0.3098,0.267,-0.0428,1.54255,872.274,415.828,-0.0546706,0.45022,14.1917,-0.0255593,2603.08,0.0296639,0.0714489
2023-05-26,2023-05-26 12:30:38.721000+00:00,BTC-29MAY23-26500-C,C,26500,2023-05-29 08:00:00+00:00,2.83333,0.711224,0.494493,0.2902,0.3131,0.0229,1.98683,930.731,443.913,-0.0512118,0.00184605,1.53416,-0.00276129,927.227,-0.134175,-0.0924905
2023-05-26,2023-05-26 12:30:42.959000+00:00,BTC-2JUN23-26500-P,P,26500,2023-06-02 08:00:00+00:00,6.83333,0.293599,0.502958,0.376,0.3604,-0.0156,2.29515,1444.03,142.06,-0.0275122,0.00114437,1.14232,-0.00171546,5747.84,0.0376416,0.0650764
2023-06-02,2023-06-02 12:02:27.640000+00:00,BTC-5JUN23-27250-C,C,27250,2023-06-05 08:00:00+00:00,2.83333,0.706308,0.442346,0.3111,0.2293,-0.0818,-0.195787,943.684,414.09,-0.0549,0.0803288,6.28907,-0.012009,16047,0.092073,0.131144
2023-06-02,2023-06-02 11:55:40.812000+00:00,BTC-9JUN23-27000-P,P,27000,2023-06-09 08:00:00+00:00,6.83333,0.292554,0.439709,0.3183,0.3039,-0.0144,-0.257882,1465.22,167.812,-0.0232902,0.0515682,-2.48392,0.00312171,41010.6,0.00895711,0.0353269
2023-06-02,2023-06-02 12:04:35.093000+00:00,BTC-5JUN23-27000-P,P,27000,2023-06-05 08:00:00+00:00,2.83333,0.706676,0.420598,0.294,0.223,-0.071,-0.195279,934.705,438.175,-0.0518824,0.118771,-6.73137,0.0120317,11173.6,0.0618515,0.100764
2023-06-02,2023-06-02 12:04:39.546000+00:00,BTC-4JUN23-27000-P,P,27000,2023-06-04 08:00:00+00:00,1.83333,0.728558,0.408319,0.2875,0.1646,-0.1229,-0.222542,746.539,692.49,-0.0784091,0.170285,-10.3706,0.022382,5880.67,0.0978855,0.140487
2023-06-02,2023-06-02 11:47:11.045000+00:00,BTC-4JUN23-27250-C,C,27250,2023-06-04 08:00:00+00:00,1.83333,0.723759,0.439197,0.3064,0.2736,-0.0328,-0.312506,758.734,649.775,-0.0835636,0.0877032,8.06553,-0.0188332,12676.4,0.0927627,0.13631
2023-06-09,2023-06-09 11:57:23.226000+00:00,BTC-16JUN23-27000-C,C,27000,2023-06-16 08:00:00+00:00,6.83333,0.292605,0.391808,0.3431,0.4085,0.0654,-3.15581,1399.54,155.682,-0.0251049,0.257441,6.85052,-0.00904026,9816.81,-0.0810673,-0.0538379
2023-06-09,2023-06-09 11:36:34.655000+00:00,BTC-12JUN23-26750-C,C,26750,2023-06-12 08:00:00+00:00,2.83333,0.701853,0.407728,0.3076,0.4021,0.0945,-2.6058,908.692,418.802,-0.0542824,0.198853,9.63948,-0.0178945,911.455,-0.115374,-0.0815009
2023-06-16,2023-06-16 12:04:35.800000+00:00,BTC-23JUN23-25500-P,P,25500,2023-06-23 08:00:00+00:00,6.83333,0.29282,0.489657,0.348,0.3916,0.0436,4.02049,1391.61,153.49,-0.0254634,-0.00161578,0.455353,-0.000632701,9738.31,-0.0995405,-0.0705102
2023-06-16,2023-06-16 11:48:46.490000+00:00,BTC-19JUN23-25500-P,P,25500,2023-06-19 08:00:00+00:00,2.83333,0.703946,0.489134,0.3163,0.3815,0.0652,3.70189,896.298,407.283,-0.0558176,-5.40672e-05,0.0225282,-4.41823e-05,3587.16,-0.215431,-0.181507
2023-06-23,2023-06-23 11:59:21.425000+00:00,BTC-30JUN23-29500-P,P,29500,2023-06-30 08:00:00+00:00,6.83333,0.292664,0.351565,0.4854,0.4601,-0.0253,1.46837,1532.49,110.043,-0.0355171,0.24708,-4.73825,0.00854271,13930.6,-0.0385533,-0.010344
2023-06-23,2023-06-23 11:59:00.147000+00:00,BTC-30JUN23-30500-C,C,30500,2023-06-30 08:00:00+00:00,6.83333,0.292653,0.451404,0.481,0.4327,-0.0483,1.30315,1635.72,111.049,-0.0351951,0.047717,2.85562,-0.00544533,21194.1,-0.0227974,0.00596783
2023-06-23,2023-06-23 11:55:47.198000+00:00,BTC-26JUN23-30500-C,C,30500,2023-06-26 08:00:00+00:00,2.83333,0.705154,0.389885,0.4417,0.3206,-0.1211,1.33268,1018.96,291.654,-0.0779471,0.201871,8.18937,-0.0215757,11214.3,-0.0721299,-0.0262424
2023-06-23,2023-06-23 12:10:36.357000+00:00,BTC-25JUN23-30500-C,C,30500,2023-06-25 08:00:00+00:00,1.83333,0.730206,0.397675,0.4675,0.2219,-0.2456,0.908884,826.381,425.863,-0.1275,0.161589,8.81051,-0.0307152,1649.19,-0.042329,0.0137308
2023-06-23,2023-06-23 12:20:09.158000+00:00,BTC-30JUN23-31000-C,C,31000,2023-06-30 08:00:00+00:00,6.83333,0.293284,0.356623,0.4922,0.4472,-0.045,1.19251,1539.8,108.522,-0.0360146,0.323952,6.4503,-0.0118545,4602.65,0.0399173,0.0678455
2023-06-23,2023-06-23 12:22:47.343000+00:00,BTC-26JUN23-30000-P,P,30000,2023-06-26 08:00:00+00:00,2.83333,0.709847,0.447138,0.4375,0.349,-0.0885,1.52722,1049.81,294.454,-0.0772059,0.0285222,-2.44083,0.00656568,2104.16,-0.0189301,0.0211392
2023-06-23,2023-06-23 11:26:09.716000+00:00,BTC-26JUN23-29750-P,P,29750,2023-06-26 08:00:00+00:00,2.83333,0.700076,0.385276,0.44,0.3958,-0.0442,1.65426,1012.51,292.781,-0.0776471,0.168923,-6.55035,0.0171277,2034.01,-0.00691745,0.0287894
2023-06-30,2023-06-30 11:59:53.393000+00:00,BTC-7JUL23-31000-P,P,31000,2023-07-07 08:00:00+00:00,6.83333,0.29268,0.501674,0.426,0.372,-0.054,-1.05333,1688.86,125.386,-0.0311707,0.000615519,1.07199,-0.00182396,42146.1,0.00933582,0.0367025
2023-06-30,2023-06-30 11:59:18.947000+00:00,BTC-7JUL23-31000-C,C,31000,2023-07-07 08:00:00+00:00,6.83333,0.292663,0.501662,0.4305,0.3682,-0.0623,-1.06345,1689.63,124.076,-0.0315,-0.000529538,0.929298,-0.00159787,55704.1,0.0223847,0.0496225
2023-06-30,2023-06-30 11:58:23.622000+00:00,BTC-2JUL23-30750-C,C,30750,2023-07-02 08:00:00+00:00,1.83333,0.72683,0.578984,0.4207,0.2476,-0.1731,-1.08744,857.015,473.237,-0.114736,0.0803309,-5.68592,0.0180824,8696.56,0.0390879,0.0859346
2023-06-30,2023-06-30 11:57:16.189000+00:00,BTC-3JUL23-31250-C,C,31250,2023-07-03 08:00:00+00:00,2.83333,0.70541,0.384742,0.4211,0.3112,-0.1099,-0.76178,1040.11,305.921,-0.0743118,0.229921,8.90166,-0.022273,20113,-0.0251351,0.0101408
2023-06-30,2023-06-30 12:06:57.754000+00:00,BTC-3JUL23-31000-C,C,31000,2023-07-03 08:00:00+00:00,2.83333,0.707089,0.524914,0.4316,0.2701,-0.1615,-1.4695,1089.29,298.479,-0.0761647,0.0035382,-0.642838,0.00171759,8673.4,-0.0559879,-0.0158434
2023-06-30,2023-06-30 12:07:02.552000+00:00,BTC-3JUL23-31500-C,C,31500,2023-07-03 08:00:00+00:00,2.83333,0.707103,0.374295,0.4513,0.3592,-0.0921,-1.42868,1037.74,285.45,-0.0796412,0.255377,9.05262,-0.0240748,20467.6,-0.0883981,-0.0547658
2023-06-30,2023-06-30 12:07:10.044000+00:00,BTC-7JUL23-30500-P,P,30500,2023-07-07 08:00:00+00:00,6.83333,0.292896,0.357249,0.4255,0.365,-0.0605,-1.52032,1587.99,125.534,-0.0311341,0.264281,-5.28154,0.00839528,17725.1,-0.0232726,0.00493701
2023-06-30,2023-06-30 12:07:50.341000+00:00,BTC-2JUL23-31000-C,C,31000,2023-07-02 08:00:00+00:00,1.83333,0.729439,0.52304,0.4271,0.3479,-0.0792,-1.45806,876.157,466.146,-0.116482,0.00371445,-0.907648,0.00298426,6915.6,-0.181822,-0.137813
2023-06-30,2023-06-30 11:24:06.341000+00:00,BTC-2JUL23-30500-P,P,30500,2023-07-02 08:00:00+00:00,1.83333,0.717517,0.352473,0.3851,0.2196,-0.1655,-0.715953,810.05,516.985,-0.105027,0.350006,-12.961,0.0357929,816.276,0.0575357,0.105442
2023-06-30,2023-06-30 11:18:20.144000+00:00,BTC-3JUL23-30500-P,P,30500,2023-07-03 08:00:00+00:00,2.83333,0.698747,0.379604,0.3889,0.2492,-0.1397,-0.669299,1032.65,331.251,-0.0686294,0.216653,-7.98625,0.0183729,1038.35,0.0921746,0.131966
2023-07-07,2023-07-07 12:03:29.235000+00:00,BTC-9JUL23-30000-P,P,30000,2023-07-09 08:00:00+00:00,1.83333,0.728235,0.415851,0.3448,0.278,-0.0668,0.493457,833.363,577.41,-0.0940364,0.11578,-7.69161,0.0199941,24903.5,0.0881695,0.130829
2023-07-07,2023-07-07 11:55:11.151000+00:00,BTC-9JUL23-30250-P,P,30250,2023-07-09 08:00:00+00:00,1.83333,0.725949,0.558687,0.3488,0.2027,-0.1461,0.524823,842.649,570.788,-0.0951273,0.0731026,6.97889,-0.0185666,5900.44,0.148884,0.199767
2023-07-07,2023-07-07 11:38:54.289000+00:00,BTC-10JUL23-30000-P,P,30000,2023-07-10 08:00:00+00:00,2.83333,0.702251,0.413711,0.3532,0.251,-0.1022,0.308752,1036.12,364.733,-0.0623294,0.11591,-6.0212,0.0128802,38413.4,0.109331,0.147313
2023-07-07,2023-07-07 11:38:31.439000+00:00,BTC-9JUL23-30250-C,C,30250,2023-07-09 08:00:00+00:00,1.83333,0.721404,0.472251,0.3509,0.1348,-0.2161,0.352351,851.443,567.372,-0.0957,0.0189236,3.81462,-0.0102964,2544.13,0.202801,0.252006
2023-07-07,2023-07-07 12:27:51.722000+00:00,BTC-10JUL23-30250-P,P,30250,2023-07-10 08:00:00+00:00,2.83333,0.710736,0.545037,0.3633,0.2377,-0.1256,0.348142,1052.19,354.593,-0.0641118,0.0448441,4.51888,-0.0101187,15736.5,0.0999649,0.139731
2023-07-07,2023-07-07 12:32:18.498000+00:00,BTC-9JUL23-30500-C,C,30500,2023-07-09 08:00:00+00:00,1.83333,0.736283,0.421917,0.3726,0.2587,-0.1139,-0.233179,841.356,534.329,-0.101618,0.116568,8.40796,-0.0236994,835.967,0.183526,0.220433
2023-07-07,2023-07-07 12:41:43.047000+00:00,BTC-14JUL23-30500-P,P,30500,2023-07-14 08:00:00+00:00,6.83333,0.293929,0.559667,0.4254,0.3455,-0.0799,0.455597,1629.28,125.563,-0.0311268,0.073148,3.5716,-0.00600084,1625.71,0.0926563,0.119681
2023-07-07,2023-07-07 12:42:29.057000+00:00,BTC-10JUL23-29750-P,P,29750,2023-07-10 08:00:00+00:00,2.83333,0.71331,0.363484,0.3901,0.2587,-0.1314,0.707237,995.647,330.232,-0.0688412,0.278966,-9.11112,0.0207543,9862.56,0.14717,0.178711
2023-07-14,2023-07-14 11:54:26.667000+00:00,BTC-21JUL23-32000-C,C,32000,2023-07-21 08:00:00+00:00,6.83333,0.292518,0.354965,0.4188,0.4039,-0.0149,-3.03233,1592.93,127.542,-0.0306439,0.381463,7.49304,-0.0116956,41489.8,-0.059605,-0.0334102
2023-07-14,2023-07-14 11:52:33.990000+00:00,BTC-21JUL23-31500-C,C,31500,2023-07-21 08:00:00+00:00,6.83333,0.292462,0.460673,0.4031,0.381,-0.0221,-3.05647,1699.2,132.51,-0.0294951,0.0377318,2.79125,-0.00447208,18692.6,-0.0554822,-0.0289477
2023-07-14,2023-07-14 12:36:44.260000+00:00,BTC-17JUL23-31000-C,C,31000,2023-07-17 08:00:00+00:00,2.83333,0.712296,0.572849,0.3639,0.2924,-0.0715,-2.78072,1077.28,354.008,-0.0642176,0.0758575,-4.70617,0.0104464,6406.76,-0.17205,-0.135605
2023-07-21,2023-07-21 12:00:47.870000+00:00,BTC-28JUL23-29500-P,P,29500,2023-07-28 08:00:00+00:00,6.83333,0.292707,0.390482,0.315,0.3218,0.0068,-0.441169,1566.44,169.57,-0.0230488,0.207395,-5.4513,0.00659842,37649.5,-0.0262832,-0.00116532
2023-07-21,2023-07-21 12:01:23.591000+00:00,BTC-28JUL23-30000-C,C,30000,2023-07-28 08:00:00+00:00,6.83333,0.292724,0.457804,0.3197,0.3201,0.00039999,0.051711,1619.33,167.077,-0.0233927,0.0496149,3.42225,-0.00434544,50327.8,-0.000290993,0.0248811
2023-07-21,2023-07-21 12:02:40.091000+00:00,BTC-24JUL23-30000-C,C,30000,2023-07-24 08:00:00+00:00,2.83333,0.706344,0.383734,0.2337,0.2115,-0.0222,-0.0193529,1003.06,551.235,-0.0412412,0.399898,15.3555,-0.0213077,6065.11,0.0380542,0.0751103
2023-07-21,2023-07-21 12:03:30.495000+00:00,BTC-24JUL23-29750-P,P,29750,2023-07-24 08:00:00+00:00,2.83333,0.70649,0.453813,0.2302,0.2253,-0.0049,-0.430413,1040.9,559.616,-0.0406235,0.0482263,-4.71902,0.00669299,1040.45,-0.0246872,0.012239
2023-07-21,2023-07-21 12:05:36.886000+00:00,BTC-23JUL23-30000-C,C,30000,2023-07-23 08:00:00+00:00,1.83333,0.728823,0.351242,0.2214,0.2272,0.0058,-0.0454162,783.863,899.236,-0.0603818,0.684573,25.3162,-0.0401862,2407.1,0.0590248,0.0983438
2023-07-21,2023-07-21 12:20:40.892000+00:00,BTC-24JUL23-29750-C,C,29750,2023-07-24 08:00:00+00:00,2.83333,0.709479,0.563138,0.2247,0.2088,-0.0159,-0.233234,1035.66,573.313,-0.0396529,0.0979414,-7.01007,0.00964827,7193.93,0.0343011,0.0730805
2023-07-21,2023-07-21 12:30:02.537000+00:00,BTC-28JUL23-30000-P,P,30000,2023-07-28 08:00:00+00:00,6.83333,0.293579,0.527478,0.329,0.3429,0.0139,-0.715439,1627.01,162.355,-0.0240732,0.023778,2.52743,-0.00331334,19521,-0.0498487,-0.0242531
2023-07-21,2023-07-21 12:36:15.181000+00:00,BTC-23JUL23-29750-P,P,29750,2023-07-23 08:00:00+00:00,1.83333,0.737399,0.404332,0.2457,0.1959,-0.0498,-0.215486,820.454,810.301,-0.0670091,0.218559,-12.8172,0.0235907,1625.31,0.112012,0.153573
2023-07-28,2023-07-28 12:04:28.446000+00:00,BTC-4AUG23-29500-C,C,29500,2023-08-04 08:00:00+00:00,6.83333,0.292816,0.425012,0.2946,0.2493,-0.0453,0.419901,1568.48,181.312,-0.0215561,0.147162,5.68963,-0.00657619,26789.3,0.0507595,0.0760837
2023-07-28,2023-07-28 12:05:04.738000+00:00,BTC-31JUL23-29250-P,P,29250,2023-07-31 08:00:00+00:00,2.83333,0.706762,0.502119,0.2269,0.1622,-0.0647,0.433844,1027.78,567.755,-0.0400412,0.000590078,1.26487,-0.00178015,3081.57,0.0730702,0.11019
2023-07-28,2023-07-28 12:08:47.784000+00:00,BTC-30JUL23-29250-P,P,29250,2023-07-30 08:00:00+00:00,1.83333,0.729704,0.491475,0.2213,0.1348,-0.0865,0.342999,826.996,899.643,-0.0603545,0.000548005,-0.36198,0.00061756,10711.5,0.0907156,0.130048
2023-07-28,2023-07-28 12:10:54.212000+00:00,BTC-31JUL23-29500-C,C,29500,2023-07-31 08:00:00+00:00,2.83333,0.707774,0.356894,0.235,0.1716,-0.0634,0.331578,962.098,548.185,-0.0414706,0.603094,18.6895,-0.0254754,960.629,0.0739615,0.110738
2023-07-28,2023-07-28 11:39:28.085000+00:00,BTC-31JUL23-29000-P,P,29000,2023-07-31 08:00:00+00:00,2.83333,0.702348,0.35528,0.2359,0.1956,-0.0403,0.473477,958.356,546.094,-0.0416294,0.5538,-16.8976,0.0230723,1922.16,0.0280774,0.0603341
2023-07-28,2023-07-28 12:29:10.283000+00:00,BTC-31JUL23-29500-P,P,29500,2023-07-31 08:00:00+00:00,2.83333,0.710966,0.633969,0.2409,0.1618,-0.0791,0.301788,971.025,534.759,-0.0425118,0.512976,17.0701,-0.0240656,1934.23,0.0750614,0.116551
2023-07-28,2023-07-28 12:44:10.350000+00:00,BTC-4AUG23-29500-P,P,29500,2023-08-04 08:00:00+00:00,6.83333,0.294003,0.559657,0.3046,0.2546,-0.05,0.286839,1581.07,175.36,-0.0222878,0.0940196,4.59112,-0.00552334,1577.42,0.0432338,0.0697669
2023-08-04,2023-08-04 12:04:10.954000+00:00,BTC-11AUG23-29000-P,P,29000,2023-08-11 08:00:00+00:00,6.83333,0.292807,0.428669,0.2606,0.2782,0.0176,-0.267309,1566.64,204.968,-0.0190683,0.099369,-4.04064,0.00413835,53129.6,-0.0175567,0.00832006
2023-08-04,2023-08-04 12:04:37.705000+00:00,BTC-7AUG23-29000-P,P,29000,2023-08-07 08:00:00+00:00,2.83333,0.706684,0.397766,0.2256,0.154,-0.0716,-0.270364,990.591,571.026,-0.0398118,0.27452,-12.0303,0.0162792,11846.9,0.0601643,0.0980046
2023-08-04,2023-08-04 12:05:59.581000+00:00,BTC-7AUG23-29000-C,C,29000,2023-08-07 08:00:00+00:00,2.83333,0.706921,0.597873,0.232,0.1585,-0.0735,-0.26393,993.339,555.274,-0.0409412,0.242597,-11.1171,0.0155147,3966.5,0.0470726,0.0873078
2023-08-04,2023-08-04 12:09:04.055000+00:00,BTC-11AUG23-29500-C,C,29500,2023-08-11 08:00:00+00:00,6.83333,0.292953,0.390802,0.2645,0.2962,0.0317,-0.306554,1533.17,201.946,-0.0193537,0.32818,8.65625,-0.00880038,24609.3,-0.0330759,-0.0076626
2023-08-04,2023-08-04 12:36:40.737000+00:00,BTC-7AUG23-29250-C,C,29250,2023-08-07 08:00:00+00:00,2.83333,0.712286,0.422353,0.2206,0.1656,-0.055,-0.236071,1004.76,583.969,-0.0389294,0.189379,11.0281,-0.0148062,1000.04,0.0186955,0.0547809
2023-08-11,2023-08-11 11:59:45.347000+00:00,BTC-18AUG23-29500-C,C,29500,2023-08-18 08:00:00+00:00,6.83333,0.292676,0.485089,0.2553,0.2157,-0.0396,-0.010699,1606.08,209.223,-0.0186805,0.0105902,2.07026,-0.00210955,38521.9,0.0403492,0.065234
2023-08-11,2023-08-11 11:55:23.208000+00:00,BTC-14AUG23-29500-C,C,29500,2023-08-14 08:00:00+00:00,2.83333,0.705085,0.450466,0.2195,0.1572,-0.0623,-0.0156876,1026.21,586.895,-0.0387353,0.0816655,7.44112,-0.0100528,2053.61,0.0753871,0.110083
2023-08-11,2023-08-11 11:55:01.978000+00:00,BTC-14AUG23-29250-P,P,29250,2023-08-14 08:00:00+00:00,2.83333,0.705024,0.374614,0.2162,0.1447,-0.0715,-0.00614582,982.634,595.853,-0.0381529,0.44498,-15.7909,0.0201203,1982.49,0.0760416,0.107145
2023-08-11,2023-08-11 11:47:21.191000+00:00,BTC-13AUG23-29500-C,C,29500,2023-08-13 08:00:00+00:00,1.83333,0.723805,0.406355,0.1941,0.0885,-0.1056,0.0531012,808.155,1025.71,-0.0529364,0.307512,18.2671,-0.0265801,12006.1,0.101174,0.135386
2023-08-11,2023-08-11 12:26:29.086000+00:00,BTC-18AUG23-29500-P,P,29500,2023-08-18 08:00:00+00:00,6.83333,0.293473,0.513286,0.2611,0.2183,-0.0428,-0.0212875,1606.46,204.575,-0.0191049,0.00877053,1.92977,-0.00201136,8019.31,0.0391515,0.0645556
2023-08-11,2023-08-11 12:38:19.443000+00:00,BTC-13AUG23-29250-P,P,29250,2023-08-13 08:00:00+00:00,1.83333,0.737986,0.358346,0.1988,0.1226,-0.0762,0.0701935,778.89,1001.46,-0.0542182,0.627615,-24.5755,0.035305,772.506,0.0805545,0.11345
2023-08-18,2023-08-18 11:59:07.959000+00:00,BTC-21AUG23-26750-C,C,26750,2023-08-21 08:00:00+00:00,2.83333,0.705732,0.399429,0.4238,0.3524,-0.0714,-1.35991,900.942,303.972,-0.0747882,0.175714,7.82546,-0.0199137,13925.1,0.00863222,0.0438181
2023-08-18,2023-08-18 12:02:18.081000+00:00,BTC-25AUG23-27000-C,C,27000,2023-08-25 08:00:00+00:00,6.83333,0.292751,0.371039,0.4061,0.3849,-0.0212,-1.39881,1368.74,131.531,-0.0297146,0.311653,6.92199,-0.0106358,13519.6,0.00645786,0.0326803
2023-08-18,2023-08-18 11:57:23.010000+00:00,BTC-21AUG23-26250-C,C,26250,2023-08-21 08:00:00+00:00,2.83333,0.70543,0.601847,0.4268,0.2806,-0.1462,-1.37695,900.481,301.836,-0.0753176,0.133456,-5.86647,0.0150213,2715.89,0.0896131,0.132527
2023-08-18,2023-08-18 12:06:32.637000+00:00,BTC-21AUG23-26500-C,C,26500,2023-08-21 08:00:00+00:00,2.83333,0.707016,0.473269,0.4234,0.3237,-0.0997,-1.16431,926.397,304.26,-0.0747176,0.0164932,2.79526,-0.00732461,16498.8,0.0909226,0.128727
2023-08-18,2023-08-18 11:52:19.345000+00:00,BTC-20AUG23-26250-C,C,26250,2023-08-20 08:00:00+00:00,1.83333,0.725164,0.618563,0.428,0.2347,-0.1933,-1.45829,715.279,465.166,-0.116727,0.191829,-8.9595,0.0282502,1438.54,0.0991577,0.148006
2023-08-18,2023-08-18 12:08:23.959000+00:00,BTC-25AUG23-26000-P,P,26000,2023-08-25 08:00:00+00:00,6.83333,0.292933,0.381558,0.4168,0.385,-0.0318,-1.05958,1377.52,128.154,-0.0304976,0.176565,-4.28305,0.00681375,29004.9,0.0461828,0.0721524
2023-08-18,2023-08-18 11:41:10.356000+00:00,BTC-20AUG23-26500-C,C,26500,2023-08-20 08:00:00+00:00,1.83333,0.722123,0.480578,0.4203,0.3666,-0.0537,-1.28216,746.935,473.688,-0.114627,0.00917972,2.64437,-0.00855999,3740.58,0.0454439,0.0842412
2023-08-18,2023-08-18 12:30:13.562000+00:00,BTC-21AUG23-26250-P,P,26250,2023-08-21 08:00:00+00:00,2.83333,0.711151,0.448726,0.4329,0.2844,-0.1485,-0.899764,918.898,297.583,-0.0763941,0.0268442,-2.37026,0.00631219,915.448,0.168257,0.207439
2023-08-25,2023-08-25 12:01:50.958000+00:00,BTC-28AUG23-26250-C,C,26250,2023-08-28 08:00:00+00:00,2.83333,0.706202,0.425419,0.3104,0.1701,-0.1403,-0.401176,901.512,415.024,-0.0547765,0.130429,7.87437,-0.0148952,901.3,0.126588,0.157436
2023-08-25,2023-08-25 11:55:00.190000+00:00,BTC-1SEP23-26000-C,C,26000,2023-09-01 08:00:00+00:00,6.83333,0.292534,0.541007,0.3422,0.2628,-0.0794,-0.344557,1416.99,156.092,-0.025039,0.0169027,-1.19952,0.00163081,42388.4,0.0785207,0.104524
2023-08-25,2023-08-25 11:53:52.183000+00:00,BTC-1SEP23-26500-C,C,26500,2023-09-01 08:00:00+00:00,6.83333,0.292501,0.3817,0.3428,0.2842,-0.0586,-0.347414,1361.52,155.819,-0.0250829,0.305721,7.42004,-0.009709,4107.08,0.0603215,0.085373
2023-08-25,2023-08-25 12:08:05.230000+00:00,BTC-27AUG23-26000-P,P,26000,2023-08-27 08:00:00+00:00,1.83333,0.729507,0.419047,0.3461,0.0737,-0.2724,-0.453928,723.367,575.241,-0.0943909,0.105848,-7.31909,0.0191306,722.218,0.264151,0.299786
2023-08-25,2023-08-25 11:49:40.764000+00:00,BTC-27AUG23-26250-C,C,26250,2023-08-27 08:00:00+00:00,1.83333,0.724441,0.403749,0.3412,0.1822,-0.159,-0.321247,715.938,583.502,-0.0930545,0.192051,11.0977,-0.0283406,2874.89,0.156307,0.190052
2023-09-01,2023-09-01 11:59:28.795000+00:00,BTC-8SEP23-26000-C,C,26000,2023-09-08 08:00:00+00:00,6.83333,0.292667,0.529124,0.2852,0.2857,0.000499992,-0.650273,1418.41,187.288,-0.0208683,0.00872306,-0.87249,0.000991215,31178.8,-0.00994844,0.0174883
2023-09-01,2023-09-01 12:03:19.482000+00:00,BTC-8SEP23-26000-P,P,26000,2023-09-08 08:00:00+00:00,6.83333,0.292782,0.468005,0.2849,0.2827,-0.00219999,-0.725696,1418.02,187.486,-0.0208463,0.0116366,-1.05939,0.00120162,32562.4,-0.0166,0.010777
2023-09-01,2023-09-01 12:07:18.407000+00:00,BTC-3SEP23-26250-C,C,26250,2023-09-03 08:00:00+00:00,1.83333,0.729291,0.350664,0.2501,0.2659,0.0158,-0.787992,684.934,796.045,-0.0682091,0.613583,22.6063,-0.0405143,1395.15,-0.0541211,-0.0166654
2023-09-01,2023-09-01 12:13:01.608000+00:00,BTC-3SEP23-26000-C,C,26000,2023-09-03 08:00:00+00:00,1.83333,0.730879,0.565044,0.2683,0.2162,-0.0521,-0.819884,727.495,742.046,-0.0731727,0.0879472,-7.59388,0.0155024,6462.58,0.00458177,0.0526969
2023-09-01,2023-09-01 12:31:46.376000+00:00,BTC-4SEP23-26000-C,C,26000,2023-09-04 08:00:00+00:00,2.83333,0.711423,0.568739,0.2726,0.2073,-0.0653,-0.87315,903.843,472.573,-0.0481059,0.0940556,-6.18567,0.0103046,1797.86,0.0834437,0.122414
2023-09-08,2023-09-08 12:00:03.384000+00:00,BTC-10SEP23-25750-P,P,25750,2023-09-10 08:00:00+00:00,1.83333,0.727288,0.433753,0.2626,0.1224,-0.1402,0.274442,720.098,758.153,-0.0716182,0.0941585,-7.96384,0.0159033,2157.78,0.120089,0.153312
2023-09-08,2023-09-08 12:05:23.213000+00:00,BTC-15SEP23-25500-P,P,25500,2023-09-15 08:00:00+00:00,6.83333,0.292843,0.38051,0.3101,0.3049,-0.0052,0.239276,1345.1,172.25,-0.0226902,0.256553,-6.16642,0.00729247,475462,0.00500433,0.0296974
2023-09-08,2023-09-08 12:05:23.240000+00:00,BTC-15SEP23-26000-P,P,26000,2023-09-15 08:00:00+00:00,6.83333,0.292843,0.565559,0.2929,0.287,-0.0059,0.337993,1389.69,182.365,-0.0214317,0.115555,5.11769,-0.00590606,15411.5,0.00911431,0.0350427
2023-09-08,2023-09-08 11:46:54.037000+00:00,BTC-10SEP23-26000-C,C,26000,2023-09-10 08:00:00+00:00,1.83333,0.723682,0.358846,0.2493,0.1122,-0.1371,0.257425,683.875,798.6,-0.0679909,0.552745,21.516,-0.0387315,1380.54,0.145746,0.178309
2023-09-08,2023-09-08 11:45:47.627000+00:00,BTC-11SEP23-25750-P,P,25750,2023-09-11 08:00:00+00:00,2.83333,0.703433,0.442476,0.2549,0.1738,-0.0811,0.180486,898.326,505.389,-0.0449824,0.069611,-5.45236,0.0085306,3598.44,0.0871803,0.121535
2023-09-08,2023-09-08 11:45:27.461000+00:00,BTC-15SEP23-26000-C,C,26000,2023-09-15 08:00:00+00:00,6.83333,0.292251,0.446917,0.2988,0.2853,-0.0135,0.269426,1397.8,178.764,-0.0218634,0.077999,4.26741,-0.00504763,12620.9,0.0181943,0.0429657
2023-09-08,2023-09-08 12:21:49.927000+00:00,BTC-11SEP23-26000-C,C,26000,2023-09-11 08:00:00+00:00,2.83333,0.70968,0.397605,0.2431,0.1597,-0.0834,0.149443,878.689,529.92,-0.0429,0.29831,13.0829,-0.0190779,8833.2,0.0999656,0.133332
2023-09-15,2023-09-15 12:00:09.367000+00:00,BTC-18SEP23-26250-P,P,26250,2023-09-18 08:00:00+00:00,2.83333,0.705909,0.398691,0.291,0.2263,-0.0647,0.586814,898.349,442.693,-0.0513529,0.203882,-9.01352,0.015742,1787.04,0.0779451,0.111838
2023-09-15,2023-09-15 11:59:09.112000+00:00,BTC-22SEP23-26500-P,P,26500,2023-09-22 08:00:00+00:00,6.83333,0.292658,0.520871,0.2948,0.3125,0.0177,0.541806,1440.33,181.189,-0.0215707,0.0164562,2.29769,-0.00270173,26054.3,-0.0171651,0.00954491
2023-09-15,2023-09-15 11:59:05.849000+00:00,BTC-22SEP23-26500-C,C,26500,2023-09-22 08:00:00+00:00,6.83333,0.292656,0.490402,0.2858,0.3046,0.0188,0.429542,1443.64,186.895,-0.0209122,0.0053188,1.61537,-0.00184343,28900.9,-0.0115983,0.0147981
2023-09-15,2023-09-15 11:58:27.463000+00:00,BTC-18SEP23-26500-P,P,26500,2023-09-18 08:00:00+00:00,2.83333,0.705616,0.516004,0.2595,0.2244,-0.0351,0.308947,929.601,496.43,-0.0457941,0.00974463,2.75555,-0.00443181,2789.24,0.00370407,0.0436731
2023-09-15,2023-09-15 11:51:21.693000+00:00,BTC-17SEP23-26500-C,C,26500,2023-09-17 08:00:00+00:00,1.83333,0.724901,0.514873,0.2768,0.0897,-0.1871,0.028206,749.139,719.259,-0.0754909,0.00238627,-0.902265,0.00192447,2257.65,0.179966,0.226597
2023-09-15,2023-09-15 11:39:13.340000+00:00,BTC-18SEP23-26500-C,C,26500,2023-09-18 08:00:00+00:00,2.83333,0.702306,0.52316,0.2585,0.2194,-0.0391,0.0260189,930.864,498.35,-0.0456176,0.00796725,-1.55438,0.0024881,2799.86,0.0473324,0.0889042
2023-09-15,2023-09-15 11:37:05.231000+00:00,BTC-17SEP23-26750-C,C,26750,2023-09-17 08:00:00+00:00,1.83333,0.721015,0.352689,0.2896,0.2029,-0.0867,-0.00571761,698.085,687.469,-0.0789818,0.525006,19.5046,-0.0405253,701.567,0.0821213,0.122279
2023-09-15,2023-09-15 11:36:38.172000+00:00,BTC-22SEP23-27000-C,C,27000,2023-09-22 08:00:00+00:00,6.83333,0.29199,0.353285,0.3031,0.3141,0.011,-0.113978,1350.28,176.228,-0.022178,0.520401,10.0895,-0.0113767,2714.1,0.00602474,0.0326311
2023-09-15,2023-09-15 12:38:38.226000+00:00,BTC-17SEP23-26250-P,P,26250,2023-09-17 08:00:00+00:00,1.83333,0.738075,0.386653,0.2807,0.2241,-0.0566,0.439502,716.353,709.266,-0.0765545,0.271295,-13.3806,0.0278008,3592.76,0.0248588,0.0615496
2023-09-22,2023-09-22 11:54:09.890000+00:00,BTC-25SEP23-26750-C,C,26750,2023-09-25 08:00:00+00:00,2.83333,0.704874,0.40999,0.205,0.1451,-0.0599,-0.221808,912.254,628.407,-0.0361765,0.273081,13.6094,-0.0168622,4566.29,0.0522226,0.0839573
2023-09-22,2023-09-22 12:17:09.200000+00:00,BTC-29SEP23-26500-P,P,26500,2023-09-29 08:00:00+00:00,6.83333,0.293194,0.442006,0.2709,0.2482,-0.0227,-0.196606,1438,197.175,-0.019822,0.0585125,-2.93325,0.00314022,40307.5,0.0249512,0.0500618
2023-09-22,2023-09-22 12:31:05.329000+00:00,BTC-25SEP23-26500-P,P,26500,2023-09-25 08:00:00+00:00,2.83333,0.711302,0.383231,0.2168,0.1409,-0.0759,-0.257452,896.429,594.204,-0.0382588,0.377905,-14.4934,0.0186551,1805.04,0.0609241,0.0966613
2023-09-22,2023-09-22 12:31:49.163000+00:00,BTC-24SEP23-26750-C,C,26750,2023-09-24 08:00:00+00:00,1.83333,0.736145,0.401511,0.21,0.1605,-0.0495,-0.274098,730.668,948.052,-0.0572727,0.310062,17.6524,-0.0277203,725.963,0.0849408,0.119024
2023-09-22,2023-09-22 12:37:15.023000+00:00,BTC-24SEP23-26500-P,P,26500,2023-09-24 08:00:00+00:00,1.83333,0.737681,0.404981,0.234,0.1169,-0.1171,-0.0972534,730.969,850.816,-0.0638182,0.22695,-13.4048,0.0235069,725.518,0.126396,0.161326
2023-09-29,2023-09-29 12:01:51.229000+00:00,BTC-6OCT23-27000-C,C,27000,2023-10-06 08:00:00+00:00,6.83333,0.292738,0.494846,0.2816,0.2809,-0.000699997,0.0576481,1471.87,189.683,-0.0206049,0.00235909,1.33515,-0.00150157,14715.2,0.00223991,0.0279878
2023-09-29,2023-09-29 12:02:11.992000+00:00,BTC-6OCT23-27000-P,P,27000,2023-10-06 08:00:00+00:00,6.83333,0.292748,0.507422,0.2756,0.2856,0.01,0.0890028,1471.48,193.812,-0.0201659,0.00379986,1.49321,-0.00164339,5891.78,-0.000756751,0.0251054
2023-09-29,2023-09-29 12:02:36.753000+00:00,BTC-2OCT23-27000-C,C,27000,2023-10-02 08:00:00+00:00,2.83333,0.706335,0.472895,0.2319,0.1718,-0.0601,0.0280572,945.321,555.513,-0.0409235,0.0259084,4.32655,-0.00620903,2852.96,0.0663672,0.103911
2023-09-29,2023-09-29 12:05:37.284000+00:00,BTC-1OCT23-27000-P,P,27000,2023-10-01 08:00:00+00:00,1.83333,0.728825,0.547938,0.2464,0.1425,-0.1039,0.164268,756.182,807.999,-0.0672,0.0672665,7.88927,-0.0148815,6104.97,0.127656,0.173929
2023-09-29,2023-09-29 11:17:49.375000+00:00,BTC-2OCT23-27000-P,P,27000,2023-10-02 08:00:00+00:00,2.83333,0.69866,0.493715,0.2316,0.1576,-0.074,-0.142865,949.012,556.233,-0.0408706,-0.000317483,0.229065,-0.000329025,2862.1,0.077953,0.115216
2023-10-06,2023-10-06 11:54:25.498000+00:00,BTC-13OCT23-28000-P,P,28000,2023-10-13 08:00:00+00:00,6.83333,0.292517,0.590664,0.2799,0.3115,0.0316,0.862188,1474.64,190.835,-0.0204805,0.219271,6.98803,-0.00760948,5883.87,-0.0322651,-0.00484158
2023-10-06,2023-10-06 11:54:06.088000+00:00,BTC-13OCT23-28000-C,C,28000,2023-10-13 08:00:00+00:00,6.83333,0.292508,0.408684,0.2776,0.3086,0.031,0.869021,1474.1,192.416,-0.0203122,0.223849,7.08195,-0.00764542,20471.1,-0.0273613,-0.00166585
2023-10-06,2023-10-06 12:07:50.422000+00:00,BTC-8OCT23-27750-P,P,27750,2023-10-08 08:00:00+00:00,1.83333,0.729439,0.497175,0.2495,0.2061,-0.0434,0.808861,784.554,797.96,-0.0680455,-0.000301099,0.598667,-0.00115175,1566.75,0.0187849,0.059302
2023-10-06,2023-10-06 11:43:55.132000+00:00,BTC-9OCT23-27750-P,P,27750,2023-10-09 08:00:00+00:00,2.83333,0.703111,0.515162,0.2277,0.2238,-0.00390001,0.900506,973.734,565.76,-0.0401824,0.00974393,2.90057,-0.00409369,2914.95,-0.00221858,0.0358061
2023-10-13,2023-10-13 12:03:48.230000+00:00,BTC-20OCT23-26500-P,P,26500,2023-10-20 08:00:00+00:00,6.83333,0.292796,0.379107,0.3018,0.3044,0.0026,0.204873,1396.07,176.987,-0.0220829,0.271756,-6.45322,0.00741897,6939.39,0.000195633,0.0259641
2023-10-13,2023-10-13 12:05:41.755000+00:00,BTC-20OCT23-27000-C,C,27000,2023-10-20 08:00:00+00:00,6.83333,0.292852,0.434439,0.288,0.2814,-0.0066,0.216294,1443.34,185.467,-0.0210732,0.11714,5.18781,-0.00588682,24754.3,0.0156516,0.0410955
2023-10-13,2023-10-13 12:05:43.118000+00:00,BTC-15OCT23-27000-C,C,27000,2023-10-15 08:00:00+00:00,1.83333,0.728852,0.355856,0.2943,0.1852,-0.1091,0.140103,707.492,676.49,-0.0802636,0.48916,18.6978,-0.0396375,73015.8,0.164063,0.200844
2023-10-13,2023-10-13 11:51:53.696000+00:00,BTC-15OCT23-26750-P,P,26750,2023-10-15 08:00:00+00:00,1.83333,0.725047,0.449181,0.3088,0.1151,-0.1937,0.0636188,752.087,644.724,-0.0842182,0.0439041,-4.84379,0.0114399,24507.9,0.165699,0.203718
2023-10-13,2023-10-13 11:51:49.896000+00:00,BTC-16OCT23-26750-P,P,26750,2023-10-16 08:00:00+00:00,2.83333,0.704472,0.450214,0.2806,0.2337,-0.0469,0.161223,935.499,459.1,-0.0495176,0.0448482,-4.06507,0.00701997,2800.4,0.0634685,0.101524
2023-10-13,2023-10-13 12:22:01.151000+00:00,BTC-16OCT23-27000-P,P,27000,2023-10-16 08:00:00+00:00,2.83333,0.709713,0.580216,0.2878,0.1989,-0.0889,-0.0169305,924.844,447.615,-0.0507882,0.159322,8.9596,-0.0156718,2769.83,0.100649,0.13965
2023-10-13,2023-10-13 12:24:25.689000+00:00,BTC-16OCT23-26750-C,C,26750,2023-10-16 08:00:00+00:00,2.83333,0.710134,0.566013,0.306,0.2318,-0.0742,-0.0750865,931.214,420.992,-0.054,0.0752414,-5.15031,0.00964205,3744.3,0.101706,0.139905
2023-10-13,2023-10-13 11:16:49.079000+00:00,BTC-20OCT23-27000-P,P,27000,2023-10-20 08:00:00+00:00,6.83333,0.291404,0.560452,0.284,0.2833,-0.000699997,0.170776,1447.07,188.08,-0.0207805,0.102795,4.92534,-0.0055223,1450.33,0.00354809,0.0300915
2023-10-20,2023-10-20 12:01:45.332000+00:00,BTC-22OCT23-30000-C,C,30000,2023-10-22 08:00:00+00:00,1.83333,0.727757,0.46283,0.4077,0.2728,-0.1349,0.0214142,841.909,488.327,-0.111191,0.0279457,4.22782,-0.0132337,2467.77,0.134548,0.185331
2023-10-20,2023-10-20 11:58:14.639000+00:00,BTC-23OCT23-30000-C,C,30000,2023-10-23 08:00:00+00:00,2.83333,0.705579,0.454764,0.3855,0.3963,0.0108,0.339772,1043.04,334.173,-0.0680294,0.0435295,4.3466,-0.0103265,2047.8,-0.01593,0.0251611
2023-10-20,2023-10-20 11:57:37.132000+00:00,BTC-27OCT23-30000-C,C,30000,2023-10-27 08:00:00+00:00,6.83333,0.292612,0.483855,0.3876,0.4058,0.0182,0.0618855,1630.43,137.809,-0.028361,0.00977027,1.7635,-0.00272785,58407.2,-0.0128133,0.0144848
2023-10-20,2023-10-20 11:51:40.650000+00:00,BTC-27OCT23-30000-P,P,30000,2023-10-27 08:00:00+00:00,6.83333,0.292436,0.503817,0.3789,0.4138,0.0349,0.0117018,1634.49,140.973,-0.0277244,0.00155572,1.18507,-0.00179335,19495.7,-0.0377017,-0.00991939
2023-10-20,2023-10-20 11:44:29.631000+00:00,BTC-22OCT23-30000-P,P,30000,2023-10-22 08:00:00+00:00,1.83333,0.723026,0.51993,0.4383,0.2934,-0.1449,-0.20168,845.417,454.234,-0.119536,0.0093117,2.61653,-0.00883207,847.907,0.0847487,0.139582
2023-10-20,2023-10-20 11:42:39.079000+00:00,BTC-22OCT23-29750-P,P,29750,2023-10-22 08:00:00+00:00,1.83333,0.722525,0.42656,0.4211,0.2431,-0.178,0.211507,830.998,472.788,-0.114845,0.0686886,-5.22059,0.0166622,6662.29,0.148511,0.194779
2023-10-20,2023-10-20 11:41:30.785000+00:00,BTC-23OCT23-29750-C,C,29750,2023-10-23 08:00:00+00:00,2.83333,0.702698,0.580457,0.385,0.4012,0.0162,-0.105224,1030.76,334.607,-0.0679412,0.0895824,-4.99772,0.0116904,2067.1,-0.0141352,0.0308462
2023-10-20,2023-10-20 12:18:38.920000+00:00,BTC-23OCT23-29750-P,P,29750,2023-10-23 08:00:00+00:00,2.83333,0.709124,0.436647,0.3649,0.4068,0.0419,0.282388,1037.28,353.038,-0.0643941,0.055418,-3.95137,0.00883087,6225.35,0.00395247,0.0448197
2023-10-20,2023-10-20 12:21:45.215000+00:00,BTC-27OCT23-29500-P,P,29500,2023-10-27 08:00:00+00:00,6.83333,0.293331,0.387942,0.3671,0.4026,0.0355,0.207093,1566.72,145.504,-0.026861,0.181456,-4.66262,0.00656545,22191.6,-0.0436902,-0.0174204
2023-10-20,2023-10-20 11:36:23.685000+00:00,BTC-27OCT23-30500-C,C,30500,2023-10-27 08:00:00+00:00,6.83333,0.291982,0.408454,0.3965,0.424,0.0275,-0.446161,1598.1,134.715,-0.0290122,0.167318,5.27392,-0.00813055,3193.77,-0.0141643,0.012875
2023-10-20,2023-10-20 12:24:44.477000+00:00,BTC-22OCT23-29500-P,P,29500,2023-10-22 08:00:00+00:00,1.83333,0.734153,0.352246,0.3539,0.3067,-0.0472,0.457588,783.83,562.563,-0.0965182,0.376123,-14.0548,0.0357156,4784.71,0.103728,0.142167
2023-10-20,2023-10-20 12:25:10.862000+00:00,BTC-23OCT23-29500-P,P,29500,2023-10-23 08:00:00+00:00,2.83333,0.710266,0.37586,0.3658,0.4027,0.0369,0.411607,996.118,352.169,-0.0645529,0.24431,-8.78915,0.0189741,2008.83,-0.0407397,-0.00182073
2023-10-20,2023-10-20 12:29:14.283000+00:00,BTC-23OCT23-30000-P,P,30000,2023-10-23 08:00:00+00:00,2.83333,0.710977,0.628145,0.4227,0.3742,-0.0485,1.18992,987.278,304.763,-0.0745941,0.279551,9.74375,-0.024228,983.315,0.142485,0.183677
2023-10-20,2023-10-20 11:27:36.486000+00:00,BTC-23OCT23-30250-C,C,30250,2023-10-23 08:00:00+00:00,2.83333,0.700322,0.410861,0.4075,0.4338,0.0263,-0.374403,1027.31,316.131,-0.0719118,0.14569,7.30495,-0.0179971,1031.62,-0.00854587,0.0334234
2023-10-27,2023-10-27 11:58:31.960000+00:00,BTC-3NOV23-34000-C,C,34000,2023-11-03 08:00:00+00:00,6.83333,0.292639,0.531189,0.4427,0.4373,-0.00540001,0.0876686,1855.63,120.657,-0.0323927,0.00312668,-0.291994,0.00051472,50053,0.0200564,0.046509
2023-10-27,2023-10-27 11:53:30.952000+00:00,BTC-30OCT23-34000-C,C,34000,2023-10-30 08:00:00+00:00,2.83333,0.704762,0.527801,0.4024,0.3216,-0.0808,0.0479768,1194.36,320.138,-0.0710118,0.00595002,-0.967933,0.00241008,5980.58,0.127905,0.166885
2023-10-27,2023-10-27 12:14:48.545000+00:00,BTC-30OCT23-33750-P,P,33750,2023-10-30 08:00:00+00:00,2.83333,0.708454,0.393223,0.378,0.3044,-0.0736,0.196525,1153.37,340.803,-0.0667059,0.169736,-7.1221,0.0160989,3463.74,0.0941522,0.131252
2023-10-27,2023-10-27 11:40:43.143000+00:00,BTC-29OCT23-34250-P,P,34250,2023-10-29 08:00:00+00:00,1.83333,0.722,0.594262,0.4016,0.2214,-0.1802,0.281834,934.229,495.744,-0.109527,0.159799,9.41456,-0.0283303,937.852,0.168935,0.221504
2023-10-27,2023-10-27 12:23:24.205000+00:00,BTC-29OCT23-34000-P,P,34000,2023-10-29 08:00:00+00:00,1.83333,0.733778,0.453232,0.3849,0.1704,-0.2145,-0.0384303,957.44,517.254,-0.104973,0.0273261,-3.29269,0.00970587,1919.95,0.212479,0.251823
2023-10-27,2023-10-27 11:31:30.298000+00:00,BTC-29OCT23-33750-P,P,33750,2023-10-29 08:00:00+00:00,1.83333,0.719507,0.371702,0.3741,0.1803,-0.1938,0.0736987,911.578,532.186,-0.102027,0.265967,-11.4077,0.0311746,916.971,0.0875831,0.128078
2023-10-27,2023-10-27 12:29:56.242000+00:00,BTC-29OCT23-34250-C,C,34250,2023-10-29 08:00:00+00:00,1.83333,0.735615,0.407583,0.4212,0.2518,-0.1694,0.178177,935.676,472.675,-0.114873,0.144545,8.78089,-0.0277603,2815.5,0.273352,0.31116
2023-11-03,2023-11-03 11:54:34.376000+00:00,BTC-10NOV23-34500-C,C,34500,2023-11-10 08:00:00+00:00,6.83333,0.292522,0.484839,0.4862,0.482,-0.00419998,2.0931,1872.94,109.861,-0.0355756,0.00818168,1.57184,-0.0030502,63646.8,0.0460698,0.0728849
2023-11-03,2023-11-03 11:46:59.646000+00:00,BTC-5NOV23-34000-P,P,34000,2023-11-05 08:00:00+00:00,1.83333,0.723707,0.388637,0.4331,0.5459,0.1128,2.31562,931.078,459.688,-0.118118,0.165474,-8.23592,0.0264217,933.533,-0.0171954,0.0215673
2023-11-03,2023-11-03 12:13:08.148000+00:00,BTC-10NOV23-35000-C,C,35000,2023-11-10 08:00:00+00:00,6.83333,0.293074,0.387293,0.4984,0.503,0.00459999,2.36115,1794.25,107.172,-0.0364683,0.203434,5.19601,-0.00992854,30618.8,0.0308927,0.0573033
2023-11-03,2023-11-03 11:46:37.614000+00:00,BTC-10NOV23-34000-P,P,34000,2023-11-10 08:00:00+00:00,6.83333,0.292286,0.42675,0.4764,0.477,0.000600014,2.03827,1842.7,112.121,-0.0348585,0.0463594,-1.83407,0.00343079,29582.6,-0.0341289,-0.00718346
2023-11-03,2023-11-03 12:13:23.938000+00:00,BTC-10NOV23-33500-P,P,33500,2023-11-10 08:00:00+00:00,6.83333,0.293082,0.354278,0.4754,0.5024,0.027,2.68849,1743.62,112.357,-0.0347854,0.242462,-4.74332,0.00839947,1742.3,-0.0223125,0.00427562
2023-11-03,2023-11-03 12:23:58.806000+00:00,BTC-5NOV23-34250-P,P,34250,2023-11-05 08:00:00+00:00,1.83333,0.733939,0.479787,0.4486,0.4981,0.0495,2.38709,968.207,443.805,-0.122345,0.0021216,-0.591594,0.00204381,3854.28,0.0818443,0.120401
2023-11-03,2023-11-03 12:39:23.897000+00:00,BTC-6NOV23-34500-P,P,34500,2023-11-06 08:00:00+00:00,2.83333,0.712765,0.518941,0.4133,0.391,-0.0223,1.74529,1208.42,311.695,-0.0729353,0.00951444,2.29321,-0.00587236,1202.55,0.0369719,0.0756182
2023-11-10,2023-11-10 12:01:30.160000+00:00,BTC-12NOV23-37500-C,C,37500,2023-11-12 08:00:00+00:00,1.83333,0.727687,0.39783,0.5815,0.3108,-0.2707,0.0605003,1013.58,342.375,-0.158591,0.133601,7.28172,-0.031575,5049.22,0.38091,0.41531
2023-11-10,2023-11-10 12:08:07.535000+00:00,BTC-12NOV23-37000-P,P,37000,2023-11-12 08:00:00+00:00,1.83333,0.729518,0.440658,0.5113,0.253,-0.2583,-0.762489,1039.49,389.382,-0.139445,0.0329255,-3.11532,0.0121468,6251.91,0.177373,0.223871
2023-11-10,2023-11-10 12:08:13.193000+00:00,BTC-12NOV23-37250-C,C,37250,2023-11-12 08:00:00+00:00,1.83333,0.729544,0.488829,0.5585,0.2583,-0.3002,-0.191598,1050.8,356.474,-0.152318,0.00337111,1.70487,-0.00733937,11413.7,0.39613,0.438475
2023-11-10,2023-11-10 12:08:29.979000+00:00,BTC-17NOV23-37000-C,C,37000,2023-11-17 08:00:00+00:00,6.83333,0.292936,0.546749,0.5482,0.5151,-0.0331,-0.0484037,2017.86,97.4364,-0.0401122,0.00908789,-0.565594,0.00122989,14140.4,0.0661348,0.0926076
2023-11-10,2023-11-10 11:49:59.737000+00:00,BTC-17NOV23-38000-C,C,38000,2023-11-17 08:00:00+00:00,6.83333,0.292386,0.409496,0.5862,0.5409,-0.0453,-0.605044,1977.44,91.1202,-0.0428927,0.120791,3.85507,-0.00879242,36618.1,0.125837,0.150954
2023-11-10,2023-11-10 12:10:59.878000+00:00,BTC-12NOV23-37000-C,C,37000,2023-11-12 08:00:00+00:00,1.83333,0.730315,0.534309,0.5335,0.2499,-0.2836,-0.200119,1044.92,373.179,-0.1455,0.0077696,-1.27467,0.00522442,3123.51,0.499458,0.546862
2023-11-10,2023-11-10 11:48:44.436000+00:00,BTC-12NOV23-37750-C,C,37750,2023-11-12 08:00:00+00:00,1.83333,0.724184,0.350414,0.6066,0.3423,-0.2643,0.0486856,973.877,328.208,-0.165436,0.27179,9.95799,-0.0432496,1952.59,0.315996,0.350545
2023-11-10,2023-11-10 12:13:20.681000+00:00,BTC-17NOV23-37500-C,C,37500,2023-11-17 08:00:00+00:00,6.83333,0.29308,0.453843,0.559,0.5282,-0.0308,0.209145,2009.46,95.5539,-0.0409024,0.0398481,2.51436,-0.00557626,6043.58,0.095689,0.121315
2023-11-10,2023-11-10 12:13:42.145000+00:00,BTC-13NOV23-36750-P,P,36750,2023-11-13 08:00:00+00:00,2.83333,0.708261,0.441241,0.5154,0.3842,-0.1312,0.516129,1284.99,249.949,-0.0909529,0.0292902,-2.25155,0.00711996,1282.8,0.155173,0.192809
2023-11-10,2023-11-10 12:13:42.146000+00:00,BTC-12NOV23-36750-P,P,36750,2023-11-12 08:00:00+00:00,1.83333,0.731067,0.435098,0.53,0.3037,-0.2263,0.561052,1030.91,375.643,-0.144545,0.0386235,-3.3417,0.0134766,2059.48,0.247559,0.286054
2023-11-10,2023-11-10 12:13:42.201000+00:00,BTC-13NOV23-36500-P,P,36500,2023-11-13 08:00:00+00:00,2.83333,0.708261,0.381906,0.5112,0.3612,-0.15,-0.281642,1241.89,252.002,-0.0902118,0.149677,-5.66189,0.0171628,6264.8,0.0902718,0.127705
2023-11-10,2023-11-10 12:13:42.324000+00:00,BTC-13NOV23-37500-C,C,37500,2023-11-13 08:00:00+00:00,2.83333,0.708262,0.385808,0.527,0.4183,-0.1087,0.122347,1245.69,244.447,-0.093,0.184771,7.23919,-0.0226914,11282.1,0.235135,0.272376
2023-11-10,2023-11-10 12:17:28.664000+00:00,BTC-13NOV23-37000-C,C,37000,2023-11-13 08:00:00+00:00,2.83333,0.708919,0.515509,0.5245,0.4162,-0.1083,0.30122,1300.48,245.612,-0.0925588,-0.000542167,0.158185,-0.000514242,2598.91,0.213379,0.25131
2023-11-10,2023-11-10 11:22:05.867000+00:00,BTC-13NOV23-37250-C,C,37250,2023-11-13 08:00:00+00:00,2.83333,0.699385,0.426579,0.5321,0.421,-0.1111,0.850868,1274.22,242.104,-0.0939,0.0815354,4.97102,-0.0161249,3846.6,0.166105,0.204823
2023-11-17,2023-11-17 12:00:01.868000+00:00,BTC-24NOV23-36500-P,P,36500,2023-11-24 08:00:00+00:00,6.83333,0.292684,0.497803,0.4927,0.4516,-0.0411,0.510692,1988.57,108.412,-0.0360512,-0.000691984,0.918307,-0.0018071,39706.5,0.0529779,0.0796294
2023-11-17,2023-11-17 11:56:17.328000+00:00,BTC-24NOV23-36000-P,P,36000,2023-11-24 08:00:00+00:00,6.83333,0.292573,0.414629,0.486,0.4474,-0.0386,0.47202,1943.34,109.907,-0.035561,0.0662055,-2.24343,0.00425466,23304.2,0.0468474,0.0732827
2023-11-17,2023-11-17 11:55:39.128000+00:00,BTC-24NOV23-36500-C,C,36500,2023-11-24 08:00:00+00:00,6.83333,0.292554,0.499544,0.4915,0.4499,-0.0416,0.520072,1987.73,108.677,-0.0359634,0.000161254,1.01723,-0.00199691,23881.1,0.0427318,0.0694848
2023-11-17,2023-11-17 12:08:08.939000+00:00,BTC-19NOV23-36250-P,P,36250,2023-11-19 08:00:00+00:00,1.83333,0.729525,0.440448,0.4063,0.3544,-0.0519,0.451761,1017.47,490.01,-0.110809,0.0445108,-4.19688,0.0130024,7117.76,0.120404,0.163729
2023-11-17,2023-11-17 11:50:06.116000+00:00,BTC-20NOV23-36500-P,P,36500,2023-11-20 08:00:00+00:00,2.83333,0.704174,0.520739,0.4205,0.3527,-0.0678,0.475961,1277.85,306.358,-0.0742059,0.0110512,2.40673,-0.00626887,3832.2,0.0835147,0.12402
2023-11-17,2023-11-17 12:09:56.168000+00:00,BTC-19NOV23-36500-C,C,36500,2023-11-19 08:00:00+00:00,1.83333,0.73002,0.465152,0.3977,0.2965,-0.1012,0.547274,1025.14,500.606,-0.108464,0.0253224,4.09535,-0.0125114,9249.74,0.134946,0.184518
2023-11-17,2023-11-17 11:49:05.542000+00:00,BTC-24NOV23-37000-C,C,37000,2023-11-24 08:00:00+00:00,6.83333,0.292359,0.4331,0.5056,0.4552,-0.0504,0.344087,1963.37,105.646,-0.0369951,0.0793073,3.43743,-0.0068436,31286.4,0.070181,0.0962407
2023-11-17,2023-11-17 12:11:43.795000+00:00,BTC-19NOV23-36500-P,P,36500,2023-11-19 08:00:00+00:00,1.83333,0.730519,0.54581,0.4105,0.3085,-0.102,0.526542,1021.37,484.996,-0.111955,0.0402174,4.94469,-0.0155491,4112.04,0.122074,0.174137
2023-11-17,2023-11-17 11:40:42.007000+00:00,BTC-20NOV23-36250-C,C,36250,2023-11-20 08:00:00+00:00,2.83333,0.702559,0.571085,0.431,0.3241,-0.1069,0.295688,1261.46,298.895,-0.0760588,0.0589196,-3.7262,0.00980243,1264.51,0.0999686,0.141884
2023-11-17,2023-11-17 11:40:11.817000+00:00,BTC-24NOV23-37500-C,C,37500,2023-11-24 08:00:00+00:00,6.83333,0.292095,0.360566,0.5039,0.4671,-0.0368,0.287683,1869.15,106.002,-0.0368707,0.302353,6.18332,-0.0116748,5613.96,0.0446286,0.070955
2023-11-24,2023-11-24 11:59:55.536000+00:00,BTC-1DEC23-38000-P,P,38000,2023-12-01 08:00:00+00:00,6.83333,0.292681,0.512027,0.4827,0.4473,-0.0354,0.0203348,2064.69,110.658,-0.0353195,0.00600918,1.45654,-0.00280685,18626.1,0.0366365,0.0633227
2023-11-24,2023-11-24 12:02:01.180000+00:00,BTC-1DEC23-38000-C,C,38000,2023-12-01 08:00:00+00:00,6.83333,0.292743,0.482681,0.475,0.4493,-0.0257,0.123233,2062.11,112.452,-0.0347561,0.00990823,1.66799,-0.00316151,62138.1,-5.7115e-05,0.0267185
2023-11-24,2023-11-24 11:56:03.866000+00:00,BTC-26NOV23-37750-P,P,37750,2023-11-26 08:00:00+00:00,1.83333,0.72619,0.481123,0.4301,0.2579,-0.1722,0.0533402,1067.18,462.894,-0.1173,0.00185683,-0.553336,0.00183309,18119.3,0.18224,0.231134
2023-11-24,2023-11-24 12:05:01.687000+00:00,BTC-27NOV23-37500-P,P,37500,2023-11-27 08:00:00+00:00,2.83333,0.706753,0.381811,0.424,0.3125,-0.1115,-0.199435,1273.21,303.829,-0.0748235,0.186583,-7.04582,0.0177119,10346.6,0.0851875,0.124973
2023-11-24,2023-11-24 12:06:08.041000+00:00,BTC-26NOV23-38000-C,C,38000,2023-11-26 08:00:00+00:00,1.83333,0.728966,0.478304,0.46,0.2857,-0.1743,-0.278561,1070.35,432.806,-0.125455,0.0102611,2.66589,-0.00944219,10749.4,0.200201,0.245846
2023-11-24,2023-11-24 12:07:03.670000+00:00,BTC-27NOV23-37500-C,C,37500,2023-11-27 08:00:00+00:00,2.83333,0.707106,0.6127,0.4419,0.322,-0.1199,-0.28472,1278.42,291.522,-0.0779824,0.160081,-6.3496,0.0167061,15299.2,0.142519,0.185017
2023-11-24,2023-11-24 11:48:59.124000+00:00,BTC-27NOV23-38000-C,C,38000,2023-11-27 08:00:00+00:00,2.83333,0.703982,0.502733,0.457,0.3189,-0.1381,-0.466165,1334.91,281.89,-0.0806471,-0.000498276,0.83097,-0.00235546,8018.81,0.177341,0.215555
2023-11-24,2023-11-24 11:45:10.927000+00:00,BTC-27NOV23-37750-P,P,37750,2023-11-27 08:00:00+00:00,2.83333,0.703328,0.428151,0.4311,0.3159,-0.1152,-0.497094,1313.31,298.825,-0.0760765,0.0603054,-3.77443,0.00992826,1315.75,0.115876,0.154154
2023-11-24,2023-11-24 12:15:33.792000+00:00,BTC-1DEC23-37500-P,P,37500,2023-12-01 08:00:00+00:00,6.83333,0.293147,0.410612,0.4518,0.4312,-0.0206,-0.225371,2019.62,118.226,-0.0330585,0.08199,-2.65331,0.00466741,26295.5,0.0460369,0.0717515
2023-11-24,2023-11-24 11:38:01.818000+00:00,BTC-1DEC23-37000-P,P,37000,2023-12-01 08:00:00+00:00,6.83333,0.292031,0.352872,0.4545,0.4208,-0.0337,0.164957,1921.47,117.524,-0.0332561,0.262548,-5.07725,0.00858153,1923.87,0.0428873,0.0695816
2023-11-24,2023-11-24 11:34:51.362000+00:00,BTC-26NOV23-37750-C,C,37750,2023-11-26 08:00:00+00:00,1.83333,0.720411,0.604,0.4508,0.1772,-0.2736,-0.692702,1038.79,441.639,-0.122945,0.136793,-7.28866,0.0244634,8436.74,0.310879,0.361659
2023-11-24,2023-11-24 11:34:50.379000+00:00,BTC-27NOV23-38250-C,C,38250,2023-11-27 08:00:00+00:00,2.83333,0.701556,0.464727,0.4779,0.3629,-0.115,-0.677472,1332.95,269.562,-0.0843353,0.0243853,3.11216,-0.00918894,5336.15,0.16326,0.200554
2023-11-24,2023-11-24 11:34:50.009000+00:00,BTC-27NOV23-37750-C,C,37750,2023-11-27 08:00:00+00:00,2.83333,0.701555,0.591145,0.459,0.2981,-0.1609,-0.712484,1302.98,280.661,-0.081,0.0959716,-4.71397,0.0130674,5263.57,0.216037,0.25605
2023-11-24,2023-11-24 11:34:49.993000+00:00,BTC-26NOV23-38500-C,C,38500,2023-11-26 08:00:00+00:00,1.83333,0.720405,0.380466,0.4975,0.405,-0.0925,-0.717033,1027.01,400.183,-0.135682,0.209734,9.67508,-0.0354197,2058.94,0.170341,0.20698
2023-11-24,2023-11-24 11:34:49.633000+00:00,BTC-27NOV23-38500-C,C,38500,2023-11-27 08:00:00+00:00,2.83333,0.701554,0.405572,0.4844,0.3899,-0.0945,-0.682126,1300.3,265.945,-0.0854824,0.139859,6.6192,-0.0193244,3843.89,0.139256,0.176198
2023-11-24,2023-11-24 11:34:49.581000+00:00,BTC-27NOV23-38750-C,C,38750,2023-11-27 08:00:00+00:00,2.83333,0.701554,0.351653,0.495,0.4087,-0.0863,-0.741609,1243.99,260.25,-0.0873529,0.328728,9.7629,-0.0278647,1248.45,0.128526,0.16414
2023-11-24,2023-11-24 11:28:00.636000+00:00,BTC-26NOV23-37500-P,P,37500,2023-11-26 08:00:00+00:00,1.83333,0.718566,0.389394,0.4077,0.2481,-0.1596,0.0541243,1026.73,488.327,-0.111191,0.175622,-8.77422,0.0265059,4127.77,0.0900466,0.132436
2023-12-01,2023-12-01 11:59:06.311000+00:00,BTC-8DEC23-38500-C,C,38500,2023-12-08 08:00:00+00:00,6.83333,0.292656,0.540351,0.4614,0.4522,-0.00919998,2.24314,2100.02,115.766,-0.033761,0.00838583,-0.604897,0.00110904,33577.4,-0.00107961,0.0261215
2023-12-01,2023-12-01 11:57:13.270000+00:00,BTC-8DEC23-38000-P,P,38000,2023-12-08 08:00:00+00:00,6.83333,0.2926,0.378511,0.4425,0.4587,0.0162,2.26785,2011,120.711,-0.032378,0.174037,-4.11066,0.0069255,18099.9,-0.0107471,0.0157811
2023-12-01,2023-12-01 11:55:54.095000+00:00,BTC-3DEC23-38500-P,P,38500,2023-12-03 08:00:00+00:00,1.83333,0.726145,0.460468,0.4199,0.4792,0.0593,2.21869,1085.91,474.139,-0.114518,0.0164488,-2.33708,0.00752993,5409.25,0.0404204,0.0806183
2023-12-01,2023-12-01 12:07:32.494000+00:00,BTC-8DEC23-38000-C,C,38000,2023-12-08 08:00:00+00:00,6.83333,0.292907,0.625904,0.4519,0.4639,0.012,2.27578,2005.8,118.2,-0.0330659,0.183999,-4.19027,0.00718353,6016.56,-0.0124313,0.0158367
2023-12-01,2023-12-01 12:08:40.699000+00:00,BTC-8DEC23-39500-C,C,39500,2023-12-08 08:00:00+00:00,6.83333,0.292941,0.382405,0.4714,0.479,0.00760002,2.25983,2018.29,113.311,-0.0344927,0.230576,5.63582,-0.0101473,6036.15,8.41175e-05,0.0259434
2023-12-01,2023-12-01 12:15:26.499000+00:00,BTC-8DEC23-39000-C,C,39000,2023-12-08 08:00:00+00:00,6.83333,0.293143,0.451039,0.4576,0.4728,0.0152,2.44922,2092.53,116.728,-0.0334829,0.0498184,2.96276,-0.00537428,6236.6,-0.0197866,0.00622635
2023-12-01,2023-12-01 11:43:06.533000+00:00,BTC-3DEC23-38250-P,P,38250,2023-12-03 08:00:00+00:00,1.83333,0.722649,0.355654,0.408,0.5216,0.1136,2.21671,1019.95,487.968,-0.111273,0.311391,-11.8369,0.034761,1023.62,0.0321145,0.0698173
2023-12-01,2023-12-01 12:20:07.026000+00:00,BTC-4DEC23-38750-P,P,38750,2023-12-04 08:00:00+00:00,2.83333,0.70938,0.543125,0.4079,0.358,-0.0499,2.34394,1347.99,315.821,-0.0719824,0.0380817,4.00386,-0.0100713,1344.62,0.0261771,0.0663726
2023-12-01,2023-12-01 12:20:08.275000+00:00,BTC-4DEC23-38250-P,P,38250,2023-12-04 08:00:00+00:00,2.83333,0.709384,0.400544,0.3999,0.3825,-0.0174,2.36715,1313.4,322.139,-0.0705706,0.135899,-6.13538,0.0147453,1309.98,0.0111529,0.0440413
2023-12-01,2023-12-01 11:39:38.749000+00:00,BTC-8DEC23-39000-P,P,39000,2023-12-08 08:00:00+00:00,6.83333,0.292079,0.530227,0.4662,0.465,-0.00119999,2.04926,2108.15,114.575,-0.0341122,0.0227813,2.1912,-0.00406834,18990.1,0.00237787,0.0295737
2023-12-01,2023-12-01 12:30:55.545000+00:00,BTC-3DEC23-39000-P,P,39000,2023-12-03 08:00:00+00:00,1.83333,0.735893,0.641092,0.4172,0.3919,-0.0253,2.2939,1022.47,477.207,-0.113782,0.334512,13.1444,-0.039646,3049.82,0.0169791,0.0705406
2023-12-08,2023-12-08 11:59:27.262000+00:00,BTC-11DEC23-43250-P,P,43250,2023-12-11 08:00:00+00:00,2.83333,0.705788,0.371662,0.3749,0.313,-0.0619,0.0718332,1455.7,343.621,-0.0661588,0.257195,-8.91422,0.019647,2948.48,0.0590344,0.0978041
2023-12-08,2023-12-08 12:01:09.204000+00:00,BTC-10DEC23-43750-C,C,43750,2023-12-10 08:00:00+00:00,1.83333,0.727591,0.472255,0.369,0.2246,-0.1444,0.204082,1231.32,539.542,-0.100636,0.0180518,3.66065,-0.0103907,8618.95,0.149472,0.201612
2023-12-08,2023-12-08 12:01:25.314000+00:00,BTC-10DEC23-44000-C,C,44000,2023-12-10 08:00:00+00:00,1.83333,0.727665,0.385376,0.3669,0.2131,-0.1538,0.0922916,1182.97,542.63,-0.100064,0.25193,12.2028,-0.0330897,5928.31,0.158165,0.202859
2023-12-08,2023-12-08 12:01:31.398000+00:00,BTC-10DEC23-43750-P,P,43750,2023-12-10 08:00:00+00:00,1.83333,0.727693,0.52984,0.3685,0.2509,-0.1176,0.243405,1230.69,540.274,-0.1005,0.0205024,3.86555,-0.0109533,13534.1,0.105732,0.159196
2023-12-08,2023-12-08 11:56:42.991000+00:00,BTC-15DEC23-44500-C,C,44500,2023-12-15 08:00:00+00:00,6.83333,0.292585,0.39305,0.4406,0.4471,0.00649998,0.0628942,2299.03,121.232,-0.032239,0.204358,5.50246,-0.00933298,34203.3,0.0166161,0.0428163
2023-12-08,2023-12-08 11:55:59.358000+00:00,BTC-15DEC23-43500-P,P,43500,2023-12-15 08:00:00+00:00,6.83333,0.292564,0.45704,0.424,0.4418,0.0178,0.161703,2371.53,125.978,-0.0310244,0.0126965,-0.859956,0.00144788,7091.28,-0.00714062,0.0192235
2023-12-08,2023-12-08 12:04:22.301000+00:00,BTC-11DEC23-43750-C,C,43750,2023-12-11 08:00:00+00:00,2.83333,0.70664,0.470458,0.3961,0.2943,-0.1018,0.281191,1528.67,325.23,-0.0699,0.0203723,3.12215,-0.00764984,3055.68,0.113839,0.153932
2023-12-08,2023-12-08 12:09:11.575000+00:00,BTC-15DEC23-44000-C,C,44000,2023-12-15 08:00:00+00:00,6.83333,0.292957,0.457745,0.4299,0.4389,0.00899998,0.361106,2369.36,124.249,-0.0314561,0.0406644,2.80272,-0.00478545,18990.8,0.0064237,0.0327097
2023-12-08,2023-12-08 11:44:32.501000+00:00,BTC-11DEC23-44250-C,C,44250,2023-12-11 08:00:00+00:00,2.83333,0.703218,0.361497,0.3929,0.319,-0.0739,0.161538,1441.55,327.879,-0.0693353,0.352408,11.2609,-0.0257658,5792.48,0.0990365,0.138446
2023-12-08,2023-12-08 11:42:28.352000+00:00,BTC-11DEC23-44000-C,C,44000,2023-12-11 08:00:00+00:00,2.83333,0.702863,0.413082,0.3825,0.3054,-0.0771,0.136252,1497.51,336.794,-0.0675,0.146127,7.53311,-0.0174447,7596.55,0.10018,0.139698
2023-12-08,2023-12-08 12:18:26.317000+00:00,BTC-11DEC23-43500-P,P,43500,2023-12-11 08:00:00+00:00,2.83333,0.709087,0.458953,0.3717,0.282,-0.0897,0.218169,1525.22,346.579,-0.0655941,0.0194262,-2.14249,0.00491355,3029.65,0.0771442,0.116904
2023-12-08,2023-12-08 11:39:48.086000+00:00,BTC-10DEC23-44000-P,P,44000,2023-12-10 08:00:00+00:00,1.83333,0.721751,0.619884,0.3781,0.2668,-0.1113,0.133377,1176.85,526.556,-0.103118,0.270087,12.4359,-0.0345944,1181.81,0.0674973,0.124983
2023-12-08,2023-12-08 11:38:20.932000+00:00,BTC-15DEC23-44500-P,P,44500,2023-12-15 08:00:00+00:00,6.83333,0.29204,0.614128,0.4359,0.4777,0.0418,0.344716,2284.66,122.539,-0.0318951,0.233319,5.87034,-0.00979817,18048.8,-0.026353,0.00227964
2023-12-08,2023-12-08 12:41:33.461000+00:00,BTC-15DEC23-45000-C,C,45000,2023-12-15 08:00:00+00:00,6.83333,0.293924,0.352772,0.4669,0.4668,-9.99832e-05,-0.23174,2228.95,114.403,-0.0341634,0.355843,6.89996,-0.011985,2223.45,0.0268303,0.0529952
2023-12-08,2023-12-08 12:42:33.898000+00:00,BTC-11DEC23-43750-P,P,43750,2023-12-11 08:00:00+00:00,2.83333,0.713324,0.479244,0.381,0.2835,-0.0975,-0.0780341,1537.51,338.12,-0.0672353,0.00250706,-0.547705,0.00129262,1529.46,0.0875497,0.127607
2023-12-08,2023-12-08 12:43:00.335000+00:00,BTC-15DEC23-44000-P,P,44000,2023-12-15 08:00:00+00:00,6.83333,0.293968,0.510817,0.4615,0.4549,-0.0066,-0.23324,2392.06,115.741,-0.0337683,0.00525346,1.42631,-0.00262811,4773.62,-0.00218159,0.0245626
2023-12-15,2023-12-15 12:01:13.704000+00:00,BTC-22DEC23-43500-C,C,43500,2023-12-22 08:00:00+00:00,6.83333,0.292719,0.407637,0.3969,0.4077,0.0108,-1.45624,2278.08,134.58,-0.0290415,0.169464,5.3017,-0.0081783,31845.7,-0.000796201,0.0259268
2023-12-15,2023-12-15 12:04:08.336000+00:00,BTC-17DEC23-42500-P,P,42500,2023-12-17 08:00:00+00:00,1.83333,0.728415,0.389076,0.3568,0.3237,-0.0331,-1.44382,1162.83,557.99,-0.0973091,0.202181,-10.1332,0.0267962,4648.77,-0.0723231,-0.0163351
2023-12-15,2023-12-15 12:07:50.049000+00:00,BTC-18DEC23-42750-C,C,42750,2023-12-18 08:00:00+00:00,2.83333,0.70724,0.512778,0.3478,0.3721,0.0243,-1.3299,1502.62,370.395,-0.0613765,0.000128009,-0.0453567,9.77987e-05,13483.5,-0.0374498,0.00485679
2023-12-15,2023-12-15 12:13:08.105000+00:00,BTC-17DEC23-42750-C,C,42750,2023-12-17 08:00:00+00:00,1.83333,0.730909,0.501311,0.3388,0.3755,0.0367,-1.18858,1208.45,587.635,-0.0924,-0.000203625,0.86103,-0.00224943,1205.44,-0.0132848,0.033221
2023-12-15,2023-12-15 12:29:46.225000+00:00,BTC-18DEC23-43000-C,C,43000,2023-12-18 08:00:00+00:00,2.83333,0.711071,0.438971,0.3551,0.3835,0.0284,-1.17412,1485.98,362.781,-0.0626647,0.0793107,5.88725,-0.0128165,7401.54,-0.0584026,-0.0160401
2023-12-15,2023-12-15 12:29:46.905000+00:00,BTC-18DEC23-43250-C,C,43250,2023-12-18 08:00:00+00:00,2.83333,0.711073,0.370323,0.3635,0.3958,0.0323,-1.25569,1423.94,354.398,-0.0641471,0.328037,11.2938,-0.0241173,2833.93,-0.0513285,-0.0113318
2023-12-15,2023-12-15 12:30:47.630000+00:00,BTC-18DEC23-42500-P,P,42500,2023-12-18 08:00:00+00:00,2.83333,0.711251,0.411165,0.359,0.3583,-0.000699997,-1.30144,1466.5,358.84,-0.0633529,0.119821,-6.07621,0.0131958,5858.76,-0.0849071,-0.039997
2023-12-15,2023-12-15 11:19:34.875000+00:00,BTC-22DEC23-43000-P,P,43000,2023-12-22 08:00:00+00:00,6.83333,0.291486,0.515481,0.4059,0.416,0.0101,-1.29291,2336.72,131.596,-0.0297,0.00908659,1.7024,-0.00275782,2341.54,-0.0267845,-0.000310671
2023-12-15,2023-12-15 11:19:17.744000+00:00,BTC-22DEC23-42500-C,C,42500,2023-12-22 08:00:00+00:00,6.83333,0.291477,0.571477,0.4112,0.419,0.00780003,-1.41951,2302.09,129.899,-0.0300878,0.0544543,-2.20621,0.00356493,11530.5,0.0291575,0.0561663
2023-12-22,2023-12-22 11:58:13.506000+00:00,BTC-29DEC23-44500-C,C,44500,2023-12-29 08:00:00+00:00,6.83333,0.29263,0.421357,0.4569,0.4108,-0.0461,0.121033,2347.75,116.907,-0.0334317,0.113344,4.17433,-0.00746919,16178.6,0.0388223,0.0642257
2023-12-22,2023-12-22 12:02:04.939000+00:00,BTC-25DEC23-43500-P,P,43500,2023-12-25 08:00:00+00:00,2.83333,0.706243,0.398825,0.3632,0.2626,-0.1006,-0.285275,1490.99,354.69,-0.0640941,0.158324,-7.01038,0.0152829,11989.1,0.0828799,0.121088
2023-12-22,2023-12-22 11:55:42.010000+00:00,BTC-29DEC23-43000-P,P,43000,2023-12-29 08:00:00+00:00,6.83333,0.292555,0.356746,0.4367,0.402,-0.0347,-0.192511,2238.81,122.314,-0.0319537,0.258574,-5.146,0.00839045,20355.2,0.0390608,0.0648598
2023-12-22,2023-12-22 12:06:51.954000+00:00,BTC-24DEC23-43500-P,P,43500,2023-12-24 08:00:00+00:00,1.83333,0.729169,0.412283,0.3601,0.2263,-0.1338,0.0953573,1206.54,552.877,-0.0982091,0.120456,-7.676,0.0207982,6044.43,0.123049,0.163945
2023-12-22,2023-12-22 12:07:20.073000+00:00,BTC-25DEC23-43750-P,P,43750,2023-12-25 08:00:00+00:00,2.83333,0.707154,0.506268,0.3651,0.261,-0.1041,0.0654545,1536.01,352.845,-0.0644294,0.0020532,1.48715,-0.00336742,25929.2,0.0960613,0.134922
2023-12-22,2023-12-22 12:07:56.240000+00:00,BTC-25DEC23-43750-C,C,43750,2023-12-25 08:00:00+00:00,2.83333,0.707258,0.494389,0.3761,0.2504,-0.1257,0.102488,1536.06,342.525,-0.0663706,0.00175777,1.42308,-0.00331952,9205.11,0.120308,0.15866
2023-12-22,2023-12-22 12:08:42.752000+00:00,BTC-24DEC23-43500-C,C,43500,2023-12-24 08:00:00+00:00,1.83333,0.729681,0.576393,0.3657,0.2108,-0.1549,-0.061862,1212.98,544.41,-0.0997364,0.0875867,-6.42338,0.0177813,6054.58,0.173955,0.224867
2023-12-22,2023-12-22 11:50:58.424000+00:00,BTC-29DEC23-45000-C,C,45000,2023-12-29 08:00:00+00:00,6.83333,0.292415,0.35387,0.4584,0.4206,-0.0378,-0.0253566,2231.87,116.524,-0.0335415,0.358248,6.98031,-0.011912,6692.18,0.0366086,0.0624474
2023-12-22,2023-12-22 11:49:02.347000+00:00,BTC-24DEC23-43750-P,P,43750,2023-12-24 08:00:00+00:00,1.83333,0.724266,0.473334,0.3646,0.2617,-0.1029,-0.323519,1235.93,546.053,-0.0994364,0.00755678,-1.59199,0.00446575,3715.62,0.117122,0.166714
2023-12-22,2023-12-22 12:13:15.870000+00:00,BTC-29DEC23-44000-C,C,44000,2023-12-29 08:00:00+00:00,6.83333,0.293078,0.47245,0.4449,0.4071,-0.0378,0.373746,2381.6,120.06,-0.0325537,0.0201533,2.13389,-0.00378284,71499.4,0.0348131,0.0606015
2023-12-22,2023-12-22 12:15:52.184000+00:00,BTC-24DEC23-43250-P,P,43250,2023-12-24 08:00:00+00:00,1.83333,0.731671,0.361545,0.3466,0.2738,-0.0728,0.28299,1158.51,574.411,-0.0945273,0.33517,-13.3844,0.0336069,1154.61,0.0916057,0.130995
2023-12-22,2023-12-22 12:35:18.176000+00:00,BTC-25DEC23-43500-C,C,43500,2023-12-25 08:00:00+00:00,2.83333,0.712043,0.553526,0.3786,0.2557,-0.1229,0.124623,1521.24,340.263,-0.0668118,0.0357047,-3.02122,0.00703138,1514.55,0.140074,0.179433
2023-12-29,2023-12-29 12:02:41.268000+00:00,BTC-31DEC23-43000-C,C,43000,2023-12-31 08:00:00+00:00,1.83333,0.728014,0.500667,0.4098,0.4314,0.0216,-1.88306,1215.32,485.825,-0.111764,-0.000112553,0.941949,-0.00297654,6069.71,0.0223622,0.0640494
2023-12-29,2023-12-29 11:51:03.193000+00:00,BTC-5JAN24-43500-C,C,43500,2024-01-05 08:00:00+00:00,6.83333,0.292417,0.451919,0.4595,0.4921,0.0326,-1.25683,2334.73,116.245,-0.033622,0.048352,2.92295,-0.00532537,7005.05,-0.0416614,-0.0156956
2023-12-29,2023-12-29 11:45:30.564000+00:00,BTC-5JAN24-43000-C,C,43000,2024-01-05 08:00:00+00:00,6.83333,0.292253,0.521018,0.4486,0.5029,0.0543,-1.31939,2347.1,119.07,-0.0328244,-0.00101941,0.141364,-0.000252937,9401.33,-0.0529347,-0.0262065
2023-12-29,2023-12-29 11:40:44.908000+00:00,BTC-5JAN24-43000-P,P,43000,2024-01-05 08:00:00+00:00,6.83333,0.292111,0.472097,0.4594,0.4957,0.0363,-1.42394,2347.13,116.27,-0.0336146,0.00108925,-0.113716,0.000208145,14096.6,-0.00332507,0.0235213
2023-12-29,2023-12-29 11:39:12.640000+00:00,BTC-5JAN24-44000-C,C,44000,2024-01-05 08:00:00+00:00,6.83333,0.292066,0.383934,0.4726,0.5097,0.0371,-1.75246,2250.91,113.023,-0.0345805,0.225261,5.57047,-0.0100655,6737.36,-0.0119123,0.0140659
2023-12-29,2023-12-29 11:36:25.417000+00:00,BTC-1JAN24-43250-C,C,43250,2024-01-01 08:00:00+00:00,2.83333,0.701827,0.432602,0.4122,0.3722,-0.04,-1.33522,1488.07,312.527,-0.0727412,0.0854067,5.69056,-0.0143399,4471.39,0.0115345,0.0498219
2023-12-29,2023-12-29 11:31:57.554000+00:00,BTC-31DEC23-42750-C,C,42750,2023-12-31 08:00:00+00:00,1.83333,0.719629,0.578145,0.4225,0.3022,-0.1203,-1.54293,1191.75,471.221,-0.115227,0.0787889,-5.61367,0.0179337,6010.55,0.120741,0.166731
2023-12-29,2023-12-29 11:31:25.306000+00:00,BTC-5JAN24-42500-P,P,42500,2024-01-05 08:00:00+00:00,6.83333,0.291835,0.400833,0.4604,0.4937,0.0333,-1.48614,2279.06,116.018,-0.0336878,0.102941,-2.99184,0.00533041,9154.79,-0.0126765,0.0144056
2023-12-29,2023-12-29 11:18:00.061000+00:00,BTC-1JAN24-42500-C,C,42500,2024-01-01 08:00:00+00:00,2.83333,0.69869,0.609136,0.4364,0.3787,-0.0577,-1.23528,1451.48,295.196,-0.0770118,0.152948,-6.23792,0.016244,1459.42,0.0166257,0.0604481
2023-12-29,2023-12-29 11:18:00.045000+00:00,BTC-1JAN24-42750-C,C,42750,2024-01-01 08:00:00+00:00,2.83333,0.69869,0.550412,0.4295,0.3765,-0.053,-1.57573,1496.64,299.938,-0.0757941,0.0264429,-2.36029,0.00623737,1504.41,0.0450597,0.0867621
2023-12-29,2023-12-29 11:17:59.863000+00:00,BTC-31DEC23-42500-C,C,42500,2023-12-31 08:00:00+00:00,1.83333,0.715883,0.612651,0.4474,0.3076,-0.1398,-1.65495,1162.74,444.995,-0.122018,0.165284,-8.09073,0.0267765,1172.63,0.125568,0.175922
2024-01-05,2024-01-05 11:57:29.934000+00:00,BTC-7JAN24-43500-P,P,43500,2024-01-07 08:00:00+00:00,1.83333,0.726584,0.432382,0.6873,0.3916,-0.2957,0.405533,1220.84,289.671,-0.187445,0.0301575,-2.49762,0.0130462,14644.2,0.387469,0.427636
2024-01-05,2024-01-05 11:55:59.365000+00:00,BTC-7JAN24-44250-C,C,44250,2024-01-07 08:00:00+00:00,1.83333,0.72617,0.42997,0.7062,0.3237,-0.3825,0.451313,1219.38,281.919,-0.1926,0.0566918,4.52895,-0.0242809,3670.91,0.466518,0.507933
2024-01-05,2024-01-05 11:55:59.289000+00:00,BTC-7JAN24-44500-C,C,44500,2024-01-07 08:00:00+00:00,1.83333,0.726169,0.387826,0.7145,0.3172,-0.3973,0.36546,1189.18,278.644,-0.194864,0.134091,6.63299,-0.0350878,2389.93,0.448683,0.484518
2024-01-05,2024-01-05 12:04:42.147000+00:00,BTC-7JAN24-43750-P,P,43750,2024-01-07 08:00:00+00:00,1.83333,0.72857,0.461542,0.7036,0.3067,-0.3969,0.220755,1235.63,282.96,-0.191891,0.00639779,-0.935382,0.00505133,1234.53,0.444962,0.486915
2024-01-05,2024-01-05 12:07:10.609000+00:00,BTC-7JAN24-43250-P,P,43250,2024-01-07 08:00:00+00:00,1.83333,0.729255,0.383301,0.6713,0.3512,-0.3201,0.331434,1185.54,296.575,-0.183082,0.109931,-5.23175,0.0259172,2363.23,0.315668,0.35348
2024-01-05,2024-01-05 12:09:09.218000+00:00,BTC-12JAN24-45000-C,C,45000,2024-01-12 08:00:00+00:00,6.83333,0.292955,0.426361,0.828,0.8629,0.0349,1.11864,2349.12,64.5104,-0.0605854,0.0669445,2.63743,-0.00857347,16581.2,-0.0174189,0.00801438
2024-01-05,2024-01-05 12:09:17.377000+00:00,BTC-8JAN24-44000-C,C,44000,2024-01-08 08:00:00+00:00,2.83333,0.707493,0.471286,0.6767,0.4,-0.2767,0.705875,1533.24,190.37,-0.119418,0.0139702,2.20573,-0.00923445,4606.87,0.312435,0.349971
2024-01-05,2024-01-05 11:48:22.501000+00:00,BTC-12JAN24-42500-P,P,42500,2024-01-12 08:00:00+00:00,6.83333,0.292338,0.362369,0.8161,0.8896,0.0735,-0.0459217,2253.71,65.4511,-0.0597146,0.103862,-2.15478,0.0066011,22432,-0.0318583,-0.00663663
2024-01-05,2024-01-05 11:48:17.729000+00:00,BTC-7JAN24-43750-C,C,43750,2024-01-07 08:00:00+00:00,1.83333,0.724063,0.535233,0.7021,0.269,-0.4331,-0.00507377,1236.05,283.565,-0.191482,0.00488641,-0.778911,0.00420048,7406.52,0.586157,0.631993
2024-01-05,2024-01-05 11:48:15.032000+00:00,BTC-12JAN24-44000-C,C,44000,2024-01-12 08:00:00+00:00,6.83333,0.292334,0.515662,0.8245,0.8527,0.0282,0.128497,2395.28,64.7843,-0.0603293,-0.00350094,0.652295,-0.00214644,19171.5,0.0650157,0.0905422
2024-01-05,2024-01-05 11:39:49.506000+00:00,BTC-12JAN24-44000-P,P,44000,2024-01-12 08:00:00+00:00,6.83333,0.292084,0.480406,0.816,0.8634,0.0474,-0.119408,2397.08,65.4591,-0.0597073,-0.00376326,0.560499,-0.00182457,2399.53,-0.0167453,0.0087017
2024-01-05,2024-01-05 12:24:17.181000+00:00,BTC-12JAN24-44500-C,C,44500,2024-01-12 08:00:00+00:00,6.83333,0.293407,0.479793,0.8283,0.8689,0.0406,0.123148,2396.7,64.4871,-0.0606073,0.00998113,1.44533,-0.00477551,16756.6,0.0113694,0.0370552
2024-01-05,2024-01-05 12:24:18.346000+00:00,BTC-7JAN24-44750-C,C,44750,2024-01-07 08:00:00+00:00,1.83333,0.734031,0.374853,0.7474,0.4244,-0.323,0.0402804,1181.42,266.378,-0.203836,0.157204,6.99042,-0.0383094,2350.66,0.373012,0.409646
2024-01-05,2024-01-05 12:24:38.510000+00:00,BTC-8JAN24-43500-P,P,43500,2024-01-08 08:00:00+00:00,2.83333,0.710172,0.410128,0.6728,0.4071,-0.2657,0.00860875,1507.7,191.474,-0.118729,0.0564169,-2.82451,0.0114882,10526.6,0.311534,0.34864
2024-01-05,2024-01-05 12:24:41.969000+00:00,BTC-8JAN24-43750-P,P,43750,2024-01-08 08:00:00+00:00,2.83333,0.710182,0.448245,0.6697,0.3902,-0.2795,-0.0714405,1533.91,192.36,-0.118182,0.0137457,-1.20121,0.00494792,3058.43,0.316746,0.353944
2024-01-05,2024-01-05 12:25:31.958000+00:00,BTC-12JAN24-43000-P,P,43000,2024-01-12 08:00:00+00:00,6.83333,0.293444,0.39284,0.8251,0.8715,0.0464,0.121946,2317.77,64.7372,-0.0603732,0.052303,-1.40682,0.00446816,2314.63,0.0231019,0.0485301
2024-01-05,2024-01-05 12:25:52.673000+00:00,BTC-7JAN24-44000-C,C,44000,2024-01-07 08:00:00+00:00,1.83333,0.734472,0.514922,0.7177,0.3285,-0.3892,-0.0402803,1243.94,277.401,-0.195736,-0.000699048,0.263181,-0.00145548,11137,0.492701,0.539057
2024-01-05,2024-01-05 12:26:47.246000+00:00,BTC-7JAN24-44000-P,P,44000,2024-01-07 08:00:00+00:00,1.83333,0.734728,0.466897,0.6958,0.2837,-0.4121,-0.303318,1243.35,286.132,-0.189764,0.0040016,-0.681096,0.00364178,4934.21,0.408905,0.455282
2024-01-05,2024-01-05 12:31:24.807000+00:00,BTC-8JAN24-44000-P,P,44000,2024-01-08 08:00:00+00:00,2.83333,0.711359,0.489084,0.6741,0.3882,-0.2859,-0.112021,1545.77,191.104,-0.118959,-0.00130096,0.537167,-0.0022452,1539.81,0.325727,0.36261
2024-01-12,2024-01-12 11:53:25.723000+00:00,BTC-19JAN24-46500-C,C,46500,2024-01-19 08:00:00+00:00,6.83333,0.292488,0.469601,0.511,0.5592,0.0482,-6.90237,2511.24,104.53,-0.0373902,0.0218422,2.09159,-0.00425647,17482.7,-0.0898162,-0.0622485
2024-01-12,2024-01-12 11:27:30.744000+00:00,BTC-19JAN24-47500-C,C,47500,2024-01-19 08:00:00+00:00,6.83333,0.29172,0.369724,0.512,0.5941,0.0821,-7.48885,2390.31,104.325,-0.0374634,0.262502,5.75696,-0.0111369,4728.94,-0.104291,-0.0772639
2024-01-19,2024-01-19 11:57:17.099000+00:00,BTC-26JAN24-42500-C,C,42500,2024-01-26 08:00:00+00:00,6.83333,0.292602,0.353925,0.4118,0.434,0.0222,0.347783,2113.99,129.71,-0.0301317,0.392417,7.65195,-0.011732,10598.4,-0.0286961,-0.00193131
2024-01-19,2024-01-19 12:03:31.601000+00:00,BTC-26JAN24-42000-P,P,42000,2024-01-26 08:00:00+00:00,6.83333,0.292788,0.566948,0.4301,0.438,0.00790001,0.544291,2234.08,124.191,-0.0314707,0.0891321,3.86443,-0.00654489,4464.57,-0.0442493,-0.0158203
2024-01-19,2024-01-19 12:08:09.826000+00:00,BTC-21JAN24-41500-P,P,41500,2024-01-21 08:00:00+00:00,1.83333,0.729529,0.533309,0.3761,0.2244,-0.1517,0.750637,1166.28,529.356,-0.102573,0.0244143,4.12958,-0.0119347,9341.8,-0.0795337,-0.02908
2024-01-19,2024-01-19 11:49:33.404000+00:00,BTC-21JAN24-41000-P,P,41000,2024-01-21 08:00:00+00:00,1.83333,0.724407,0.369914,0.4062,0.3163,-0.0899,0.645859,1106.92,490.13,-0.110782,0.248891,-10.5562,0.0312843,2223.2,-3.55027e-05,0.0414609
2024-01-26,2024-01-26 12:00:07.890000+00:00,BTC-28JAN24-41000-C,C,41000,2024-01-28 08:00:00+00:00,1.83333,0.727309,0.611641,0.4012,0.4946,0.0934,1.70172,1122.1,496.239,-0.109418,0.18036,-8.97373,0.0266676,4457.74,0.144091,0.197135
2024-01-26,2024-01-26 12:00:07.896000+00:00,BTC-29JAN24-41500-P,P,41500,2024-01-29 08:00:00+00:00,2.83333,0.705905,0.550099,0.3478,0.2756,-0.0722,1.76971,1440.92,370.395,-0.0613765,0.0566745,5.1089,-0.0109345,17152.1,-0.0404146,0.0022674
2024-01-26,2024-01-26 12:00:08.926000+00:00,BTC-2FEB24-42000-C,C,42000,2024-02-02 08:00:00+00:00,6.83333,0.292687,0.414611,0.4326,0.3856,-0.047,1.87814,2207.6,123.474,-0.0316537,0.137063,4.6441,-0.00783976,114957,0.0679772,0.0946098
2024-01-26,2024-01-26 12:01:28.402000+00:00,BTC-2FEB24-40500-P,P,40500,2024-02-02 08:00:00+00:00,6.83333,0.292727,0.356848,0.4306,0.3967,-0.0339,1.96476,2108.34,124.047,-0.0315073,0.26238,-5.22691,0.00840445,23562.4,-0.00327017,0.0238245
2024-01-26,2024-01-26 11:57:22.533000+00:00,BTC-28JAN24-41500-P,P,41500,2024-01-28 08:00:00+00:00,1.83333,0.72655,0.569107,0.3827,0.2321,-0.1506,1.74255,1149.82,520.227,-0.104373,0.0916408,7.42272,-0.0215747,2297.06,0.0631981,0.106251
2024-01-26,2024-01-26 11:44:12.248000+00:00,BTC-29JAN24-41000-P,P,41000,2024-01-29 08:00:00+00:00,2.83333,0.70316,0.415396,0.3761,0.2945,-0.0816,1.75261,1417.72,342.525,-0.0663706,0.102949,-5.45924,0.0124472,29466.5,0.00795942,0.0406232
2024-02-02,2024-02-02 11:58:19.297000+00:00,BTC-9FEB24-43000-P,P,43000,2024-02-09 08:00:00+00:00,6.83333,0.292633,0.457699,0.3519,0.3389,-0.013,-0.449714,2343.23,151.789,-0.0257488,0.017537,-1.20644,0.00168613,21090.8,0.0125064,0.0380893
2024-02-02,2024-02-02 12:05:40.945000+00:00,BTC-9FEB24-43500-C,C,43500,2024-02-09 08:00:00+00:00,6.83333,0.292852,0.436799,0.3539,0.3342,-0.0197,-0.163408,2323.93,150.931,-0.0258951,0.0932221,4.2842,-0.00597965,23393,0.0170132,0.0435233
2024-02-02,2024-02-02 11:48:55.492000+00:00,BTC-9FEB24-44000-C,C,44000,2024-02-09 08:00:00+00:00,6.83333,0.292354,0.361947,0.372,0.3408,-0.0312,-0.377168,2213.21,143.588,-0.0272195,0.384263,7.94483,-0.0110895,15498.7,0.0435006,0.0687748
2024-02-02,2024-02-02 12:17:14.308000+00:00,BTC-4FEB24-43000-C,C,43000,2024-02-04 08:00:00+00:00,1.83333,0.732053,0.580425,0.3076,0.098,-0.2096,-0.558361,1196.11,647.24,-0.0838909,0.118821,-8.28381,0.0192502,2415.29,0.190729,0.234707
2024-02-02,2024-02-02 11:40:45.998000+00:00,BTC-5FEB24-43000-C,C,43000,2024-02-05 08:00:00+00:00,2.83333,0.70257,0.557102,0.2995,0.2167,-0.0828,-0.388313,1501.01,430.129,-0.0528529,0.0564632,-4.45343,0.00818803,3013.02,0.100856,0.139903
2024-02-02,2024-02-02 11:37:38.209000+00:00,BTC-5FEB24-43500-C,C,43500,2024-02-05 08:00:00+00:00,2.83333,0.702034,0.379131,0.2995,0.2286,-0.0709,-0.216201,1445.52,430.129,-0.0528529,0.345332,12.6978,-0.0224916,15720.8,0.0785405,0.112827
2024-02-02,2024-02-02 12:33:27.023000+00:00,BTC-5FEB24-43000-P,P,43000,2024-02-05 08:00:00+00:00,2.83333,0.711717,0.416648,0.3014,0.2111,-0.0903,-0.606335,1486.26,427.417,-0.0531882,0.12745,-6.89759,0.0126146,4513.18,0.0775709,0.115105
2024-02-09,2024-02-09 12:00:41.264000+00:00,BTC-16FEB24-47000-P,P,47000,2024-02-16 08:00:00+00:00,6.83333,0.292703,0.459423,0.4094,0.424,0.0146,1.3184,2562.84,130.471,-0.0299561,0.011415,-0.818834,0.00133201,171248,0.0144836,0.0409038
2024-02-09,2024-02-09 11:59:08.583000+00:00,BTC-16FEB24-47000-C,C,47000,2024-02-16 08:00:00+00:00,6.83333,0.292657,0.541276,0.4206,0.4157,-0.00490002,1.41613,2562.81,126.996,-0.0307756,0.0113608,-0.801067,0.00133851,181495,-0.0258451,0.00173489
2024-02-09,2024-02-09 12:08:09.516000+00:00,BTC-16FEB24-48000-P,P,48000,2024-02-16 08:00:00+00:00,6.83333,0.292926,0.584088,0.4042,0.4476,0.0434,1.04739,2527.99,132.149,-0.0295756,0.1405,4.83784,-0.00763629,20203.9,0.0276312,0.0554387
2024-02-09,2024-02-09 12:08:09.520000+00:00,BTC-12FEB24-48000-C,C,48000,2024-02-12 08:00:00+00:00,2.83333,0.707297,0.366077,0.4388,0.3637,-0.0751,0.990017,1569.31,293.581,-0.0774353,0.296489,9.8431,-0.0252699,46086.1,0.0545787,0.0936348
2024-02-09,2024-02-09 12:08:09.818000+00:00,BTC-11FEB24-48000-C,C,48000,2024-02-11 08:00:00+00:00,1.83333,0.729529,0.364355,0.4692,0.2473,-0.2219,0.5569,1262.85,424.32,-0.127964,0.280063,11.4127,-0.0388887,1260.64,0.22825,0.267968
2024-02-09,2024-02-09 11:51:49.243000+00:00,BTC-12FEB24-47500-C,C,47500,2024-02-12 08:00:00+00:00,2.83333,0.70447,0.425062,0.3843,0.3474,-0.0369,1.33172,1628.56,335.216,-0.0678176,0.109798,6.58737,-0.015424,3275.8,0.00267743,0.0439837
2024-02-09,2024-02-09 12:08:33.078000+00:00,BTC-11FEB24-47500-P,P,47500,2024-02-11 08:00:00+00:00,1.83333,0.729636,0.492132,0.4233,0.2496,-0.1737,0.417544,1342.94,470.33,-0.115445,-0.000478436,0.34196,-0.00111597,5311.24,0.200038,0.245447
2024-02-09,2024-02-09 12:08:47.713000+00:00,BTC-11FEB24-47000-P,P,47000,2024-02-11 08:00:00+00:00,1.83333,0.729704,0.361871,0.4086,0.314,-0.0946,0.503354,1260.93,487.251,-0.111436,0.279816,-11.1872,0.0331197,5100.16,0.146406,0.186692
2024-02-09,2024-02-09 12:10:14.991000+00:00,BTC-11FEB24-48000-P,P,48000,2024-02-11 08:00:00+00:00,1.83333,0.730107,0.626989,0.4076,0.3422,-0.0654,0.510967,1275.58,488.447,-0.111164,0.279188,12.1884,-0.0363588,1272.81,0.0989475,0.151385
2024-02-09,2024-02-09 12:13:36.611000+00:00,BTC-12FEB24-48000-P,P,48000,2024-02-12 08:00:00+00:00,2.83333,0.708245,0.61592,0.4149,0.3516,-0.0633,0.479445,1597.33,310.493,-0.0732177,0.234576,9.04894,-0.0223012,7974.17,0.0661631,0.107673
2024-02-09,2024-02-09 12:19:16.695000+00:00,BTC-12FEB24-47500-P,P,47500,2024-02-12 08:00:00+00:00,2.83333,0.709234,0.492139,0.419,0.3462,-0.0728,0.361041,1669.33,307.455,-0.0739412,-0.000809164,0.465091,-0.00120851,1665.38,0.065112,0.104193
2024-02-09,2024-02-09 11:37:17.829000+00:00,BTC-16FEB24-46000-P,P,46000,2024-02-16 08:00:00+00:00,6.83333,0.292009,0.353489,0.4068,0.4272,0.0204,1.99433,2385.14,131.304,-0.0297659,0.296579,-5.76036,0.0087197,7199.51,-0.00247917,0.024923
2024-02-09,2024-02-09 11:36:54.889000+00:00,BTC-16FEB24-46000-C,C,46000,2024-02-16 08:00:00+00:00,6.83333,0.291998,0.640884,0.4155,0.4395,0.024,2.21532,2397.32,128.555,-0.0304024,0.264539,-5.35302,0.00832263,4783.77,-0.106315,-0.0760397
2024-02-16,2024-02-16 12:00:26.773000+00:00,BTC-23FEB24-52500-C,C,52500,2024-02-23 08:00:00+00:00,6.83333,0.292696,0.501424,0.5035,0.5393,0.0358,-1.19384,2859.65,106.087,-0.0368415,-0.000463302,0.948163,-0.00190676,54297.6,0.00330837,0.0300836
2024-02-16,2024-02-16 11:57:57.232000+00:00,BTC-18FEB24-52000-C,C,52000,2024-02-18 08:00:00+00:00,1.83333,0.726709,0.579163,0.4117,0.2668,-0.1449,-1.21897,1448.99,483.583,-0.112282,0.0828209,-5.84829,0.0181992,2899.14,0.105534,0.154495
2024-02-16,2024-02-16 12:12:13.172000+00:00,BTC-23FEB24-53500-C,C,53500,2024-02-23 08:00:00+00:00,6.83333,0.293047,0.392485,0.5083,0.5234,0.0151,-0.888934,2754.28,105.085,-0.0371927,0.183536,4.92005,-0.00962423,11132,-0.0307855,-0.00408148
2024-02-16,2024-02-16 11:47:18.791000+00:00,BTC-23FEB24-54000-C,C,54000,2024-02-23 08:00:00+00:00,6.83333,0.292306,0.355087,0.5206,0.5387,0.0181,-1.40243,2671.97,102.602,-0.0380927,0.316573,6.2211,-0.0120713,34643.1,0.00507525,0.0316293
2024-02-16,2024-02-16 11:38:12.664000+00:00,BTC-19FEB24-52000-C,C,52000,2024-02-19 08:00:00+00:00,2.83333,0.702133,0.594414,0.4282,0.3538,-0.0744,-1.37918,1790.93,300.849,-0.0755647,0.112804,-5.34696,0.0138003,1795.94,0.0685498,0.112518
2024-02-16,2024-02-16 11:21:29.279000+00:00,BTC-23FEB24-53000-C,C,53000,2024-02-23 08:00:00+00:00,6.83333,0.291542,0.451494,0.5021,0.5335,0.0314,-1.19345,2840.78,106.382,-0.036739,0.0464993,2.77963,-0.00553284,8539.38,-0.0218593,0.00459512
2024-02-23,2024-02-23 12:02:43.026000+00:00,BTC-25FEB24-51500-C,C,51500,2024-02-25 08:00:00+00:00,1.83333,0.728022,0.426327,0.39,0.2395,-0.1505,0.47461,1423.36,510.49,-0.106364,0.101505,7.71578,-0.0228074,4279.92,0.249257,0.296458
2024-02-23,2024-02-23 11:54:41.338000+00:00,BTC-25FEB24-51500-P,P,51500,2024-02-25 08:00:00+00:00,1.83333,0.725813,0.57068,0.3786,0.2562,-0.1224,0.75635,1425.78,525.861,-0.103255,0.0966168,7.64542,-0.021968,1427.27,0.153151,0.201963
2024-02-23,2024-02-23 12:12:02.441000+00:00,BTC-25FEB24-50500-P,P,50500,2024-02-25 08:00:00+00:00,1.83333,0.730605,0.352533,0.4055,0.3954,-0.0101,0.98617,1343.49,490.976,-0.110591,0.325026,-12.1424,0.0353534,1340.02,0.0733658,0.115282
2024-02-23,2024-02-23 11:43:00.089000+00:00,BTC-1MAR24-51000-P,P,51000,2024-03-01 08:00:00+00:00,6.83333,0.292178,0.448485,0.4582,0.5028,0.0446,0.569745,2777.66,116.575,-0.0335268,0.0189015,-1.06635,0.0019352,8344.1,-0.034914,-0.00902292
2024-02-23,2024-02-23 11:36:40.710000+00:00,BTC-1MAR24-51500-C,C,51500,2024-03-01 08:00:00+00:00,6.83333,0.291991,0.488577,0.4551,0.5085,0.0534,0.641717,2799.55,117.369,-0.0333,0.00574887,1.46163,-0.00265573,13986.5,-0.0284823,-0.00242027
2024-02-23,2024-02-23 12:25:47.886000+00:00,BTC-1MAR24-50000-P,P,50000,2024-03-01 08:00:00+00:00,6.83333,0.293452,0.359444,0.4619,0.513,0.0511,1.21769,2612.03,115.641,-0.0337976,0.230691,-4.68916,0.00810938,2608.24,-0.0253312,0.000269389
2024-03-01,2024-03-01 11:58:26.086000+00:00,BTC-8MAR24-62000-C,C,62000,2024-03-08 08:00:00+00:00,6.83333,0.292636,0.526657,0.6176,0.6167,-0.000900002,0.0819588,3383.8,86.4874,-0.0451902,-0.00190947,0.208702,-0.000513665,20304.8,0.0333477,0.059832
2024-03-01,2024-03-01 12:03:23.230000+00:00,BTC-4MAR24-63000-C,C,63000,2024-03-04 08:00:00+00:00,2.83333,0.706469,0.37911,0.5176,0.4381,-0.0795,-0.229401,2080.42,248.886,-0.0913412,0.209996,7.74673,-0.0237215,25375.7,0.140105,0.178669
2024-03-01,2024-03-01 12:04:29.710000+00:00,BTC-4MAR24-62500-C,C,62500,2024-03-04 08:00:00+00:00,2.83333,0.706661,0.446846,0.5106,0.4268,-0.0838,-0.158628,2162.08,252.298,-0.0901059,0.0466888,3.96836,-0.0124567,21714,0.143137,0.18181
2024-03-01,2024-03-01 12:09:30.793000+00:00,BTC-8MAR24-62500-C,C,62500,2024-03-08 08:00:00+00:00,6.83333,0.292966,0.503881,0.6339,0.6193,-0.0146,0.0035867,3401.52,84.2635,-0.0463829,-0.00118563,0.88742,-0.00224671,57818.8,0.0296985,0.0555392
2024-03-01,2024-03-01 12:13:40.353000+00:00,BTC-3MAR24-62000-C,C,62000,2024-03-03 08:00:00+00:00,1.83333,0.731059,0.526832,0.5436,0.3156,-0.228,-0.0398643,1752.25,366.245,-0.148255,0.00355047,-0.745127,0.00311631,13902.4,0.281406,0.327911
2024-03-01,2024-03-01 11:39:23.471000+00:00,BTC-3MAR24-62000-P,P,62000,2024-03-03 08:00:00+00:00,1.83333,0.721639,0.501764,0.535,0.265,-0.27,0.14724,1751.39,372.133,-0.145909,0.000364467,1.12099,-0.00462449,8791.4,0.336152,0.382221
2024-03-01,2024-03-01 12:23:37.320000+00:00,BTC-8MAR24-61500-P,P,61500,2024-03-08 08:00:00+00:00,6.83333,0.293387,0.413881,0.6239,0.6146,-0.0093,-0.213451,3327.89,85.6141,-0.0456512,0.0460159,-1.54685,0.00376459,3323.78,0.0452796,0.0712606
2024-03-01,2024-03-01 11:34:45.255000+00:00,BTC-8MAR24-63000-C,C,63000,2024-03-08 08:00:00+00:00,6.83333,0.291934,0.453565,0.6364,0.6201,-0.0163,0.0228262,3368.09,83.9325,-0.0465659,0.0374789,2.34274,-0.0059143,6784.82,0.0682775,0.0933989
2024-03-01,2024-03-01 11:32:28.771000+00:00,BTC-8MAR24-64500-C,C,64500,2024-03-08 08:00:00+00:00,6.83333,0.291867,0.354416,0.6554,0.6539,-0.00150002,0.293934,3161.84,81.4993,-0.0479561,0.264687,5.17138,-0.0126225,3167.02,0.0371932,0.0623644
2024-03-01,2024-03-01 12:32:48.448000+00:00,BTC-3MAR24-63000-C,C,63000,2024-03-03 08:00:00+00:00,1.83333,0.736424,0.379079,0.5399,0.443,-0.0969,-0.498509,1678.91,368.755,-0.147245,0.194812,8.99045,-0.0357198,6796,0.114519,0.15583
2024-03-08,2024-03-08 11:58:09.816000+00:00,BTC-15MAR24-67500-P,P,67500,2024-03-15 08:00:00+00:00,6.83333,0.292628,0.448947,0.6517,0.7043,0.0526,1.14754,3681.72,81.962,-0.0476854,0.00771045,-0.43913,0.00113366,14719.9,-0.0016828,0.0239929
2024-03-08,2024-03-08 11:58:02.965000+00:00,BTC-15MAR24-68500-C,C,68500,2024-03-15 08:00:00+00:00,6.83333,0.292625,0.485096,0.6637,0.74,0.0763,1.17577,3708.53,80.4801,-0.0485634,0.00721988,1.41162,-0.00373942,3708.9,-0.0591946,-0.0334631
2024-03-08,2024-03-08 11:57:33.495000+00:00,BTC-15MAR24-68000-P,P,68000,2024-03-15 08:00:00+00:00,6.83333,0.29261,0.48343,0.6556,0.708,0.0524001,1.18641,3707.53,81.4744,-0.0479707,-0.00305172,0.536918,-0.00140472,3707.99,0.0035543,0.0294098
2024-03-08,2024-03-08 11:55:42.131000+00:00,BTC-10MAR24-67500-C,C,67500,2024-03-10 08:00:00+00:00,1.83333,0.726091,0.550736,0.5623,0.729,0.1667,1.03757,1901.15,354.065,-0.153355,0.0199099,-2.20174,0.00946916,34311.3,0.0799625,0.128854
2024-03-08,2024-03-08 11:54:03.462000+00:00,BTC-15MAR24-69000-C,C,69000,2024-03-15 08:00:00+00:00,6.83333,0.292506,0.446572,0.6646,0.728,0.0634,1.47561,3672.01,80.3711,-0.0486293,0.045566,2.47793,-0.00651844,10983.3,-0.0446984,-0.0192884
2024-03-08,2024-03-08 12:13:46.326000+00:00,BTC-10MAR24-68000-P,P,68000,2024-03-10 08:00:00+00:00,1.83333,0.731087,0.544654,0.5553,0.2778,-0.2775,1.23209,1900.79,358.529,-0.151445,0.0304187,3.84005,-0.0163405,13254.1,-0.0251985,0.0236444
2024-03-08,2024-03-08 12:15:11.085000+00:00,BTC-15MAR24-69500-C,C,69500,2024-03-15 08:00:00+00:00,6.83333,0.293135,0.410712,0.6728,0.7437,0.0709,1.47794,3607.21,79.3916,-0.0492293,0.106409,3.44923,-0.00903621,3604.23,-0.092644,-0.0659929
2024-03-08,2024-03-08 12:15:20.468000+00:00,BTC-10MAR24-67500-P,P,67500,2024-03-10 08:00:00+00:00,1.83333,0.731524,0.478761,0.5565,0.3274,-0.2291,1.35619,1908.3,357.755,-0.151773,0.0013181,-0.349446,0.00149742,11473.7,0.00902012,0.0516847
2024-03-08,2024-03-08 11:32:11.976000+00:00,BTC-15MAR24-67000-P,P,67000,2024-03-15 08:00:00+00:00,6.83333,0.291858,0.440336,0.6435,0.706,0.0625,1.71081,3650.19,83.0064,-0.0470854,0.0145083,-0.705937,0.00179404,7310.79,-0.00697979,0.0184718
2024-03-08,2024-03-08 11:32:01.338000+00:00,BTC-11MAR24-68500-C,C,68500,2024-03-11 08:00:00+00:00,2.83333,0.701075,0.394174,0.5704,0.4303,-0.1401,1.56591,2287.68,225.848,-0.100659,0.151126,6.36357,-0.0217114,2296.18,0.20719,0.243845
2024-03-15,2024-03-15 12:01:09.356000+00:00,BTC-17MAR24-67000-P,P,67000,2024-03-17 08:00:00+00:00,1.83333,0.727591,0.404366,0.7509,0.7153,-0.0356,-3.64914,1860.88,265.136,-0.204791,0.0608523,-3.54774,0.0199493,7526.04,-0.215075,-0.16007
2024-03-15,2024-03-15 12:01:26.703000+00:00,BTC-22MAR24-67000-C,C,67000,2024-03-22 08:00:00+00:00,6.83333,0.292726,0.57831,0.7508,0.7725,0.0217,-2.64316,3640.84,71.1436,-0.0549366,0.0249547,-0.923155,0.00271482,21864.1,0.00660238,0.0351552
2024-03-15,2024-03-15 12:01:28.016000+00:00,BTC-22MAR24-66000-C,C,66000,2024-03-22 08:00:00+00:00,6.83333,0.292727,0.632592,0.7648,0.7805,0.0157,-3.00188,3505.32,69.8413,-0.055961,0.10366,-2.23674,0.00645162,17510.6,0.0500683,0.0796844
2024-03-15,2024-03-15 12:01:31.426000+00:00,BTC-22MAR24-68000-C,C,68000,2024-03-22 08:00:00+00:00,6.83333,0.292728,0.520713,0.7419,0.7638,0.0218999,-2.63859,3707.28,71.9971,-0.0542854,-0.00347045,0.488261,-0.00144487,125877,0.00501211,0.0327936
2024-03-15,2024-03-15 12:01:32.603000+00:00,BTC-22MAR24-69000-C,C,69000,2024-03-22 08:00:00+00:00,6.83333,0.292729,0.463073,0.7352,0.7767,0.0415,-2.61502,3696.73,72.6532,-0.0537951,0.0243641,1.92131,-0.00561766,70133.7,-0.0124873,0.0148368
2024-03-15,2024-03-15 12:02:02.754000+00:00,BTC-17MAR24-69000-C,C,69000,2024-03-17 08:00:00+00:00,1.83333,0.727837,0.382351,0.7646,0.8038,0.0392,-2.66151,1832.82,260.386,-0.208527,0.138266,6.521,-0.0367642,1832.03,0.109992,0.154385
2024-03-15,2024-03-15 11:57:46.839000+00:00,BTC-17MAR24-68000-P,P,68000,2024-03-17 08:00:00+00:00,1.83333,0.726662,0.503194,0.7643,0.8055,0.0412,-3.1709,1918.9,260.488,-0.208445,0.00065376,1.1483,-0.00676736,91227.9,-0.15768,-0.10083
2024-03-15,2024-03-15 11:57:44.510000+00:00,BTC-18MAR24-67500-C,C,67500,2024-03-18 08:00:00+00:00,2.83333,0.705492,0.548089,0.7472,0.7038,-0.0434,-2.79158,2368.97,172.408,-0.131859,0.00889859,-0.835736,0.0038452,11848.3,0.0592551,0.103607
2024-03-15,2024-03-15 12:02:21.795000+00:00,BTC-22MAR24-70000-C,C,70000,2024-03-22 08:00:00+00:00,6.83333,0.292753,0.410508,0.7325,0.7827,0.0502,-3.1161,3622.77,72.921,-0.0535976,0.100802,3.25691,-0.00928795,39670.3,0.0116366,0.0387097
2024-03-15,2024-03-15 12:03:56.198000+00:00,BTC-22MAR24-71000-C,C,71000,2024-03-22 08:00:00+00:00,6.83333,0.2928,0.356029,0.7364,0.7862,0.0498,-2.7404,3470.72,72.5348,-0.0538829,0.235388,4.66219,-0.0128102,3469.91,-0.00799176,0.019196
2024-03-15,2024-03-15 12:04:40.916000+00:00,BTC-22MAR24-70000-P,P,70000,2024-03-22 08:00:00+00:00,6.83333,0.292822,0.590367,0.7472,0.7651,0.0179,-3.55756,3617.74,71.4864,-0.0546732,0.101075,3.23413,-0.00940336,21574.5,-0.135828,-0.106789
2024-03-15,2024-03-15 12:05:01.308000+00:00,BTC-17MAR24-67500-C,C,67500,2024-03-17 08:00:00+00:00,1.83333,0.728659,0.540624,0.7783,0.6965,-0.0818,-3.56673,1906.39,255.802,-0.212264,0.00613128,-0.848479,0.00506575,15187.7,0.111669,0.161229
2024-03-15,2024-03-15 12:07:12.742000+00:00,BTC-17MAR24-67500-P,P,67500,2024-03-17 08:00:00+00:00,1.83333,0.729265,0.477612,0.7917,0.6924,-0.0993,-3.33754,1908.48,251.473,-0.215918,2.6683e-06,-0.000670555,4.08718e-06,5721.02,-0.240065,-0.184001
2024-03-15,2024-03-15 11:40:36.638000+00:00,BTC-17MAR24-66500-C,C,66500,2024-03-17 08:00:00+00:00,1.83333,0.72197,0.625444,0.7798,0.684,-0.0958,-2.95793,1815.09,255.31,-0.212673,0.109221,-4.80428,0.0274397,79451.8,0.145499,0.205459
2024-03-15,2024-03-15 12:21:29.130000+00:00,BTC-18MAR24-69000-C,C,69000,2024-03-18 08:00:00+00:00,2.83333,0.709619,0.395357,0.7374,0.7215,-0.0159,-2.84163,2297.14,174.7,-0.130129,0.118189,5.07139,-0.0223986,2290.56,0.0386038,0.08023
2024-03-15,2024-03-15 12:22:23.184000+00:00,BTC-18MAR24-68500-C,C,68500,2024-03-18 08:00:00+00:00,2.83333,0.709777,0.438823,0.7393,0.7548,0.0155,-2.86382,2350.91,174.251,-0.130465,0.0453215,3.35435,-0.0152022,4617.98,0.0285355,0.0700727
2024-03-15,2024-03-15 11:34:25.149000+00:00,BTC-18MAR24-67000-C,C,67000,2024-03-18 08:00:00+00:00,2.83333,0.701484,0.536797,0.7414,0.6768,-0.0646,-2.80172,2354.11,173.757,-0.130835,0.00338319,-0.415343,0.0019019,4728.09,0.0543333,0.0986395
2024-03-15,2024-03-15 12:27:33.358000+00:00,BTC-17MAR24-66500-P,P,66500,2024-03-17 08:00:00+00:00,1.83333,0.734944,0.351432,0.7932,0.5394,-0.2538,-2.39827,1784.33,250.997,-0.216327,0.154899,-5.75534,0.032753,3545.23,0.29034,0.342938
2024-03-15,2024-03-15 11:27:39.164000+00:00,BTC-18MAR24-65500-P,P,65500,2024-03-18 08:00:00+00:00,2.83333,0.70033,0.354653,0.7886,0.7006,-0.088,-2.58571,2197.95,163.357,-0.139165,0.144411,-4.38268,0.0199899,8830.56,-0.211541,-0.167569
2024-03-15,2024-03-15 12:33:46.831000+00:00,BTC-17MAR24-68500-P,P,68500,2024-03-17 08:00:00+00:00,1.83333,0.736699,0.543463,0.7809,0.9157,0.1348,-3.612,1911.06,254.951,-0.212973,0.0226279,2.95336,-0.0176802,1898.57,-0.177514,-0.121048
2024-03-15,2024-03-15 11:25:03.581000+00:00,BTC-18MAR24-68000-C,C,68000,2024-03-18 08:00:00+00:00,2.83333,0.699889,0.420353,0.7426,0.715,-0.0276,-2.38521,2306.09,173.476,-0.131047,0.0728271,4.0894,-0.0184556,2316.48,-0.0135662,0.0316435
2024-03-15,2024-03-15 12:41:34.232000+00:00,BTC-22MAR24-69000-P,P,69000,2024-03-22 08:00:00+00:00,6.83333,0.293925,0.537174,0.7372,0.7532,0.016,-2.73729,3696.37,72.4561,-0.0539415,0.0244202,1.92105,-0.00563207,33134.3,-0.0696535,-0.0402871
2024-03-22,2024-03-22 11:58:50.522000+00:00,BTC-29MAR24-64000-P,P,64000,2024-03-29 08:00:00+00:00,6.83333,0.292648,0.455431,0.6686,0.7113,0.0427,-0.445145,3492.76,79.8903,-0.048922,0.00342741,-0.223752,0.000593785,41738.5,-0.0392576,-0.0129421
2024-03-22,2024-03-22 11:58:31.245000+00:00,BTC-24MAR24-64000-C,C,64000,2024-03-24 08:00:00+00:00,1.83333,0.726865,0.555896,0.6017,0.4135,-0.1882,-0.506072,1800.86,330.881,-0.1641,0.022889,-2.29706,0.0105529,1801.37,0.306956,0.359752
2024-03-22,2024-03-22 11:58:28.486000+00:00,BTC-24MAR24-64000-P,P,64000,2024-03-24 08:00:00+00:00,1.83333,0.726853,0.44801,0.6127,0.449,-0.1637,-0.468379,1802.64,324.94,-0.1671,0.0186232,-2.01026,0.0094168,3584.52,0.167341,0.218236
2024-03-22,2024-03-22 11:55:00.974000+00:00,BTC-24MAR24-64500-C,C,64500,2024-03-24 08:00:00+00:00,1.83333,0.725902,0.472593,0.6149,0.4425,-0.1724,-0.357515,1812.17,323.778,-0.1677,0.0125915,2.58011,-0.0122047,3631.88,0.260474,0.312404
2024-03-22,2024-03-22 12:05:43.639000+00:00,BTC-24MAR24-65000-C,C,65000,2024-03-24 08:00:00+00:00,1.83333,0.728854,0.421174,0.5885,0.4593,-0.1292,-0.570758,1785.48,338.302,-0.1605,0.0811192,5.76239,-0.0256386,3588.62,0.179808,0.2236
2024-03-22,2024-03-22 12:07:23.810000+00:00,BTC-24MAR24-64500-P,P,64500,2024-03-24 08:00:00+00:00,1.83333,0.729316,0.497244,0.5908,0.489,-0.1018,-0.673804,1822.55,336.985,-0.161127,-0.000411185,0.833821,-0.00379853,9123.3,0.182171,0.231904
2024-03-22,2024-03-22 11:50:16.382000+00:00,BTC-25MAR24-64000-P,P,64000,2024-03-25 08:00:00+00:00,2.83333,0.704203,0.427397,0.6058,0.5114,-0.0944,-0.35984,2230.67,212.65,-0.106906,0.0392392,-2.43159,0.00898503,8903.18,0.100119,0.140047
2024-03-22,2024-03-22 12:11:49.792000+00:00,BTC-25MAR24-65000-P,P,65000,2024-03-25 08:00:00+00:00,2.83333,0.707935,0.546855,0.5868,0.5084,-0.0784,-0.204469,2252.22,219.536,-0.103553,0.0338676,3.27221,-0.0118282,2248.89,0.177017,0.217806
2024-03-22,2024-03-22 11:35:36.825000+00:00,BTC-29MAR24-64000-C,C,64000,2024-03-29 08:00:00+00:00,6.83333,0.291959,0.584511,0.6669,0.7072,0.0403,-1.33145,3467.44,80.0939,-0.0487976,0.0391864,-1.34081,0.00349091,10429,0.0419632,0.0700453
2024-03-22,2024-03-22 12:33:19.952000+00:00,BTC-25MAR24-65000-C,C,65000,2024-03-25 08:00:00+00:00,2.83333,0.711697,0.449869,0.588,0.5175,-0.0705,-0.391099,2249.14,219.088,-0.103765,0.037723,3.41799,-0.0123687,2239.73,0.075006,0.116774
2024-03-22,2024-03-22 12:44:35.601000+00:00,BTC-25MAR24-64500-P,P,64500,2024-03-25 08:00:00+00:00,2.83333,0.713683,0.477768,0.5793,0.5196,-0.0597,-0.750666,2267.08,222.378,-0.102229,0.00045132,-0.0919152,0.000329763,2254.66,0.00445667,0.0478613
2024-03-29,2024-03-29 12:01:03.834000+00:00,BTC-5APR24-72000-C,C,72000,2024-04-05 08:00:00+00:00,6.83333,0.292715,0.417736,0.5924,0.62,0.0276,-0.796521,3769.73,90.1665,-0.0433463,0.101217,3.56209,-0.00824844,18885.7,0.00264131,0.0278641
2024-03-29,2024-03-29 11:55:53.028000+00:00,BTC-1APR24-70500-C,C,70500,2024-04-01 08:00:00+00:00,2.83333,0.705171,0.481474,0.4468,0.3741,-0.0727,-0.571089,2468.88,288.325,-0.0788471,0.00893578,2.18119,-0.00603841,9895.29,0.0896415,0.128427
2024-03-29,2024-03-29 12:04:12.422000+00:00,BTC-1APR24-69500-P,P,69500,2024-04-01 08:00:00+00:00,2.83333,0.706611,0.358225,0.435,0.3768,-0.0582,-0.882059,2317.4,296.146,-0.0767647,0.270999,-8.47248,0.0214025,16552.4,0.10632,0.144715
2024-03-29,2024-03-29 12:08:33.982000+00:00,BTC-31MAR24-70500-C,C,70500,2024-03-31 08:00:00+00:00,1.83333,0.72964,0.442332,0.4353,0.2744,-0.1609,-0.712765,1962.8,457.365,-0.118718,0.0584106,5.69278,-0.0189093,1959.53,0.219057,0.255841
2024-03-29,2024-03-29 11:37:49.640000+00:00,BTC-5APR24-73000-C,C,73000,2024-04-05 08:00:00+00:00,6.83333,0.292025,0.355644,0.5866,0.6251,0.0385,-0.985767,3599.61,91.058,-0.042922,0.284891,5.61778,-0.0122884,3604.34,0.017561,0.0425735
2024-03-29,2024-03-29 12:29:28.197000+00:00,BTC-31MAR24-70000-C,C,70000,2024-03-31 08:00:00+00:00,1.83333,0.735483,0.532925,0.4591,0.2205,-0.2386,-0.486067,1976.71,433.655,-0.125209,0.00893314,-1.53074,0.00540068,1965.6,0.281886,0.325097
2024-03-29,2024-03-29 11:23:57.714000+00:00,BTC-5APR24-70000-C,C,70000,2024-04-05 08:00:00+00:00,6.83333,0.291615,0.560209,0.5921,0.6088,0.0167,-0.868429,3811.49,90.2122,-0.0433244,0.0180825,-0.871592,0.00203767,22916.3,0.0217701,0.0478179
2024-03-29,2024-03-29 11:23:57.213000+00:00,BTC-1APR24-70000-C,C,70000,2024-04-01 08:00:00+00:00,2.83333,0.699701,0.564517,0.4575,0.3749,-0.0826,-0.582016,2441.99,281.581,-0.0807353,0.0436947,-3.04311,0.00852169,17191.9,0.10043,0.138749
2024-04-05,2024-04-05 12:04:02.682000+00:00,BTC-8APR24-65500-P,P,65500,2024-04-08 08:00:00+00:00,2.83333,0.706583,0.381433,0.5409,0.5237,-0.0172,4.66989,2229.21,238.165,-0.0954529,0.141589,-5.32852,0.0170827,11175,-0.0196316,0.0129797
2024-04-05,2024-04-05 11:53:05.193000+00:00,BTC-12APR24-68000-C,C,68000,2024-04-12 08:00:00+00:00,6.83333,0.292477,0.429836,0.6234,0.6244,0.000999985,3.38692,3586.43,85.6828,-0.0456146,0.0743912,3.07372,-0.0075345,3587.75,0.0250682,0.0519641
2024-04-05,2024-04-05 12:09:30.906000+00:00,BTC-7APR24-66500-P,P,66500,2024-04-07 08:00:00+00:00,1.83333,0.729903,0.461177,0.5266,0.6111,0.0845,3.67021,1876.82,378.069,-0.143618,0.0111003,-1.60872,0.00650152,16919.2,0.00972495,0.0499376
2024-04-05,2024-04-05 11:48:03.809000+00:00,BTC-12APR24-67000-P,P,67000,2024-04-12 08:00:00+00:00,6.83333,0.292328,0.497927,0.6263,0.6158,-0.0105,3.759,3645.41,85.286,-0.0458268,-0.000662116,0.939921,-0.00235118,7283.58,0.0403418,0.0676371
2024-04-05,2024-04-05 11:48:01.375000+00:00,BTC-12APR24-66000-P,P,66000,2024-04-12 08:00:00+00:00,6.83333,0.292327,0.427299,0.626,0.6247,-0.00129997,3.57622,3585.53,85.3269,-0.0458049,0.0285983,-1.14018,0.0028033,46577.1,0.0171877,0.044015
2024-04-05,2024-04-05 11:36:31.229000+00:00,BTC-8APR24-66500-P,P,66500,2024-04-08 08:00:00+00:00,2.83333,0.701843,0.47301,0.5108,0.4795,-0.0313,3.54033,2336.8,252.2,-0.0901412,0.00302044,-0.50586,0.00159908,4686.87,0.061238,0.0972071
2024-04-05,2024-04-05 11:22:14.229000+00:00,BTC-7APR24-67000-P,P,67000,2024-04-07 08:00:00+00:00,1.83333,0.717016,0.499279,0.5179,0.5567,0.0388,3.31078,1893.18,384.42,-0.141245,-0.000105752,0.957544,-0.00382399,1906.67,0.0779935,0.117423
2024-04-12,2024-04-12 11:56:10.344000+00:00,BTC-19APR24-70000-C,C,70000,2024-04-19 08:00:00+00:00,6.83333,0.292569,0.587012,0.5703,0.7982,0.2279,-8.96889,3782.75,93.6606,-0.0417293,0.0546983,-1.81799,0.00404215,15168.5,-0.262285,-0.232034
2024-04-12,2024-04-12 11:49:50.789000+00:00,BTC-19APR24-73000-C,C,73000,2024-04-19 08:00:00+00:00,6.83333,0.292381,0.36769,0.5564,0.8353,0.2789,-8.85759,3657.01,96.0004,-0.0407122,0.251834,5.44229,-0.0114222,25552.5,-0.177545,-0.150497
2024-04-12,2024-04-12 11:49:49.843000+00:00,BTC-19APR24-72000-C,C,72000,2024-04-19 08:00:00+00:00,6.83333,0.292381,0.437863,0.5575,0.822,0.2645,-9.33805,3825.12,95.811,-0.0407927,0.065353,3.05177,-0.00671266,34267.7,-0.18077,-0.153292
2024-04-12,2024-04-12 11:48:56.220000+00:00,BTC-19APR24-71000-C,C,71000,2024-04-19 08:00:00+00:00,6.83333,0.292354,0.508566,0.5528,0.8046,0.2518,-9.73822,3869.91,96.6256,-0.0404488,-0.00210218,0.716508,-0.00158164,23239,-0.190802,-0.16231
2024-04-12,2024-04-12 11:47:51.137000+00:00,BTC-19APR24-70000-P,P,70000,2024-04-19 08:00:00+00:00,6.83333,0.292322,0.416217,0.5715,0.5966,0.0251,-10.0138,3787.13,93.4639,-0.0418171,0.0494307,-1.7068,0.00380968,56915.7,-0.214877,-0.186384
2024-04-12,2024-04-12 11:22:17.729000+00:00,BTC-19APR24-69000-C,C,69000,2024-04-19 08:00:00+00:00,6.83333,0.291566,0.643947,0.6053,0.7824,0.1771,-9.07274,3614.71,88.2449,-0.0442902,0.175085,-3.46236,0.0078181,3622.36,-0.217379,-0.185532
2024-04-19,2024-04-19 12:02:30.742000+00:00,BTC-21APR24-64000-P,P,64000,2024-04-21 08:00:00+00:00,1.83333,0.727965,0.35692,0.6596,0.4521,-0.2075,-0.0684014,1719.32,301.836,-0.179891,0.177722,-6.84118,0.0325348,5194.09,0.339921,0.380086
2024-04-19,2024-04-19 11:52:40.865000+00:00,BTC-21APR24-65500-C,C,65500,2024-04-21 08:00:00+00:00,1.83333,0.725262,0.440466,0.639,0.4052,-0.2338,-0.10345,1816.94,311.566,-0.174273,0.045873,4.31346,-0.021016,16509.4,0.312982,0.355195
2024-04-19,2024-04-19 11:51:07.444000+00:00,BTC-21APR24-65000-C,C,65000,2024-04-21 08:00:00+00:00,1.83333,0.724836,0.500867,0.6305,0.3867,-0.2438,-0.054025,1836.13,315.767,-0.171955,-0.000141906,0.95298,-0.0046332,5474.48,0.330191,0.376541
2024-04-19,2024-04-19 12:09:36.967000+00:00,BTC-22APR24-65500-C,C,65500,2024-04-22 08:00:00+00:00,2.83333,0.70755,0.468147,0.6093,0.5295,-0.0798,-0.275746,2281.85,211.429,-0.107524,0.0174718,2.48596,-0.00936545,2279.13,0.18736,0.224235
2024-04-19,2024-04-19 12:09:37.519000+00:00,BTC-22APR24-64500-P,P,64500,2024-04-22 08:00:00+00:00,2.83333,0.707552,0.430526,0.652,0.5337,-0.1183,-0.205007,2251.52,197.582,-0.115059,0.0315062,-2.04461,0.00814332,6790.31,0.192546,0.229571
2024-04-19,2024-04-19 12:09:37.524000+00:00,BTC-22APR24-65000-P,P,65000,2024-04-22 08:00:00+00:00,2.83333,0.707552,0.48389,0.6497,0.5304,-0.1193,-0.292491,2284.36,198.282,-0.114653,-0.00104687,0.294025,-0.00118393,20579,0.172632,0.210013
2024-04-19,2024-04-19 12:09:38.365000+00:00,BTC-22APR24-64000-P,P,64000,2024-04-22 08:00:00+00:00,2.83333,0.707554,0.385697,0.6572,0.5597,-0.0975,-0.0419934,2189.61,196.019,-0.115976,0.102637,-4.01318,0.0156846,25938.1,0.200462,0.237359
2024-04-19,2024-04-19 11:44:20.439000+00:00,BTC-21APR24-64500-P,P,64500,2024-04-21 08:00:00+00:00,1.83333,0.722984,0.38174,0.6728,0.3912,-0.2816,-0.604024,1765.78,295.914,-0.183491,0.113877,-5.32647,0.0264045,1771.41,0.38206,0.428672
2024-04-19,2024-04-19 12:18:00.605000+00:00,BTC-26APR24-68000-C,C,68000,2024-04-26 08:00:00+00:00,6.83333,0.29322,0.350625,0.6971,0.6969,-0.000199966,-0.389911,3310.2,76.6241,-0.0510073,0.263072,5.01748,-0.0129811,13296.1,-0.00372603,0.0223583
2024-04-19,2024-04-19 12:20:40.229000+00:00,BTC-21APR24-66500-C,C,66500,2024-04-21 08:00:00+00:00,1.83333,0.733012,0.37133,0.6504,0.5261,-0.1243,-0.8007,1753.88,306.105,-0.177382,0.187435,8.09111,-0.0384682,5192.73,0.117745,0.155082
2024-04-19,2024-04-19 12:40:56.441000+00:00,BTC-21APR24-66000-C,C,66000,2024-04-21 08:00:00+00:00,1.83333,0.738729,0.408692,0.6437,0.4503,-0.1934,-0.503071,1797.13,309.291,-0.175555,0.0975104,6.01445,-0.0290823,5369.48,0.187593,0.226635
2024-04-26,2024-04-26 12:01:10.718000+00:00,BTC-29APR24-64500-C,C,64500,2024-04-29 08:00:00+00:00,2.83333,0.706086,0.451957,0.3889,0.365,-0.0239,-1.09053,2240.05,331.251,-0.0686294,0.0480915,4.52248,-0.0108302,6742.09,-0.0110814,0.0280502
2024-04-26,2024-04-26 11:57:28.243000+00:00,BTC-3MAY24-65000-C,C,65000,2024-05-03 08:00:00+00:00,6.83333,0.292608,0.445882,0.4723,0.5184,0.0461,-1.25386,3477.32,113.095,-0.0345585,0.0578391,3.10601,-0.00580519,10423.3,-0.0263152,-0.000279312
2024-04-26,2024-04-26 12:02:43.259000+00:00,BTC-29APR24-65000-C,C,65000,2024-04-29 08:00:00+00:00,2.83333,0.706353,0.363926,0.3692,0.405,0.0358,-0.983273,2125.23,348.926,-0.0651529,0.358397,11.6939,-0.0252076,19393.3,-0.0549512,-0.0163585
2024-04-26,2024-04-26 12:04:29.767000+00:00,BTC-29APR24-64500-P,P,64500,2024-04-29 08:00:00+00:00,2.83333,0.706661,0.523378,0.391,0.3769,-0.0141,-1.38802,2257.32,329.472,-0.069,0.0139383,2.70052,-0.00653827,2256.07,0.000297621,0.0399196
2024-04-26,2024-04-26 12:43:23.514000+00:00,BTC-28APR24-64500-P,P,64500,2024-04-28 08:00:00+00:00,1.83333,0.739426,0.52234,0.3772,0.2812,-0.096,-1.4779,1817.53,527.813,-0.102873,0.0120431,3.07031,-0.00891664,5407.75,-0.0467003,0.00229006
2024-05-03,2024-05-03 12:01:12.960000+00:00,BTC-10MAY24-61000-C,C,61000,2024-05-10 08:00:00+00:00,6.83333,0.292719,0.354533,0.4835,0.5179,0.0344,7.93975,3023.54,110.475,-0.035378,0.338929,6.63948,-0.0119598,224567,-0.137897,-0.108344
2024-05-03,2024-05-03 12:01:25.529000+00:00,BTC-10MAY24-60000-P,P,60000,2024-05-10 08:00:00+00:00,6.83333,0.292725,0.553511,0.4945,0.5274,0.0329,8.03407,3208.89,108.017,-0.0361829,0.0550012,2.98819,-0.00584874,39096.9,-0.152701,-0.122682
2024-05-03,2024-05-03 12:02:50.434000+00:00,BTC-10MAY24-59000-P,P,59000,2024-05-10 08:00:00+00:00,6.83333,0.292767,0.460536,0.5009,0.5512,0.0503,7.94934,3219.06,106.637,-0.0366512,0.00604142,-0.445643,0.000887204,31493.3,-0.144141,-0.115694
2024-05-03,2024-05-03 12:06:40.595000+00:00,BTC-6MAY24-59500-P,P,59500,2024-05-06 08:00:00+00:00,2.83333,0.707039,0.553893,0.4089,0.554,0.1451,7.99677,2060.87,315.049,-0.0721588,0.0567376,4.75736,-0.0119561,2059.15,-0.338451,-0.304019
2024-05-03,2024-05-03 12:08:51.064000+00:00,BTC-10MAY24-58000-P,P,58000,2024-05-10 08:00:00+00:00,6.83333,0.292946,0.363121,0.5036,0.579,0.0754,8.00081,3043.34,106.066,-0.0368488,0.195362,-4.07943,0.00771795,36587.4,-0.150791,-0.122706
2024-05-10,2024-05-10 11:58:24.536000+00:00,BTC-13MAY24-63500-C,C,63500,2024-05-13 08:00:00+00:00,2.83333,0.705607,0.463206,0.3684,0.4609,0.0925,-3.87206,2214.63,349.684,-0.0650118,0.0313074,3.8463,-0.00875173,2215.07,-0.247474,-0.213699
2024-05-10,2024-05-10 11:55:57.800000+00:00,BTC-17MAY24-64000-C,C,64000,2024-05-17 08:00:00+00:00,6.83333,0.292563,0.440004,0.4503,0.4699,0.0196,-3.87308,3415.42,118.62,-0.0329488,0.0712983,3.45083,-0.00613609,78349.6,-0.0908981,-0.063757
2024-05-17,2024-05-17 12:04:47.588000+00:00,BTC-19MAY24-67000-C,C,67000,2024-05-19 08:00:00+00:00,1.83333,0.728596,0.367441,0.4242,0.2219,-0.2023,1.05696,1770.08,469.333,-0.115691,0.293776,12.2528,-0.0378501,3550.35,0.246827,0.294143
2024-05-17,2024-05-17 12:04:53.080000+00:00,BTC-24MAY24-65000-P,P,65000,2024-05-24 08:00:00+00:00,6.83333,0.292828,0.35206,0.4364,0.4426,0.00619999,1.01768,3371.02,122.398,-0.0319317,0.278392,-5.35873,0.00869079,43874.9,-0.00462152,0.0213836
2024-05-17,2024-05-17 12:08:24.545000+00:00,BTC-19MAY24-66500-P,P,66500,2024-05-19 08:00:00+00:00,1.83333,0.729597,0.542268,0.414,0.2281,-0.1859,1.09042,1863.08,480.896,-0.112909,0.0346138,4.61043,-0.0146359,1860.07,0.163079,0.205745
2024-05-17,2024-05-17 11:43:30.989000+00:00,BTC-20MAY24-67000-C,C,67000,2024-05-20 08:00:00+00:00,2.83333,0.703042,0.400521,0.4027,0.3449,-0.0578,0.876723,2259.27,319.899,-0.0710647,0.180676,8.11894,-0.0196432,9049.01,0.111693,0.149525
2024-05-17,2024-05-17 11:40:04.262000+00:00,BTC-19MAY24-66000-P,P,66000,2024-05-19 08:00:00+00:00,1.83333,0.721824,0.416445,0.3901,0.2913,-0.0988,0.869734,1834.73,510.359,-0.106391,0.0998702,-6.65679,0.0195805,3655.33,0.0723656,0.109454
2024-05-17,2024-05-17 11:30:38.519000+00:00,BTC-19MAY24-66500-C,C,66500,2024-05-19 08:00:00+00:00,1.83333,0.719274,0.469163,0.4138,0.2748,-0.139,0.920756,1869.42,481.128,-0.112855,0.0202155,3.65852,-0.0116383,1879.87,0.16297,0.212407
2024-05-17,2024-05-17 11:26:19.864000+00:00,BTC-24MAY24-68000-C,C,68000,2024-05-24 08:00:00+00:00,6.83333,0.291685,0.368687,0.4585,0.4435,-0.015,0.91762,3428.17,116.499,-0.0335488,0.292223,6.35607,-0.0110009,44596.4,0.0236863,0.0501369
2024-05-24,2024-05-24 12:01:33.973000+00:00,BTC-31MAY24-69000-C,C,69000,2024-05-31 08:00:00+00:00,6.83333,0.29273,0.366574,0.4425,0.427,-0.0155,2.88453,3474.82,120.711,-0.032378,0.309285,6.63059,-0.0110572,94528.3,0.00670156,0.0338116
2024-05-24,2024-05-24 12:05:18.742000+00:00,BTC-31MAY24-68000-C,C,68000,2024-05-31 08:00:00+00:00,6.83333,0.292841,0.461903,0.4446,0.4263,-0.0183,2.89887,3666.7,120.141,-0.0325317,0.0336356,2.57147,-0.00454553,29352.2,-0.0103352,0.0168795
2024-05-24,2024-05-24 12:19:02.789000+00:00,BTC-31MAY24-68000-P,P,68000,2024-05-31 08:00:00+00:00,6.83333,0.293251,0.528671,0.4348,0.421,-0.0138,2.71303,3679.98,122.849,-0.0318146,0.0216823,2.20694,-0.00382277,14692.1,0.00754167,0.0351189
2024-05-24,2024-05-24 12:29:16.755000+00:00,BTC-26MAY24-67500-P,P,67500,2024-05-26 08:00:00+00:00,1.83333,0.735429,0.505881,0.3479,0.4733,0.1254,2.64393,1907.02,572.265,-0.0948818,0.00163541,1.58898,-0.00426227,1896.41,-0.046624,-0.00646546
2024-05-24,2024-05-24 11:29:12.330000+00:00,BTC-31MAY24-67000-P,P,67000,2024-05-31 08:00:00+00:00,6.83333,0.29177,0.442075,0.4426,0.4284,-0.0142,2.86623,3643.97,120.684,-0.0323854,0.028102,-1.40826,0.00246316,32773.5,-0.00603593,0.021102
2024-05-24,2024-05-24 12:33:29.997000+00:00,BTC-31MAY24-69000-P,P,69000,2024-05-31 08:00:00+00:00,6.83333,0.293683,0.631222,0.4366,0.4203,-0.0163,2.90651,3484.92,122.342,-0.0319463,0.301909,6.59805,-0.0108801,3478.2,0.0278151,0.0573586
2024-05-31,2024-05-31 12:00:03.075000+00:00,BTC-2JUN24-68500-C,C,68500,2024-06-02 08:00:00+00:00,1.83333,0.727287,0.479885,0.4043,0.254,-0.1503,-0.917444,1930.71,492.434,-0.110264,0.00986794,2.76038,-0.00859474,21234.1,0.0772388,0.115393
2024-05-31,2024-05-31 12:00:22.902000+00:00,BTC-2JUN24-69000-C,C,69000,2024-06-02 08:00:00+00:00,1.83333,0.727378,0.382243,0.4042,0.3639,-0.0403,-0.913925,1848.59,492.555,-0.110236,0.243259,11.4576,-0.034144,20680.5,0.0173601,0.0540562
2024-05-31,2024-05-31 11:59:10.548000+00:00,BTC-7JUN24-68000-C,C,68000,2024-06-07 08:00:00+00:00,6.83333,0.292658,0.566269,0.4045,0.3742,-0.0303,-0.919745,3688.82,132.051,-0.0295976,0.0460199,-2.01535,0.00321098,88271.3,0.0321558,0.0590581
2024-05-31,2024-05-31 12:02:23.282000+00:00,BTC-7JUN24-68000-P,P,68000,2024-06-07 08:00:00+00:00,6.83333,0.292754,0.432872,0.3966,0.3757,-0.0209,-0.846597,3687.46,134.681,-0.0290195,0.0489283,-2.11529,0.00330319,201332,0.0265867,0.052758
2024-05-31,2024-05-31 11:56:51.129000+00:00,BTC-2JUN24-68000-C,C,68000,2024-06-02 08:00:00+00:00,1.83333,0.726407,0.583768,0.4064,0.1858,-0.2206,-0.930224,1890.75,489.889,-0.110836,0.0952257,-6.34836,0.0194536,1891.92,0.201377,0.243233
2024-05-31,2024-05-31 12:03:11.046000+00:00,BTC-3JUN24-68500-C,C,68500,2024-06-03 08:00:00+00:00,2.83333,0.706434,0.492188,0.3733,0.2715,-0.1018,-0.909365,2404.39,345.094,-0.0658765,0.00274863,1.59478,-0.00369198,16728.2,0.052608,0.090632
2024-05-31,2024-05-31 11:49:12.321000+00:00,BTC-7JUN24-70000-C,C,70000,2024-06-07 08:00:00+00:00,6.83333,0.292362,0.362404,0.3961,0.376,-0.0201,-0.952231,3518.06,134.851,-0.0289829,0.361479,7.49971,-0.0111512,90400.9,0.01305,0.0387411
2024-05-31,2024-05-31 12:13:05.470000+00:00,BTC-3JUN24-68000-C,C,68000,2024-06-03 08:00:00+00:00,2.83333,0.708155,0.592229,0.376,0.2707,-0.1053,-1.06503,2342.88,342.616,-0.0663529,0.123813,-6.03224,0.013692,6978.74,0.0483874,0.0904587
2024-05-31,2024-05-31 12:14:28.712000+00:00,BTC-3JUN24-68000-P,P,68000,2024-06-03 08:00:00+00:00,2.83333,0.708396,0.41618,0.3692,0.2665,-0.1027,-0.924981,2352.22,348.926,-0.0651529,0.102374,-5.49759,0.0123117,2347.88,0.0226721,0.0626921
2024-05-31,2024-05-31 12:26:10.827000+00:00,BTC-3JUN24-69500-C,C,69500,2024-06-03 08:00:00+00:00,2.83333,0.710441,0.358386,0.3808,0.2912,-0.0896,-1.22105,2259.47,338.297,-0.0672,0.375036,11.7749,-0.0260532,11539.3,-0.00632895,0.024527
2024-05-31,2024-05-31 12:30:05.794000+00:00,BTC-3JUN24-69000-C,C,69000,2024-06-03 08:00:00+00:00,2.83333,0.711128,0.447412,0.384,0.2921,-0.0919,-1.27899,2392.32,335.478,-0.0677647,0.0566869,4.88944,-0.0115456,9591.95,-0.0660076,-0.0304914
2024-05-31,2024-05-31 12:32:50+00:00,BTC-2JUN24-69000-P,P,69000,2024-06-02 08:00:00+00:00,1.83333,0.736432,0.524082,0.4056,0.3503,-0.0553,-1.5901,1943.25,490.855,-0.110618,0.0130716,3.08191,-0.00962172,1931.07,-0.0641899,-0.0154105
2024-06-07,2024-06-07 11:59:55.705000+00:00,BTC-14JUN24-72000-C,C,72000,2024-06-14 08:00:00+00:00,6.83333,0.292681,0.4974,0.4958,0.4308,-0.065,-3.2992,3919.33,107.734,-0.0362781,0.000977332,1.09606,-0.00217045,272370,0.027146,0.0534326
2024-06-07,2024-06-07 12:00:27.203000+00:00,BTC-10JUN24-72500-C,C,72500,2024-06-10 08:00:00+00:00,2.83333,0.705961,0.403218,0.4446,0.4045,-0.0401,-3.40886,2447.45,289.752,-0.0784588,0.156608,7.2548,-0.0194153,12115.7,-0.102727,-0.0720625
2024-06-07,2024-06-07 11:55:34.407000+00:00,BTC-9JUN24-72000-C,C,72000,2024-06-09 08:00:00+00:00,1.83333,0.726055,0.453344,0.468,0.5719,0.1039,-3.32152,2012.79,425.408,-0.127636,0.0377377,4.53781,-0.0162635,14141.4,-0.099767,-0.0639079
2024-06-07,2024-06-07 11:51:29.295000+00:00,BTC-10JUN24-71500-C,C,71500,2024-06-10 08:00:00+00:00,2.83333,0.704413,0.524862,0.4304,0.3453,-0.0851,-3.23044,2512.4,299.311,-0.0759529,0.00354616,-0.645166,0.00171903,31795.9,-0.0355656,-0.00257726
2024-06-07,2024-06-07 12:14:35.634000+00:00,BTC-14JUN24-74000-C,C,74000,2024-06-14 08:00:00+00:00,6.83333,0.293118,0.355443,0.5018,0.4649,-0.0369,-3.55291,3668.28,106.446,-0.0367171,0.323994,6.39389,-0.0119655,22048.5,-0.0107071,0.0151854
2024-06-07,2024-06-07 12:42:44.159000+00:00,BTC-9JUN24-70500-C,C,70500,2024-06-09 08:00:00+00:00,1.83333,0.739239,0.554646,0.4509,0.316,-0.1349,-2.13567,1982.43,441.541,-0.122973,0.0316751,-3.27304,0.0112745,1966.09,-0.0720609,-0.0313964
2024-06-14,2024-06-14 11:58:23.502000+00:00,BTC-21JUN24-67000-C,C,67000,2024-06-21 08:00:00+00:00,6.83333,0.292635,0.524373,0.3842,0.4,0.0158,-1.23195,3657.12,139.028,-0.0281122,0.0013627,-0.162913,0.000249528,21922,-0.0176142,0.00971214
2024-06-14,2024-06-14 11:53:48.342000+00:00,BTC-16JUN24-67000-C,C,67000,2024-06-16 08:00:00+00:00,1.83333,0.72557,0.521915,0.3505,0.2998,-0.0507,-1.30561,1893.48,568.02,-0.0955909,0.0047317,-1.21397,0.00327606,3791.42,0.0159854,0.0588016
2024-06-14,2024-06-14 12:23:19.706000+00:00,BTC-16JUN24-67500-C,C,67500,2024-06-16 08:00:00+00:00,1.83333,0.733757,0.446659,0.3409,0.3892,0.0483,-1.56111,1884.94,584.016,-0.0929727,0.0616606,6.52169,-0.0169916,1876.42,-0.0974362,-0.0599882
2024-06-14,2024-06-14 12:29:00.919000+00:00,BTC-17JUN24-68000-C,C,68000,2024-06-17 08:00:00+00:00,2.83333,0.710938,0.354396,0.3353,0.3431,0.00780003,-1.49847,2204.97,384.204,-0.0591706,0.445592,13.5938,-0.0263817,4385.08,-0.118675,-0.0852276
2024-06-14,2024-06-14 12:33:58.764000+00:00,BTC-16JUN24-66500-C,C,66500,2024-06-16 08:00:00+00:00,1.83333,0.736755,0.644556,0.3646,0.2593,-0.1053,-1.38399,1773.04,546.053,-0.0994364,0.346205,-13.2585,0.0348295,1760.14,-0.0332126,0.0189635
2024-06-21,2024-06-21 12:00:00.782000+00:00,BTC-24JUN24-64500-P,P,64500,2024-06-24 08:00:00+00:00,2.83333,0.705885,0.637732,0.3521,0.2323,-0.1198,0.819317,2106.44,365.872,-0.0621353,0.383752,12.3598,-0.0253685,4212.48,0.154655,0.196668
2024-06-21,2024-06-21 11:59:24.068000+00:00,BTC-24JUN24-64500-C,C,64500,2024-06-24 08:00:00+00:00,2.83333,0.705779,0.363643,0.3482,0.2159,-0.1323,0.880377,2109.64,369.97,-0.0614471,0.38006,12.3685,-0.0251372,14710.9,0.146035,0.182726
2024-06-21,2024-06-21 12:01:37.380000+00:00,BTC-24JUN24-64000-P,P,64000,2024-06-24 08:00:00+00:00,2.83333,0.706163,0.526197,0.3457,0.24,-0.1057,0.726567,2239.16,372.645,-0.0610059,0.0182719,3.15687,-0.00675466,15715.8,0.111322,0.150091
2024-06-21,2024-06-21 12:01:45.112000+00:00,BTC-28JUN24-65000-C,C,65000,2024-06-28 08:00:00+00:00,6.83333,0.292735,0.390538,0.4112,0.3745,-0.0367,1.02953,3355.42,129.899,-0.0300878,0.225819,5.9391,-0.00938474,46609.7,0.0156306,0.0412619
2024-06-21,2024-06-21 12:04:17.592000+00:00,BTC-23JUN24-64000-C,C,64000,2024-06-23 08:00:00+00:00,1.83333,0.728457,0.468779,0.3568,0.2166,-0.1402,0.765731,1799.85,557.99,-0.0973091,0.0227098,4.0947,-0.0112313,5395.93,0.126368,0.173288
2024-06-21,2024-06-21 12:08:21.628000+00:00,BTC-24JUN24-63500-P,P,63500,2024-06-24 08:00:00+00:00,2.83333,0.707332,0.448371,0.3626,0.263,-0.0996,0.978735,2221.33,355.277,-0.0639882,0.0349524,-3.05918,0.00682286,8875.07,0.102218,0.13628
2024-06-21,2024-06-21 12:10:04.804000+00:00,BTC-28JUN24-64000-P,P,64000,2024-06-28 08:00:00+00:00,6.83333,0.292983,0.512568,0.415,0.3792,-0.0358,1.10542,3479.92,128.71,-0.0303659,0.00669007,1.55408,-0.00257468,34870.5,0.0415465,0.0675588
2024-06-21,2024-06-21 12:15:13.916000+00:00,BTC-23JUN24-63500-P,P,63500,2024-06-23 08:00:00+00:00,1.83333,0.731493,0.465643,0.3704,0.3167,-0.0537,0.992307,1792.18,537.502,-0.101018,0.0138932,-2.27806,0.00648249,5362.45,0.065571,0.10447
2024-06-21,2024-06-21 12:19:42.175000+00:00,BTC-23JUN24-64000-P,P,64000,2024-06-23 08:00:00+00:00,1.83333,0.732741,0.602099,0.3722,0.1682,-0.204,1.13274,1737.95,534.903,-0.101509,0.196713,10.77,-0.0299007,1730.98,0.190662,0.232302
2024-06-28,2024-06-28 12:00:24.257000+00:00,BTC-5JUL24-63000-C,C,63000,2024-07-05 08:00:00+00:00,6.83333,0.292695,0.352034,0.3698,0.3355,-0.0343,-1.22098,3134.66,144.442,-0.0270585,0.442096,8.50669,-0.0116901,25169.2,0.00726031,0.0337221
2024-06-28,2024-06-28 11:52:35.922000+00:00,BTC-5JUL24-62000-C,C,62000,2024-07-05 08:00:00+00:00,6.83333,0.292463,0.466816,0.3705,0.3243,-0.0462,-1.09583,3354.06,144.169,-0.0271098,0.0301421,2.64372,-0.00389865,30203.9,0.0317841,0.0584098
2024-06-28,2024-06-28 11:31:08.222000+00:00,BTC-30JUN24-61500-C,C,61500,2024-06-30 08:00:00+00:00,1.83333,0.719407,0.554907,0.3291,0.2397,-0.0894,-1.36686,1727.31,604.956,-0.0897545,0.0486201,-4.94638,0.0124323,8705.23,0.0440257,0.0863039
2024-06-28,2024-06-28 12:30:31.852000+00:00,BTC-1JUL24-61000-P,P,61000,2024-07-01 08:00:00+00:00,2.83333,0.711204,0.372418,0.3536,0.2375,-0.1161,-1.11038,2053.88,364.32,-0.0624,0.268947,-9.41124,0.0195839,2045.45,0.0788422,0.120088
2024-06-28,2024-06-28 12:30:32.550000+00:00,BTC-30JUN24-61000-P,P,61000,2024-06-30 08:00:00+00:00,1.83333,0.735785,0.381798,0.3884,0.0854,-0.303,-0.895161,1662.23,512.592,-0.105927,0.209247,-9.86862,0.0282626,6529.25,0.233034,0.280908
2024-07-05,2024-07-05 11:59:27.318000+00:00,BTC-12JUL24-57000-P,P,57000,2024-07-12 08:00:00+00:00,6.83333,0.292667,0.635062,0.5163,0.5057,-0.0106,4.7201,2853.55,103.457,-0.037778,0.278186,5.88797,-0.0114391,5708.63,-0.00454007,0.0260623
2024-07-05,2024-07-05 11:54:33.092000+00:00,BTC-7JUL24-55000-P,P,55000,2024-07-07 08:00:00+00:00,1.83333,0.725775,0.41703,0.5038,0.821,0.3172,4.97385,1531.7,395.178,-0.1374,0.0724044,-4.8724,0.0185169,12202.1,-0.0236475,0.0128622
2024-07-05,2024-07-05 12:05:27.327000+00:00,BTC-12JUL24-56000-P,P,56000,2024-07-12 08:00:00+00:00,6.83333,0.292845,0.554895,0.5341,0.5443,0.0102,5.53972,2989.48,100.009,-0.0390805,0.0545244,2.88808,-0.00610259,26867.2,0.00838082,0.0366399
2024-07-05,2024-07-05 12:05:57.479000+00:00,BTC-8JUL24-56000-P,P,56000,2024-07-08 08:00:00+00:00,2.83333,0.706915,0.619269,0.4786,0.5127,0.0341,5.09806,1854.31,269.167,-0.0844588,0.218941,8.19298,-0.0232286,1852.82,-0.00421281,0.038395
2024-07-05,2024-07-05 11:52:00.252000+00:00,BTC-12JUL24-54000-P,P,54000,2024-07-12 08:00:00+00:00,6.83333,0.292445,0.355426,0.5567,0.5995,0.0428,5.48707,2822.41,95.9487,-0.0407341,0.196282,-3.86841,0.00802989,8480.06,-0.0173094,0.00980394
2024-07-05,2024-07-05 11:48:58.588000+00:00,BTC-12JUL24-56000-C,C,56000,2024-07-12 08:00:00+00:00,6.83333,0.292355,0.466476,0.5297,0.5346,0.00489998,4.90445,3019.51,100.839,-0.0387585,0.0249136,2.16201,-0.0045579,30102.1,-0.0189702,0.00842339
2024-07-05,2024-07-05 11:44:59.853000+00:00,BTC-12JUL24-57000-C,C,57000,2024-07-12 08:00:00+00:00,6.83333,0.292237,0.368287,0.5204,0.5068,-0.0136,4.8589,2863.02,102.641,-0.038078,0.263921,5.72869,-0.011251,139598,0.00916527,0.0367563
2024-07-05,2024-07-05 12:38:05.984000+00:00,BTC-7JUL24-55500-P,P,55500,2024-07-07 08:00:00+00:00,1.83333,0.737922,0.550068,0.5056,0.7834,0.2778,5.22089,1549.12,393.772,-0.137891,0.0395721,4.47899,-0.0173271,1537.67,-0.102293,-0.0571093
2024-07-05,2024-07-05 12:38:06.020000+00:00,BTC-7JUL24-54500-P,P,54500,2024-07-07 08:00:00+00:00,1.83333,0.737922,0.358359,0.5404,0.9427,0.4023,5.31921,1462.98,368.414,-0.147382,0.214935,-8.41264,0.0328504,2895.87,-0.0604396,-0.0236067
2024-07-12,2024-07-12 12:07:42.723000+00:00,BTC-15JUL24-57500-P,P,57500,2024-07-15 08:00:00+00:00,2.83333,0.707219,0.534154,0.3638,0.5311,0.1673,3.43752,2007.12,354.105,-0.0642,0.0276858,3.67075,-0.00825299,12032.3,-0.105279,-0.0603296
2024-07-12,2024-07-12 12:10:06.479000+00:00,BTC-19JUL24-58000-C,C,58000,2024-07-19 08:00:00+00:00,6.83333,0.292984,0.437865,0.4268,0.52,0.0932,3.85835,3093.86,125.151,-0.0312293,0.0786035,3.67606,-0.00619043,55439.3,-0.133676,-0.105248
2024-07-12,2024-07-12 12:11:08.131000+00:00,BTC-19JUL24-57000-C,C,57000,2024-07-19 08:00:00+00:00,6.83333,0.293015,0.55551,0.4315,0.539,0.1075,4.17023,3101.33,123.788,-0.0315732,0.0260374,-1.36363,0.00232738,18603.2,-0.180026,-0.150885
2024-07-12,2024-07-12 12:11:08.695000+00:00,BTC-19JUL24-57000-P,P,57000,2024-07-19 08:00:00+00:00,6.83333,0.293015,0.442492,0.4273,0.5331,0.1058,3.69281,3099.87,125.005,-0.0312659,0.0291508,-1.47332,0.00248832,34071.4,-0.0951358,-0.0668758
2024-07-12,2024-07-12 12:12:49.376000+00:00,BTC-14JUL24-57000-C,C,57000,2024-07-14 08:00:00+00:00,1.83333,0.730822,0.598188,0.3881,0.9246,0.5365,3.50188,1572.86,512.989,-0.105845,0.141046,-8.02085,0.023276,1568.83,-0.0638288,-0.00998391
2024-07-12,2024-07-12 11:31:21.324000+00:00,BTC-14JUL24-57500-C,C,57500,2024-07-14 08:00:00+00:00,1.83333,0.719466,0.437835,0.3703,0.6429,0.2726,3.60825,1598.55,537.648,-0.100991,0.0781061,6.9995,-0.0197402,4822.92,0.0136669,0.0638151
2024-07-12,2024-07-12 12:31:35.834000+00:00,BTC-15JUL24-58000-C,C,58000,2024-07-15 08:00:00+00:00,2.83333,0.711392,0.351168,0.3663,0.5426,0.1763,4.22147,1872.11,351.689,-0.0646412,0.428905,12.7919,-0.0270339,1863.71,-0.324347,-0.277411
2024-07-12,2024-07-12 12:35:39.003000+00:00,BTC-14JUL24-57500-P,P,57500,2024-07-14 08:00:00+00:00,1.83333,0.737228,0.521941,0.3997,0.6104,0.2107,3.61164,1620.18,498.101,-0.109009,0.0112805,2.92257,-0.0089943,3218.31,-0.163886,-0.116502
2024-07-19,2024-07-19 12:00:48.071000+00:00,BTC-26JUL24-63000-P,P,63000,2024-07-26 08:00:00+00:00,6.83333,0.292707,0.361229,0.4703,0.5718,0.1015,4.87073,3296.52,113.576,-0.0344122,0.21962,-4.51931,0.00797028,53000.9,-0.107899,-0.080553
2024-07-19,2024-07-19 12:00:55.337000+00:00,BTC-26JUL24-64000-P,P,64000,2024-07-26 08:00:00+00:00,6.83333,0.29271,0.457006,0.4649,0.5495,0.0846,4.72387,3490.06,114.895,-0.0340171,0.0103044,-0.697468,0.00128757,41880.8,-0.108553,-0.0808824
2024-07-19,2024-07-19 12:06:06.404000+00:00,BTC-26JUL24-66000-C,C,66000,2024-07-26 08:00:00+00:00,6.83333,0.292865,0.358995,0.4744,0.5752,0.1008,4.62018,3290.26,112.594,-0.0347122,0.324125,6.56173,-0.0116487,19722.7,-0.15121,-0.122918
2024-07-19,2024-07-19 11:43:45.743000+00:00,BTC-26JUL24-65000-P,P,65000,2024-07-26 08:00:00+00:00,6.83333,0.292201,0.569488,0.4748,0.5514,0.0766,4.99626,3447.16,112.499,-0.0347415,0.0886796,3.69787,-0.00690573,6914.57,-0.127247,-0.0976015
2024-07-19,2024-07-19 11:26:31.643000+00:00,BTC-21JUL24-64500-P,P,64500,2024-07-21 08:00:00+00:00,1.83333,0.718167,0.587493,0.3584,0.6133,0.2549,4.80832,1768.41,555.499,-0.0977455,0.154109,9.76592,-0.0263286,1780.2,-0.270696,-0.228418
2024-07-26,2024-07-26 12:00:02.738000+00:00,BTC-2AUG24-69000-C,C,69000,2024-08-02 08:00:00+00:00,6.83333,0.292684,0.431652,0.7087,0.5627,-0.146,0.418092,3632.45,75.3699,-0.0518561,0.0653835,2.77551,-0.0077408,61683.4,0.165213,0.190913
2024-07-26,2024-07-26 12:00:40.659000+00:00,BTC-2AUG24-69000-P,P,69000,2024-08-02 08:00:00+00:00,6.83333,0.292703,0.567181,0.7057,0.5602,-0.1455,0.711246,3635.75,75.6903,-0.0516366,0.0637134,2.75222,-0.00764723,3635.61,0.210701,0.237881
2024-07-26,2024-07-26 12:00:46.208000+00:00,BTC-2AUG24-68000-P,P,68000,2024-08-02 08:00:00+00:00,6.83333,0.292706,0.507711,0.6961,0.5553,-0.1408,1.07069,3687.55,76.7341,-0.0509341,0.00318089,1.20291,-0.00334381,7374.74,0.230006,0.256444
2024-07-26,2024-07-26 12:00:49.602000+00:00,BTC-2AUG24-67000-P,P,67000,2024-08-02 08:00:00+00:00,6.83333,0.292708,0.445703,0.6879,0.5458,-0.1421,1.02334,3653.96,77.6488,-0.0503341,0.00841507,-0.450484,0.00122624,21929.9,0.21317,0.239184
2024-07-26,2024-07-26 12:03:23.197000+00:00,BTC-29JUL24-66000-P,P,66000,2024-07-29 08:00:00+00:00,2.83333,0.706469,0.3588,0.7444,0.492,-0.2524,0.979795,2220.42,173.057,-0.131365,0.143744,-4.51257,0.0195178,2219.4,0.31651,0.352855
2024-07-26,2024-07-26 12:03:26.025000+00:00,BTC-2AUG24-66000-C,C,66000,2024-08-02 08:00:00+00:00,6.83333,0.292785,0.617009,0.6833,0.5386,-0.1447,0.487943,3528.4,78.1716,-0.0499976,0.0888947,-2.1831,0.00569995,7068.91,0.136714,0.164629
2024-07-26,2024-07-26 11:55:50.092000+00:00,BTC-2AUG24-68000-C,C,68000,2024-08-02 08:00:00+00:00,6.83333,0.292559,0.493285,0.6994,0.5493,-0.1501,0.743835,3688.4,76.3721,-0.0511756,0.00271275,1.17615,-0.00328506,25819.5,0.139796,0.165901
2024-07-26,2024-07-26 11:51:30.876000+00:00,BTC-2AUG24-66000-P,P,66000,2024-08-02 08:00:00+00:00,6.83333,0.292431,0.387741,0.6934,0.5513,-0.1421,0.869735,3537.94,77.0329,-0.0507366,0.0783459,-2.00703,0.00533681,14143.5,0.194718,0.220475
2024-07-26,2024-07-26 11:48:46.621000+00:00,BTC-28JUL24-68500-C,C,68500,2024-07-28 08:00:00+00:00,1.83333,0.724194,0.408496,0.9155,0.5376,-0.3779,1.08246,1853.23,217.467,-0.249682,0.0752601,4.57634,-0.0314483,9233.07,0.506248,0.5527
2024-07-26,2024-07-26 11:47:36.386000+00:00,BTC-28JUL24-68000-C,C,68000,2024-07-28 08:00:00+00:00,1.83333,0.723874,0.451931,0.9184,0.48,-0.4384,0.833022,1889.54,216.78,-0.250473,0.0245912,2.86239,-0.0201225,3764.19,0.550459,0.596932
2024-07-26,2024-07-26 11:44:23.279000+00:00,BTC-28JUL24-66500-P,P,66500,2024-07-28 08:00:00+00:00,1.83333,0.722997,0.41073,0.8518,0.5559,-0.2959,0.768128,1854.55,233.73,-0.232309,0.0440168,-2.74623,0.0175825,1860.23,0.431792,0.471626
2024-07-26,2024-07-26 11:42:58.814000+00:00,BTC-28JUL24-69000-C,C,69000,2024-07-28 08:00:00+00:00,1.83333,0.722614,0.35867,0.8932,0.5895,-0.3037,0.938695,1781.14,222.896,-0.2436,0.173592,6.74042,-0.0434585,5331.7,0.485841,0.530285
2024-07-26,2024-07-26 12:20:23.422000+00:00,BTC-28JUL24-67500-P,P,67500,2024-07-28 08:00:00+00:00,1.83333,0.732934,0.506577,0.8553,0.5502,-0.3051,1.33983,1902.86,232.773,-0.233264,0.00145366,1.26705,-0.00835545,1895.49,0.484047,0.535032
2024-07-26,2024-07-26 12:21:32.859000+00:00,BTC-29JUL24-66500-P,P,66500,2024-07-29 08:00:00+00:00,2.83333,0.70963,0.408848,0.729,0.4967,-0.2323,1.18165,2305.48,176.713,-0.128647,0.0523388,-2.58203,0.0113705,4603.19,0.26741,0.306813
2024-07-26,2024-07-26 11:37:57.955000+00:00,BTC-2AUG24-70000-C,C,70000,2024-08-02 08:00:00+00:00,6.83333,0.292029,0.371545,0.7294,0.5643,-0.1651,0.468765,3486.52,73.2309,-0.0533707,0.192627,4.28896,-0.0118397,13973.8,0.196007,0.221522
2024-07-26,2024-07-26 12:30:59.308000+00:00,BTC-29JUL24-68000-C,C,68000,2024-07-29 08:00:00+00:00,2.83333,0.711285,0.45743,0.7655,0.463,-0.3025,0.294001,2354.35,168.287,-0.135088,0.0241072,2.57531,-0.0121593,2345.22,0.339972,0.37868
2024-07-26,2024-07-26 12:31:58.231000+00:00,BTC-28JUL24-67000-P,P,67000,2024-07-28 08:00:00+00:00,1.83333,0.736188,0.466856,0.8597,0.4918,-0.3679,0.962345,1893.88,231.582,-0.234464,0.00213558,-0.36288,0.00239732,7573.55,0.438228,0.484435
2024-08-02,2024-08-02 12:00:21.178000+00:00,BTC-9AUG24-65000-C,C,65000,2024-08-09 08:00:00+00:00,6.83333,0.292693,0.475191,0.3958,0.5221,0.1263,-6.19818,3524.13,134.954,-0.028961,0.0182962,2.14898,-0.00339067,38636.3,-0.122162,-0.0939887
2024-08-02,2024-08-02 11:58:56.675000+00:00,BTC-9AUG24-66000-C,C,66000,2024-08-09 08:00:00+00:00,6.83333,0.292652,0.366205,0.4013,0.5548,0.1535,-6.04867,3329.86,133.104,-0.0293634,0.33815,7.22749,-0.0109266,30162.2,-0.109991,-0.0827524
2024-08-02,2024-08-02 12:21:24.473000+00:00,BTC-9AUG24-65000-P,P,65000,2024-08-09 08:00:00+00:00,6.83333,0.293321,0.524397,0.4031,0.5366,0.1335,-6.19586,3524.2,132.51,-0.0294951,0.0176066,2.10719,-0.00338628,52786.3,-0.154599,-0.126132
2024-08-09,2024-08-09 12:00:07.163000+00:00,BTC-16AUG24-62000-C,C,62000,2024-08-16 08:00:00+00:00,6.83333,0.292686,0.408325,0.5459,0.5575,0.0116,0.389728,3228.98,97.8469,-0.0399439,0.130198,4.10409,-0.00871112,6420.65,0.0190921,0.0456945
2024-08-09,2024-08-09 11:53:10.368000+00:00,BTC-11AUG24-60000-P,P,60000,2024-08-11 08:00:00+00:00,1.83333,0.725397,0.380722,0.5963,0.4619,-0.1344,0.372154,1639.34,333.877,-0.162627,0.133363,-6.19156,0.0271844,37871.9,0.214871,0.257882
2024-08-09,2024-08-09 12:10:27.417000+00:00,BTC-11AUG24-60500-P,P,60500,2024-08-11 08:00:00+00:00,1.83333,0.730165,0.472802,0.6109,0.3301,-0.2808,0.46464,1710.04,325.898,-0.166609,0.002777,-0.574717,0.00270102,28952.1,0.27368,0.320402
2024-08-09,2024-08-09 11:46:06.160000+00:00,BTC-16AUG24-60000-C,C,60000,2024-08-16 08:00:00+00:00,6.83333,0.29227,0.577469,0.5719,0.5592,-0.0127,0.730801,3252.71,93.3986,-0.0418463,0.0400841,-1.49845,0.00335799,39077.8,0.0113731,0.0390764
2024-08-09,2024-08-09 12:14:33.952000+00:00,BTC-16AUG24-61000-C,C,61000,2024-08-16 08:00:00+00:00,6.83333,0.293117,0.494752,0.5764,0.5624,-0.014,0.51412,3315.69,92.6694,-0.0421756,0.00208777,1.16594,-0.00268398,33025.9,0.0262306,0.0533337
2024-08-09,2024-08-09 12:26:16.507000+00:00,BTC-12AUG24-60500-P,P,60500,2024-08-12 08:00:00+00:00,2.83333,0.710458,0.48367,0.5533,0.4053,-0.148,0.768124,2126.45,232.828,-0.0976412,-0.000576072,0.159596,-0.000547273,8501.58,0.156998,0.196378
2024-08-09,2024-08-09 12:31:37.598000+00:00,BTC-11AUG24-59500-P,P,59500,2024-08-11 08:00:00+00:00,1.83333,0.736091,0.350595,0.6154,0.4273,-0.1881,0.721215,1588.86,323.515,-0.167836,0.209662,-7.75099,0.0341976,4762.36,0.20308,0.240417
2024-08-09,2024-08-09 11:19:47.569000+00:00,BTC-11AUG24-61500-C,C,61500,2024-08-11 08:00:00+00:00,1.83333,0.716363,0.37843,0.5709,0.3722,-0.1987,0.228136,1633.97,348.732,-0.1557,0.192928,8.71767,-0.036551,9829.88,0.338401,0.378622
2024-08-16,2024-08-16 12:08:34.731000+00:00,BTC-19AUG24-59000-P,P,59000,2024-08-19 08:00:00+00:00,2.83333,0.70737,0.566677,0.4662,0.3518,-0.1144,1.45363,2029.08,276.327,-0.0822706,0.0750993,5.08279,-0.0144928,2026.87,0.0223114,0.0655787
2024-08-16,2024-08-16 12:30:46.945000+00:00,BTC-19AUG24-58000-P,P,58000,2024-08-19 08:00:00+00:00,2.83333,0.711249,0.488792,0.5234,0.3899,-0.1335,2.38605,2038.31,246.128,-0.0923647,-0.000965868,0.389218,-0.00126311,4061.22,0.0495881,0.0876909
2024-08-23,2024-08-23 12:02:40.235000+00:00,BTC-30AUG24-60000-P,P,60000,2024-08-30 08:00:00+00:00,6.83333,0.292762,0.405653,0.4891,0.5528,0.0637,5.58999,3227.17,109.21,-0.0357878,0.0838503,-2.56713,0.00487404,12899,-0.0976291,-0.0703409
2024-08-23,2024-08-23 12:03:05.271000+00:00,BTC-30AUG24-61000-P,P,61000,2024-08-30 08:00:00+00:00,6.83333,0.292775,0.500814,0.4874,0.5448,0.0574,5.93555,3321.88,109.591,-0.0356634,0.000286253,1.03044,-0.00200598,39853.9,-0.0917162,-0.0635954
2024-08-23,2024-08-23 12:04:03.305000+00:00,BTC-30AUG24-61000-C,C,61000,2024-08-30 08:00:00+00:00,6.83333,0.292804,0.500449,0.4804,0.6109,0.1305,5.61844,3322.8,111.188,-0.0351512,-0.000153233,0.982662,-0.00188549,23253,-0.156208,-0.128154
2024-08-23,2024-08-23 12:27:53.626000+00:00,BTC-30AUG24-60000-C,C,60000,2024-08-30 08:00:00+00:00,6.83333,0.293515,0.60668,0.47,0.5547,0.0847,5.61453,3206.34,113.648,-0.0343902,0.118553,-3.2045,0.00579962,25607.9,-0.123403,-0.0943765
2024-08-23,2024-08-23 12:28:05.311000+00:00,BTC-30AUG24-62000-C,C,62000,2024-08-30 08:00:00+00:00,6.83333,0.293521,0.408266,0.4878,0.5678,0.08,5.54855,3237.02,109.501,-0.0356927,0.14163,4.46971,-0.00847799,3232.08,-0.123077,-0.0956185
2024-08-30,2024-08-30 11:53:54.846000+00:00,BTC-2SEP24-60000-C,C,60000,2024-09-02 08:00:00+00:00,2.83333,0.704831,0.399422,0.4058,0.3055,-0.1003,-0.831933,2021.62,317.456,-0.0716118,0.182786,8.1339,-0.0198184,6099.47,0.0337613,0.0702489
2024-08-30,2024-08-30 11:51:23.031000+00:00,BTC-1SEP24-60000-C,C,60000,2024-09-01 08:00:00+00:00,1.83333,0.724907,0.36842,0.4228,0.3898,-0.033,-0.699177,1586.18,470.887,-0.115309,0.291892,12.2345,-0.0376899,6471.12,-0.00470395,0.0354375
2024-08-30,2024-08-30 11:50:31.351000+00:00,BTC-1SEP24-59000-C,C,59000,2024-09-01 08:00:00+00:00,1.83333,0.724671,0.583843,0.4328,0.2081,-0.2247,-0.664534,1640.94,460.007,-0.118036,0.0888729,-5.91343,0.0192963,1643.99,0.116851,0.170152
2024-08-30,2024-08-30 12:28:40.900000+00:00,BTC-6SEP24-60000-C,C,60000,2024-09-06 08:00:00+00:00,6.83333,0.293539,0.46691,0.4427,0.4214,-0.0213,-1.00085,3241.65,120.657,-0.0323927,0.0268315,2.36746,-0.00417176,6474.98,-0.0115508,0.0158396
2024-08-30,2024-08-30 11:30:02.709000+00:00,BTC-1SEP24-59000-P,P,59000,2024-09-01 08:00:00+00:00,1.83333,0.719113,0.375842,0.4263,0.2304,-0.1959,-0.86312,1600.47,467.021,-0.116264,0.21473,-9.52664,0.0297717,7983.03,0.103307,0.155432
2024-08-30,2024-08-30 12:30:15.169000+00:00,BTC-6SEP24-61000-C,C,61000,2024-09-06 08:00:00+00:00,6.83333,0.293586,0.355003,0.4325,0.3987,-0.0338,-1.04238,3035.23,123.502,-0.0316463,0.369349,7.27239,-0.0117263,3029.81,-0.0213845,0.00620114
2024-09-06,2024-09-06 11:59:16.793000+00:00,BTC-13SEP24-56000-C,C,56000,2024-09-13 08:00:00+00:00,6.83333,0.292662,0.516574,0.5995,0.5333,-0.0662,-3.36609,3054.3,89.0986,-0.0438659,-0.00280539,0.493395,-0.00118039,39664.8,0.0177638,0.0457163
2024-09-06,2024-09-06 12:03:15.921000+00:00,BTC-9SEP24-57000-C,C,57000,2024-09-09 08:00:00+00:00,2.83333,0.706448,0.372928,0.5624,0.4438,-0.1186,-3.33697,1868.5,229.06,-0.0992471,0.215153,7.53798,-0.0249514,24305.7,-0.0925984,-0.0611828
2024-09-06,2024-09-06 12:04:30.822000+00:00,BTC-13SEP24-55000-P,P,55000,2024-09-13 08:00:00+00:00,6.83333,0.292817,0.39407,0.6177,0.5501,-0.0676,-3.50384,2951.74,86.4734,-0.0451976,0.0801075,-2.17902,0.00518538,78782.2,0.021602,0.0491552
2024-09-06,2024-09-06 12:07:45.956000+00:00,BTC-9SEP24-56500-C,C,56500,2024-09-09 08:00:00+00:00,2.83333,0.707229,0.439912,0.5665,0.4275,-0.139,-3.42361,1946.24,227.403,-0.0999706,0.0535527,4.02534,-0.0139841,5845.69,-0.00185752,0.0306664
2024-09-06,2024-09-06 12:08:28.505000+00:00,BTC-9SEP24-56000-C,C,56000,2024-09-09 08:00:00+00:00,2.83333,0.707352,0.503658,0.5772,0.4167,-0.1605,-3.23448,1966.64,223.187,-0.101859,-0.000664605,0.818855,-0.00293157,3886.66,0.0218254,0.0580655
2024-09-06,2024-09-06 12:30:00.730000+00:00,BTC-13SEP24-57000-C,C,57000,2024-09-13 08:00:00+00:00,6.83333,0.293578,0.425698,0.5915,0.5546,-0.0369,-3.39571,3001.75,90.3037,-0.0432805,0.0846499,3.30966,-0.00768366,21198.4,-0.107462,-0.0794447
2024-09-13,2024-09-13 12:18:01.147000+00:00,BTC-16SEP24-58000-P,P,58000,2024-09-16 08:00:00+00:00,2.83333,0.709014,0.52644,0.3857,0.3402,-0.0455,3.7733,2028.45,333.999,-0.0680647,0.0171527,2.9452,-0.00703072,4061.21,-0.17587,-0.140791
2024-09-20,2024-09-20 12:00:56.204000+00:00,BTC-27SEP24-63000-C,C,63000,2024-09-27 08:00:00+00:00,6.83333,0.292711,0.559274,0.499,0.475,-0.024,-0.0561245,3427.69,107.043,-0.0365122,0.0241616,-1.18414,0.00233396,82189.4,0.0416373,0.0680523
2024-09-20,2024-09-20 11:56:30.068000+00:00,BTC-22SEP24-63500-C,C,63500,2024-09-22 08:00:00+00:00,1.83333,0.72631,0.493106,0.4393,0.2586,-0.1807,-0.0488708,1793.28,453.2,-0.119809,0.00190951,1.55612,-0.00527051,23331.8,0.228139,0.274582
2024-09-20,2024-09-20 12:13:57.415000+00:00,BTC-23SEP24-63500-P,P,63500,2024-09-23 08:00:00+00:00,2.83333,0.708305,0.51059,0.4203,0.3145,-0.1058,-0.0234474,2227.47,306.504,-0.0741706,0.00399263,1.71398,-0.00446683,2223.65,0.151708,0.189364
2024-09-20,2024-09-20 11:43:37.021000+00:00,BTC-22SEP24-63000-P,P,63000,2024-09-22 08:00:00+00:00,1.83333,0.722787,0.395074,0.4236,0.2667,-0.1569,-0.13153,1731.99,469.997,-0.115527,0.149191,-7.88865,0.0248662,1737.7,0.221371,0.260557
2024-09-20,2024-09-20 12:16:26.772000+00:00,BTC-23SEP24-63000-P,P,63000,2024-09-23 08:00:00+00:00,2.83333,0.708739,0.417309,0.4076,0.3287,-0.0789,-0.0350753,2181.67,316.054,-0.0719294,0.0882211,-4.80402,0.0118847,10895.9,0.128831,0.166116
2024-09-20,2024-09-20 12:19:35.888000+00:00,BTC-27SEP24-62000-P,P,62000,2024-09-27 08:00:00+00:00,6.83333,0.293267,0.352712,0.4931,0.4575,-0.0356,-0.140068,3225.32,108.324,-0.0360805,0.237625,-4.59809,0.00843243,3221.73,0.0528055,0.0784422
2024-09-20,2024-09-20 12:33:01.621000+00:00,BTC-27SEP24-65000-C,C,65000,2024-09-27 08:00:00+00:00,6.83333,0.293669,0.376625,0.4991,0.4618,-0.0373,-0.0789015,3298.42,107.022,-0.0365195,0.240112,5.59384,-0.0106156,6569.52,0.0523101,0.0778374
2024-09-20,2024-09-20 12:40:07.438000+00:00,BTC-22SEP24-64000-C,C,64000,2024-09-22 08:00:00+00:00,1.83333,0.738497,0.391886,0.4421,0.291,-0.1511,-0.221989,1728.12,450.33,-0.120573,0.186723,9.68351,-0.0318121,1713.85,0.161043,0.198129
2024-09-20,2024-09-20 11:18:40.854000+00:00,BTC-23SEP24-64500-C,C,64500,2024-09-23 08:00:00+00:00,2.83333,0.698805,0.36197,0.4162,0.3201,-0.0961,-0.385499,2099.58,309.523,-0.0734471,0.334379,10.6857,-0.0258998,2111.66,0.097124,0.130997
2024-09-20,2024-09-20 11:16:00.540000+00:00,BTC-27SEP24-65000-P,P,65000,2024-09-27 08:00:00+00:00,6.83333,0.29138,0.613625,0.4868,0.4746,-0.0122,-0.466869,3330.01,109.726,-0.0356195,0.211875,5.34749,-0.00997033,3338.21,0.0227399,0.0498705
2024-09-27,2024-09-27 11:54:39.304000+00:00,BTC-4OCT24-67000-C,C,67000,2024-10-04 08:00:00+00:00,6.83333,0.292524,0.357877,0.4296,0.4272,-0.00239998,0.650055,3344.22,124.336,-0.0314341,0.35869,7.19686,-0.0115562,16880.1,0.0166535,0.0427854
2024-09-27,2024-09-27 12:06:46.959000+00:00,BTC-29SEP24-65500-P,P,65500,2024-09-29 08:00:00+00:00,1.83333,0.729146,0.50257,0.3826,0.2307,-0.1519,0.534032,1850.89,520.363,-0.104345,0.000560624,1.23602,-0.00364649,3713.38,0.163743,0.207734
2024-09-27,2024-09-27 12:08:18.162000+00:00,BTC-29SEP24-65000-P,P,65000,2024-09-29 08:00:00+00:00,1.83333,0.729567,0.375859,0.3477,0.2938,-0.0539,0.743391,1761.47,572.594,-0.0948273,0.264646,-11.8201,0.0301486,3545.82,0.07462,0.113841
2024-09-27,2024-09-27 12:19:35.918000+00:00,BTC-29SEP24-66000-P,P,66000,2024-09-29 08:00:00+00:00,1.83333,0.732712,0.641963,0.3575,0.1237,-0.2338,0.713889,1731.03,556.898,-0.0975,0.392768,15.298,-0.0394936,1723.69,0.19281,0.247728
2024-09-27,2024-09-27 12:24:48.452000+00:00,BTC-30SEP24-65500-P,P,65500,2024-09-30 08:00:00+00:00,2.83333,0.710201,0.514186,0.3645,0.2995,-0.065,0.663421,2297.02,353.425,-0.0643235,0.00654617,2.10112,-0.00474746,4604.16,0.0817509,0.120328
2024-09-27,2024-09-27 11:34:24.250000+00:00,BTC-4OCT24-66000-P,P,66000,2024-10-04 08:00:00+00:00,6.83333,0.291924,0.54999,0.4337,0.4088,-0.0249,0.765432,3541.4,123.16,-0.0317341,0.0537574,3.12122,-0.00536402,7112.77,0.0225802,0.0499194
2024-09-27,2024-09-27 11:28:07.032000+00:00,BTC-30SEP24-66000-P,P,66000,2024-09-30 08:00:00+00:00,2.83333,0.700409,0.595993,0.3752,0.2959,-0.0793,0.685342,2232.44,343.346,-0.0662118,0.180266,8.38312,-0.0189373,2241.74,0.0571435,0.100305
2024-09-27,2024-09-27 11:26:48.628000+00:00,BTC-29SEP24-65500-C,C,65500,2024-09-29 08:00:00+00:00,1.83333,0.718243,0.493275,0.3819,0.2045,-0.1774,0.33658,1850.13,521.317,-0.104155,0.00198286,1.633,-0.00480824,1861.73,0.226372,0.276796
2024-09-27,2024-09-27 12:37:11.546000+00:00,BTC-4OCT24-66000-C,C,66000,2024-10-04 08:00:00+00:00,6.83333,0.293793,0.482569,0.4376,0.4296,-0.00799999,0.279646,3583.46,122.063,-0.0320195,0.01028,1.72671,-0.0030151,14314.8,0.0156946,0.0417462
2024-10-04,2024-10-04 11:57:18.437000+00:00,BTC-6OCT24-61500-P,P,61500,2024-10-06 08:00:00+00:00,1.83333,0.726532,0.507391,0.4549,0.2962,-0.1587,1.03762,1736.6,437.659,-0.124064,0.0020717,1.5755,-0.00552551,10379.4,0.206851,0.249469
2024-10-04,2024-10-04 11:34:22.792000+00:00,BTC-11OCT24-60000-P,P,60000,2024-10-11 08:00:00+00:00,6.83333,0.291923,0.354354,0.4861,0.4586,-0.0275,1.14479,3123.93,109.884,-0.0355683,0.236567,-4.62298,0.00836937,3128.46,0.0320257,0.0582091
2024-10-04,2024-10-04 12:30:01.254000+00:00,BTC-11OCT24-61000-P,P,61000,2024-10-11 08:00:00+00:00,6.83333,0.293579,0.423068,0.4682,0.4306,-0.0376,0.591192,3301.81,114.085,-0.0342585,0.0537389,-2.02603,0.00371821,33011.2,0.00429372,0.0304874
2024-10-04,2024-10-04 12:30:01.695000+00:00,BTC-6OCT24-61000-P,P,61000,2024-10-06 08:00:00+00:00,1.83333,0.73564,0.372501,0.4343,0.3782,-0.0561,0.816681,1652.35,458.418,-0.118445,0.218119,-9.51199,0.0302302,5039.13,0.038878,0.0767192
2024-10-04,2024-10-04 12:30:01.750000+00:00,BTC-11OCT24-62000-P,P,62000,2024-10-11 08:00:00+00:00,6.83333,0.293579,0.525135,0.4575,0.4336,-0.0239,0.551607,3357.79,116.753,-0.0334756,0.0172355,2.00409,-0.00365484,6705.25,-0.01933,0.00765678
2024-10-04,2024-10-04 12:30:02.054000+00:00,BTC-7OCT24-62500-C,C,62500,2024-10-07 08:00:00+00:00,2.83333,0.711117,0.362519,0.448,0.3084,-0.1396,0.635986,2036.13,287.553,-0.0790588,0.304757,9.87463,-0.0258071,2027.59,0.20782,0.245701
2024-10-04,2024-10-04 11:27:08.920000+00:00,BTC-11OCT24-60000-C,C,60000,2024-10-11 08:00:00+00:00,6.83333,0.291709,0.647933,0.4879,0.4431,-0.0448,0.892102,3118.09,109.479,-0.0357,0.244349,-4.69625,0.00851332,3123.91,0.07513,0.103951
2024-10-04,2024-10-04 12:34:24.861000+00:00,BTC-7OCT24-62000-P,P,62000,2024-10-07 08:00:00+00:00,2.83333,0.711887,0.602813,0.4338,0.3197,-0.1141,1.11032,2084.84,296.965,-0.0765529,0.177933,7.78629,-0.020258,2075.35,0.14214,0.183706
2024-10-11,2024-10-11 12:01:45.687000+00:00,BTC-13OCT24-61000-P,P,61000,2024-10-13 08:00:00+00:00,1.83333,0.727758,0.454217,0.3255,0.556,0.2305,3.56816,1717.43,611.646,-0.0887727,0.0324691,-3.98437,0.00993466,20431.8,-0.130053,-0.0925087
2024-10-11,2024-10-11 12:30:02.786000+00:00,BTC-18OCT24-62000-P,P,62000,2024-10-18 08:00:00+00:00,6.83333,0.293579,0.57341,0.3809,0.4163,0.0354,3.13881,3290.74,140.233,-0.0278707,0.114833,4.54392,-0.00679597,3285.49,-0.0371822,-0.00859034
2024-10-18,2024-10-18 12:01:14.088000+00:00,BTC-21OCT24-68500-C,C,68500,2024-10-21 08:00:00+00:00,2.83333,0.706096,0.357649,0.3448,0.2932,-0.0516,1.0279,2226.95,373.618,-0.0608471,0.417857,13.0048,-0.026024,20091.1,0.0625953,0.101276
2024-10-18,2024-10-18 11:58:00.661000+00:00,BTC-25OCT24-67000-P,P,67000,2024-10-25 08:00:00+00:00,6.83333,0.292624,0.411903,0.4093,0.4108,0.00150002,1.09824,3606.81,130.502,-0.0299488,0.0906703,-2.97602,0.004746,39477.1,0.00250826,0.0284919
2024-10-18,2024-10-18 11:57:56.198000+00:00,BTC-21OCT24-68500-P,P,68500,2024-10-21 08:00:00+00:00,2.83333,0.705526,0.645309,0.3441,0.261,-0.0831,1.03837,2219.82,374.378,-0.0607235,0.436715,13.2964,-0.0264743,2220.47,0.0761135,0.120084
2024-10-18,2024-10-18 11:57:30.869000+00:00,BTC-25OCT24-69000-C,C,69000,2024-10-25 08:00:00+00:00,6.83333,0.292609,0.386993,0.427,0.4213,-0.0057,0.900447,3548.04,125.093,-0.0312439,0.23248,5.91586,-0.00968168,17933,0.0244941,0.050505
2024-10-18,2024-10-18 11:55:21.467000+00:00,BTC-21OCT24-67500-P,P,67500,2024-10-21 08:00:00+00:00,2.83333,0.70508,0.446106,0.3107,0.2882,-0.0225,0.851555,2358.71,414.624,-0.0548294,0.0472079,-3.95236,0.0075473,25744.2,-0.0142551,0.0246883
2024-10-18,2024-10-18 11:53:50.186000+00:00,BTC-20OCT24-67500-P,P,67500,2024-10-20 08:00:00+00:00,1.83333,0.725579,0.438634,0.3276,0.2441,-0.0835,0.997371,1892.08,607.726,-0.0893454,0.0619907,-5.65819,0.0141236,5645.7,0.0236708,0.0618808
2024-10-18,2024-10-18 12:11:33.029000+00:00,BTC-20OCT24-68000-P,P,68000,2024-10-20 08:00:00+00:00,1.83333,0.730469,0.547448,0.3386,0.1913,-0.1473,0.923509,1903.09,587.983,-0.0923455,0.0501817,5.9549,-0.0154385,3783.73,0.155729,0.19729
2024-10-18,2024-10-18 11:37:36.212000+00:00,BTC-20OCT24-68500-C,C,68500,2024-10-20 08:00:00+00:00,1.83333,0.721155,0.351037,0.3512,0.2093,-0.1419,0.769911,1781.25,566.888,-0.0957818,0.447639,16.4377,-0.0413474,7207.18,0.170649,0.21594
2024-10-18,2024-10-18 11:18:38.449000+00:00,BTC-21OCT24-68000-P,P,68000,2024-10-21 08:00:00+00:00,2.83333,0.698799,0.502604,0.3278,0.28,-0.0478,0.654747,2388.62,392.994,-0.0578471,0.000728166,1.23223,-0.0025054,2400.7,0.0453952,0.085276
2024-10-25,2024-10-25 11:56:12.613000+00:00,BTC-27OCT24-68000-C,C,68000,2024-10-27 08:00:00+00:00,1.83333,0.72623,0.537799,0.318,0.3014,-0.0166,-1.65176,1917.59,626.072,-0.0867273,0.0216168,-3.21264,0.00784231,5735.57,0.00640399,0.0465056
2024-10-25,2024-10-25 12:13:50.249000+00:00,BTC-27OCT24-68500-C,C,68500,2024-10-27 08:00:00+00:00,1.83333,0.731105,0.410975,0.3097,0.354,0.0443,-1.65149,1878.87,642.851,-0.0844636,0.178483,11.2232,-0.026136,3683.38,-0.0500602,-0.0142186
2024-11-01,2024-11-01 12:01:44.399000+00:00,BTC-4NOV24-70000-C,C,70000,2024-11-04 08:00:00+00:00,2.83333,0.706184,0.505239,0.3945,0.3296,-0.0649,-1.00227,2459.85,326.549,-0.0696176,-0.000719971,0.622042,-0.001522,4925.99,0.0847925,0.123416
2024-11-01,2024-11-01 12:01:45.572000+00:00,BTC-3NOV24-70000-P,P,70000,2024-11-03 08:00:00+00:00,1.83333,0.727758,0.498434,0.4063,0.2889,-0.1174,-1.10278,1978.56,490.01,-0.110809,-0.000240688,0.863402,-0.00270501,13860.5,0.14042,0.188484
2024-11-01,2024-11-01 12:02:50.675000+00:00,BTC-3NOV24-70000-C,C,70000,2024-11-03 08:00:00+00:00,1.83333,0.728057,0.502538,0.406,0.2401,-0.1659,-1.11143,1978.67,490.372,-0.110727,-0.000351699,0.778454,-0.00243704,13836.5,0.161922,0.20085
2024-11-01,2024-11-01 11:53:14.953000+00:00,BTC-3NOV24-69500-P,P,69500,2024-11-03 08:00:00+00:00,1.83333,0.725418,0.38326,0.3947,0.2113,-0.1834,-1.06674,1895.05,504.411,-0.107645,0.202829,-9.62715,0.0280342,3771.67,0.213393,0.263247
2024-11-01,2024-11-01 12:07:54.616000+00:00,BTC-4NOV24-71000-C,C,71000,2024-11-04 08:00:00+00:00,2.83333,0.707254,0.361648,0.3924,0.3641,-0.0283,-1.12579,2314.4,328.296,-0.0692471,0.349943,11.2301,-0.0256764,4644.89,0.0655859,0.0994388
2024-11-01,2024-11-01 11:45:50.506000+00:00,BTC-8NOV24-70000-C,C,70000,2024-11-08 08:00:00+00:00,6.83333,0.292262,0.528319,0.7044,0.7661,0.0617,-1.2268,3819.78,75.83,-0.0515415,-0.00255654,0.263067,-0.000738257,11472.5,0.00528132,0.0312675
2024-11-01,2024-11-01 11:30:21.386000+00:00,BTC-8NOV24-69000-P,P,69000,2024-11-08 08:00:00+00:00,6.83333,0.291804,0.410135,0.6975,0.7814,0.0839,-1.21524,3733.77,76.5801,-0.0510366,0.0430212,-1.3827,0.00375372,7485.39,-0.0496234,-0.0237324
2024-11-01,2024-11-01 11:30:09.389000+00:00,BTC-8NOV24-69000-C,C,69000,2024-11-08 08:00:00+00:00,6.83333,0.291798,0.590534,0.6977,0.767,0.0693,-1.25909,3732.93,76.5582,-0.0510512,0.0438929,-1.40009,0.00380053,3738.76,-0.0126027,0.0148341
2024-11-01,2024-11-01 12:35:30.889000+00:00,BTC-4NOV24-70500-C,C,70500,2024-11-04 08:00:00+00:00,2.83333,0.712081,0.440609,0.3646,0.3319,-0.0327,-1.22091,2437.85,353.328,-0.0643412,0.0736883,5.627,-0.0125858,4853.86,0.00650762,0.0431016
2024-11-08,2024-11-08 11:59:06.843000+00:00,BTC-15NOV24-75000-P,P,75000,2024-11-15 08:00:00+00:00,6.83333,0.292657,0.384903,0.4321,0.4377,0.00560001,1.10048,3983.83,123.616,-0.0316171,0.158147,-3.94967,0.00653081,11939.1,0.0267774,0.0530968
2024-11-08,2024-11-08 11:58:40.745000+00:00,BTC-10NOV24-75500-P,P,75500,2024-11-10 08:00:00+00:00,1.83333,0.726909,0.361343,0.3461,0.3361,-0.01,0.671645,2021.26,575.241,-0.0943909,0.33888,-13.471,0.0337562,4027.3,0.0429333,0.0821568
2024-11-08,2024-11-08 12:01:38.360000+00:00,BTC-15NOV24-78000-C,C,78000,2024-11-15 08:00:00+00:00,6.83333,0.292732,0.362743,0.459,0.4686,0.00959999,1.08205,3908.17,116.372,-0.0335854,0.316607,6.59049,-0.01136,31389.2,-0.0262235,-0.000181153
2024-11-08,2024-11-08 12:03:24.137000+00:00,BTC-10NOV24-76000-C,C,76000,2024-11-10 08:00:00+00:00,1.83333,0.728211,0.529253,0.3541,0.3874,0.0333,0.93968,2146.31,562.245,-0.0965727,0.00999951,-1.92326,0.0052373,2144.92,-0.0157898,0.03478
2024-11-08,2024-11-08 12:04:03.909000+00:00,BTC-10NOV24-76000-P,P,76000,2024-11-10 08:00:00+00:00,1.83333,0.728394,0.471207,0.3512,0.2845,-0.0667,0.686671,2146.41,566.888,-0.0957818,0.00972559,-1.90069,0.00513389,6436.54,0.10479,0.147085
2024-11-08,2024-11-08 12:05:10.850000+00:00,BTC-11NOV24-76000-P,P,76000,2024-11-11 08:00:00+00:00,2.83333,0.70678,0.475348,0.3408,0.3481,0.0073,0.787703,2669.97,378.003,-0.0601412,0.00576551,-1.05865,0.0022336,21349.3,0.0410121,0.0797758
2024-11-08,2024-11-08 12:06:24.592000+00:00,BTC-11NOV24-76500-C,C,76500,2024-11-11 08:00:00+00:00,2.83333,0.706993,0.444992,0.3544,0.3687,0.0143,0.958948,2650.58,363.498,-0.0625412,0.0660595,5.42569,-0.0118137,5323.94,-0.0235562,0.0150915
2024-11-08,2024-11-08 12:06:31.131000+00:00,BTC-10NOV24-76500-C,C,76500,2024-11-10 08:00:00+00:00,1.83333,0.729073,0.432969,0.3739,0.2282,-0.1457,0.918739,2122.18,532.471,-0.101973,0.087955,7.36174,-0.0209256,12813.6,0.108115,0.156631
2024-11-08,2024-11-08 12:09:26.410000+00:00,BTC-15NOV24-76000-P,P,76000,2024-11-15 08:00:00+00:00,6.83333,0.292964,0.470811,0.449,0.4486,-0.000400009,1.08662,4148.23,118.964,-0.0328537,0.00192298,-0.191928,0.000343272,20731.9,0.0487198,0.0747577
2024-11-08,2024-11-08 11:43:20.295000+00:00,BTC-15NOV24-77000-C,C,77000,2024-11-15 08:00:00+00:00,6.83333,0.292188,0.454034,0.4369,0.4464,0.00950001,0.861901,4138.95,122.258,-0.0319683,0.0464194,2.93417,-0.00508605,24857.1,-0.0399076,-0.0131407
2024-11-08,2024-11-08 11:41:57.026000+00:00,BTC-10NOV24-77000-C,C,77000,2024-11-10 08:00:00+00:00,1.83333,0.722334,0.359283,0.3745,0.3006,-0.0739,0.809063,2019.04,531.618,-0.102136,0.374967,14.6276,-0.0395667,2026.89,0.0203462,0.0766215
2024-11-08,2024-11-08 11:41:55.807000+00:00,BTC-11NOV24-77000-C,C,77000,2024-11-11 08:00:00+00:00,2.83333,0.70277,0.384168,0.3562,0.3885,0.0323,0.690341,2565.86,361.661,-0.0628588,0.270782,10.4086,-0.0220161,2572.08,-0.0498116,-0.00775486
2024-11-08,2024-11-08 11:31:08.746000+00:00,BTC-10NOV24-76500-P,P,76500,2024-11-10 08:00:00+00:00,1.83333,0.71941,0.55502,0.3582,0.2452,-0.113,0.590732,2133.83,555.809,-0.0976909,0.0639996,6.48511,-0.0177397,2145.73,0.145352,0.197551
2024-11-08,2024-11-08 11:31:08.398000+00:00,BTC-11NOV24-76500-P,P,76500,2024-11-11 08:00:00+00:00,2.83333,0.700924,0.540255,0.3524,0.3672,0.0148,0.5033,2665.36,365.561,-0.0621882,0.0382058,4.27048,-0.00928664,2674.9,0.0206423,0.0615349
2024-11-15,2024-11-15 11:59:50.774000+00:00,BTC-22NOV24-90000-P,P,90000,2024-11-22 08:00:00+00:00,6.83333,0.292678,0.483802,0.6225,0.5381,-0.0844,0.780581,4907.85,85.8066,-0.0455488,-0.00290726,0.523183,-0.00129973,9811.22,0.0606106,0.0880128
2024-11-15,2024-11-15 12:00:23.235000+00:00,BTC-18NOV24-90000-P,P,90000,2024-11-18 08:00:00+00:00,2.83333,0.705949,0.503309,0.5796,0.3995,-0.1801,0.996297,3157.84,222.263,-0.102282,0.000849115,1.16236,-0.00417869,18895,0.135973,0.17796
2024-11-15,2024-11-15 12:01:47.607000+00:00,BTC-17NOV24-90000-P,P,90000,2024-11-17 08:00:00+00:00,1.83333,0.727767,0.522493,0.6028,0.3205,-0.2823,1.13698,2532.18,330.277,-0.1644,0.00926834,2.31965,-0.0107651,12672,0.216145,0.264292
2024-11-15,2024-11-15 12:05:12.140000+00:00,BTC-17NOV24-89000-P,P,89000,2024-11-17 08:00:00+00:00,1.83333,0.728709,0.407519,0.5762,0.4336,-0.1426,1.05752,2469.98,345.524,-0.157145,0.0782544,-4.72387,0.020423,14831.4,0.13976,0.180041
2024-11-15,2024-11-15 12:12:37.524000+00:00,BTC-17NOV24-91000-C,C,91000,2024-11-17 08:00:00+00:00,1.83333,0.730768,0.44861,0.6399,0.2862,-0.3537,0.498301,2534.21,311.128,-0.174518,0.0350322,3.83909,-0.0187868,5052.25,0.247766,0.298265
2024-11-15,2024-11-15 12:14:34.111000+00:00,BTC-18NOV24-91000-P,P,91000,2024-11-18 08:00:00+00:00,2.83333,0.708412,0.520481,0.5625,0.4383,-0.1242,0.290001,3182.37,229.02,-0.0992647,0.00916624,2.03273,-0.007083,9505.92,0.176531,0.217135
2024-11-15,2024-11-15 12:17:28.635000+00:00,BTC-22NOV24-91000-C,C,91000,2024-11-22 08:00:00+00:00,6.83333,0.293204,0.498295,0.6299,0.5438,-0.0861,0.0716527,4947.06,84.7986,-0.0460902,0.000601791,1.04866,-0.00263828,24440.4,0.104981,0.131498
2024-11-15,2024-11-15 11:41:40.810000+00:00,BTC-22NOV24-92000-C,C,92000,2024-11-22 08:00:00+00:00,6.83333,0.292139,0.403373,0.6275,0.5604,-0.0671,1.05783,4754.52,85.1229,-0.0459146,0.12912,3.85277,-0.0093708,23826.9,0.0803258,0.107493
2024-11-15,2024-11-15 11:37:12.701000+00:00,BTC-22NOV24-89000-P,P,89000,2024-11-22 08:00:00+00:00,6.83333,0.292007,0.444297,0.6154,0.5417,-0.0737,1.03704,4850.54,86.7966,-0.0450293,0.0127407,-0.66441,0.00161713,34033.3,0.0453608,0.0726326
2024-11-22,2024-11-22 11:59:18.841000+00:00,BTC-24NOV24-100000-C,C,100000,2024-11-24 08:00:00+00:00,1.83333,0.727084,0.413968,0.5695,0.5007,-0.0688,-1.40456,2735.01,349.589,-0.155318,0.0983837,6.3859,-0.0273885,16334.3,0.22715,0.26275
2024-11-22,2024-11-22 11:58:49.379000+00:00,BTC-29NOV24-98000-C,C,98000,2024-11-29 08:00:00+00:00,6.83333,0.292648,0.578662,0.6118,0.5822,-0.0296,-1.21764,5314.3,87.3073,-0.0447659,0.0372323,-1.371,0.00328482,21263.1,0.0707842,0.0970293
2024-11-22,2024-11-22 12:03:14.904000+00:00,BTC-29NOV24-100000-C,C,100000,2024-11-29 08:00:00+00:00,6.83333,0.29278,0.484683,0.6107,0.5938,-0.0169,-1.41104,5418.15,87.4646,-0.0446854,0.00766431,1.45935,-0.00355701,37821.8,0.0679198,0.0934589
2024-11-22,2024-11-22 11:56:36.278000+00:00,BTC-29NOV24-101000-C,C,101000,2024-11-29 08:00:00+00:00,6.83333,0.292582,0.438044,0.6204,0.5894,-0.031,-1.36573,5355.55,86.0971,-0.0453951,0.0605525,2.83739,-0.00694585,5356.51,0.0803062,0.105105
2024-11-22,2024-11-22 12:05:04.960000+00:00,BTC-25NOV24-99000-C,C,99000,2024-11-25 08:00:00+00:00,2.83333,0.706763,0.515527,0.5493,0.4681,-0.0812,-0.950203,3479.59,234.523,-0.0969353,-0.000670577,0.195477,-0.000665519,20855.1,0.129431,0.167414
2024-11-22,2024-11-22 12:05:58.077000+00:00,BTC-24NOV24-99000-C,C,99000,2024-11-24 08:00:00+00:00,1.83333,0.728921,0.513019,0.5675,0.3719,-0.1956,-1.20949,2799.03,350.821,-0.154773,-0.000435567,0.188241,-0.000823306,5598.77,0.272416,0.312859
2024-11-22,2024-11-22 12:09:47.938000+00:00,BTC-25NOV24-98000-P,P,98000,2024-11-25 08:00:00+00:00,2.83333,0.707582,0.400402,0.5155,0.4579,-0.0576,-1.26489,3371.84,249.9,-0.0909706,0.101037,-4.54968,0.0140928,10161.5,0.101288,0.138989
2024-11-22,2024-11-22 11:42:19.129000+00:00,BTC-25NOV24-101000-C,C,101000,2024-11-25 08:00:00+00:00,2.83333,0.702837,0.358092,0.5614,0.5047,-0.0567,-1.04713,3258.59,229.468,-0.0990706,0.268713,8.36836,-0.0272681,3266.71,0.123327,0.159251
2024-11-29,2024-11-29 12:00:39.046000+00:00,BTC-2DEC24-97000-P,P,97000,2024-12-02 08:00:00+00:00,2.83333,0.705995,0.43972,0.4055,0.3363,-0.0692,-0.783953,3386.61,317.691,-0.0715588,0.0433664,-3.24528,0.00806923,43955.7,0.0812938,0.121537
2024-11-29,2024-11-29 12:01:42.668000+00:00,BTC-6DEC24-96000-P,P,96000,2024-12-06 08:00:00+00:00,6.83333,0.292734,0.387136,0.5103,0.4641,-0.0462,-0.865705,5118.36,104.673,-0.037339,0.121919,-3.10717,0.00607785,20422.5,0.0536243,0.0800182
2024-11-29,2024-11-29 12:01:44.422000+00:00,BTC-1DEC24-97000-C,C,97000,2024-12-01 08:00:00+00:00,1.83333,0.727752,0.564611,0.4363,0.2342,-0.2021,-0.932935,2718.88,456.317,-0.118991,0.0490928,-4.2594,0.0141418,24528.3,0.213968,0.261077
2024-11-29,2024-11-29 12:03:07.277000+00:00,BTC-2DEC24-98000-C,C,98000,2024-12-02 08:00:00+00:00,2.83333,0.706423,0.448228,0.4171,0.3718,-0.0453,-0.963504,3397,308.855,-0.0736059,0.0520249,4.53957,-0.0116457,23582.5,0.0723413,0.112011
2024-11-29,2024-11-29 11:53:20.333000+00:00,BTC-1DEC24-98000-C,C,98000,2024-12-01 08:00:00+00:00,1.83333,0.725442,0.421427,0.4215,0.372,-0.0495,-0.830608,2699.49,472.339,-0.114955,0.10758,7.64593,-0.0243659,10777,0.0609292,0.104901
2024-11-29,2024-11-29 12:10:00.044000+00:00,BTC-2DEC24-97000-C,C,97000,2024-12-02 08:00:00+00:00,2.83333,0.707617,0.569698,0.4171,0.3299,-0.0872,-1.03843,3376.82,308.855,-0.0736059,0.0583322,-3.7739,0.00961461,13594.4,0.12443,0.166023
2024-11-29,2024-11-29 12:11:06.761000+00:00,BTC-2DEC24-99000-C,C,99000,2024-12-02 08:00:00+00:00,2.83333,0.70781,0.359522,0.4313,0.39,-0.0413,-1.15884,3215.8,298.687,-0.0761118,0.330792,10.4525,-0.0262162,64216.9,0.07757,0.113394
2024-11-29,2024-11-29 11:25:00.512000+00:00,BTC-2DEC24-96000-P,P,96000,2024-12-02 08:00:00+00:00,2.83333,0.69988,0.370561,0.3627,0.3186,-0.0441,-0.331877,3226.12,355.179,-0.0640059,0.274028,-9.37821,0.0199696,3241.3,0.0411947,0.0837723
2024-12-06,2024-12-06 12:01:28.711000+00:00,BTC-9DEC24-99000-P,P,99000,2024-12-09 08:00:00+00:00,2.83333,0.706138,0.548886,0.4771,0.3791,-0.098,1.66563,3432.78,270.014,-0.0841941,0.0424368,3.92177,-0.0115186,6866.72,0.0360713,0.0789736
2024-12-06,2024-12-06 12:07:09.078000+00:00,BTC-9DEC24-98000-P,P,98000,2024-12-09 08:00:00+00:00,2.83333,0.707122,0.443902,0.4668,0.435,-0.0318,1.90771,3427.46,275.972,-0.0823765,0.0301645,-2.42823,0.00696128,24004,0.00118689,0.0417552
2024-12-06,2024-12-06 12:08:23.111000+00:00,BTC-9DEC24-100000-C,C,100000,2024-12-09 08:00:00+00:00,2.83333,0.707336,0.364657,0.4653,0.3759,-0.0894,1.56233,3261.76,276.861,-0.0821118,0.287205,9.43117,-0.0256414,9738.91,0.036916,0.0793722
2024-12-06,2024-12-06 12:18:14.620000+00:00,BTC-13DEC24-98000-P,P,98000,2024-12-13 08:00:00+00:00,6.83333,0.293227,0.445506,0.5028,0.5037,0.000900002,1.50969,5337,106.234,-0.0367902,0.0185675,-0.990808,0.00197119,10687.5,-0.0547952,-0.0267075
2024-12-06,2024-12-06 11:39:37.162000+00:00,BTC-13DEC24-99000-P,P,99000,2024-12-13 08:00:00+00:00,6.83333,0.292078,0.525642,0.5082,0.516,0.00779999,1.94197,5355.7,105.106,-0.0371854,0.0169948,1.92697,-0.00390324,10722.6,-0.0540856,-0.0255528
2024-12-06,2024-12-06 11:16:14.119000+00:00,BTC-8DEC24-97000-P,P,97000,2024-12-08 08:00:00+00:00,1.83333,0.715413,0.364395,0.4938,0.5518,0.058,2.03446,2610.38,403.181,-0.134673,0.22234,-8.98121,0.0321739,2634.28,-0.0595842,-0.0214523
2024-12-13,2024-12-13 12:02:03.091000+00:00,BTC-15DEC24-100000-P,P,100000,2024-12-15 08:00:00+00:00,1.83333,0.727838,0.430221,0.4139,0.3916,-0.0223,0.951115,2797.24,481.012,-0.112882,0.062174,-4.99149,0.0156867,8378.31,0.0741217,0.112786
2024-12-13,2024-12-13 12:14:14.157000+00:00,BTC-16DEC24-101000-P,P,101000,2024-12-16 08:00:00+00:00,2.83333,0.708354,0.561746,0.3926,0.3557,-0.0369,1.18788,3486.77,328.129,-0.0692823,0.0749096,5.48297,-0.0131926,34969.4,0.0746861,0.114303
2024-12-13,2024-12-13 12:39:37.004000+00:00,BTC-20DEC24-99000-P,P,99000,2024-12-20 08:00:00+00:00,6.83333,0.293866,0.400679,0.4929,0.4979,0.005,1.11238,5313.51,108.368,-0.0360659,0.0936657,-2.72496,0.00519795,10573.6,-0.00221989,0.0241631
2024-12-20,2024-12-20 11:59:55.837000+00:00,BTC-22DEC24-93000-P,P,93000,2024-12-22 08:00:00+00:00,1.83333,0.727254,0.518687,0.686,0.7491,0.0631001,4.92348,2617.51,290.22,-0.187091,0.00652174,1.96381,-0.0103767,44599.3,-0.236271,-0.196684
2024-12-20,2024-12-20 12:00:08.092000+00:00,BTC-23DEC24-94000-P,P,94000,2024-12-23 08:00:00+00:00,2.83333,0.705906,0.58463,0.6304,0.4922,-0.1382,4.60309,3186.35,204.352,-0.111247,0.0913078,4.84844,-0.0185303,54736.8,-0.189206,-0.14591
2024-12-20,2024-12-20 12:00:08.635000+00:00,BTC-23DEC24-93000-P,P,93000,2024-12-23 08:00:00+00:00,2.83333,0.705907,0.50891,0.6305,0.5375,-0.093,4.9481,3258.95,204.32,-0.111265,0.00275911,1.40208,-0.00548192,68578.1,-0.20886,-0.171937
2024-12-20,2024-12-20 12:01:03.253000+00:00,BTC-23DEC24-92000-P,P,92000,2024-12-23 08:00:00+00:00,2.83333,0.706065,0.436839,0.6482,0.5565,-0.0917,4.79706,3216.97,198.74,-0.114388,0.0249832,-1.78367,0.00708144,12811,-0.204049,-0.170547
2024-12-20,2024-12-20 11:57:18.688000+00:00,BTC-27DEC24-95000-C,C,95000,2024-12-27 08:00:00+00:00,6.83333,0.292603,0.432208,0.6138,0.493,-0.1208,4.35866,5020.05,87.0229,-0.0449122,0.0708915,3.03361,-0.00732943,156606,0.062052,0.0899758
2024-12-20,2024-12-20 12:03:24.090000+00:00,BTC-27DEC24-94000-C,C,94000,2024-12-27 08:00:00+00:00,6.83333,0.292784,0.465204,0.5923,0.5135,-0.0788,4.65071,5058.87,90.1817,-0.043339,0.0248135,2.07725,-0.00489546,111691,-0.0112473,0.016795
2024-12-20,2024-12-20 12:07:54.595000+00:00,BTC-27DEC24-96000-P,P,96000,2024-12-27 08:00:00+00:00,6.83333,0.292918,0.6471,0.6125,0.5,-0.1125,5.0371,4711.71,87.2076,-0.0448171,0.284065,5.50226,-0.0125357,123261,-0.0316438,0.000804664
2024-12-20,2024-12-20 11:31:34.581000+00:00,BTC-22DEC24-95000-P,P,95000,2024-12-22 08:00:00+00:00,1.83333,0.719526,0.638337,0.6676,0.4393,-0.2283,3.98799,2476.03,298.219,-0.182073,0.215264,8.52781,-0.0412021,2491.23,-0.119633,-0.0712764
2024-12-20,2024-12-20 11:30:07.122000+00:00,BTC-27DEC24-97000-C,C,97000,2024-12-27 08:00:00+00:00,6.83333,0.291797,0.355614,0.5892,0.4955,-0.0937,3.78452,4781.72,90.6562,-0.0431122,0.284218,5.6006,-0.0123039,43515.2,0.0673415,0.0957876
2024-12-20,2024-12-20 11:23:06.616000+00:00,BTC-23DEC24-95000-P,P,95000,2024-12-23 08:00:00+00:00,2.83333,0.699557,0.599317,0.6092,0.4741,-0.1351,4.01988,3185.81,211.463,-0.107506,0.127323,5.71288,-0.0209076,3201.29,0.0600223,0.104041
2024-12-27,2024-12-27 12:02:04.803000+00:00,BTC-30DEC24-97000-P,P,97000,2024-12-30 08:00:00+00:00,2.83333,0.706242,0.505835,0.4568,0.4001,-0.0567,-1.89645,3404.32,282.013,-0.0806118,0.00175485,1.36307,-0.00386174,30449.5,-0.0203249,0.0185151
2024-12-27,2024-12-27 12:02:09.012000+00:00,BTC-29DEC24-98000-C,C,98000,2024-12-29 08:00:00+00:00,1.83333,0.727866,0.370223,0.4956,0.4869,-0.00870003,-1.80806,2591.1,401.717,-0.135164,0.244687,10.427,-0.037722,10309.6,-0.0673335,-0.0333373
2024-12-27,2024-12-27 12:04:17.669000+00:00,BTC-3JAN25-95000-P,P,95000,2025-01-03 08:00:00+00:00,6.83333,0.292811,0.371961,0.5318,0.5042,-0.0276,-1.8513,5021.24,100.441,-0.0389122,0.1559,-3.48858,0.00702506,30227.7,0.0236463,0.0501436
2024-12-27,2024-12-27 12:12:15.329000+00:00,BTC-30DEC24-97000-C,C,97000,2024-12-30 08:00:00+00:00,2.83333,0.708009,0.494034,0.4691,0.4148,-0.0543,-1.84266,3404.07,274.618,-0.0827824,0.00178169,1.35982,-0.00395624,13544.3,-0.00924876,0.0292388
2024-12-27,2024-12-27 12:13:32.008000+00:00,BTC-3JAN25-99000-C,C,99000,2025-01-03 08:00:00+00:00,6.83333,0.293086,0.397064,0.5273,0.5286,0.00130001,-1.67426,5112.74,101.298,-0.0385829,0.164591,4.61374,-0.00939219,25425.4,-0.0239692,0.00193145
2024-12-27,2024-12-27 11:20:55.297000+00:00,BTC-30DEC24-95000-P,P,95000,2024-12-30 08:00:00+00:00,2.83333,0.699186,0.356766,0.4647,0.3699,-0.0948,-1.30752,3164.55,277.219,-0.0820059,0.260011,-8.00469,0.0215569,3181.5,0.143984,0.181234
2025-01-03,2025-01-03 12:01:56.142000+00:00,BTC-5JAN25-97000-C,C,97000,2025-01-05 08:00:00+00:00,1.83333,0.727806,0.461323,0.3404,0.3358,-0.00459999,1.46763,2722.5,584.873,-0.0928364,0.0345514,5.02308,-0.0131228,54543.6,0.0521212,0.101801
2025-01-03,2025-01-03 11:57:11.777000+00:00,BTC-6JAN25-97000-C,C,97000,2025-01-06 08:00:00+00:00,2.83333,0.705398,0.485131,0.3426,0.3227,-0.0199,1.47903,3401.69,376.017,-0.0604588,0.00734833,2.23583,-0.00474797,23824.2,0.0211988,0.0613199
2025-01-03,2025-01-03 11:56:45.314000+00:00,BTC-6JAN25-98000-C,C,98000,2025-01-06 08:00:00+00:00,2.83333,0.705321,0.355553,0.352,0.3204,-0.0316,1.53241,3177.8,365.976,-0.0621176,0.422684,12.9476,-0.0263939,12715.8,0.0414255,0.0818972
2025-01-03,2025-01-03 12:05:02.169000+00:00,BTC-5JAN25-97000-P,P,97000,2025-01-05 08:00:00+00:00,1.83333,0.728663,0.527514,0.341,0.2552,-0.0858,1.55068,2730.7,583.844,-0.093,0.01882,3.8523,-0.0101055,41023.6,0.0606206,0.101564
2025-01-03,2025-01-03 12:05:37.799000+00:00,BTC-10JAN25-97000-P,P,97000,2025-01-10 08:00:00+00:00,6.83333,0.29285,0.490043,0.4464,0.4665,0.0201,1.53174,5291.38,119.656,-0.0326634,-0.00201987,0.591159,-0.00105368,26440.9,-0.00307322,0.0235167
2025-01-03,2025-01-03 11:27:11.460000+00:00,BTC-6JAN25-96000-P,P,96000,2025-01-06 08:00:00+00:00,2.83333,0.700251,0.389236,0.3521,0.3152,-0.0369,1.52103,3269.42,365.872,-0.0621353,0.201489,-8.10054,0.0170003,9760.02,0.00237414,0.0362848
2025-01-03,2025-01-03 11:26:38.511000+00:00,BTC-10JAN25-96000-P,P,96000,2025-01-10 08:00:00+00:00,6.83333,0.291694,0.425957,0.45,0.4711,0.0211,1.57893,5199.25,118.699,-0.0329268,0.0520443,-2.03528,0.00359475,5208.27,-0.0144028,0.0119438
2025-01-10,2025-01-10 12:06:32.565000+00:00,BTC-17JAN25-98000-C,C,98000,2025-01-17 08:00:00+00:00,6.83333,0.292878,0.358114,0.5233,0.5278,0.00449997,-0.658237,4866.58,102.073,-0.0382902,0.302021,6.07477,-0.0118858,14556.6,0.00820186,0.0347793
2025-01-10,2025-01-10 12:07:22.999000+00:00,BTC-13JAN25-95000-P,P,95000,2025-01-13 08:00:00+00:00,2.83333,0.707162,0.479421,0.4353,0.3305,-0.1048,-0.415264,3338.86,295.942,-0.0768176,0.00156973,-0.34531,0.000931117,10024.7,0.0572137,0.0988233
2025-01-10,2025-01-10 11:49:01.203000+00:00,BTC-17JAN25-97000-C,C,97000,2025-01-17 08:00:00+00:00,6.83333,0.292357,0.404314,0.5311,0.4916,-0.0395,-0.520165,5038.48,100.574,-0.038861,0.143772,4.33532,-0.00893016,10075,0.0700418,0.0957227
2025-01-10,2025-01-10 11:46:27.089000+00:00,BTC-12JAN25-95000-C,C,95000,2025-01-12 08:00:00+00:00,1.83333,0.723559,0.500315,0.445,0.2332,-0.2118,-0.320225,2684.74,447.395,-0.121364,-4.92545e-05,0.977456,-0.00335405,42899.7,0.230069,0.274967
2025-01-10,2025-01-10 11:44:10.192000+00:00,BTC-17JAN25-96000-C,C,96000,2025-01-17 08:00:00+00:00,6.83333,0.292213,0.457787,0.5175,0.4957,-0.0218,-0.506957,5158.83,103.217,-0.0378659,0.0362987,2.49916,-0.00513658,25804.5,0.0461515,0.0726575
2025-01-10,2025-01-10 12:24:14.644000+00:00,BTC-13JAN25-94000-P,P,94000,2025-01-13 08:00:00+00:00,2.83333,0.710102,0.399404,0.4377,0.3141,-0.1236,-0.280327,3228.04,294.319,-0.0772412,0.125284,-5.5929,0.0147015,3217.91,0.110112,0.14982
2025-01-10,2025-01-10 11:28:10.008000+00:00,BTC-12JAN25-94000-P,P,94000,2025-01-12 08:00:00+00:00,1.83333,0.718608,0.388172,0.4834,0.1633,-0.3201,-0.386595,2575.11,411.855,-0.131836,0.148481,-7.33599,0.0262523,12865.2,0.16371,0.206966
2025-01-10,2025-01-10 11:25:24.434000+00:00,BTC-12JAN25-96000-C,C,96000,2025-01-12 08:00:00+00:00,1.83333,0.717866,0.371303,0.4413,0.2771,-0.1642,-0.312569,2542.11,451.146,-0.120355,0.271341,11.5754,-0.037293,2560.7,0.0482938,0.0890982
2025-01-17,2025-01-17 11:56:35.021000+00:00,BTC-19JAN25-102000-P,P,102000,2025-01-19 08:00:00+00:00,1.83333,0.726333,0.452221,0.429,0.4148,-0.0142,1.85306,2872.35,464.081,-0.117,0.0251158,-2.95047,0.00969012,37330.3,-0.130586,-0.0840071
2025-01-17,2025-01-17 11:56:32.592000+00:00,BTC-20JAN25-101000-P,P,101000,2025-01-20 08:00:00+00:00,2.83333,0.705285,0.350484,0.4254,0.4908,0.0654,1.89561,3342.99,302.829,-0.0750706,0.313074,-9.24977,0.0226708,3344.6,-0.128086,-0.0860315
2025-01-17,2025-01-17 12:04:07.749000+00:00,BTC-24JAN25-101000-P,P,101000,2025-01-24 08:00:00+00:00,6.83333,0.292806,0.403109,0.5604,0.6787,0.1183,2.20508,5435.37,95.3152,-0.0410049,0.0737888,-2.19874,0.00477558,32542.9,-0.104265,-0.0761088
2025-01-17,2025-01-17 12:04:53.393000+00:00,BTC-20JAN25-103000-P,P,103000,2025-01-20 08:00:00+00:00,2.83333,0.706729,0.547136,0.4308,0.4776,0.0468,2.07061,3576.4,299.033,-0.0760235,0.042931,4.11771,-0.0109263,3574.21,-0.116806,-0.0689107
2025-01-17,2025-01-17 11:54:44.620000+00:00,BTC-24JAN25-102000-P,P,102000,2025-01-24 08:00:00+00:00,6.83333,0.292527,0.454193,0.5506,0.6813,0.1307,2.23903,5563.36,97.0117,-0.0402878,0.00830792,-0.527602,0.00115261,44469.4,-0.123999,-0.0953727
2025-01-17,2025-01-17 12:13:08.409000+00:00,BTC-24JAN25-105000-C,C,105000,2025-01-24 08:00:00+00:00,6.83333,0.293074,0.412366,0.5754,0.6843,0.1089,1.88072,5479.32,92.8304,-0.0421024,0.115358,3.81039,-0.00854527,27444.3,-0.121377,-0.0938686
2025-01-17,2025-01-17 11:45:57.147000+00:00,BTC-20JAN25-102000-P,P,102000,2025-01-20 08:00:00+00:00,2.83333,0.70346,0.446723,0.4312,0.5059,0.0747,1.91847,3568.67,298.756,-0.0760941,0.0298952,-2.53008,0.00670644,14314.2,-0.142633,-0.0973716
2025-01-17,2025-01-17 12:15:03.904000+00:00,BTC-24JAN25-106000-C,C,106000,2025-01-24 08:00:00+00:00,6.83333,0.293132,0.369074,0.5843,0.6945,0.1102,1.63536,5311.03,91.4165,-0.0427537,0.23661,5.17761,-0.0114277,21139.1,-0.111327,-0.0837134
2025-01-24,2025-01-24 12:00:09.535000+00:00,BTC-26JAN25-105000-P,P,105000,2025-01-26 08:00:00+00:00,1.83333,0.727317,0.430513,0.4495,0.2271,-0.2224,-0.735171,2938.46,442.916,-0.122591,0.0557739,-4.49531,0.0153443,26381.3,0.249892,0.297466
2025-01-24,2025-01-24 11:55:00.275000+00:00,BTC-26JAN25-106000-C,C,106000,2025-01-26 08:00:00+00:00,1.83333,0.725899,0.447982,0.4656,0.2502,-0.2154,-0.537828,2957.03,427.601,-0.126982,0.0460896,4.96743,-0.0176822,14731,0.207019,0.244431
2025-01-24,2025-01-24 11:53:46.150000+00:00,BTC-26JAN25-105000-C,C,105000,2025-01-26 08:00:00+00:00,1.83333,0.72556,0.557854,0.4661,0.1993,-0.2668,-0.449644,2949.98,427.142,-0.127118,0.035199,-3.4096,0.0121252,62049,0.262178,0.309924
2025-01-24,2025-01-24 12:06:36.205000+00:00,BTC-27JAN25-106000-C,C,106000,2025-01-27 08:00:00+00:00,2.83333,0.707027,0.461385,0.4421,0.311,-0.1311,-0.718301,3691.6,291.39,-0.0780176,0.0297413,3.48602,-0.00951479,3688.57,0.166712,0.205176
2025-01-31,2025-01-31 12:00:10.361000+00:00,BTC-7FEB25-105000-P,P,105000,2025-02-07 08:00:00+00:00,6.83333,0.292688,0.49614,0.4466,0.5004,0.0538,-4.00406,5723.94,119.603,-0.032678,-0.00111422,0.841667,-0.00150126,183019,-0.103298,-0.0755164
2025-01-31,2025-01-31 12:03:00.129000+00:00,BTC-3FEB25-106000-C,C,106000,2025-02-03 08:00:00+00:00,2.83333,0.706402,0.366214,0.3865,0.4495,0.063,-3.91667,3471.76,333.308,-0.0682059,0.332308,11.0362,-0.0249569,20837.4,-0.171702,-0.139376
2025-01-31,2025-01-31 12:07:13.054000+00:00,BTC-7FEB25-104000-P,P,104000,2025-02-07 08:00:00+00:00,6.83333,0.292898,0.436321,0.4456,0.4902,0.0446,-3.79782,5649.01,119.871,-0.0326049,0.0357141,-1.62864,0.0028616,39515.4,-0.0530323,-0.0256417
2025-01-31,2025-01-31 12:08:55.577000+00:00,BTC-7FEB25-105000-C,C,105000,2025-02-07 08:00:00+00:00,6.83333,0.292949,0.502103,0.4444,0.4902,0.0458,-3.84333,5722.69,120.195,-0.0325171,-0.000661476,0.912909,-0.00162036,62980.4,-0.0815005,-0.0539492
2025-01-31,2025-01-31 12:14:49.083000+00:00,BTC-2FEB25-104000-P,P,104000,2025-02-02 08:00:00+00:00,1.83333,0.731378,0.385603,0.3678,0.581,0.2132,-3.83097,2839.78,541.302,-0.100309,0.208183,-10.1273,0.0275391,11355.4,-0.185511,-0.132456
2025-01-31,2025-01-31 12:23:21.567000+00:00,BTC-3FEB25-104000-C,C,104000,2025-02-03 08:00:00+00:00,2.83333,0.709947,0.605571,0.3888,0.432,0.0432,-4.3393,3557.71,331.336,-0.0686118,0.159993,-6.79804,0.0158198,3546.87,-0.155234,-0.114965
2025-01-31,2025-01-31 11:30:13.669000+00:00,BTC-7FEB25-104000-C,C,104000,2025-02-07 08:00:00+00:00,6.83333,0.2918,0.571052,0.4434,0.4822,0.0388,-3.60124,5637.17,120.466,-0.0324439,0.0479251,-1.95425,0.00340579,16959.7,-0.0764291,-0.047777
2025-01-31,2025-01-31 11:24:42.499000+00:00,BTC-2FEB25-104000-C,C,104000,2025-02-02 08:00:00+00:00,1.83333,0.717679,0.614015,0.3769,0.5323,0.1554,-4.05375,2839.14,528.233,-0.102791,0.204866,-9.91475,0.0276161,2859.51,-0.14235,-0.0980253
2025-02-07,2025-02-07 12:00:02.234000+00:00,BTC-14FEB25-96000-P,P,96000,2025-02-14 08:00:00+00:00,6.83333,0.292684,0.375707,0.4731,0.4526,-0.0205,-1.31026,5076.41,112.903,-0.0346171,0.168761,-3.8936,0.00699732,15260.9,0.0482601,0.0738926
2025-02-07,2025-02-07 11:59:15.078000+00:00,BTC-10FEB25-97000-P,P,97000,2025-02-10 08:00:00+00:00,2.83333,0.705753,0.397229,0.3643,0.3129,-0.0514,-1.30118,3321.63,353.619,-0.0642882,0.163387,-7.11754,0.0155465,6664.52,0.0458755,0.0870816
2025-02-07,2025-02-07 12:01:59.078000+00:00,BTC-10FEB25-98000-C,C,98000,2025-02-10 08:00:00+00:00,2.83333,0.706226,0.483099,0.3901,0.3038,-0.0863,-1.13425,3434.47,330.232,-0.0688412,0.00833114,2.2324,-0.00539688,20599.3,0.0348603,0.0731895
2025-02-07,2025-02-07 12:01:59.550000+00:00,BTC-9FEB25-98000-C,C,98000,2025-02-09 08:00:00+00:00,1.83333,0.727822,0.476331,0.4008,0.2843,-0.1165,-1.20026,2760.19,496.734,-0.109309,0.0129881,3.08875,-0.00952927,16552.9,0.0467606,0.0845125
2025-02-07,2025-02-07 11:52:08.633000+00:00,BTC-14FEB25-98000-C,C,98000,2025-02-14 08:00:00+00:00,6.83333,0.292449,0.497278,0.4687,0.4515,-0.0172,-1.25474,5335.95,113.963,-0.0342951,0.00103746,1.10682,-0.00207195,31971.7,0.0194842,0.0462469
2025-02-07,2025-02-07 11:48:12.319000+00:00,BTC-10FEB25-99000-C,C,99000,2025-02-10 08:00:00+00:00,2.83333,0.703848,0.350358,0.3828,0.3196,-0.0632,-1.06034,3187.74,336.53,-0.0675529,0.421046,12.4141,-0.027371,3193.08,-0.0379208,-0.00122313
2025-02-14,2025-02-14 12:00:02.298000+00:00,BTC-21FEB25-98000-C,C,98000,2025-02-21 08:00:00+00:00,6.83333,0.292684,0.43448,0.3933,0.4018,0.00849998,0.800221,5222.89,135.811,-0.0287781,0.0917791,4.06576,-0.00630047,26048.5,0.0106192,0.0361909
2025-02-14,2025-02-14 12:02:14.979000+00:00,BTC-16FEB25-97000-P,P,97000,2025-02-16 08:00:00+00:00,1.83333,0.727893,0.528846,0.3261,0.2007,-0.1254,0.816234,2730.1,610.521,-0.0889364,0.021168,4.12953,-0.0103569,16319,0.0982038,0.138803
2025-02-21,2025-02-21 12:01:58.614000+00:00,BTC-23FEB25-99000-C,C,99000,2025-02-23 08:00:00+00:00,1.83333,0.727818,0.453788,0.3502,0.4492,0.099,-2.12412,2771.47,568.506,-0.0955091,0.0466766,5.67552,-0.0152234,36218.6,-0.164226,-0.126641
2025-02-21,2025-02-21 12:12:58.651000+00:00,BTC-24FEB25-99000-C,C,99000,2025-02-24 08:00:00+00:00,2.83333,0.708135,0.449514,0.3187,0.3745,0.0558,-2.04958,3438.34,404.216,-0.0562412,0.061482,5.51019,-0.0108056,13813.1,-0.232602,-0.194957
2025-02-28,2025-02-28 12:03:26.944000+00:00,BTC-3MAR25-81000-P,P,81000,2025-03-03 08:00:00+00:00,2.83333,0.70648,0.542514,0.627,0.624,-0.00299999,6.91964,2809.98,205.46,-0.110647,0.0275585,2.93149,-0.0113362,2808.77,-0.170129,-0.132627
2025-02-28,2025-02-28 12:03:59.260000+00:00,BTC-7MAR25-82000-P,P,82000,2025-03-07 08:00:00+00:00,6.83333,0.292802,0.576793,0.6117,0.5343,-0.0774,7.22206,4307.17,87.3216,-0.0447585,0.0877926,3.31357,-0.0079453,34785.8,-0.0157661,0.0144502
2025-03-07,2025-03-07 11:59:38.892000+00:00,BTC-14MAR25-90000-C,C,90000,2025-03-14 08:00:00+00:00,6.83333,0.292672,0.455787,0.563,0.5328,-0.0302,-3.28807,4826.59,94.875,-0.0411951,0.0371027,2.44168,-0.00545678,87361.1,0.0424209,0.0684598
2025-03-07,2025-03-07 12:04:36.402000+00:00,BTC-9MAR25-89000-C,C,89000,2025-03-09 08:00:00+00:00,1.83333,0.728544,0.506516,0.6431,0.5106,-0.1325,-3.24052,2515.3,309.58,-0.175391,-0.000743277,0.641054,-0.00317854,2513.1,0.124375,0.162352
2025-03-07,2025-03-07 11:34:35.282000+00:00,BTC-14MAR25-92000-C,C,92000,2025-03-14 08:00:00+00:00,6.83333,0.291929,0.357478,0.5811,0.5346,-0.0465,-3.24321,4547.9,91.9199,-0.0425195,0.280295,5.60046,-0.0121573,13663,0.0298837,0.0560692
2025-03-07,2025-03-07 11:33:42.833000+00:00,BTC-14MAR25-87000-C,C,87000,2025-03-14 08:00:00+00:00,6.83333,0.291903,0.631955,0.5823,0.5225,-0.0598,-3.14721,4593.86,91.7304,-0.0426073,0.149313,-3.23451,0.00710649,4600.53,0.0555541,0.0847097
2025-03-14,2025-03-14 11:38:25.170000+00:00,BTC-17MAR25-84000-C,C,84000,2025-03-17 08:00:00+00:00,2.83333,0.702168,0.427545,0.4566,0.3439,-0.1127,1.23315,2879.72,282.137,-0.0805765,0.0896615,5.55438,-0.0154692,5780.61,0.0906513,0.13099
2025-03-21,2025-03-21 12:02:02.094000+00:00,BTC-23MAR25-84000-C,C,84000,2025-03-23 08:00:00+00:00,1.83333,0.727834,0.509678,0.3507,0.1497,-0.201,-0.223192,2375,567.696,-0.0956455,-4.09969e-05,0.0238422,-6.44566e-05,16481.4,0.194714,0.23644
2025-03-21,2025-03-21 12:02:09.056000+00:00,BTC-23MAR25-84000-P,P,84000,2025-03-23 08:00:00+00:00,1.83333,0.727866,0.489258,0.3583,0.1994,-0.1589,-0.347579,2375,555.654,-0.0977182,0.000115382,-0.0604575,0.000166975,21257.6,0.168769,0.215859
2025-03-21,2025-03-21 12:04:24.136000+00:00,BTC-24MAR25-84000-C,C,84000,2025-03-24 08:00:00+00:00,2.83333,0.706645,0.517622,0.3596,0.2649,-0.0947,-0.285131,2952.28,358.241,-0.0634588,0.0015352,-0.394411,0.00087888,11793.6,0.119589,0.157511
2025-03-21,2025-03-21 12:09:55.996000+00:00,BTC-28MAR25-84000-P,P,84000,2025-03-28 08:00:00+00:00,6.83333,0.292979,0.470966,0.4308,0.4237,-0.00710003,-0.380173,4584.77,123.989,-0.031522,0.00234821,-0.235631,0.000404365,13739.4,0.0232425,0.0487351
2025-03-21,2025-03-21 12:12:47.050000+00:00,BTC-28MAR25-85000-C,C,85000,2025-03-28 08:00:00+00:00,6.83333,0.293064,0.452863,0.4256,0.421,-0.00460003,-0.215433,4568.05,125.504,-0.0311415,0.0490803,3.03176,-0.00511768,9104.57,0.0140693,0.0392053
2025-03-21,2025-03-21 12:31:03.618000+00:00,BTC-28MAR25-86000-C,C,86000,2025-03-28 08:00:00+00:00,6.83333,0.29361,0.37991,0.4348,0.4068,-0.028,-0.261202,4392.45,122.849,-0.0318146,0.255896,6.12908,-0.0101598,13015,0.0454233,0.0698277
2025-03-21,2025-03-21 12:36:49.265000+00:00,BTC-28MAR25-83000-P,P,83000,2025-03-28 08:00:00+00:00,6.83333,0.293782,0.401669,0.4377,0.44,0.0023,-0.0972032,4450.6,122.035,-0.0320268,0.107258,-3.15229,0.00534308,8920.57,0.0173571,0.0421707
2025-03-21,2025-03-21 12:37:13.805000+00:00,BTC-28MAR25-86000-P,P,86000,2025-03-28 08:00:00+00:00,6.83333,0.293795,0.635396,0.4426,0.427,-0.0156,0.0249275,4323.05,120.684,-0.0323854,0.316822,6.70365,-0.0111643,43137.1,0.0443351,0.0717892
2025-03-21,2025-03-21 12:41:20.539000+00:00,BTC-23MAR25-83000-P,P,83000,2025-03-23 08:00:00+00:00,1.83333,0.738843,0.360738,0.3672,0.2627,-0.1045,0.0381648,2223.93,542.187,-0.100145,0.315976,-12.5984,0.0335071,2204.41,0.15284,0.186421
2025-03-28,2025-03-28 12:00:02.036000+00:00,BTC-4APR25-87000-C,C,87000,2025-04-04 08:00:00+00:00,6.83333,0.292684,0.385553,0.4509,0.5232,0.0723,-3.22323,4462.71,118.462,-0.0329927,0.227517,5.71557,-0.00986684,88464.5,-0.0488741,-0.022395
2025-03-28,2025-03-28 11:49:27.184000+00:00,BTC-31MAR25-85000-C,C,85000,2025-03-31 08:00:00+00:00,2.83333,0.704062,0.522055,0.3816,0.4253,0.0437,-3.10563,2986.96,337.588,-0.0673412,0.00314977,-0.646003,0.00152673,29921.3,-0.0719192,-0.0326619
2025-03-28,2025-03-28 11:38:18.717000+00:00,BTC-31MAR25-84000-C,C,84000,2025-03-31 08:00:00+00:00,2.83333,0.70215,0.644058,0.3915,0.4287,0.0372,-2.74466,2790.73,329.051,-0.0690882,0.317471,-9.73299,0.0220699,14019.4,-0.100654,-0.0527145
2025-04-04,2025-04-04 11:58:33.945000+00:00,BTC-11APR25-84000-C,C,84000,2025-04-11 08:00:00+00:00,6.83333,0.29264,0.430862,0.5806,0.571,-0.00960003,1.07687,4440.07,91.999,-0.0424829,0.0761001,3.19279,-0.00729249,153088,0.0234455,0.0496467
2025-04-04,2025-04-04 12:02:46.590000+00:00,BTC-6APR25-83000-P,P,83000,2025-04-06 08:00:00+00:00,1.83333,0.728038,0.542423,0.6769,0.3142,-0.3627,1.24515,2318.91,294.122,-0.184609,0.0242878,3.21911,-0.0167075,41118.5,0.406378,0.45113
2025-04-04,2025-04-04 12:03:21.579000+00:00,BTC-6APR25-82000-P,P,82000,2025-04-06 08:00:00+00:00,1.83333,0.728199,0.450783,0.7074,0.3922,-0.3152,1.37547,2312.2,281.44,-0.192927,0.0128462,-1.46607,0.00793623,95397.8,0.343099,0.380494
2025-04-04,2025-04-04 12:03:22.137000+00:00,BTC-7APR25-83000-P,P,83000,2025-04-07 08:00:00+00:00,2.83333,0.706466,0.54089,0.6272,0.4714,-0.1558,1.11876,2881.23,205.395,-0.110682,0.0258278,2.85688,-0.011056,111583,0.203711,0.242684
2025-04-04,2025-04-04 11:56:29.689000+00:00,BTC-7APR25-82000-P,P,82000,2025-04-07 08:00:00+00:00,2.83333,0.705276,0.450692,0.6429,0.4995,-0.1434,1.25573,2875.69,200.379,-0.113453,0.0129746,-1.18815,0.00470178,46060.8,0.231316,0.268627
2025-04-04,2025-04-04 11:55:48.644000+00:00,BTC-7APR25-83000-C,C,83000,2025-04-07 08:00:00+00:00,2.83333,0.705158,0.459459,0.6213,0.4525,-0.1688,1.10641,2881.8,207.345,-0.109641,0.025681,2.86111,-0.010969,20091.2,0.21255,0.250861
2025-04-04,2025-04-04 11:55:22.406000+00:00,BTC-11APR25-81000-P,P,81000,2025-04-11 08:00:00+00:00,6.83333,0.292545,0.399736,0.6194,0.6242,0.0048,1.11106,4358.53,86.2361,-0.045322,0.0694524,-1.99786,0.0047856,204924,0.033345,0.0591209
2025-04-04,2025-04-04 11:54:28.881000+00:00,BTC-11APR25-85000-C,C,85000,2025-04-11 08:00:00+00:00,6.83333,0.292519,0.357009,0.5702,0.5505,-0.0197,1.34815,4203.14,93.677,-0.041722,0.285847,5.69878,-0.0121351,222134,0.0355275,0.0620832
2025-04-04,2025-04-04 12:06:37.780000+00:00,BTC-7APR25-84000-C,C,84000,2025-04-07 08:00:00+00:00,2.83333,0.707031,0.365329,0.6086,0.4204,-0.1882,1.5023,2728.18,211.672,-0.1074,0.22466,7.41406,-0.0263808,32972.4,0.248348,0.28643
2025-04-04,2025-04-04 11:53:03.401000+00:00,BTC-7APR25-81000-C,C,81000,2025-04-07 08:00:00+00:00,2.83333,0.704683,0.615243,0.6733,0.5769,-0.0964,1.45291,2770.25,191.332,-0.118818,0.101853,-3.94271,0.0157732,2772.77,0.121133,0.162284
2025-04-04,2025-04-04 12:08:16.645000+00:00,BTC-11APR25-82000-C,C,82000,2025-04-11 08:00:00+00:00,6.83333,0.292929,0.535218,0.5988,0.6025,0.00369999,1.48193,4475.94,89.2028,-0.0438146,0.000953276,-0.078822,0.00018778,31279,0.0184416,0.0452662
2025-04-04,2025-04-04 12:09:25.018000+00:00,BTC-7APR25-84000-P,P,84000,2025-04-07 08:00:00+00:00,2.83333,0.707515,0.635946,0.6222,0.439,-0.1832,1.45771,2723.33,207.045,-0.1098,0.22431,7.33317,-0.0266461,2719.75,0.254303,0.296514
2025-04-04,2025-04-04 12:10:54.145000+00:00,BTC-7APR25-82000-C,C,82000,2025-04-07 08:00:00+00:00,2.83333,0.707774,0.542507,0.6508,0.5374,-0.1134,1.34042,2878.71,197.946,-0.114847,0.00808939,-0.860612,0.00345437,31643.1,0.176319,0.214984
2025-04-04,2025-04-04 11:46:03.516000+00:00,BTC-6APR25-81000-P,P,81000,2025-04-06 08:00:00+00:00,1.83333,0.723452,0.402284,0.7578,0.542,-0.2158,1.89089,2247.38,262.722,-0.206673,0.0635562,-3.61675,0.0204944,29284.4,0.303888,0.340042
2025-04-04,2025-04-04 11:29:12.096000+00:00,BTC-11APR25-80000-P,P,80000,2025-04-11 08:00:00+00:00,6.83333,0.29177,0.386225,0.633,0.6341,0.00110001,2.17907,4277.92,84.3833,-0.0463171,0.0927822,-2.34241,0.00567918,33970.7,0.0145102,0.04117
2025-04-04,2025-04-04 11:28:29.345000+00:00,BTC-7APR25-80000-P,P,80000,2025-04-07 08:00:00+00:00,2.83333,0.700472,0.350017,0.7158,0.6023,-0.1135,2.17112,2668.61,179.971,-0.126318,0.174656,-5.12878,0.0211324,2680.17,0.123657,0.160615
2025-04-04,2025-04-04 12:40:22.558000+00:00,BTC-6APR25-84000-C,C,84000,2025-04-06 08:00:00+00:00,1.83333,0.738568,0.351467,0.6225,0.2766,-0.3459,1.01687,2172.47,319.825,-0.169773,0.256448,9.5702,-0.0427691,4335.14,0.388236,0.428806
2025-04-11,2025-04-11 11:56:25.592000+00:00,BTC-18APR25-82000-P,P,82000,2025-04-18 08:00:00+00:00,6.83333,0.292577,0.475783,0.5463,0.5856,0.0393,3.76078,4475.6,97.7753,-0.0399732,-0.00155775,0.187445,-0.000408246,58140,-0.0432687,-0.0156349
2025-04-11,2025-04-11 11:56:25.427000+00:00,BTC-18APR25-81000-P,P,81000,2025-04-18 08:00:00+00:00,6.83333,0.292577,0.411775,0.5506,0.5881,0.0375,3.81104,4373.5,97.0117,-0.0402878,0.0598116,-1.96017,0.00420482,83242,-0.0363895,-0.00915639
2025-04-11,2025-04-11 11:56:00.507000+00:00,BTC-14APR25-83000-P,P,83000,2025-04-14 08:00:00+00:00,2.83333,0.705192,0.59638,0.5048,0.4903,-0.0145,4.13268,2798.36,255.197,-0.0890824,0.139574,6.48907,-0.0197217,71254.2,0.0223396,0.0675168
2025-04-11,2025-04-11 11:54:29.791000+00:00,BTC-18APR25-80000-P,P,80000,2025-04-18 08:00:00+00:00,6.83333,0.292519,0.352417,0.5568,0.5988,0.042,3.92203,4171.31,95.9315,-0.0407415,0.205982,-3.97328,0.00822418,4172.61,-0.0408525,-0.0134447
2025-04-11,2025-04-11 11:52:08.678000+00:00,BTC-14APR25-82000-P,P,82000,2025-04-14 08:00:00+00:00,2.83333,0.704526,0.481718,0.5111,0.5261,0.015,3.97049,2882.21,252.052,-0.0901941,7.27475e-05,-0.0180117,5.70413e-05,115354,-0.0304679,0.0081832
2025-04-11,2025-04-11 12:12:07.234000+00:00,BTC-18APR25-80000-C,C,80000,2025-04-18 08:00:00+00:00,6.83333,0.293044,0.644089,0.544,0.6014,0.0574,3.74414,4181.18,98.1887,-0.0398049,0.200086,-3.96051,0.0080383,4178.32,-0.00725101,0.0229338
2025-04-11,2025-04-11 11:47:22.416000+00:00,BTC-18APR25-84000-C,C,84000,2025-04-18 08:00:00+00:00,6.83333,0.292308,0.404115,0.5409,0.5815,0.0406,3.92308,4360.63,98.7514,-0.039578,0.142328,4.2822,-0.00898232,17402.3,-0.0634394,-0.0356273
2025-04-11,2025-04-11 11:32:57.697000+00:00,BTC-18APR25-84000-P,P,84000,2025-04-18 08:00:00+00:00,6.83333,0.291881,0.591384,0.5406,0.5737,0.0331,3.61137,4376.16,98.8062,-0.0395561,0.130835,4.13006,-0.0086818,13152.1,-0.0408692,-0.0117611
2025-04-11,2025-04-11 12:30:01.364000+00:00,BTC-18APR25-83000-P,P,83000,2025-04-18 08:00:00+00:00,6.83333,0.293579,0.532568,0.5286,0.5844,0.0558,3.36977,4477.34,101.049,-0.038678,0.0237134,2.12672,-0.00447521,13411.3,-0.0649473,-0.0365821
2025-04-11,2025-04-11 12:30:02.564000+00:00,BTC-18APR25-81000-C,C,81000,2025-04-18 08:00:00+00:00,6.83333,0.293579,0.594965,0.5758,0.5868,0.011,3.64572,4364.3,92.7659,-0.0421317,0.0672575,-2.04739,0.00457481,17337.7,-0.0119762,0.0169314
2025-04-11,2025-04-11 11:26:45.972000+00:00,BTC-13APR25-83000-P,P,83000,2025-04-13 08:00:00+00:00,1.83333,0.718231,0.568654,0.5148,0.4369,-0.0779,3.50199,2295.19,386.734,-0.1404,0.071339,5.77629,-0.0225843,2310.12,-0.0205587,0.0244949
2025-04-11,2025-04-11 11:15:12.122000+00:00,BTC-18APR25-85000-C,C,85000,2025-04-18 08:00:00+00:00,6.83333,0.291356,0.362295,0.5221,0.5952,0.0731,3.20725,4239.61,102.307,-0.0382024,0.287406,5.94552,-0.0116482,4250.7,-0.0801409,-0.0521494
2025-04-18,2025-04-18 12:00:52.613000+00:00,BTC-25APR25-86000-C,C,86000,2025-04-25 08:00:00+00:00,6.83333,0.292709,0.398095,0.383,0.4089,0.0259,0.654119,4473.22,139.464,-0.0280244,0.209496,5.92836,-0.00877135,53460.4,-0.0233959,0.00177777
2025-04-18,2025-04-18 12:05:39.891000+00:00,BTC-21APR25-85000-P,P,85000,2025-04-21 08:00:00+00:00,2.83333,0.706864,0.555735,0.2861,0.2736,-0.0125,0.497878,2947.14,450.274,-0.0504882,0.080896,6.55602,-0.0115208,44046.6,0.0350815,0.0739132
2025-04-18,2025-04-18 11:51:20.480000+00:00,BTC-25APR25-85000-P,P,85000,2025-04-25 08:00:00+00:00,6.83333,0.292426,0.520172,0.3868,0.3948,0.00799999,0.584281,4614.98,138.094,-0.0283024,0.0135549,1.95665,-0.00301899,13852.9,0.00975049,0.0356202
2025-04-25,2025-04-25 11:59:51.004000+00:00,BTC-28APR25-94000-P,P,94000,2025-04-28 08:00:00+00:00,2.83333,0.705856,0.409096,0.3527,0.2943,-0.0584,0.4027,3239.35,365.25,-0.0622412,0.129569,-6.39747,0.0136309,172110,0.122269,0.160443
2025-04-25,2025-04-25 12:00:14.095000+00:00,BTC-27APR25-94000-C,C,94000,2025-04-27 08:00:00+00:00,1.83333,0.727337,0.627796,0.359,0.1573,-0.2017,0.253341,2540.36,554.571,-0.0979091,0.272944,-11.8133,0.0310098,18250.5,0.0710237,0.122234
2025-04-25,2025-04-25 11:59:37.897000+00:00,BTC-28APR25-95000-C,C,95000,2025-04-28 08:00:00+00:00,2.83333,0.705819,0.454912,0.3557,0.2832,-0.0725,0.107775,3304.42,362.169,-0.0627706,0.0460479,4.61426,-0.0101154,102921,0.0842165,0.122628
2025-04-25,2025-04-25 12:00:24.525000+00:00,BTC-2MAY25-97000-C,C,97000,2025-05-02 08:00:00+00:00,6.83333,0.292695,0.368997,0.4355,0.408,-0.0275,-0.133188,4899.22,122.651,-0.0318659,0.302696,6.6136,-0.0108779,24398,0.0511298,0.0763289
2025-04-25,2025-04-25 12:00:28.206000+00:00,BTC-2MAY25-95000-C,C,95000,2025-05-02 08:00:00+00:00,6.83333,0.292697,0.507477,0.4304,0.4173,-0.0131,0.101606,5181.48,124.105,-0.0314927,-0.00174832,0.68173,-0.00117172,170227,0.0196772,0.0453372
2025-04-25,2025-04-25 11:59:22.525000+00:00,BTC-27APR25-95000-P,P,95000,2025-04-27 08:00:00+00:00,1.83333,0.727101,0.558652,0.3608,0.1681,-0.1927,0.143557,2646.05,551.804,-0.0984,0.0708174,6.77115,-0.0186343,116437,0.218154,0.268214
2025-04-25,2025-04-25 11:59:15.651000+00:00,BTC-28APR25-95000-P,P,95000,2025-04-28 08:00:00+00:00,2.83333,0.705754,0.539115,0.3617,0.2855,-0.0762,0.148929,3311.02,356.161,-0.0638294,0.0353231,4.082,-0.00911406,49697,0.12456,0.163958
2025-04-25,2025-04-25 11:59:15.110000+00:00,BTC-27APR25-94000-P,P,94000,2025-04-27 08:00:00+00:00,1.83333,0.727067,0.389746,0.3567,0.2296,-0.1271,0.217299,2572.89,558.147,-0.0972818,0.199975,-10.0766,0.0266505,69578.3,0.170125,0.209092
2025-04-25,2025-04-25 12:01:08.656000+00:00,BTC-2MAY25-94000-C,C,94000,2025-05-02 08:00:00+00:00,6.83333,0.292717,0.572193,0.4331,0.4205,-0.0126,0.149221,5092.59,123.331,-0.0316902,0.0515456,-2.07044,0.00352273,20336.3,0.0114261,0.0379962
2025-04-25,2025-04-25 12:01:19.055000+00:00,BTC-27APR25-95000-C,C,95000,2025-04-27 08:00:00+00:00,1.83333,0.727636,0.462305,0.3639,0.2332,-0.1307,-0.0445623,2666.62,547.103,-0.0992455,0.0312961,4.668,-0.0130401,60446.9,0.189889,0.231811
2025-04-25,2025-04-25 12:03:17.786000+00:00,BTC-2MAY25-94000-P,P,94000,2025-05-02 08:00:00+00:00,6.83333,0.292781,0.433589,0.423,0.4073,-0.0157,0.14058,5100.48,126.276,-0.0309512,0.0432293,-1.88931,0.00314767,101987,0.0447031,0.0701504
2025-04-25,2025-04-25 12:07:15.364000+00:00,BTC-2MAY25-95000-P,P,95000,2025-05-02 08:00:00+00:00,6.83333,0.292899,0.502779,0.424,0.4059,-0.0181,0.0687286,5174.73,125.978,-0.0310244,0.00106331,1.11964,-0.00189605,31018.1,0.0373417,0.0631661
2025-04-25,2025-04-25 12:12:16.498000+00:00,BTC-2MAY25-96000-C,C,96000,2025-05-02 08:00:00+00:00,6.83333,0.293048,0.443703,0.4364,0.4274,-0.00899998,-0.270276,5135.27,122.398,-0.0319317,0.0652112,3.3691,-0.00581394,40359.2,0.0386512,0.063456
2025-04-25,2025-04-25 12:28:18.404000+00:00,BTC-28APR25-94000-C,C,94000,2025-04-28 08:00:00+00:00,2.83333,0.710814,0.598528,0.3489,0.2905,-0.0584,0.339407,3226.39,369.228,-0.0615706,0.15547,-7.09302,0.0148825,3214.57,0.0467373,0.0858322
2025-05-02,2025-05-02 12:03:18.764000+00:00,BTC-4MAY25-97000-C,C,97000,2025-05-04 08:00:00+00:00,1.83333,0.728186,0.49396,0.3086,0.2492,-0.0594,-1.14287,2740.68,645.142,-0.0841636,0.00181196,1.69121,-0.00402398,40796.3,0.0369715,0.0812681
2025-05-02,2025-05-02 12:10:38.006000+00:00,BTC-5MAY25-98000-C,C,98000,2025-05-05 08:00:00+00:00,2.83333,0.707727,0.358318,0.3281,0.2974,-0.0307,-0.975654,3190.66,392.635,-0.0579,0.432324,13.5382,-0.0258004,19085.3,0.0348165,0.0696753
2025-05-02,2025-05-02 12:20:14.189000+00:00,BTC-9MAY25-96000-P,P,96000,2025-05-09 08:00:00+00:00,6.83333,0.293286,0.416822,0.3912,0.3736,-0.0176,-1.14761,5176.59,136.54,-0.0286244,0.0838735,-2.92084,0.00446436,103307,0.00748985,0.0338643
2025-05-02,2025-05-02 12:21:22.725000+00:00,BTC-5MAY25-97000-C,C,97000,2025-05-05 08:00:00+00:00,2.83333,0.709601,0.500641,0.3286,0.2422,-0.0864,-1.06031,3408.18,392.038,-0.0579882,-0.000139297,0.94203,-0.00192007,30595.1,0.0745594,0.11337
2025-05-02,2025-05-02 12:22:47.013000+00:00,BTC-9MAY25-99000-C,C,99000,2025-05-09 08:00:00+00:00,6.83333,0.293362,0.360404,0.3956,0.3682,-0.0274,-0.994471,4966.25,135.022,-0.0289463,0.370823,7.5936,-0.011258,34794.3,0.0252139,0.0515802
2025-05-02,2025-05-02 12:23:54.858000+00:00,BTC-5MAY25-96000-P,P,96000,2025-05-05 08:00:00+00:00,2.83333,0.710044,0.364578,0.3167,0.2358,-0.0809,-1.08903,3208.53,406.768,-0.0558882,0.346091,-11.3756,0.0210529,9548.41,0.0605121,0.100854
2025-05-02,2025-05-02 11:32:58.019000+00:00,BTC-9MAY25-96000-C,C,96000,2025-05-09 08:00:00+00:00,6.83333,0.291881,0.593345,0.3759,0.3748,-0.00110001,-1.05164,5151.35,142.098,-0.0275049,0.116338,-3.59651,0.00525091,15476.2,0.00781421,0.035469
2025-05-09,2025-05-09 12:00:39.617000+00:00,BTC-12MAY25-104000-P,P,104000,2025-05-12 08:00:00+00:00,2.83333,0.705997,0.608864,0.3856,0.3864,0.00079998,1.75407,3483.67,334.086,-0.0680471,0.222376,9.13382,-0.0210278,31726.2,-0.014549,0.0301768
2025-05-09,2025-05-09 12:04:30.517000+00:00,BTC-11MAY25-103000-P,P,103000,2025-05-11 08:00:00+00:00,1.83333,0.728517,0.49446,0.3599,0.3837,0.0238,1.78165,2912.01,553.184,-0.0981546,-0.000448301,0.455199,-0.00126315,17435.2,-0.0262228,0.0187656
2025-05-09,2025-05-09 11:53:02.578000+00:00,BTC-16MAY25-103000-C,C,103000,2025-05-16 08:00:00+00:00,6.83333,0.292476,0.516334,0.4188,0.4109,-0.00790001,1.66121,5621.59,127.542,-0.0306439,-0.001599,0.285384,-0.000476968,78730.8,0.0285873,0.055527
2025-05-09,2025-05-09 11:52:16.006000+00:00,BTC-16MAY25-103000-P,P,103000,2025-05-16 08:00:00+00:00,6.83333,0.292453,0.482821,0.4164,0.4345,0.0181,1.8345,5621.8,128.277,-0.0304683,-0.00143832,0.244078,-0.000405559,28108.3,-0.0145062,0.0122136
2025-05-09,2025-05-09 12:09:21.465000+00:00,BTC-12MAY25-103000-P,P,103000,2025-05-12 08:00:00+00:00,2.83333,0.707505,0.508698,0.3711,0.3838,0.0127,1.71266,3614.98,347.14,-0.0654882,0.00318925,1.66495,-0.00383155,86893,-0.0446162,-0.00215838
2025-05-09,2025-05-09 11:42:02.044000+00:00,BTC-16MAY25-105000-C,C,105000,2025-05-16 08:00:00+00:00,6.83333,0.29215,0.380259,0.4183,0.4318,0.0135,1.72586,5367.3,127.695,-0.0306073,0.264331,6.33126,-0.0100967,43042,-0.00130888,0.0251843
2025-05-09,2025-05-09 11:28:43.759000+00:00,BTC-11MAY25-102000-P,P,102000,2025-05-11 08:00:00+00:00,1.83333,0.718759,0.382206,0.3553,0.5005,0.1452,1.83128,2776.05,560.346,-0.0969,0.234175,-10.966,0.0287106,16777.2,0.0583982,0.0932344
2025-05-09,2025-05-09 11:26:49.798000+00:00,BTC-16MAY25-104000-P,P,104000,2025-05-16 08:00:00+00:00,6.83333,0.2917,0.556465,0.4135,0.4234,0.00990002,1.6357,5565.71,129.177,-0.0302561,0.0684795,3.51595,-0.00574825,33691.5,-0.0214938,0.00581749
2025-05-09,2025-05-09 11:26:43.516000+00:00,BTC-11MAY25-104000-P,P,104000,2025-05-11 08:00:00+00:00,1.83333,0.71822,0.592814,0.4164,0.3421,-0.0743,1.29552,2838.3,478.124,-0.113564,0.151025,9.01228,-0.0281396,2857.24,0.0112824,0.0644274
2025-05-09,2025-05-09 11:26:40.279000+00:00,BTC-11MAY25-104000-C,C,104000,2025-05-11 08:00:00+00:00,1.83333,0.718206,0.423267,0.366,0.3411,-0.0249,1.35164,2869.62,543.964,-0.0998182,0.117628,8.51469,-0.0235783,2888.46,0.0915793,0.143491
2025-05-09,2025-05-09 12:34:55.339000+00:00,BTC-16MAY25-102000-P,P,102000,2025-05-16 08:00:00+00:00,6.83333,0.293725,0.408933,0.4171,0.421,0.00389999,1.6678,5485.14,128.062,-0.0305195,0.0953426,-3.02984,0.00491577,10950,-0.0111661,0.0157257
2025-05-09,2025-05-09 12:37:49.025000+00:00,BTC-12MAY25-102000-P,P,102000,2025-05-12 08:00:00+00:00,2.83333,0.712486,0.370869,0.3556,0.4301,0.0745,1.84543,3430.67,362.271,-0.0627529,0.273936,-9.47442,0.0198022,3413.18,-0.0350643,0.00302591
2025-05-16,2025-05-16 12:01:51.261000+00:00,BTC-18MAY25-104000-C,C,104000,2025-05-18 08:00:00+00:00,1.83333,0.727784,0.423438,0.226,0.219,-0.00700001,-0.453826,2876.92,880.933,-0.0616364,0.178553,13.0516,-0.0223252,20154,0.000997444,0.0433736
2025-05-16,2025-05-16 12:02:00.144000+00:00,BTC-23MAY25-105000-C,C,105000,2025-05-23 08:00:00+00:00,6.83333,0.292742,0.408155,0.351,0.3379,-0.0131,-0.454396,5510.73,152.178,-0.0256829,0.185476,5.83624,-0.00796422,116135,0.0158831,0.0417112
2025-05-16,2025-05-16 12:06:56.477000+00:00,BTC-19MAY25-104000-C,C,104000,2025-05-19 08:00:00+00:00,2.83333,0.707085,0.46317,0.2384,0.2515,0.0131,-0.571732,3632.08,540.367,-0.0420706,0.0439145,5.39693,-0.00794668,14487.4,0.00104959,0.0395415
2025-05-16,2025-05-16 12:09:25.613000+00:00,BTC-19MAY25-103000-P,P,103000,2025-05-19 08:00:00+00:00,2.83333,0.707517,0.350616,0.2438,0.2405,-0.0033,-0.626749,3391.03,528.398,-0.0430235,0.568667,-16.8416,0.0236652,6773.13,0.0117817,0.050097
2025-05-16,2025-05-16 11:32:47.529000+00:00,BTC-23MAY25-104000-C,C,104000,2025-05-23 08:00:00+00:00,6.83333,0.291876,0.487971,0.3444,0.3401,-0.0043,-0.435356,5659.95,155.095,-0.0252,0.00680056,1.64225,-0.00225798,85126.8,0.00626911,0.0322577
2025-05-23,2025-05-23 11:59:49.193000+00:00,BTC-25MAY25-109000-C,C,109000,2025-05-25 08:00:00+00:00,1.83333,0.727223,0.511571,0.3956,0.3356,-0.06,-1.15295,3081.84,503.263,-0.107891,7.12246e-05,-0.0346445,0.000105638,46092.1,-0.0405459,0.0125861
2025-05-23,2025-05-23 12:00:12.007000+00:00,BTC-26MAY25-110000-C,C,110000,2025-05-26 08:00:00+00:00,2.83333,0.705917,0.392117,0.3693,0.3942,0.0249,-1.12027,3689.16,348.832,-0.0651706,0.227116,9.41489,-0.0207731,48527.1,-0.0328893,0.0107764
2025-05-23,2025-05-23 11:59:38.143000+00:00,BTC-26MAY25-109000-C,C,109000,2025-05-26 08:00:00+00:00,2.83333,0.705819,0.508046,0.3789,0.3706,-0.00829998,-0.986325,3830.9,339.993,-0.0668647,-0.000703384,0.395817,-0.00093007,22827.4,-0.0610648,-0.015462
2025-05-23,2025-05-23 11:59:36.517000+00:00,BTC-25MAY25-108000-P,P,108000,2025-05-25 08:00:00+00:00,1.83333,0.727165,0.371463,0.41,0.2878,-0.1222,-1.14675,2920.13,485.588,-0.111818,0.239159,-10.2881,0.0308226,26565.7,-0.0396536,0.0203707
2025-05-23,2025-05-23 12:00:41.587000+00:00,BTC-30MAY25-109000-P,P,109000,2025-05-30 08:00:00+00:00,6.83333,0.292704,0.494257,0.4461,0.4519,0.00579998,-0.701671,5943.39,119.737,-0.0326415,-0.00150525,0.764133,-0.00136136,58684,-0.0358953,-0.00738404
2025-05-23,2025-05-23 12:00:42.317000+00:00,BTC-30MAY25-110000-C,C,110000,2025-05-30 08:00:00+00:00,6.83333,0.292704,0.446,0.4461,0.4592,0.0131,-0.942016,5889.28,119.737,-0.0326415,0.0598953,3.22428,-0.00569219,169290,-0.0067675,0.0211112
2025-05-23,2025-05-23 11:59:10.419000+00:00,BTC-30MAY25-107000-P,P,107000,2025-05-30 08:00:00+00:00,6.83333,0.292658,0.36121,0.4375,0.4561,0.0186,-0.938022,5591.37,122.091,-0.0320122,0.239838,-4.93434,0.00809508,142937,-0.033452,-0.00533559
2025-05-23,2025-05-23 12:00:54.660000+00:00,BTC-30MAY25-108000-C,C,108000,2025-05-30 08:00:00+00:00,6.83333,0.29271,0.563441,0.4422,0.4548,0.0126,-0.837201,5866.34,120.793,-0.0323561,0.0358211,-1.63938,0.00285876,88060.9,-0.0121013,0.0171117
2025-05-23,2025-05-23 12:01:05.799000+00:00,BTC-26MAY25-108000-P,P,108000,2025-05-26 08:00:00+00:00,2.83333,0.706072,0.419726,0.3892,0.3754,-0.0138,-0.64677,3742.72,330.996,-0.0686823,0.0875887,-4.90754,0.0116067,29875.7,-0.0606378,-0.0154726
2025-05-23,2025-05-23 12:01:08.671000+00:00,BTC-26MAY25-108000-C,C,108000,2025-05-26 08:00:00+00:00,2.83333,0.70608,0.574038,0.3755,0.3747,-0.00079998,-0.918694,3751.59,343.072,-0.0662647,0.0763264,-4.64154,0.0106241,56182.3,-0.0341786,0.0136063
2025-05-23,2025-05-23 12:02:07.042000+00:00,BTC-30MAY25-108000-P,P,108000,2025-05-30 08:00:00+00:00,6.83333,0.292746,0.429591,0.4528,0.4571,0.0043,-1.0284,5856.11,117.965,-0.0331317,0.0452316,-1.86342,0.00331742,169511,-0.0613221,-0.0331374
2025-05-23,2025-05-23 11:57:42.194000+00:00,BTC-25MAY25-110000-P,P,110000,2025-05-25 08:00:00+00:00,1.83333,0.726641,0.5657,0.3995,0.3748,-0.0247,-1.34103,3052.24,498.35,-0.108955,0.0803095,6.84604,-0.0208027,43084.1,-0.130196,-0.0718248
2025-05-23,2025-05-23 11:55:43.697000+00:00,BTC-26MAY25-111000-C,C,111000,2025-05-26 08:00:00+00:00,2.83333,0.705144,0.371489,0.3673,0.436,0.0687,-1.9707,3656.12,350.731,-0.0648176,0.321995,11.1388,-0.0240473,7345.63,0.000464625,0.0381358
2025-05-23,2025-05-23 11:55:11.380000+00:00,BTC-30MAY25-112000-C,C,112000,2025-05-30 08:00:00+00:00,6.83333,0.29254,0.384342,0.4412,0.4544,0.0132,-1.49454,5741.18,121.067,-0.0322829,0.236407,5.87317,-0.00991135,40878.8,0.00896016,0.0359873
2025-05-23,2025-05-23 12:08:03.798000+00:00,BTC-25MAY25-108000-C,C,108000,2025-05-25 08:00:00+00:00,1.83333,0.729501,0.579426,0.4614,0.3169,-0.1445,-0.781475,3011.05,431.493,-0.125836,0.0726523,-5.1213,0.0178595,21116.5,0.151621,0.207687
2025-05-23,2025-05-23 11:51:45.032000+00:00,BTC-25MAY25-110000-C,C,110000,2025-05-25 08:00:00+00:00,1.83333,0.725007,0.457337,0.3663,0.4048,0.0385,-1.59946,3082.6,543.519,-0.0999,0.0390711,5.13529,-0.0144216,12166.8,-0.0627365,-0.0158342
2025-05-23,2025-05-23 11:50:44.662000+00:00,BTC-25MAY25-109000-P,P,109000,2025-05-25 08:00:00+00:00,1.83333,0.724732,0.386882,0.3529,0.3124,-0.0405,-1.33333,2977.16,564.157,-0.0962455,0.21449,-10.5116,0.0274432,20909.5,-0.0485049,0.0144648
2025-05-23,2025-05-23 12:13:37.441000+00:00,BTC-30MAY25-107000-C,C,107000,2025-05-30 08:00:00+00:00,6.83333,0.293089,0.582622,0.4564,0.4571,0.000699997,-0.218566,5778.72,117.035,-0.0333951,0.0667249,-2.33886,0.00417183,22892.3,0.00489073,0.0335552
2025-05-23,2025-05-23 12:14:35.845000+00:00,BTC-25MAY25-107000-C,C,107000,2025-05-25 08:00:00+00:00,1.83333,0.731316,0.637401,0.4462,0.3193,-0.1269,-0.40551,2875.21,446.192,-0.121691,0.250689,-10.088,0.0326399,8634.15,0.16617,0.223662
2025-05-23,2025-05-23 12:14:41.628000+00:00,BTC-30MAY25-109000-C,C,109000,2025-05-30 08:00:00+00:00,6.83333,0.293121,0.472326,0.4602,0.4619,0.00169998,-0.459666,5898.02,116.068,-0.0336732,0.0199284,2.10095,-0.00385245,41223,0.0246452,0.0518993
2025-05-23,2025-05-23 12:15:44.199000+00:00,BTC-25MAY25-107000-P,P,107000,2025-05-25 08:00:00+00:00,1.83333,0.731634,0.391218,0.4575,0.3628,-0.0947,-0.163076,2937.29,435.171,-0.124773,0.146284,-7.49429,0.0254544,46133.1,0.104624,0.153861
2025-05-23,2025-05-23 11:43:54.097000+00:00,BTC-25MAY25-111000-C,C,111000,2025-05-25 08:00:00+00:00,1.83333,0.722865,0.480252,0.3198,0.5201,0.2003,-2.73346,3130.18,622.548,-0.0872182,0.0112623,3.19468,-0.00786831,9431.68,-0.0319972,0.00745551
2025-05-23,2025-05-23 12:16:12.583000+00:00,BTC-30MAY25-106000-P,P,106000,2025-05-30 08:00:00+00:00,6.83333,0.293166,0.386769,0.462,0.465,0.00299999,0.51472,5642.3,115.616,-0.0338049,0.139646,-3.54911,0.00628379,61265.9,0.0445347,0.0714135
2025-05-23,2025-05-23 12:16:14.532000+00:00,BTC-26MAY25-107000-P,P,107000,2025-05-26 08:00:00+00:00,2.83333,0.708704,0.438753,0.4487,0.3938,-0.0549,0.13385,3736.42,287.104,-0.0791824,0.0392281,-2.89301,0.00795697,10925.2,0.0955686,0.13587
2025-05-23,2025-05-23 11:42:32.806000+00:00,BTC-26MAY25-112000-C,C,112000,2025-05-26 08:00:00+00:00,2.83333,0.702876,0.387968,0.3535,0.4323,0.0788,-2.73252,3744.44,364.423,-0.0623824,0.255383,10.1601,-0.0213893,7506.32,-0.0187611,0.01488
2025-05-23,2025-05-23 12:18:05.436000+00:00,BTC-30MAY25-106000-C,C,106000,2025-05-30 08:00:00+00:00,6.83333,0.293222,0.637077,0.4527,0.4656,0.0129,-0.0029306,5550.33,117.991,-0.0331244,0.223261,-4.65682,0.00791876,16546.8,-0.0420185,-0.0120053
2025-05-30,2025-05-30 12:00:17.635000+00:00,BTC-6JUN25-104000-P,P,104000,2025-06-06 08:00:00+00:00,6.83333,0.292692,0.350493,0.3826,0.3872,0.00460003,-0.973948,5373.18,139.61,-0.0279951,0.332835,-6.33498,0.00899271,32822.7,0.0225587,0.0494927
2025-05-30,2025-05-30 11:58:28.062000+00:00,BTC-6JUN25-105000-P,P,105000,2025-06-06 08:00:00+00:00,6.83333,0.292637,0.414622,0.3731,0.384,0.0109,-1.16782,5654.36,143.164,-0.0273,0.0951738,-3.22498,0.00469535,28373.4,-0.00483013,0.0218094
2025-05-30,2025-05-30 11:58:01.569000+00:00,BTC-2JUN25-105000-P,P,105000,2025-06-02 08:00:00+00:00,2.83333,0.705541,0.366308,0.3168,0.2946,-0.0222,-1.25922,3513.32,406.64,-0.0559059,0.338502,-11.243,0.0208399,43581.4,0.0132593,0.0542321
2025-05-30,2025-05-30 12:02:01.368000+00:00,BTC-1JUN25-106000-C,C,106000,2025-06-01 08:00:00+00:00,1.83333,0.72783,0.497175,0.3218,0.287,-0.0348,-1.32585,2995.69,618.679,-0.0877636,0.000656311,1.30997,-0.00325049,26939.6,0.0147229,0.0542259
2025-05-30,2025-05-30 12:08:22.575000+00:00,BTC-6JUN25-107000-C,C,107000,2025-06-06 08:00:00+00:00,6.83333,0.292932,0.438474,0.3739,0.3857,0.0118,-1.22135,5718.17,142.858,-0.0273585,0.0852227,4.02488,-0.00593916,73413.1,0.00548248,0.0312986
2025-05-30,2025-05-30 12:08:23.449000+00:00,BTC-6JUN25-106000-C,C,106000,2025-06-06 08:00:00+00:00,6.83333,0.292933,0.511535,0.3769,0.3826,0.0057,-1.15423,5784.62,141.721,-0.027578,-0.00173783,0.439061,-0.000660673,51765.7,0.00909647,0.0355034
2025-05-30,2025-05-30 12:10:51.201000+00:00,BTC-1JUN25-105000-P,P,105000,2025-06-01 08:00:00+00:00,1.83333,0.730275,0.436343,0.3438,0.1859,-0.1579,-0.788572,2941.58,579.089,-0.0937636,0.0630955,-5.5653,0.0145664,41182.3,0.117771,0.165814
2025-05-30,2025-05-30 12:16:51.559000+00:00,BTC-6JUN25-105000-C,C,105000,2025-06-06 08:00:00+00:00,6.83333,0.293185,0.546002,0.392,0.3863,-0.0057,-0.743126,5720.55,136.262,-0.0286829,0.0182339,-1.15366,0.00179425,5715.61,-0.00127976,0.0256977
2025-05-30,2025-05-30 11:27:57.405000+00:00,BTC-2JUN25-106000-C,C,106000,2025-06-02 08:00:00+00:00,2.83333,0.700382,0.475633,0.3225,0.2785,-0.044,-1.09383,3710.77,399.453,-0.0569118,0.0171311,3.16328,-0.00631586,7429.95,-0.000374117,0.038967
2025-06-06,2025-06-06 12:00:02.993000+00:00,BTC-9JUN25-105000-C,C,105000,2025-06-09 08:00:00+00:00,2.83333,0.705891,0.372978,0.3126,0.2842,-0.0284,1.64733,3469.53,412.103,-0.0551647,0.364306,12.763,-0.023482,31154.3,-0.00451021,0.0365725
2025-06-06,2025-06-06 12:01:28.153000+00:00,BTC-9JUN25-104000-C,C,104000,2025-06-09 08:00:00+00:00,2.83333,0.706137,0.516766,0.3141,0.3129,-0.00119999,1.59154,3655.11,410.135,-0.0554294,0.0019222,-0.519,0.00101027,47548.3,-0.0338475,0.00719864
2025-06-06,2025-06-06 12:03:36.266000+00:00,BTC-8JUN25-104000-P,P,104000,2025-06-08 08:00:00+00:00,1.83333,0.728267,0.476416,0.3035,0.3086,0.0051,1.40674,2938.4,655.983,-0.0827727,0.00732801,-1.74879,0.00408554,40920.8,-0.000744538,0.0407678
2025-06-06,2025-06-06 11:48:57.905000+00:00,BTC-13JUN25-104000-P,P,104000,2025-06-13 08:00:00+00:00,6.83333,0.292355,0.488836,0.3521,0.3569,0.0048,1.52134,5675.77,151.703,-0.0257634,-0.00160502,0.419289,-0.000589423,34072.6,-0.0122253,0.014737
2025-06-06,2025-06-06 12:19:38.279000+00:00,BTC-13JUN25-103000-P,P,103000,2025-06-13 08:00:00+00:00,6.83333,0.293268,0.412,0.3725,0.3569,-0.0156,1.65312,5540.49,143.395,-0.0272561,0.102176,-3.36025,0.00487743,100155,0.0117233,0.0387675
2025-06-06,2025-06-06 12:37:08.271000+00:00,BTC-8JUN25-105000-C,C,105000,2025-06-08 08:00:00+00:00,1.83333,0.73765,0.363971,0.2874,0.2906,0.0032,1.41622,2776.79,692.731,-0.0783818,0.439251,17.9509,-0.03748,2754.71,0.013914,0.0674347
2025-06-13,2025-06-13 11:58:13.946000+00:00,BTC-16JUN25-105000-C,C,105000,2025-06-16 08:00:00+00:00,2.83333,0.705577,0.513639,0.3365,0.3033,-0.0332,0.373501,3690.6,382.834,-0.0593824,0.000462314,-0.153444,0.000320086,33214,0.0274554,0.0692397
2025-06-13,2025-06-13 11:56:50.277000+00:00,BTC-20JUN25-107000-C,C,107000,2025-06-20 08:00:00+00:00,6.83333,0.292589,0.372406,0.371,0.3514,-0.0196,0.443983,5441.44,143.975,-0.0271463,0.330207,7.41313,-0.0104179,5442.42,0.00788926,0.0348013
2025-06-13,2025-06-13 12:06:21.863000+00:00,BTC-15JUN25-106000-P,P,106000,2025-06-15 08:00:00+00:00,1.83333,0.72903,0.640314,0.332,0.1922,-0.1398,0.38021,2785.75,599.671,-0.0905455,0.413274,16.2505,-0.0390083,2781.93,0.094295,0.15423
2025-06-13,2025-06-13 11:51:38.757000+00:00,BTC-15JUN25-105000-P,P,105000,2025-06-15 08:00:00+00:00,1.83333,0.724979,0.498714,0.3467,0.2025,-0.1442,0.506295,2968.07,574.246,-0.0945545,-0.000196666,0.870223,-0.00232646,2972.76,0.137202,0.183658
2025-06-13,2025-06-13 12:16:44.595000+00:00,BTC-16JUN25-106000-C,C,106000,2025-06-16 08:00:00+00:00,2.83333,0.708791,0.415732,0.3261,0.2714,-0.0547,0.108685,3619.1,395.043,-0.0575471,0.156956,8.39014,-0.0165926,42200,0.0535357,0.0957301
2025-06-13,2025-06-13 12:16:45.614000+00:00,BTC-15JUN25-106000-C,C,106000,2025-06-15 08:00:00+00:00,1.83333,0.731919,0.394471,0.335,0.1881,-0.1469,0.153207,2873.19,594.301,-0.0913636,0.231325,12.2357,-0.0305024,2863.35,0.097797,0.143994
2025-06-13,2025-06-13 11:39:41.655000+00:00,BTC-20JUN25-103000-P,P,103000,2025-06-20 08:00:00+00:00,6.83333,0.29208,0.361093,0.3821,0.3966,0.0145,0.658927,5369.16,139.792,-0.0279585,0.282716,-5.80646,0.0083178,5375.29,-0.0113257,0.0153116
2025-06-13,2025-06-13 11:35:45.221000+00:00,BTC-16JUN25-105000-P,P,105000,2025-06-16 08:00:00+00:00,2.83333,0.701712,0.519868,0.3348,0.3078,-0.027,0.626529,3678.98,384.778,-0.0590824,0.0118951,2.69703,-0.00559387,7379.88,0.031461,0.0729505
2025-06-13,2025-06-13 12:27:26.368000+00:00,BTC-20JUN25-104000-P,P,104000,2025-06-20 08:00:00+00:00,6.83333,0.293501,0.401789,0.3784,0.383,0.00459999,0.345827,5568.19,141.159,-0.0276878,0.129127,-3.79854,0.0055665,33382.1,-0.000272498,0.0263192
2025-06-20,2025-06-20 12:00:07.201000+00:00,BTC-27JUN25-107000-C,C,107000,2025-06-27 08:00:00+00:00,6.83333,0.292686,0.430533,0.3412,0.4183,0.0771,-4.26441,5698.89,156.549,-0.0249659,0.113721,4.74887,-0.00637332,56846.4,-0.0489495,-0.0218845
2025-06-20,2025-06-20 12:03:19.840000+00:00,BTC-22JUN25-106000-C,C,106000,2025-06-22 08:00:00+00:00,1.83333,0.728191,0.507007,0.2621,0.6075,0.3454,-3.86691,2997.02,759.599,-0.0714818,-6.77081e-05,0.0543892,-0.000109907,11955.5,-0.143531,-0.105214
2025-06-20,2025-06-20 12:05:32.145000+00:00,BTC-27JUN25-105000-C,C,105000,2025-06-27 08:00:00+00:00,6.83333,0.292848,0.59307,0.3492,0.4066,0.0574,-3.51539,5631.52,152.963,-0.0255512,0.126472,-3.92668,0.00532703,33798.8,-0.0535697,-0.0242551
2025-06-20,2025-06-20 12:07:51.354000+00:00,BTC-27JUN25-108000-C,C,108000,2025-06-27 08:00:00+00:00,6.83333,0.292917,0.353138,0.3442,0.4224,0.0782,-3.19664,5388.96,155.185,-0.0251854,0.463793,8.99845,-0.0115235,21624.1,-0.0742599,-0.0474076
2025-06-20,2025-06-20 11:51:37.968000+00:00,BTC-27JUN25-105000-P,P,105000,2025-06-27 08:00:00+00:00,6.83333,0.292434,0.409549,0.3501,0.4057,0.0556,-3.5453,5638.52,152.57,-0.0256171,0.118199,-3.77593,0.0051436,62052.1,-0.119269,-0.09071
2025-06-20,2025-06-20 11:45:00.566000+00:00,BTC-23JUN25-107000-C,C,107000,2025-06-23 08:00:00+00:00,2.83333,0.703298,0.359799,0.2902,0.4223,0.1321,-2.48261,3491.92,443.913,-0.0512118,0.477543,15.0684,-0.0254245,6967.15,-0.111449,-0.0778841
2025-06-20,2025-06-20 11:44:00.721000+00:00,BTC-27JUN25-106000-C,C,106000,2025-06-27 08:00:00+00:00,6.83333,0.292208,0.503231,0.3452,0.4153,0.0701,-3.51279,5781.66,154.735,-0.0252585,-0.000915241,0.829211,-0.00114324,23112.8,-0.0856473,-0.0565696
2025-06-20,2025-06-20 11:41:05.640000+00:00,BTC-23JUN25-105000-P,P,105000,2025-06-23 08:00:00+00:00,2.83333,0.702627,0.366045,0.2895,0.3771,0.0876,-3.19739,3509.15,444.986,-0.0510882,0.376346,-12.4506,0.0210798,3518.16,-0.146686,-0.101892
2025-06-20,2025-06-20 11:35:39.333000+00:00,BTC-23JUN25-105000-C,C,105000,2025-06-23 08:00:00+00:00,2.83333,0.701695,0.634466,0.2911,0.4243,0.1332,-4.1035,3507.55,442.54,-0.0513706,0.377692,-12.4381,0.0211635,3519.15,-0.106864,-0.0624709
2025-06-20,2025-06-20 12:27:52.775000+00:00,BTC-27JUN25-107000-P,P,107000,2025-06-27 08:00:00+00:00,6.83333,0.293515,0.571839,0.3387,0.4214,0.0827,-4.49563,5692.02,157.705,-0.0247829,0.121172,4.89994,-0.00652123,5683.62,-0.277596,-0.249553
2025-06-27,2025-06-27 12:00:34.678000+00:00,BTC-4JUL25-107000-C,C,107000,2025-07-04 08:00:00+00:00,6.83333,0.2927,0.51444,0.2934,0.3297,0.0363,0.350512,5840.64,182.054,-0.0214683,-0.00048624,0.0981567,-0.000114951,64146.7,-0.028865,-0.00273007
2025-06-27,2025-06-27 12:04:15.360000+00:00,BTC-30JUN25-107000-C,C,107000,2025-06-30 08:00:00+00:00,2.83333,0.706619,0.503455,0.2255,0.2315,0.006,0.361563,3760.7,571.28,-0.0397941,-0.000430487,0.563807,-0.00078858,11247.9,0.009493,0.0484221
2025-06-27,2025-06-27 12:07:48.638000+00:00,BTC-29JUN25-107000-P,P,107000,2025-06-29 08:00:00+00:00,1.83333,0.729431,0.500069,0.2123,0.1997,-0.0126,0.479977,3024.95,937.781,-0.0579,1.08475e-05,1.01007,-0.00165354,21076.5,0.0737721,0.115599
2025-06-27,2025-06-27 12:21:00.087000+00:00,BTC-30JUN25-108000-C,C,108000,2025-06-30 08:00:00+00:00,2.83333,0.709535,0.3531,0.2327,0.2174,-0.0153,0.173857,3509.2,553.603,-0.0410647,0.640477,19.3367,-0.026006,70205.5,0.0408898,0.0766795
2025-07-04,2025-07-04 12:02:19.169000+00:00,BTC-6JUL25-109000-C,C,109000,2025-07-06 08:00:00+00:00,1.83333,0.727912,0.495823,0.1594,0.2375,0.0781,-0.73834,3081.12,1249,-0.0434727,0.00142788,1.92598,-0.00236717,97912.1,-0.111415,-0.0698192
2025-07-11,2025-07-11 12:03:19.373000+00:00,BTC-14JUL25-118000-P,P,118000,2025-07-14 08:00:00+00:00,2.83333,0.706458,0.500895,0.3294,0.255,-0.0744,-0.437758,4145.55,391.085,-0.0581294,0.000211651,1.07687,-0.00220023,20755.6,0.0786672,0.118439
2025-07-11,2025-07-11 12:04:28.867000+00:00,BTC-13JUL25-118000-C,C,118000,2025-07-13 08:00:00+00:00,1.83333,0.728509,0.505084,0.3287,0.1877,-0.141,-0.4563,3336.12,605.692,-0.0896455,-0.000409038,0.452574,-0.00114701,9972.41,0.113203,0.157069
2025-07-11,2025-07-11 12:04:38.106000+00:00,BTC-18JUL25-119000-C,C,119000,2025-07-18 08:00:00+00:00,6.83333,0.292821,0.445395,0.3579,0.3607,0.00279999,-0.404763,6384.04,149.245,-0.0261878,0.071423,3.80295,-0.00538529,19062.8,-0.00960572,0.0167826
2025-07-11,2025-07-11 11:52:10.191000+00:00,BTC-18JUL25-118000-P,P,118000,2025-07-18 08:00:00+00:00,6.83333,0.29245,0.492953,0.3576,0.3498,-0.00779999,-0.429702,6437.98,149.37,-0.0261659,-0.0015439,0.639239,-0.000912873,25740.1,0.00433108,0.0314339
2025-07-11,2025-07-11 11:47:13.100000+00:00,BTC-14JUL25-118000-C,C,118000,2025-07-14 08:00:00+00:00,2.83333,0.703678,0.48137,0.3453,0.27,-0.0753,-0.315333,4135.22,373.077,-0.0609353,0.0104794,2.53951,-0.0054332,20741.5,0.093285,0.132192
2025-07-11,2025-07-11 12:15:47.445000+00:00,BTC-18JUL25-117000-P,P,117000,2025-07-18 08:00:00+00:00,6.83333,0.293153,0.403565,0.356,0.3603,0.0043,-0.655992,6265.94,150.041,-0.0260488,0.133818,-4.00867,0.00553277,37897.1,-0.0163241,0.0102993
2025-07-11,2025-07-11 12:25:22.960000+00:00,BTC-18JUL25-116000-C,C,116000,2025-07-18 08:00:00+00:00,6.83333,0.29344,0.642133,0.3672,0.3648,-0.00240002,-0.430495,6028.29,145.465,-0.0268683,0.31058,-6.24006,0.00856595,54771.9,0.0293156,0.0575827
2025-07-11,2025-07-11 11:23:29.660000+00:00,BTC-14JUL25-117000-P,P,117000,2025-07-14 08:00:00+00:00,2.83333,0.699623,0.416137,0.3385,0.2594,-0.0791,-0.242805,4044.31,380.572,-0.0597353,0.114793,-6.12849,0.01258,101330,0.10243,0.139388
2025-07-18,2025-07-18 12:03:04.888000+00:00,BTC-21JUL25-120000-C,C,120000,2025-07-21 08:00:00+00:00,2.83333,0.706416,0.434156,0.3216,0.2936,-0.028,-1.21725,4139.19,400.571,-0.0567529,0.100006,6.84898,-0.0134761,12355.9,0.018395,0.0536675
2025-07-18,2025-07-18 12:08:00.534000+00:00,BTC-20JUL25-119000-C,C,119000,2025-07-20 08:00:00+00:00,1.83333,0.729486,0.561097,0.3125,0.2072,-0.1053,-1.23802,3335.66,637.091,-0.0852273,0.064567,-5.93312,0.0141295,23446.4,0.0625196,0.105817
2025-07-18,2025-07-18 12:28:09.848000+00:00,BTC-20JUL25-120000-C,C,120000,2025-07-20 08:00:00+00:00,1.83333,0.735115,0.400339,0.3011,0.3189,0.0178,-1.24524,3269.33,661.212,-0.0821182,0.227036,12.7625,-0.028713,6481.71,-0.0257589,0.012178
2025-07-25,2025-07-25 11:59:27.578000+00:00,BTC-27JUL25-117000-C,C,117000,2025-07-27 08:00:00+00:00,1.83333,0.727124,0.440721,0.2975,0.1354,-0.1621,1.14415,3260.44,669.213,-0.0811364,0.0853546,8.07433,-0.0183179,42456.4,0.0518875,0.103878
2025-07-25,2025-07-25 11:58:55.755000+00:00,BTC-1AUG25-116000-P,P,116000,2025-08-01 08:00:00+00:00,6.83333,0.292651,0.435032,0.3467,0.3509,0.00420002,1.10913,6289.39,154.066,-0.0253683,0.0548013,-2.44839,0.00334535,31479.7,-0.0132516,0.013628
2025-07-25,2025-07-25 12:05:02.887000+00:00,BTC-1AUG25-118000-C,C,118000,2025-08-01 08:00:00+00:00,6.83333,0.292833,0.420307,0.361,0.3448,-0.0162,1.22337,6242.27,147.963,-0.0264146,0.139472,5.0702,-0.00716429,186408,0.0194185,0.0454599
2025-07-25,2025-07-25 11:54:22.526000+00:00,BTC-1AUG25-117000-C,C,117000,2025-08-01 08:00:00+00:00,6.83333,0.292516,0.49276,0.3605,0.3492,-0.0113,1.19578,6372.01,148.168,-0.026378,0.00340164,1.36834,-0.0019699,50740.4,-0.00240556,0.0245563
2025-07-25,2025-07-25 11:52:23.620000+00:00,BTC-1AUG25-117000-P,P,117000,2025-08-01 08:00:00+00:00,6.83333,0.292457,0.511723,0.3582,0.3482,-0.01,1.21387,6366.93,149.12,-0.0262098,0.00644194,1.60028,-0.0022885,25538.1,0.0143516,0.0415864
2025-07-25,2025-07-25 12:10:04.551000+00:00,BTC-1AUG25-119000-C,C,119000,2025-08-01 08:00:00+00:00,6.83333,0.292983,0.355067,0.3672,0.3432,-0.024,1.24028,5943.07,145.465,-0.0268683,0.426594,8.39331,-0.0114892,83790.7,0.0262491,0.0524694
2025-07-25,2025-07-25 11:49:01.136000+00:00,BTC-1AUG25-115000-P,P,115000,2025-08-01 08:00:00+00:00,6.83333,0.292357,0.368384,0.3582,0.3566,-0.0016,1.14482,6023.6,149.12,-0.0262098,0.26972,-5.86164,0.00792508,24235,-0.010357,0.0168136
2025-08-01,2025-08-01 12:01:55.806000+00:00,BTC-3AUG25-115000-P,P,115000,2025-08-03 08:00:00+00:00,1.83333,0.727805,0.4495,0.271,0.4053,0.1343,-2.45151,3232.69,734.653,-0.0739091,0.050417,-5.60647,0.0116219,53564.2,-0.171144,-0.119981
2025-08-01,2025-08-01 12:02:43.335000+00:00,BTC-3AUG25-115000-C,C,115000,2025-08-03 08:00:00+00:00,1.83333,0.728023,0.554561,0.27,0.3841,0.1141,-2.6088,3228.93,737.374,-0.0736364,0.0599295,-6.16637,0.0127181,19187,-0.146182,-0.102411
2025-08-01,2025-08-01 12:04:06.445000+00:00,BTC-4AUG25-115000-C,C,115000,2025-08-04 08:00:00+00:00,2.83333,0.706594,0.566165,0.2685,0.2976,0.0291,-2.37551,4001.07,479.79,-0.0473824,0.0886329,-6.04027,0.00992116,32055.9,-0.0968659,-0.0571869
2025-08-01,2025-08-01 11:55:42.284000+00:00,BTC-8AUG25-115000-P,P,115000,2025-08-08 08:00:00+00:00,6.83333,0.292555,0.469416,0.3335,0.3745,0.041,-2.24811,6274.33,160.164,-0.0244024,0.00715939,-0.68181,0.000905519,521383,-0.052624,-0.025177
2025-08-01,2025-08-01 11:53:24.056000+00:00,BTC-8AUG25-117000-C,C,117000,2025-08-08 08:00:00+00:00,6.83333,0.292487,0.373528,0.3087,0.3516,0.0429,-2.77808,5975.23,173.031,-0.0225878,0.38137,8.63872,-0.0101111,41908.5,-0.0421324,-0.0152447
2025-08-01,2025-08-01 12:17:01.775000+00:00,BTC-8AUG25-116000-C,C,116000,2025-08-08 08:00:00+00:00,6.83333,0.29319,0.463603,0.3225,0.3475,0.025,-2.4888,6274.21,165.627,-0.0235976,0.0382995,3.06777,-0.00393515,12412,-0.0436388,-0.0163089
2025-08-01,2025-08-01 11:37:28.422000+00:00,BTC-8AUG25-115000-C,C,115000,2025-08-08 08:00:00+00:00,6.83333,0.292014,0.513933,0.3246,0.3523,0.0277,-2.05923,6277.09,164.555,-0.0237512,-0.00102131,0.21375,-0.000276954,182250,-0.049236,-0.0220384
2025-08-01,2025-08-01 12:25:53.624000+00:00,BTC-3AUG25-116000-C,C,116000,2025-08-03 08:00:00+00:00,1.83333,0.734477,0.372991,0.2742,0.4937,0.2195,-2.24824,3093.79,726.079,-0.0747818,0.401567,17.5827,-0.0352953,6148.85,-0.141747,-0.104543
2025-08-01,2025-08-01 11:32:35.247000+00:00,BTC-4AUG25-116000-C,C,116000,2025-08-04 08:00:00+00:00,2.83333,0.701171,0.362848,0.2471,0.332,0.0849,-2.2891,3802.04,521.342,-0.0436059,0.532757,17.1733,-0.0247394,19852.9,-0.0499404,-0.0180518
2025-08-01,2025-08-01 11:23:07.162000+00:00,BTC-8AUG25-114000-C,C,114000,2025-08-08 08:00:00+00:00,6.83333,0.29159,0.574634,0.3297,0.3586,0.0289,-2.14262,6159.18,162.01,-0.0241244,0.0819321,-3.17747,0.00411061,6171.03,-0.020781,0.00708867
2025-08-08,2025-08-08 11:59:56.981000+00:00,BTC-10AUG25-117000-C,C,117000,2025-08-10 08:00:00+00:00,1.83333,0.727259,0.499971,0.195,0.183,-0.012,-0.377308,3307.72,1020.98,-0.0531818,5.19644e-06,1.00528,-0.00151159,277891,0.0119919,0.0599092
2025-08-08,2025-08-08 11:59:28.321000+00:00,BTC-11AUG25-117000-C,C,117000,2025-08-11 08:00:00+00:00,2.83333,0.705791,0.507502,0.2097,0.2201,0.0104,-0.374508,4112.43,614.323,-0.0370059,2.95352e-05,-0.0178263,2.3183e-05,345727,-0.00958437,0.0318333
2025-08-08,2025-08-08 12:06:49.986000+00:00,BTC-10AUG25-117000-P,P,117000,2025-08-10 08:00:00+00:00,1.83333,0.72916,0.530476,0.1927,0.1875,-0.0052,-0.261997,3294.66,1033.17,-0.0525545,0.0356607,6.59043,-0.00976434,22755,-0.0202973,0.0353525
2025-08-15,2025-08-15 12:01:21.479000+00:00,BTC-17AUG25-119000-P,P,119000,2025-08-17 08:00:00+00:00,1.83333,0.727647,0.476563,0.2114,0.2673,0.0559,-1.3907,3361.36,941.773,-0.0576545,0.0121733,-2.92264,0.00475602,23517.3,-0.114793,-0.0651472
2025-08-15,2025-08-15 12:01:43.781000+00:00,BTC-22AUG25-119000-C,C,119000,2025-08-22 08:00:00+00:00,6.83333,0.292734,0.522947,0.2908,0.2941,0.0033,-1.36692,6494.69,183.682,-0.021278,0.00351462,-0.446346,0.000517565,227032,-0.0283529,-0.0012019
2025-08-15,2025-08-15 11:58:03.356000+00:00,BTC-22AUG25-119000-P,P,119000,2025-08-22 08:00:00+00:00,6.83333,0.292625,0.471882,0.2909,0.3038,0.0129,-1.47107,6492.65,183.619,-0.0212854,0.00745454,-0.772318,0.00089511,97375.9,-0.0313578,-0.004531
2025-08-15,2025-08-15 12:02:12.276000+00:00,BTC-18AUG25-120000-C,C,120000,2025-08-18 08:00:00+00:00,2.83333,0.706264,0.35058,0.214,0.2368,0.0228,-1.41963,3889.68,601.979,-0.0377647,0.721583,21.3477,-0.0263263,66918.3,-0.0808657,-0.0499328
2025-08-15,2025-08-15 11:30:31.048000+00:00,BTC-17AUG25-119000-C,C,119000,2025-08-17 08:00:00+00:00,1.83333,0.719241,0.52971,0.2068,0.2548,0.048,-1.45887,3358.49,962.722,-0.0564,0.0218028,-4.10869,0.00653356,16730.4,-0.108442,-0.0671533
2025-08-22,2025-08-22 12:12:59.150000+00:00,BTC-24AUG25-112000-P,P,112000,2025-08-24 08:00:00+00:00,1.83333,0.730868,0.488617,0.3947,0.4448,0.0501,2.83335,3166.67,504.411,-0.107645,4.05703e-05,-0.0200616,6.10337e-05,31550.2,-0.351099,-0.311958
2025-08-22,2025-08-22 11:43:12.415000+00:00,BTC-29AUG25-112000-P,P,112000,2025-08-29 08:00:00+00:00,6.83333,0.292184,0.460608,0.367,0.3265,-0.0405,2.7088,6106.36,145.544,-0.0268537,0.0131376,-0.970406,0.0014155,67213.5,-0.10902,-0.0800508
2025-08-22,2025-08-22 11:30:50.951000+00:00,BTC-26AUG25-111000-P,P,111000,2025-08-26 08:00:00+00:00,3.83333,0.518998,0.367888,0.3718,0.3568,-0.015,2.67364,4338.24,256.098,-0.0484957,0.273051,-7.87723,0.0147497,4350.84,-0.18089,-0.150026
2025-08-29,2025-08-29 11:59:17.729000+00:00,BTC-1SEP25-111000-C,C,111000,2025-09-01 08:00:00+00:00,2.83333,0.70576,0.369347,0.2653,0.2358,-0.0295,-1.07876,3660.68,485.577,-0.0468176,0.44891,15.2726,-0.0237721,10983.1,-0.0371897,-0.00670787
2025-08-29,2025-08-29 12:02:30.257000+00:00,BTC-5SEP25-110000-P,P,110000,2025-09-05 08:00:00+00:00,6.83333,0.292757,0.47355,0.338,0.3411,0.00310001,-1.20084,6003.23,158.031,-0.0247317,0.003945,-0.434577,0.00058539,23818.4,-0.016715,0.00944794
2025-08-29,2025-08-29 12:02:52.213000+00:00,BTC-2SEP25-111000-C,C,111000,2025-09-02 08:00:00+00:00,3.83333,0.522011,0.410332,0.2948,0.2902,-0.00459999,-1.21893,4390.87,322.99,-0.0384522,0.197441,8.50134,-0.0130259,22170.4,-0.0280663,0.00442404
2025-08-29,2025-08-29 12:05:02.946000+00:00,BTC-31AUG25-110000-P,P,110000,2025-08-31 08:00:00+00:00,1.83333,0.728666,0.47261,0.292,0.2066,-0.0854,-1.34621,3106.54,681.818,-0.0796364,0.0112798,-2.31794,0.00520684,6099.71,-0.0778422,-0.0293274
2025-08-29,2025-08-29 11:47:32.064000+00:00,BTC-1SEP25-110000-C,C,110000,2025-09-01 08:00:00+00:00,2.83333,0.703732,0.504782,0.2933,0.2563,-0.037,-1.09061,3866.01,439.221,-0.0517588,-0.000566073,0.536995,-0.000976869,26372.4,0.0017706,0.0396028
2025-08-29,2025-08-29 12:16:56.503000+00:00,BTC-5SEP25-110000-C,C,110000,2025-09-05 08:00:00+00:00,6.83333,0.293188,0.536983,0.3363,0.3477,0.0114,-1.40259,5997.87,158.83,-0.0246073,0.0129083,-1.01665,0.00135971,35702.2,-0.00881993,0.0182672
2025-08-29,2025-08-29 12:30:22.820000+00:00,BTC-5SEP25-111000-C,C,111000,2025-09-05 08:00:00+00:00,6.83333,0.293589,0.48546,0.3271,0.3384,0.0113,-1.5439,6039.14,163.298,-0.0239341,0.0090055,1.81171,-0.00236537,24119.6,-0.0533056,-0.0262812
2025-09-05,2025-09-05 12:05:29.793000+00:00,BTC-7SEP25-112000-C,C,112000,2025-09-07 08:00:00+00:00,1.83333,0.72879,0.573168,0.3727,0.2669,-0.1058,-1.99577,3127.45,534.185,-0.101645,0.078058,-5.97668,0.0168872,27819.7,0.0328111,0.0759876
2025-09-05,2025-09-05 12:05:55.105000+00:00,BTC-8SEP25-112000-C,C,112000,2025-09-08 08:00:00+00:00,2.83333,0.706908,0.562327,0.3456,0.2568,-0.0888,-1.95797,3905.39,372.753,-0.0609882,0.057309,-4.14888,0.00878522,15231.8,0.0284619,0.0667752
2025-09-05,2025-09-05 12:30:50.597000+00:00,BTC-9SEP25-112000-C,C,112000,2025-09-09 08:00:00+00:00,3.83333,0.524671,0.611839,0.3769,0.297,-0.0799,-2.5401,4443.82,252.633,-0.0491609,0.184092,-6.33796,0.0122371,9019.46,0.0600341,0.0969545
2025-09-12,2025-09-12 12:02:03.510000+00:00,BTC-19SEP25-115000-P,P,115000,2025-09-19 08:00:00+00:00,6.83333,0.292744,0.485426,0.2965,0.3052,0.00870001,0.925715,6277.32,180.151,-0.0216951,-0.000496509,0.0993085,-0.000117527,43941.2,-0.0195646,0.00680244
2025-09-12,2025-09-12 11:54:22.199000+00:00,BTC-16SEP25-116000-C,C,116000,2025-09-16 08:00:00+00:00,3.83333,0.521208,0.358733,0.2175,0.227,0.00950001,0.855416,4404.89,437.781,-0.0283696,0.639744,17.2427,-0.0187304,13330,-0.0387747,-0.00264571
2025-09-12,2025-09-12 11:46:38.080000+00:00,BTC-19SEP25-117000-C,C,117000,2025-09-19 08:00:00+00:00,6.83333,0.292286,0.352787,0.2918,0.3025,0.0107,0.86197,5852.24,183.052,-0.0213512,0.541628,10.4698,-0.0113605,46958.3,-0.0149216,0.0116136
2025-09-12,2025-09-12 12:16:02.671000+00:00,BTC-19SEP25-116000-C,C,116000,2025-09-19 08:00:00+00:00,6.83333,0.293161,0.4223,0.2959,0.3002,0.0043,1.02407,6157.61,180.516,-0.0216512,0.156382,5.83661,-0.006767,149149,-0.0124798,0.0133925
2025-09-19,2025-09-19 11:58:40.227000+00:00,BTC-22SEP25-117000-C,C,117000,2025-09-22 08:00:00+00:00,2.83333,0.705652,0.414761,0.2096,0.2006,-0.009,-0.641267,4001.53,614.616,-0.0369882,0.240239,12.6616,-0.016084,12041.1,-0.00435963,0.0312255
2025-09-19,2025-09-19 11:57:49.235000+00:00,BTC-21SEP25-116000-P,P,116000,2025-09-21 08:00:00+00:00,1.83333,0.726673,0.396094,0.2145,0.1448,-0.0697,-0.677008,3180.14,928.163,-0.0585,0.305195,-16.3381,0.0261009,28391,0.0257041,0.0785379
2025-09-19,2025-09-19 12:04:08.947000+00:00,BTC-21SEP25-116000-C,C,116000,2025-09-21 08:00:00+00:00,1.83333,0.728418,0.616852,0.2146,0.1354,-0.0792,-0.695474,3152.1,927.73,-0.0585273,0.389992,-18.5278,0.0293368,25558.7,0.0719254,0.119535
2025-09-19,2025-09-19 11:49:40.745000+00:00,BTC-26SEP25-116000-C,C,116000,2025-09-26 08:00:00+00:00,6.83333,0.292376,0.555275,0.277,0.2749,-0.00210001,-0.649795,6299.65,192.833,-0.0202683,0.0507782,-2.66886,0.00292432,44080.4,0.00918527,0.0362002
2025-09-19,2025-09-19 12:14:30.041000+00:00,BTC-26SEP25-116000-P,P,116000,2025-09-26 08:00:00+00:00,6.83333,0.293115,0.433243,0.2792,0.2751,-0.0041,-0.700605,6278.82,191.313,-0.0204293,0.078133,-3.39844,0.00373665,56545.4,0.00193091,0.0279382
2025-09-19,2025-09-19 12:21:19.666000+00:00,BTC-22SEP25-116000-P,P,116000,2025-09-22 08:00:00+00:00,2.83333,0.709592,0.412266,0.2269,0.1868,-0.0401,-0.616789,3995.58,567.755,-0.0400412,0.196141,-10.0646,0.0138226,11968,0.0465976,0.0842763
2025-09-19,2025-09-19 11:35:49.554000+00:00,BTC-26SEP25-117000-C,C,117000,2025-09-26 08:00:00+00:00,6.83333,0.291966,0.471553,0.2665,0.2707,0.0042,-0.618065,6349.43,200.43,-0.0195,0.028965,2.96078,-0.00314348,25384.7,-0.00348815,0.0224286
2025-09-19,2025-09-19 12:27:38.304000+00:00,BTC-21SEP25-117000-C,C,117000,2025-09-21 08:00:00+00:00,1.83333,0.734967,0.352813,0.2034,0.2053,0.00190001,-0.556689,3065.68,978.815,-0.0554727,0.720502,27.061,-0.0395513,9129.33,0.0210525,0.0562741
2025-09-19,2025-09-19 12:31:45.734000+00:00,BTC-23SEP25-117000-C,C,117000,2025-09-23 08:00:00+00:00,3.83333,0.524759,0.420176,0.2422,0.2265,-0.0157,-0.594843,4663.21,393.135,-0.0315913,0.18704,9.08966,-0.0115057,18669.5,0.0271545,0.0597479
2025-09-26,2025-09-26 12:00:28.593000+00:00,BTC-28SEP25-109000-P,P,109000,2025-09-28 08:00:00+00:00,1.83333,0.727404,0.46564,0.2745,0.155,-0.1195,0.487494,3074.98,725.286,-0.0748636,0.0209751,-3.4323,0.00723812,18378.7,0.121393,0.156695
2025-09-26,2025-09-26 11:58:11.476000+00:00,BTC-3OCT25-108000-P,P,108000,2025-10-03 08:00:00+00:00,6.83333,0.292629,0.394196,0.3343,0.335,0.000699997,0.419447,5750.91,159.781,-0.024461,0.178795,-4.86823,0.00627018,28801,0.00501123,0.0299872
2025-09-26,2025-09-26 11:57:07.144000+00:00,BTC-29SEP25-110000-C,C,110000,2025-09-29 08:00:00+00:00,2.83333,0.705384,0.382725,0.2545,0.2106,-0.0439,0.443898,3672.39,506.183,-0.0449118,0.37627,14.3098,-0.0216056,11059.5,0.0735038,0.109447
2025-09-26,2025-09-26 11:56:52.750000+00:00,BTC-28SEP25-109000-C,C,109000,2025-09-28 08:00:00+00:00,1.83333,0.726414,0.548172,0.276,0.1897,-0.0863,0.390939,3066,721.344,-0.0752727,0.0445546,-5.19115,0.0109673,24159.5,0.137548,0.183938
2025-09-26,2025-09-26 11:50:57.111000+00:00,BTC-3OCT25-109000-C,C,109000,2025-10-03 08:00:00+00:00,6.83333,0.292414,0.531956,0.3297,0.3211,-0.00860001,0.495055,5946.19,162.01,-0.0241244,0.00853647,-0.777886,0.00102107,35706,0.010068,0.0357559
2025-09-26,2025-09-26 11:48:54.527000+00:00,BTC-3OCT25-109000-P,P,109000,2025-10-03 08:00:00+00:00,6.83333,0.292353,0.472891,0.3247,0.3215,-0.0032,0.430627,5948.2,164.505,-0.0237585,0.00494171,-0.530987,0.000687035,17835,0.00971216,0.0347952
2025-09-26,2025-09-26 12:11:25.277000+00:00,BTC-29SEP25-110000-P,P,110000,2025-09-29 08:00:00+00:00,2.83333,0.707864,0.642269,0.2688,0.2166,-0.0522,0.561839,3586.5,479.254,-0.0474353,0.524947,16.3692,-0.0255431,25194.8,0.0510952,0.0915727
2025-09-26,2025-09-26 11:39:48.069000+00:00,BTC-3OCT25-110000-P,P,110000,2025-10-03 08:00:00+00:00,6.83333,0.292083,0.56253,0.3182,0.3141,-0.0041,0.440773,5884.21,167.865,-0.0232829,0.0996123,4.61964,-0.00579872,35569.6,0.000641602,0.0269531
2025-09-26,2025-09-26 11:26:17.849000+00:00,BTC-28SEP25-108000-P,P,108000,2025-09-28 08:00:00+00:00,1.83333,0.718105,0.363402,0.309,0.2705,-0.0385,0.74724,2892.17,644.307,-0.0842727,0.374854,-15.049,0.0337097,2912.69,0.0787629,0.112307
2025-09-26,2025-09-26 12:35:52.991000+00:00,BTC-28SEP25-110000-C,C,110000,2025-09-28 08:00:00+00:00,1.83333,0.737294,0.389988,0.2466,0.1388,-0.1078,0.241136,2977.86,807.344,-0.0672545,0.331539,16.8681,-0.0308654,5911.78,0.142133,0.177599
2025-10-03,2025-10-03 11:59:59.040000+00:00,BTC-7OCT25-121000-P,P,121000,2025-10-07 08:00:00+00:00,3.83333,0.521738,0.550158,0.2597,0.2965,0.0368,1.616,4889.63,366.644,-0.0338739,0.0741097,5.73659,-0.00788171,29363.8,-0.0661395,-0.0291335
2025-10-03,2025-10-03 12:15:09.263000+00:00,BTC-5OCT25-121000-C,C,121000,2025-10-05 08:00:00+00:00,1.83333,0.731472,0.408196,0.2418,0.2659,0.0241,1.60884,3317.02,823.37,-0.0659455,0.237991,14.5073,-0.0263343,26478,-0.202769,-0.146462
2025-10-03,2025-10-03 12:16:06.227000+00:00,BTC-10OCT25-120000-P,P,120000,2025-10-10 08:00:00+00:00,6.83333,0.293163,0.439232,0.318,0.3505,0.0325,1.5401,6511.28,167.971,-0.0232683,0.0525357,-2.51238,0.00315398,143382,-0.0780053,-0.0502487
2025-10-03,2025-10-03 11:39:35.420000+00:00,BTC-6OCT25-120000-P,P,120000,2025-10-06 08:00:00+00:00,2.83333,0.702369,0.426301,0.2357,0.2959,0.0602,1.68749,4160.54,546.557,-0.0415941,0.130708,-7.96695,0.0114474,8342.51,-0.0667634,-0.0315224
2025-10-10,2025-10-10 11:59:39.083000+00:00,BTC-17OCT25-122000-C,C,122000,2025-10-17 08:00:00+00:00,6.83333,0.292673,0.481058,0.3675,0.5315,0.164,-8.83784,6627.71,145.346,-0.0268902,0.012639,1.94465,-0.0028512,178894,-0.148611,-0.12132
2025-10-10,2025-10-10 12:06:26.980000+00:00,BTC-17OCT25-123000-C,C,123000,2025-10-17 08:00:00+00:00,6.83333,0.292875,0.421125,0.3651,0.5575,0.1924,-8.7315,6509.29,146.301,-0.0267146,0.135615,4.98227,-0.00712299,84291.1,-0.138247,-0.111876
2025-10-10,2025-10-10 11:44:28.527000+00:00,BTC-13OCT25-122000-C,C,122000,2025-10-13 08:00:00+00:00,2.83333,0.703207,0.445307,0.2833,0.7779,0.4946,-9.11508,4231.72,454.725,-0.0499941,0.0792058,6.5222,-0.0113527,12696.7,-0.162533,-0.131494
2025-10-10,2025-10-10 11:42:57.132000+00:00,BTC-17OCT25-124000-C,C,124000,2025-10-17 08:00:00+00:00,6.83333,0.292177,0.350953,0.3661,0.571,0.2049,-8.62527,6162.38,145.902,-0.0267878,0.453359,8.64837,-0.0117511,37060.3,-0.119138,-0.0937143
2025-10-10,2025-10-10 11:36:50.609000+00:00,BTC-17OCT25-121000-C,C,121000,2025-10-17 08:00:00+00:00,6.83333,0.291996,0.542784,0.3604,0.5352,0.1748,-8.61088,6593.71,148.209,-0.0263707,0.0173648,-1.18036,0.0016893,6601.51,-0.165987,-0.136536
2025-10-10,2025-10-10 12:33:47.258000+00:00,BTC-14OCT25-123000-C,C,123000,2025-10-14 08:00:00+00:00,3.83333,0.524952,0.359616,0.3135,0.7303,0.4168,-9.31166,4659.71,303.724,-0.0408913,0.446183,12.1519,-0.0190525,4643.43,-0.161837,-0.133714
2025-10-17,2025-10-17 12:01:07.692000+00:00,BTC-19OCT25-107000-C,C,107000,2025-10-19 08:00:00+00:00,1.83333,0.727584,0.368753,0.4844,0.2186,-0.2658,1.20842,2825.76,411.005,-0.132109,0.255534,10.7604,-0.0379983,8795.38,0.329667,0.37657
2025-10-17,2025-10-17 11:56:05.596000+00:00,BTC-19OCT25-105000-P,P,105000,2025-10-19 08:00:00+00:00,1.83333,0.726198,0.441134,0.5506,0.4355,-0.1151,1.6132,2951.12,361.589,-0.150164,0.0293754,-2.79724,0.0117466,5866.25,0.208723,0.244827
2025-10-17,2025-10-17 12:10:54.871000+00:00,BTC-24OCT25-106000-P,P,106000,2025-10-24 08:00:00+00:00,6.83333,0.293008,0.495759,0.4935,0.4481,-0.0454,1.0969,5776.75,108.236,-0.0361098,-0.00122842,0.842111,-0.00165977,46263.8,0.0337919,0.0598366
2025-10-17,2025-10-17 12:11:11.177000+00:00,BTC-24OCT25-107000-P,P,107000,2025-10-24 08:00:00+00:00,6.83333,0.293016,0.557534,0.481,0.4382,-0.0428,1.27254,5712.81,111.049,-0.0351951,0.0632555,3.19712,-0.00607829,51858.9,0.0441681,0.070975
2025-10-17,2025-10-17 11:45:20.937000+00:00,BTC-19OCT25-107000-P,P,107000,2025-10-19 08:00:00+00:00,1.83333,0.723259,0.610054,0.4824,0.2005,-0.2819,1.23329,2879.3,412.709,-0.131564,0.182772,9.19952,-0.0329019,2887.98,0.357248,0.400302
2025-10-17,2025-10-17 11:45:08.337000+00:00,BTC-24OCT25-108000-C,C,108000,2025-10-24 08:00:00+00:00,6.83333,0.292242,0.395556,0.4763,0.4243,-0.052,1.17446,5582.33,112.145,-0.0348512,0.183842,5.06804,-0.0093084,5586.91,0.0816207,0.106615
2025-10-17,2025-10-17 12:14:57.902000+00:00,BTC-20OCT25-107000-C,C,107000,2025-10-20 08:00:00+00:00,2.83333,0.708481,0.393228,0.4624,0.3272,-0.1352,1.30523,3583.29,278.598,-0.0816,0.181877,7.63585,-0.0211149,25246.4,0.200987,0.238057
2025-10-17,2025-10-17 11:44:26.368000+00:00,BTC-24OCT25-104000-P,P,104000,2025-10-24 08:00:00+00:00,6.83333,0.292221,0.385409,0.5158,0.4757,-0.0401,1.09201,5540.09,103.557,-0.0377415,0.124833,-3.13006,0.0061802,22149.3,0.0502737,0.075308
2025-10-17,2025-10-17 11:41:35.051000+00:00,BTC-21OCT25-107000-C,C,107000,2025-10-21 08:00:00+00:00,3.83333,0.520004,0.414899,0.4715,0.3741,-0.0974,1.26567,4225.07,201.946,-0.0615,0.120477,5.45781,-0.0134082,4232.51,0.155303,0.186548
2025-10-17,2025-10-17 12:23:45.587000+00:00,BTC-24OCT25-108000-P,P,108000,2025-10-24 08:00:00+00:00,6.83333,0.293391,0.607062,0.4696,0.4221,-0.0475,1.07163,5572.61,113.745,-0.034361,0.193812,5.22177,-0.00944028,44772.6,0.0305057,0.0583859
2025-10-17,2025-10-17 11:29:36.528000+00:00,BTC-19OCT25-106000-P,P,106000,2025-10-19 08:00:00+00:00,1.83333,0.718996,0.463664,0.5205,0.289,-0.2315,0.853486,2992.56,382.499,-0.141955,0.00960535,-1.48092,0.00591897,3009.82,0.290213,0.324872
2025-10-17,2025-10-17 11:26:03.413000+00:00,BTC-20OCT25-108000-P,P,108000,2025-10-20 08:00:00+00:00,2.83333,0.700058,0.642302,0.4737,0.3559,-0.1178,0.638636,3492.86,271.952,-0.0835941,0.315532,9.77683,-0.0268627,7000.54,0.138399,0.177519
2025-10-17,2025-10-17 11:25:22.006000+00:00,BTC-24OCT25-109000-C,C,109000,2025-10-24 08:00:00+00:00,6.83333,0.291656,0.364614,0.4722,0.4128,-0.0594,0.557529,5466.88,113.119,-0.0345512,0.302273,6.36879,-0.0113103,10955.7,0.108379,0.13319
2025-10-24,2025-10-24 11:55:33.548000+00:00,BTC-27OCT25-111000-P,P,111000,2025-10-27 08:00:00+00:00,2.83333,0.705115,0.477875,0.3493,0.2551,-0.0942,0.465542,3900.34,368.805,-0.0616412,0.00392896,-0.803464,0.00173812,19244.4,0.0985047,0.137039
2025-10-24,2025-10-24 11:55:32.800000+00:00,BTC-27OCT25-112000-P,P,112000,2025-10-27 08:00:00+00:00,2.83333,0.705113,0.59672,0.3379,0.2427,-0.0952,0.467269,3790.83,381.247,-0.0596294,0.199252,9.23007,-0.0187734,3793.04,0.0986394,0.139314
2025-10-24,2025-10-24 12:06:20.220000+00:00,BTC-26OCT25-111000-P,P,111000,2025-10-26 08:00:00+00:00,1.83333,0.729023,0.459421,0.3421,0.184,-0.1581,0.379532,3128.97,581.967,-0.0933,0.0230772,-3.19867,0.00839432,21496.8,0.124668,0.167016
2025-10-24,2025-10-24 11:51:32.114000+00:00,BTC-31OCT25-112000-P,P,112000,2025-10-31 08:00:00+00:00,6.83333,0.292431,0.552356,0.4119,0.3869,-0.025,0.559106,6006.46,129.679,-0.030139,0.060127,3.33676,-0.00544211,78501.2,0.041737,0.0683477
2025-10-24,2025-10-24 12:11:30.908000+00:00,BTC-26OCT25-112000-C,C,112000,2025-10-26 08:00:00+00:00,1.83333,0.730459,0.395984,0.3288,0.1766,-0.1522,0.318538,3039.39,605.508,-0.0896727,0.229223,12.2918,-0.0301041,18388.2,0.144062,0.186006
2025-10-24,2025-10-24 11:48:27.329000+00:00,BTC-27OCT25-112000-C,C,112000,2025-10-27 08:00:00+00:00,2.83333,0.703891,0.381526,0.319,0.2409,-0.0781,0.67914,3728.01,403.836,-0.0562941,0.312395,11.7431,-0.0222003,38348.6,0.0856113,0.12314
2025-10-24,2025-10-24 12:27:33.772000+00:00,BTC-26OCT25-110000-P,P,110000,2025-10-26 08:00:00+00:00,1.83333,0.734946,0.366116,0.3645,0.2579,-0.1066,0.635634,2959.89,546.203,-0.0994091,0.293953,-12.181,0.0323085,2942.74,0.124852,0.161879
2025-10-24,2025-10-24 11:31:01.523000+00:00,BTC-26OCT25-112000-P,P,112000,2025-10-26 08:00:00+00:00,1.83333,0.719377,0.616186,0.3465,0.1398,-0.2067,0.471119,3006.89,574.577,-0.0945,0.27603,13.1036,-0.0334983,12421.4,0.156451,0.206906
2025-10-24,2025-10-24 12:30:42.880000+00:00,BTC-26OCT25-113000-C,C,113000,2025-10-26 08:00:00+00:00,1.83333,0.735834,0.353761,0.33,0.2659,-0.0641,-0.343014,2953.71,603.306,-0.09,0.447718,16.9426,-0.0402179,2933.92,0.0856177,0.120899
2025-10-31,2025-10-31 11:57:04.466000+00:00,BTC-3NOV25-110000-C,C,110000,2025-11-03 08:00:00+00:00,2.83333,0.705377,0.552976,0.3648,0.2758,-0.089,-0.314106,3846.68,353.135,-0.0643765,0.0369123,-3.14486,0.00705322,11521.3,0.12083,0.158684
2025-10-31,2025-10-31 12:03:33.237000+00:00,BTC-3NOV25-111000-C,C,111000,2025-11-03 08:00:00+00:00,2.83333,0.706498,0.45968,0.3574,0.2749,-0.0825,-0.473741,3867.35,360.446,-0.0630706,0.0375604,4.21329,-0.0092926,30296.7,0.0964317,0.13394
2025-10-31,2025-10-31 12:03:38.336000+00:00,BTC-7NOV25-112000-C,C,112000,2025-11-07 08:00:00+00:00,6.83333,0.292791,0.424542,0.401,0.3804,-0.0206,-0.559135,5932.7,133.204,-0.0293415,0.116284,4.4673,-0.00702664,46032.6,0.0342494,0.0597652
2025-10-31,2025-10-31 12:03:40.990000+00:00,BTC-7NOV25-113000-C,C,113000,2025-11-07 08:00:00+00:00,6.83333,0.292793,0.358577,0.389,0.376,-0.013,-0.581717,5658.3,137.313,-0.0284634,0.386777,7.80475,-0.0113564,5657.08,0.0254915,0.051129
2025-10-31,2025-10-31 11:51:55.713000+00:00,BTC-2NOV25-110000-C,C,110000,2025-11-02 08:00:00+00:00,1.83333,0.725056,0.510119,0.325,0.1829,-0.1421,-0.109064,3110.11,612.587,-0.0886364,0.000182491,-0.101491,0.000254265,21810.5,0.178388,0.222725
2025-10-31,2025-10-31 11:48:09.675000+00:00,BTC-7NOV25-110000-P,P,110000,2025-11-07 08:00:00+00:00,6.83333,0.292331,0.501855,0.3963,0.3863,-0.01,0.319935,5994.03,134.783,-0.0289976,0.000696614,1.08642,-0.00171963,29947.7,0.0592728,0.0847601
2025-11-07,2025-11-07 12:00:38.691000+00:00,BTC-11NOV25-100000-P,P,100000,2025-11-11 08:00:00+00:00,3.83333,0.5218,0.455274,0.4219,0.3955,-0.0264,1.25928,4078.64,225.687,-0.0550304,0.0184018,-1.59835,0.00357343,40948.3,-0.0663756,-0.0317006
2025-11-07,2025-11-07 11:57:33.839000+00:00,BTC-9NOV25-101000-C,C,101000,2025-11-09 08:00:00+00:00,1.83333,0.726602,0.416443,0.4061,0.3229,-0.0832,1.39504,2774.66,490.251,-0.110755,0.124708,8.33506,-0.0255257,5481.55,0.133461,0.185912
2025-11-07,2025-11-07 11:57:03.285000+00:00,BTC-10NOV25-101000-P,P,101000,2025-11-10 08:00:00+00:00,2.83333,0.705373,0.561773,0.4123,0.3582,-0.0541,1.45258,3485.3,312.451,-0.0727588,0.0723779,5.28169,-0.013345,14005.2,-0.0650564,-0.0223157
2025-11-07,2025-11-07 11:46:31.525000+00:00,BTC-9NOV25-100000-P,P,100000,2025-11-09 08:00:00+00:00,1.83333,0.72358,0.470175,0.4188,0.3992,-0.0196,1.67129,2824.49,475.384,-0.114218,0.00810036,-1.52504,0.00491112,31099.3,-0.0604394,-0.0199695
2025-11-07,2025-11-07 12:20:20.468000+00:00,BTC-14NOV25-98000-P,P,98000,2025-11-14 08:00:00+00:00,6.83333,0.293289,0.354265,0.4626,0.4366,-0.026,2.1628,5098.11,115.466,-0.0338488,0.250471,-4.90101,0.00844528,15383,-0.0111923,0.0157696
2025-11-07,2025-11-07 11:30:53.396000+00:00,BTC-10NOV25-100000-P,P,100000,2025-11-10 08:00:00+00:00,2.83333,0.700882,0.482713,0.4214,0.3879,-0.0335,1.58349,3514.83,305.704,-0.0743647,0.000642207,-0.168076,0.00043891,17645.4,-0.09438,-0.051324
2025-11-07,2025-11-07 11:30:33.990000+00:00,BTC-14NOV25-99000-P,P,99000,2025-11-14 08:00:00+00:00,6.83333,0.29181,0.421828,0.4493,0.4312,-0.0181,2.36237,5354.29,118.884,-0.0328756,0.0597352,-2.21138,0.00389182,96364.2,-0.0159948,0.0119383
2025-11-14,2025-11-14 11:59:24.021000+00:00,BTC-21NOV25-96000-P,P,96000,2025-11-21 08:00:00+00:00,6.83333,0.292665,0.476774,0.4774,0.4807,0.00329998,-0.684501,5240.11,111.887,-0.0349317,-0.000862484,0.10821,-0.000205982,130960,-0.0284028,-0.000187101
2025-11-14,2025-11-14 11:57:41.360000+00:00,BTC-21NOV25-95000-P,P,95000,2025-11-21 08:00:00+00:00,6.83333,0.292614,0.421716,0.4852,0.479,-0.00619999,-0.629109,5141.26,110.088,-0.0355024,0.0533838,-1.97526,0.00375397,226812,-0.0137507,0.0141056
2025-11-14,2025-11-14 12:05:21.223000+00:00,BTC-21NOV25-94000-P,P,94000,2025-11-21 08:00:00+00:00,6.83333,0.292842,0.372614,0.5008,0.4938,-0.00700001,-0.357122,4965.22,106.659,-0.0366439,0.16629,-3.74102,0.00709829,49339.6,0.0206661,0.0471865
2025-11-14,2025-11-14 12:10:45.631000+00:00,BTC-16NOV25-97000-C,C,97000,2025-11-16 08:00:00+00:00,1.83333,0.730249,0.382907,0.4602,0.3594,-0.1008,-0.718705,2597.39,432.618,-0.125509,0.212972,10.1117,-0.0343327,2591.58,0.194327,0.233712
2025-11-14,2025-11-14 11:44:56.943000+00:00,BTC-17NOV25-96000-P,P,96000,2025-11-17 08:00:00+00:00,2.83333,0.703288,0.475369,0.4736,0.415,-0.0586,-0.623891,3373.62,272.009,-0.0835765,0.00262216,-0.481454,0.00141163,20189,0.0528914,0.0951094
2025-11-14,2025-11-14 11:44:43.938000+00:00,BTC-17NOV25-96000-C,C,96000,2025-11-17 08:00:00+00:00,2.83333,0.703251,0.513963,0.4798,0.3953,-0.0845,-0.490407,3374.21,268.494,-0.0846706,-0.000530982,0.172228,-0.000512252,13430.5,0.0436135,0.0863221
2025-11-14,2025-11-14 11:44:25.748000+00:00,BTC-21NOV25-97000-P,P,97000,2025-11-21 08:00:00+00:00,6.83333,0.292221,0.557952,0.4818,0.4791,-0.0027,-0.277569,5177.31,110.865,-0.0352537,0.0641789,3.21389,-0.00611913,25663.4,0.0314064,0.0598835
2025-11-14,2025-11-14 11:32:55.854000+00:00,BTC-16NOV25-95000-P,P,95000,2025-11-16 08:00:00+00:00,1.83333,0.719891,0.354956,0.5126,0.2666,-0.246,-1.08558,2537.43,388.394,-0.1398,0.245939,-9.28628,0.0342302,28988.3,0.117031,0.169431
2025-11-14,2025-11-14 12:31:44.968000+00:00,BTC-18NOV25-94000-P,P,94000,2025-11-18 08:00:00+00:00,3.83333,0.524757,0.351518,0.5183,0.4547,-0.0636,-0.169475,3642.81,183.711,-0.0676044,0.240043,-6.15946,0.0158368,11216.6,-0.025691,0.00970112
2025-11-14,2025-11-14 12:33:32.913000+00:00,BTC-17NOV25-94000-P,P,94000,2025-11-17 08:00:00+00:00,2.83333,0.711735,0.354848,0.5284,0.4428,-0.0856,0.0538619,3134.68,243.799,-0.0932471,0.227697,-6.96741,0.0213178,19285.2,0.00765514,0.0480215
2025-11-14,2025-11-14 11:25:02.328000+00:00,BTC-17NOV25-98000-C,C,98000,2025-11-17 08:00:00+00:00,2.83333,0.699885,0.361481,0.4234,0.4399,0.0165,-1.51583,3188,304.26,-0.0747176,0.33101,10.548,-0.0259992,9610.6,-0.0306648,0.00991978
2025-11-14,2025-11-14 12:35:47.369000+00:00,BTC-16NOV25-94000-P,P,94000,2025-11-16 08:00:00+00:00,1.83333,0.737268,0.370969,0.5677,0.4138,-0.1539,0.417523,2550.44,350.697,-0.154827,0.165526,-7.13542,0.0296065,27985.7,0.00108141,0.0450367
2025-11-14,2025-11-14 12:43:21.337000+00:00,BTC-21NOV25-93000-P,P,93000,2025-11-21 08:00:00+00:00,6.83333,0.293978,0.388022,0.5338,0.5006,-0.0332,0.858862,4964.75,100.065,-0.0390585,0.11225,-2.88855,0.00591508,14859.4,-0.0121875,0.0158454
2025-11-21,2025-11-21 12:01:04.446000+00:00,BTC-28NOV25-82000-P,P,82000,2025-11-28 08:00:00+00:00,6.83333,0.292715,0.46827,0.6548,0.6327,-0.0221,3.09422,4475.82,81.574,-0.0479122,-0.00121285,0.111332,-0.000290248,160691,0.0129112,0.0399701
2025-11-21,2025-11-21 11:57:41.855000+00:00,BTC-23NOV25-81000-P,P,81000,2025-11-23 08:00:00+00:00,1.83333,0.726639,0.386273,0.7826,0.6897,-0.0929,3.30975,2228.49,254.397,-0.213436,0.0863399,-4.21324,0.0243845,79086.1,0.178009,0.213465
2025-11-21,2025-11-21 12:02:28.469000+00:00,BTC-24NOV25-82000-P,P,82000,2025-11-24 08:00:00+00:00,2.83333,0.706311,0.468678,0.7126,0.6425,-0.0701,3.23239,2881.85,180.78,-0.125753,0.00174313,-0.251746,0.00110931,17183.7,0.0971699,0.136653
2025-11-21,2025-11-21 11:55:10.008000+00:00,BTC-24NOV25-81000-P,P,81000,2025-11-24 08:00:00+00:00,2.83333,0.705047,0.394803,0.7246,0.6793,-0.0453,3.11843,2788.95,177.786,-0.127871,0.0748227,-3.18136,0.0137982,36475.9,0.111508,0.149449
2025-11-21,2025-11-21 12:06:41.591000+00:00,BTC-23NOV25-82000-P,P,82000,2025-11-23 08:00:00+00:00,1.83333,0.729121,0.48978,0.7703,0.6162,-0.1541,3.59761,2317.48,258.459,-0.210082,-0.000963785,0.530018,-0.00314717,39198.2,0.185212,0.226425
2025-11-21,2025-11-21 11:52:22.195000+00:00,BTC-23NOV25-83000-P,P,83000,2025-11-23 08:00:00+00:00,1.83333,0.725177,0.5589,0.7418,0.528,-0.2138,3.59252,2299.78,268.389,-0.202309,0.0402388,3.8241,-0.0216343,56541.5,0.310444,0.352321
2025-11-21,2025-11-21 12:09:58.969000+00:00,BTC-24NOV25-83000-P,P,83000,2025-11-24 08:00:00+00:00,2.83333,0.707614,0.569993,0.707,0.5954,-0.1116,3.91963,2835.66,182.212,-0.124765,0.0593576,3.82651,-0.0165225,8390.04,0.192403,0.235244
2025-11-21,2025-11-21 12:09:59.128000+00:00,BTC-25NOV25-82000-C,C,82000,2025-11-25 08:00:00+00:00,3.83333,0.522685,0.510496,0.7057,0.6573,-0.0484,4.03161,3348.94,134.926,-0.0920478,-0.00171658,0.635602,-0.00239111,36488,-0.0259968,0.00955617
2025-11-21,2025-11-21 12:21:19.298000+00:00,BTC-25NOV25-84000-P,P,84000,2025-11-25 08:00:00+00:00,3.83333,0.523762,0.634905,0.7364,0.5584,-0.178,4.02963,3144.94,129.301,-0.0960522,0.196012,5.55911,-0.0205759,9834.41,0.0755212,0.115311
2025-11-21,2025-11-21 11:38:37.885000+00:00,BTC-23NOV25-84000-P,P,84000,2025-11-23 08:00:00+00:00,1.83333,0.721433,0.623574,0.7175,0.4301,-0.2874,3.02975,2220.15,277.479,-0.195682,0.16191,7.22135,-0.0380032,4514.77,0.411126,0.458153
2025-11-21,2025-11-21 12:23:36.769000+00:00,BTC-24NOV25-80000-P,P,80000,2025-11-24 08:00:00+00:00,2.83333,0.709991,0.422618,0.7948,0.7404,-0.0544,5.02546,2790.1,162.083,-0.140259,0.0305966,-1.78236,0.00862175,16537.8,0.0786364,0.115735
2025-11-21,2025-11-21 12:23:48.035000+00:00,BTC-25NOV25-83000-C,C,83000,2025-11-25 08:00:00+00:00,3.83333,0.523998,0.386674,0.7211,0.6043,-0.1168,4.59312,3179.16,132.045,-0.0940565,0.143834,4.88663,-0.0180317,97272.7,0.141104,0.177009
2025-11-21,2025-11-21 11:33:24.820000+00:00,BTC-28NOV25-85000-P,P,85000,2025-11-28 08:00:00+00:00,6.83333,0.291894,0.593197,0.6256,0.5911,-0.0345,2.68697,4405.66,85.3814,-0.0457756,0.121507,3.75951,-0.00913544,22162.7,0.0653987,0.0937053
2025-11-21,2025-11-21 12:30:39.059000+00:00,BTC-25NOV25-84000-C,C,84000,2025-11-25 08:00:00+00:00,3.83333,0.524652,0.350789,0.7345,0.5868,-0.1477,4.65795,3093.45,129.636,-0.0958043,0.237724,6.07382,-0.022117,6177.98,0.101959,0.137167
2025-11-21,2025-11-21 12:41:26.915000+00:00,BTC-24NOV25-84000-P,P,84000,2025-11-24 08:00:00+00:00,2.83333,0.713127,0.586454,0.7377,0.5294,-0.2083,3.04537,2837.43,174.629,-0.130182,0.0829438,4.33854,-0.0193903,5640.53,0.374527,0.416185
2025-11-28,2025-11-28 12:02:55.940000+00:00,BTC-1DEC25-91000-C,C,91000,2025-12-01 08:00:00+00:00,2.83333,0.70639,0.585588,0.301,0.2829,-0.0181,-0.625281,3141.56,427.985,-0.0531176,0.136165,-7.15027,0.0130415,31534.7,-0.0274354,0.0176221
2025-11-28,2025-11-28 12:11:46.688000+00:00,BTC-5DEC25-90000-C,C,90000,2025-12-05 08:00:00+00:00,6.83333,0.293034,0.630565,0.4194,0.4479,0.0285,-0.726314,4729.39,127.36,-0.0306878,0.219106,-4.80615,0.00761617,14178.6,-0.0160624,0.0124882
2025-11-28,2025-11-28 12:29:24.312000+00:00,BTC-5DEC25-92000-P,P,92000,2025-12-05 08:00:00+00:00,6.83333,0.29356,0.521974,0.3912,0.4345,0.0433,-0.763853,4992.44,136.54,-0.0286244,0.0152353,2.02651,-0.00316162,19851.1,-0.022134,0.00370586
2025-11-28,2025-11-28 12:36:07.183000+00:00,BTC-5DEC25-91000-P,P,91000,2025-12-05 08:00:00+00:00,6.83333,0.293761,0.43659,0.3962,0.4291,0.0329,-0.831388,4939.89,134.817,-0.0289902,0.0423386,-1.9409,0.0030326,54537,-0.0177619,0.00740644
2025-11-28,2025-11-28 11:15:34.161000+00:00,BTC-30NOV25-91000-P,P,91000,2025-11-30 08:00:00+00:00,1.83333,0.715235,0.460657,0.268,0.187,-0.081,-0.299948,2564.6,742.877,-0.0730909,0.029853,-4.23573,0.0087102,10345.1,-0.0689204,-0.0122307
2025-11-28,2025-11-28 11:15:12.358000+00:00,BTC-5DEC25-93000-C,C,93000,2025-12-05 08:00:00+00:00,6.83333,0.291357,0.37503,0.3856,0.4245,0.0389,-0.468098,4736.82,138.523,-0.0282146,0.308277,7.05389,-0.0103236,14248.3,-0.0497646,-0.0226394
2025-12-05,2025-12-05 11:58:05.911000+00:00,BTC-7DEC25-92000-C,C,92000,2025-12-07 08:00:00+00:00,1.83333,0.726749,0.389492,0.3137,0.4897,0.176,-2.39937,2484.5,634.654,-0.0855545,0.271162,13.628,-0.0316915,2485.47,-0.0356858,-0.00103849
2025-12-05,2025-12-05 11:34:18.281000+00:00,BTC-12DEC25-92000-C,C,92000,2025-12-12 08:00:00+00:00,6.83333,0.291921,0.466155,0.4683,0.4863,0.018,-2.52837,4966.3,114.061,-0.0342659,0.0271253,2.32864,-0.00433981,24864.3,0.0120412,0.0380623
2025-12-12,2025-12-12 12:04:16.929000+00:00,BTC-19DEC25-93000-C,C,93000,2025-12-19 08:00:00+00:00,6.83333,0.29281,0.466526,0.4122,0.4086,-0.00360001,-2.13906,5026.71,129.584,-0.030161,0.0285983,2.48894,-0.00408328,15109.8,-0.0375812,-0.011359
2025-12-12,2025-12-12 12:05:18.811000+00:00,BTC-15DEC25-92000-C,C,92000,2025-12-15 08:00:00+00:00,2.83333,0.706803,0.555444,0.3439,0.3073,-0.0366,-2.25455,3214.53,374.596,-0.0606882,0.0441919,-3.59928,0.00760354,3212.41,-0.0494681,-0.0125623
2025-12-12,2025-12-12 12:09:29.177000+00:00,BTC-19DEC25-94000-C,C,94000,2025-12-19 08:00:00+00:00,6.83333,0.292965,0.384704,0.4056,0.4085,0.00289997,-2.2859,4828.79,131.693,-0.029678,0.251721,6.27926,-0.00974505,19385.9,-0.02713,-0.00134745
2025-12-19,2025-12-19 12:01:00.656000+00:00,BTC-26DEC25-90000-C,C,90000,2025-12-26 08:00:00+00:00,6.83333,0.292713,0.378989,0.4261,0.4019,-0.0242,0.175745,4593.75,125.357,-0.031178,0.264962,6.28489,-0.0102003,114098,0.051481,0.0764898
2025-12-19,2025-12-19 12:01:08.045000+00:00,BTC-21DEC25-88000-P,P,88000,2025-12-21 08:00:00+00:00,1.83333,0.727585,0.459394,0.3979,0.1963,-0.2016,0.146148,2481.34,500.354,-0.108518,0.0188941,-2.61508,0.00798206,4966.26,0.211891,0.250547
2025-12-19,2025-12-19 11:56:05.572000+00:00,BTC-23DEC25-88000-P,P,88000,2025-12-23 08:00:00+00:00,3.83333,0.52137,0.466488,0.4133,0.4122,-0.00110001,0.161434,3594.64,230.383,-0.0539087,0.00849916,-0.985956,0.00216537,3595.92,0.0557892,0.0867579
2025-12-19,2025-12-19 11:47:18.821000+00:00,BTC-22DEC25-89000-P,P,89000,2025-12-22 08:00:00+00:00,2.83333,0.703694,0.582678,0.402,0.3368,-0.0652,-0.026476,3036.1,320.457,-0.0709412,0.127218,6.90452,-0.0168441,3041.06,0.106956,0.143984
2025-12-19,2025-12-19 11:46:50.310000+00:00,BTC-22DEC25-89000-C,C,89000,2025-12-22 08:00:00+00:00,2.83333,0.703613,0.411973,0.3859,0.331,-0.0549,0.124751,3026.72,333.826,-0.0681,0.148371,7.5555,-0.0176415,3031.88,0.10444,0.13917
2025-12-19,2025-12-19 12:26:04.791000+00:00,BTC-21DEC25-88000-C,C,88000,2025-12-21 08:00:00+00:00,1.83333,0.734529,0.504763,0.4127,0.2067,-0.206,0.317581,2487.73,482.411,-0.112555,-0.000501861,0.588865,-0.00187384,9885.87,0.269687,0.314404
2025-12-19,2025-12-19 12:27:21.621000+00:00,BTC-22DEC25-88000-P,P,88000,2025-12-22 08:00:00+00:00,2.83333,0.710648,0.489916,0.4049,0.3522,-0.0527,0.287558,3092.94,318.161,-0.0714529,-0.000647649,0.290374,-0.000729039,3082.56,0.105554,0.141652
2025-12-19,2025-12-19 12:40:58.903000+00:00,BTC-23DEC25-87000-P,P,87000,2025-12-23 08:00:00+00:00,3.83333,0.525642,0.389051,0.4225,0.4089,-0.0136,0.46788,3457.89,225.367,-0.0551087,0.157977,-5.48772,0.0118858,3444.17,0.0704827,0.101787
2025-12-26,2025-12-26 12:00:10.019000+00:00,BTC-2JAN26-88000-C,C,88000,2026-01-02 08:00:00+00:00,6.83333,0.292688,0.561954,0.3564,0.3643,0.00790001,-0.99141,4776.05,149.873,-0.026078,0.0468822,-2.19747,0.00309029,19099.1,0.00145329,0.0285579
2025-12-26,2025-12-26 12:12:35.946000+00:00,BTC-29DEC25-89000-C,C,89000,2025-12-29 08:00:00+00:00,2.83333,0.708069,0.452176,0.3011,0.3168,0.0157,-0.890393,3094.88,427.843,-0.0531353,0.0583434,5.52114,-0.0102376,6165.56,-0.0568094,-0.0182982
2025-12-26,2025-12-26 12:13:31.873000+00:00,BTC-29DEC25-88000-P,P,88000,2025-12-29 08:00:00+00:00,2.83333,0.708231,0.381257,0.2977,0.2772,-0.0205,-0.918635,2977.93,432.729,-0.0525353,0.27922,-10.5035,0.0185323,2972.57,-0.0285371,0.0117832
2025-12-26,2025-12-26 11:40:55.669000+00:00,BTC-2JAN26-89000-C,C,89000,2026-01-02 08:00:00+00:00,6.83333,0.292117,0.47638,0.3507,0.3618,0.0111,-1.00108,4830.24,152.309,-0.025661,0.0181623,2.23674,-0.00312755,38712.5,-0.00721575,0.0191084
2025-12-26,2025-12-26 11:26:33.004000+00:00,BTC-30DEC25-89000-C,C,89000,2025-12-30 08:00:00+00:00,3.83333,0.518597,0.456445,0.3257,0.3327,0.00700001,-0.856433,3601.55,292.347,-0.0424826,0.0482877,4.29035,-0.00740691,21680.8,-0.0236241,0.00943013
2025-12-26,2025-12-26 11:26:01.440000+00:00,BTC-30DEC25-88000-P,P,88000,2025-12-30 08:00:00+00:00,3.83333,0.518547,0.410351,0.3262,0.3298,0.00360001,-0.809773,3530.84,291.899,-0.0425478,0.135008,-5.79751,0.00982784,14168.3,-0.0186331,0.014959
2026-01-02,2026-01-02 12:00:07.363000+00:00,BTC-6JAN26-90000-P,P,90000,2026-01-06 08:00:00+00:00,3.83333,0.521751,0.560765,0.3643,0.4256,0.0613,2.05784,3613.56,261.371,-0.0475174,0.0798486,5.09566,-0.00978426,18079.4,-0.0167987,0.0194957
2026-01-02,2026-01-02 12:00:11.256000+00:00,BTC-4JAN26-90000-P,P,90000,2026-01-04 08:00:00+00:00,1.83333,0.727324,0.60217,0.338,0.3508,0.0128,2.04173,2444.82,589.026,-0.0921818,0.216753,11.8103,-0.0297666,2444.72,0.0291881,0.078495
2026-01-02,2026-01-02 11:57:40.316000+00:00,BTC-9JAN26-88000-P,P,88000,2026-01-09 08:00:00+00:00,6.83333,0.292614,0.375096,0.4205,0.445,0.0245,1.33927,4642.84,127.026,-0.0307683,0.197549,-4.53428,0.00723894,78951,-0.0277562,-0.00142497
2026-01-02,2026-01-02 12:05:05.074000+00:00,BTC-9JAN26-90000-C,C,90000,2026-01-09 08:00:00+00:00,6.83333,0.292834,0.460845,0.409,0.4478,0.0388,2.16475,4854.64,130.598,-0.0299268,0.0370541,2.75593,-0.00448034,417851,-0.0693437,-0.0427732
2026-01-02,2026-01-02 11:51:16.927000+00:00,BTC-9JAN26-89000-P,P,89000,2026-01-09 08:00:00+00:00,6.83333,0.292424,0.452447,0.4136,0.4443,0.0307,1.90276,4848.53,129.146,-0.0302634,0.0181803,-1.1118,0.00182358,14545.7,0.00136881,0.0276838
2026-01-02,2026-01-02 12:11:24.849000+00:00,BTC-5JAN26-89000-C,C,89000,2026-01-05 08:00:00+00:00,2.83333,0.707863,0.554962,0.3494,0.4458,0.0964,2.14743,3110.31,368.699,-0.0616588,0.0423874,-3.48475,0.00748066,3105.89,-0.125155,-0.0838128
2026-01-02,2026-01-02 12:12:59.359000+00:00,BTC-9JAN26-91000-C,C,91000,2026-01-09 08:00:00+00:00,6.83333,0.29307,0.384046,0.4098,0.4466,0.0368,1.70351,4671.03,130.343,-0.0299854,0.252157,6.25473,-0.00980272,46850,-0.0253492,0.000970092
2026-01-02,2026-01-02 11:45:21.118000+00:00,BTC-9JAN26-90000-P,P,90000,2026-01-09 08:00:00+00:00,6.83333,0.292248,0.531334,0.4088,0.4376,0.0288,1.82912,4868.39,130.662,-0.0299122,0.0259316,2.40743,-0.00391864,19449.6,0.000208946,0.0273668
2026-01-02,2026-01-02 12:15:43.421000+00:00,BTC-4JAN26-89000-C,C,89000,2026-01-04 08:00:00+00:00,1.83333,0.73163,0.586168,0.3435,0.7322,0.3887,2.06383,2470.04,579.595,-0.0936818,0.121853,-7.91874,0.0204861,51498.9,-0.167378,-0.114463
2026-01-02,2026-01-02 12:15:47.358000+00:00,BTC-4JAN26-90000-C,C,90000,2026-01-04 08:00:00+00:00,1.83333,0.731649,0.404745,0.3412,0.4894,0.1482,2.05557,2457.19,583.502,-0.0930545,0.186254,10.9369,-0.0279563,2449.36,-0.120117,-0.0677552
2026-01-02,2026-01-02 11:31:21.373000+00:00,BTC-4JAN26-89000-P,P,89000,2026-01-04 08:00:00+00:00,1.83333,0.719467,0.42979,0.3275,0.4329,0.1054,2.26748,2486.5,607.911,-0.0893182,0.0838672,-6.65778,0.0165498,9968.22,0.0500825,0.0902793
2026-01-02,2026-01-02 12:36:23.545000+00:00,BTC-9JAN26-91000-P,P,91000,2026-01-09 08:00:00+00:00,6.83333,0.293769,0.614677,0.4018,0.429,0.0272,1.6883,4678.92,132.938,-0.0294,0.250393,6.2911,-0.00967787,4669.39,-0.0245633,0.00433401
2026-01-02,2026-01-02 12:40:25.645000+00:00,BTC-5JAN26-90000-P,P,90000,2026-01-05 08:00:00+00:00,2.83333,0.712947,0.581181,0.3344,0.363,0.0286,1.55274,3078.54,385.238,-0.0590118,0.142099,7.91565,-0.0160814,3062.52,0.00465045,0.0460322
2026-01-02,2026-01-02 12:41:24.192000+00:00,BTC-6JAN26-90000-C,C,90000,2026-01-06 08:00:00+00:00,3.83333,0.525682,0.437643,0.3637,0.4729,0.1092,2.30052,3611.31,261.802,-0.0474391,0.0831082,5.19126,-0.00994631,7194.66,-0.156564,-0.12305
2026-01-09,2026-01-09 11:43:31.919000+00:00,BTC-16JAN26-92000-C,C,92000,2026-01-16 08:00:00+00:00,6.83333,0.292194,0.375923,0.3597,0.3586,-0.00110001,0.0134609,4697.02,148.498,-0.0263195,0.321817,7.43102,-0.0101544,14066.5,-0.000895486,0.025188
2026-01-09,2026-01-09 12:36:48.705000+00:00,BTC-13JAN26-91000-C,C,91000,2026-01-13 08:00:00+00:00,3.83333,0.525242,0.421416,0.3233,0.3122,-0.0111,0.00520765,3622.79,294.517,-0.0421696,0.140889,6.96097,-0.0117693,7288.3,0.0246193,0.0579272
2026-01-16,2026-01-16 12:02:08.484000+00:00,BTC-19JAN26-95000-P,P,95000,2026-01-19 08:00:00+00:00,2.83333,0.706253,0.422057,0.277,0.2677,-0.0093,-0.371122,3290.02,465.067,-0.0488824,0.122199,-7.05517,0.0118899,9785.83,0.0109713,0.0517545
2026-01-16,2026-01-16 12:05:43.434000+00:00,BTC-23JAN26-97000-C,C,97000,2026-01-23 08:00:00+00:00,6.83333,0.292853,0.375473,0.3391,0.3578,0.0187,-0.314656,4955.99,157.519,-0.0248122,0.340292,7.83842,-0.0100952,14864.7,-0.0191944,0.00694492
2026-01-16,2026-01-16 12:10:43.423000+00:00,BTC-19JAN26-96000-C,C,96000,2026-01-19 08:00:00+00:00,2.83333,0.707743,0.40972,0.2691,0.2627,-0.00639999,-0.302572,3269.14,478.72,-0.0474882,0.213147,10.6137,-0.0172618,9800.61,0.00566566,0.044853
2026-01-16,2026-01-16 12:17:47.082000+00:00,BTC-18JAN26-95000-P,P,95000,2026-01-18 08:00:00+00:00,1.83333,0.732205,0.375909,0.235,0.1685,-0.0665,-0.393999,2568.92,847.195,-0.0640909,0.400512,-17.9272,0.0309112,2559.43,0.0784939,0.125103
2026-01-16,2026-01-16 11:41:21.710000+00:00,BTC-18JAN26-96000-C,C,96000,2026-01-18 08:00:00+00:00,1.83333,0.722174,0.350878,0.2485,0.2299,-0.0186,-0.242329,2503.62,801.171,-0.0677727,0.621743,22.8243,-0.0406215,12671.5,0.0220258,0.0647835
2026-01-23,2026-01-23 11:56:09.824000+00:00,BTC-27JAN26-89000-P,P,89000,2026-01-27 08:00:00+00:00,3.83333,0.521377,0.464376,0.2972,0.3608,0.0636,-0.048817,3632.34,320.382,-0.0387652,0.0177483,-1.93644,0.00305676,3633.61,-0.0413331,-0.00832175
2026-01-23,2026-01-23 11:54:02.961000+00:00,BTC-30JAN26-88000-P,P,88000,2026-01-30 08:00:00+00:00,6.83333,0.292506,0.376378,0.3566,0.4082,0.0516,-0.0998195,4636.22,149.789,-0.0260927,0.235297,-5.45776,0.00739698,79231.1,-0.0381831,-0.0127547
2026-01-23,2026-01-23 11:28:27.358000+00:00,BTC-27JAN26-90000-C,C,90000,2026-01-27 08:00:00+00:00,3.83333,0.518775,0.387416,0.289,0.3511,0.0621,0.0185591,3499.71,329.472,-0.0376957,0.314344,10.6891,-0.0158089,3510.6,-0.0502304,-0.015636
2026-01-23,2026-01-23 11:26:05.711000+00:00,BTC-30JAN26-90000-C,C,90000,2026-01-30 08:00:00+00:00,6.83333,0.291678,0.437906,0.3424,0.3821,0.0397,0.0418185,4812.07,156.001,-0.0250537,0.0930826,4.3433,-0.00586737,48191.6,-0.0397973,-0.0133962
2026-01-30,2026-01-30 11:59:18.336000+00:00,BTC-6FEB26-85000-C,C,85000,2026-02-06 08:00:00+00:00,6.83333,0.292662,0.359002,0.421,0.5261,0.1051,-5.22403,4250.33,126.876,-0.0308049,0.359208,7.26939,-0.0114519,4250.5,-0.14748,-0.118602
2026-01-30,2026-01-30 12:03:04.959000+00:00,BTC-6FEB26-84000-P,P,84000,2026-02-06 08:00:00+00:00,6.83333,0.292775,0.552472,0.4327,0.5279,0.0952,-5.05532,4502.26,123.445,-0.031661,0.0582385,3.2275,-0.0055296,31471.3,-0.15624,-0.12584
2026-01-30,2026-01-30 11:51:12.026000+00:00,BTC-2FEB26-83000-C,C,83000,2026-02-02 08:00:00+00:00,2.83333,0.704363,0.473433,0.4176,0.6444,0.2268,-4.60883,2901.77,308.485,-0.0736941,0.0165519,2.81431,-0.0072736,14507.3,-0.374481,-0.33084
2026-01-30,2026-01-30 12:31:56.668000+00:00,BTC-6FEB26-82000-C,C,82000,2026-02-06 08:00:00+00:00,6.83333,0.293636,0.56729,0.4532,0.5182,0.065,-4.57308,4450.35,117.861,-0.033161,0.0400821,-1.73027,0.00308744,8886.09,-0.234623,-0.203027
2026-01-30,2026-01-30 11:16:57.931000+00:00,BTC-1FEB26-82000-P,P,82000,2026-02-01 08:00:00+00:00,1.83333,0.715608,0.377899,0.442,0.762,0.32,-4.73893,2228.11,450.432,-0.120545,0.199835,-9.00063,0.0292077,2247.79,-0.445339,-0.387309
2026-02-06,2026-02-06 12:04:49.801000+00:00,BTC-8FEB26-66000-P,P,66000,2026-02-08 08:00:00+00:00,1.83333,0.728606,0.453791,0.8561,0.8599,0.00379997,4.32209,1863.21,232.556,-0.233482,0.00750424,-0.912499,0.00598337,16770.2,-0.17321,-0.129317
2026-02-06,2026-02-06 11:51:57.286000+00:00,BTC-13FEB26-69000-C,C,69000,2026-02-13 08:00:00+00:00,6.83333,0.292444,0.355927,0.6908,0.6497,-0.0411,4.52127,3381.91,77.3229,-0.0505463,0.248268,4.90985,-0.0126527,6745.86,-0.0807719,-0.0503505
2026-02-06,2026-02-06 12:14:24.380000+00:00,BTC-9FEB26-66000-P,P,66000,2026-02-09 08:00:00+00:00,2.83333,0.708384,0.462599,0.8285,0.7712,-0.0573,3.8495,2319.33,155.49,-0.146206,0.00236234,-0.285698,0.00146174,53249.1,-0.138593,-0.0961193
2026-02-06,2026-02-06 12:15:10.520000+00:00,BTC-8FEB26-65000-P,P,65000,2026-02-08 08:00:00+00:00,1.83333,0.731477,0.358349,0.8688,0.8786,0.00980003,4.28596,1756.7,229.156,-0.236945,0.125184,-4.87929,0.0306149,3502.19,-0.318983,-0.280071
2026-02-06,2026-02-06 11:37:04.606000+00:00,BTC-8FEB26-66000-C,C,66000,2026-02-08 08:00:00+00:00,1.83333,0.721012,0.52956,0.8194,0.8213,0.00189995,4.0757,1865.83,242.972,-0.223473,0.00146395,-0.278266,0.00175336,3728.48,0.0116382,0.0662995
2026-02-20,2026-02-20 11:58:22.682000+00:00,BTC-23FEB26-67500-C,C,67500,2026-02-23 08:00:00+00:00,2.83333,0.705602,0.495919,0.399,0.403,0.00399998,0.625246,2370.11,322.866,-0.0704118,0.00116481,1.29125,-0.00319555,4736.96,0.0969714,0.136927
2026-02-20,2026-02-20 11:54:24.880000+00:00,BTC-23FEB26-68000-C,C,68000,2026-02-23 08:00:00+00:00,2.83333,0.704917,0.428383,0.4058,0.3961,-0.00970001,0.790737,2334.82,317.456,-0.0716118,0.0963265,6.05242,-0.0149879,16342.2,0.0426173,0.0825204
2026-02-20,2026-02-20 11:50:51.523000+00:00,BTC-27FEB26-68000-C,C,68000,2026-02-27 08:00:00+00:00,6.83333,0.292411,0.471587,0.4826,0.4959,0.0133,0.378187,3676.98,110.681,-0.0353122,0.020309,2.08045,-0.00399997,25801.6,0.0374634,0.0638789
2026-02-20,2026-02-20 11:44:48.445000+00:00,BTC-22FEB26-67500-P,P,67500,2026-02-22 08:00:00+00:00,1.83333,0.723111,0.501321,0.3962,0.2824,-0.1138,0.742789,1907.54,502.501,-0.108055,0.00027039,1.12119,-0.00342533,1913.02,0.096793,0.143397
2026-02-20,2026-02-20 11:44:42.015000+00:00,BTC-24FEB26-67000-P,P,67000,2026-02-24 08:00:00+00:00,3.83333,0.520297,0.425933,0.452,0.4758,0.0238,0.854821,2712.27,210.658,-0.0589565,0.0581526,-3.03558,0.00719014,5432.26,0.0122633,0.0464052
2026-02-20,2026-02-20 11:44:38.540000+00:00,BTC-22FEB26-67000-P,P,67000,2026-02-22 08:00:00+00:00,1.83333,0.723066,0.387854,0.3979,0.3236,-0.0743,0.698344,1832.59,500.354,-0.108518,0.184837,-9.12986,0.0268925,1838.3,0.0542736,0.0943634
2026-02-20,2026-02-20 11:44:32.856000+00:00,BTC-27FEB26-66000-P,P,66000,2026-02-27 08:00:00+00:00,6.83333,0.292224,0.359186,0.5133,0.5323,0.019,0.433889,3453.68,104.061,-0.0375585,0.204321,-4.1381,0.00794899,6936.63,-0.0248437,0.00156676
2026-02-20,2026-02-20 12:18:19.768000+00:00,BTC-24FEB26-68000-P,P,68000,2026-02-24 08:00:00+00:00,3.83333,0.523477,0.558195,0.4456,0.4405,-0.00510002,0.674962,2729.47,213.684,-0.0581217,0.0628551,4.1988,-0.00987147,2724.8,-0.00324495,0.0320715
2026-02-20,2026-02-20 12:20:14.447000+00:00,BTC-22FEB26-68000-C,C,68000,2026-02-22 08:00:00+00:00,1.83333,0.732892,0.359778,0.3839,0.2152,-0.1687,0.895994,1785.43,518.601,-0.1047,0.358388,14.1422,-0.0392722,12680.3,0.168409,0.22123
2026-02-20,2026-02-20 12:27:23.630000+00:00,BTC-24FEB26-68000-C,C,68000,2026-02-24 08:00:00+00:00,3.83333,0.524341,0.429769,0.4306,0.4447,0.0141,0.828624,2713.31,221.127,-0.0561652,0.0903528,4.99772,-0.0112988,2706.31,0.0509282,0.08407
2026-02-20,2026-02-20 12:27:51.758000+00:00,BTC-27FEB26-67000-C,C,67000,2026-02-27 08:00:00+00:00,6.83333,0.293514,0.546869,0.4933,0.5124,0.0191,0.618199,3652.65,108.28,-0.0360951,0.0119724,-0.743534,0.00145486,7294.88,0.0474586,0.0741635
2026-02-20,2026-02-20 12:28:49.273000+00:00,BTC-23FEB26-66500-P,P,66500,2026-02-23 08:00:00+00:00,2.83333,0.710904,0.376869,0.4445,0.4337,-0.0108,1.10533,2251.55,289.817,-0.0784412,0.192486,-6.98569,0.0183412,4485.8,0.0662276,0.10372
2026-02-27,2026-02-27 11:58:12.675000+00:00,BTC-6MAR26-66000-C,C,66000,2026-03-06 08:00:00+00:00,6.83333,0.29263,0.522222,0.5139,0.651,0.1371,1.45326,3602.28,103.94,-0.0376024,-0.0015817,0.207428,-0.000425099,28818.1,-0.203077,-0.17312
2026-02-27,2026-02-27 11:57:08.667000+00:00,BTC-3MAR26-65500-P,P,65500,2026-03-03 08:00:00+00:00,3.83333,0.521469,0.426842,0.4892,0.6857,0.1965,1.16984,2653.84,194.639,-0.0638087,0.0506461,-2.67926,0.00687162,2654.55,-0.308989,-0.269319
2026-02-27,2026-02-27 11:57:08.013000+00:00,BTC-6MAR26-66000-P,P,66000,2026-03-06 08:00:00+00:00,6.83333,0.292598,0.483976,0.5028,0.64,0.1372,1.33953,3601.19,106.234,-0.0367902,-0.00228696,0.416056,-0.00083486,75638.9,-0.205388,-0.175759
2026-02-27,2026-02-27 11:56:55.910000+00:00,BTC-1MAR26-65500-P,P,65500,2026-03-01 08:00:00+00:00,1.83333,0.726428,0.400766,0.4574,0.5233,0.0659,1.22544,1808.02,435.267,-0.124745,0.120455,-6.7581,0.023094,1809.13,-0.410159,-0.351995
2026-02-27,2026-02-27 11:55:02.563000+00:00,BTC-1MAR26-66500-C,C,66500,2026-03-01 08:00:00+00:00,1.83333,0.72591,0.423583,0.4662,0.4651,-0.00110001,1.51801,1832.8,427.05,-0.127145,0.0935301,6.83972,-0.0241346,11138.4,-0.290334,-0.229719
2026-02-27,2026-02-27 12:05:29.235000+00:00,BTC-6MAR26-67000-C,C,67000,2026-03-06 08:00:00+00:00,6.83333,0.292846,0.435426,0.499,0.6389,0.1399,1.3331,3561.14,107.043,-0.0365122,0.0751622,3.38021,-0.00664855,72129.4,-0.207349,-0.177922
2026-02-27,2026-02-27 12:06:13.391000+00:00,BTC-1MAR26-66000-P,P,66000,2026-03-01 08:00:00+00:00,1.83333,0.728991,0.467909,0.459,0.5483,0.0893,1.38999,1863.93,433.749,-0.125182,0.00840474,-1.47371,0.00519916,11103.4,-0.39548,-0.335751
2026-02-27,2026-02-27 12:11:42.368000+00:00,BTC-2MAR26-66500-P,P,66500,2026-03-02 08:00:00+00:00,2.83333,0.707913,0.568061,0.4813,0.5936,0.1123,1.67081,2284.72,267.657,-0.0849353,0.0759258,5.03565,-0.0148148,13876.9,-0.27268,-0.2248
2026-02-27,2026-02-27 12:11:43.779000+00:00,BTC-2MAR26-67000-C,C,67000,2026-03-02 08:00:00+00:00,2.83333,0.707918,0.352999,0.4512,0.5269,0.0757,1.26247,2159.43,285.513,-0.0796235,0.347578,10.4744,-0.0273073,13220.2,-0.205531,-0.159969
2026-02-27,2026-02-27 11:46:43.018000+00:00,BTC-3MAR26-65000-P,P,65000,2026-03-03 08:00:00+00:00,3.83333,0.520487,0.364503,0.5019,0.6991,0.1972,1.11731,2544.02,189.714,-0.0654652,0.204092,-5.74252,0.0144727,7698.26,-0.323024,-0.282619
2026-02-27,2026-02-27 12:20:45.275000+00:00,BTC-6MAR26-67000-P,P,67000,2026-03-06 08:00:00+00:00,6.83333,0.293302,0.570271,0.5055,0.6221,0.1166,1.55865,3548.27,105.667,-0.0369878,0.0860308,3.55624,-0.00706874,17940.8,-0.219047,-0.188551
2026-02-27,2026-02-27 11:34:31.789000+00:00,BTC-1MAR26-67000-P,P,67000,2026-03-01 08:00:00+00:00,1.83333,0.720323,0.600826,0.43,0.4877,0.0577,0.81107,1817.74,463.002,-0.117273,0.171643,9.42865,-0.0302485,5557.4,-0.251879,-0.191357
2026-02-27,2026-02-27 11:34:30.995000+00:00,BTC-6MAR26-68000-C,C,68000,2026-03-06 08:00:00+00:00,6.83333,0.291927,0.376775,0.4836,0.5968,0.1132,0.581013,3452.47,110.452,-0.0353854,0.247495,5.75227,-0.0105748,17295.3,-0.154265,-0.125084
2026-02-27,2026-02-27 12:30:48.004000+00:00,BTC-2MAR26-65000-P,P,65000,2026-03-02 08:00:00+00:00,2.83333,0.711252,0.365415,0.5062,0.6899,0.1837,1.50462,2185.27,254.491,-0.0893294,0.202056,-6.68829,0.0198012,4332.37,-0.32129,-0.273611
2026-02-27,2026-02-27 11:27:52.518000+00:00,BTC-3MAR26-67500-C,C,67500,2026-03-03 08:00:00+00:00,3.83333,0.51872,0.400221,0.4579,0.5954,0.1375,0.563672,2637.78,207.944,-0.0597261,0.166497,6.40525,-0.0151454,10532.5,-0.248627,-0.210136
2026-02-27,2026-02-27 11:20:04.652000+00:00,BTC-3MAR26-67000-P,P,67000,2026-03-03 08:00:00+00:00,3.83333,0.517993,0.565155,0.4629,0.6178,0.1549,0.36111,2678.2,205.698,-0.0603783,0.0755738,4.47434,-0.0108959,5391.56,-0.378508,-0.337178
2026-02-27,2026-02-27 11:19:30.889000+00:00,BTC-1MAR26-67000-C,C,67000,2026-03-01 08:00:00+00:00,1.83333,0.716288,0.393957,0.3878,0.4585,0.0707,0.783799,1811.66,513.386,-0.105764,0.209006,10.8707,-0.0313325,3659.13,-0.327837,-0.270776
2026-02-27,2026-02-27 11:19:27.389000+00:00,BTC-2MAR26-67500-C,C,67500,2026-03-02 08:00:00+00:00,2.83333,0.698937,0.357173,0.4253,0.5584,0.1331,0.548863,2185.3,302.9,-0.0750529,0.350892,10.8216,-0.0266784,2197.74,-0.258093,-0.213833
2026-03-06,2026-03-06 12:01:38.813000+00:00,BTC-13MAR26-70000-C,C,70000,2026-03-13 08:00:00+00:00,6.83333,0.292732,0.530865,0.5388,0.5894,0.0506,-4.07147,3820.98,99.1363,-0.0394244,0.000534911,-0.0504808,0.00010831,7637.55,-0.0323642,-0.00529663
2026-03-06,2026-03-06 12:01:38.853000+00:00,BTC-8MAR26-69500-C,C,69500,2026-03-08 08:00:00+00:00,1.83333,0.727727,0.627541,0.4525,0.4872,0.0347,-3.90209,1882.36,439.98,-0.123409,0.21074,-9.14217,0.0302558,28986.2,-0.0294879,0.0144964
2026-03-06,2026-03-06 12:03:37.837000+00:00,BTC-8MAR26-70000-C,C,70000,2026-03-08 08:00:00+00:00,1.83333,0.728274,0.538453,0.4778,0.6111,0.1333,-4.05273,1975.29,416.683,-0.130309,0.0126487,-1.84957,0.00678279,5916.6,-0.0356349,0.00336101
2026-03-06,2026-03-06 11:56:06.708000+00:00,BTC-10MAR26-70000-C,C,70000,2026-03-10 08:00:00+00:00,3.83333,0.521372,0.535181,0.4983,0.537,0.0387,-4.06814,2859.89,191.084,-0.0649957,0.00660114,-0.72938,0.00193062,2860.9,-0.0501673,-0.0153334
2026-03-06,2026-03-06 12:28:57.929000+00:00,BTC-9MAR26-71000-C,C,71000,2026-03-09 08:00:00+00:00,2.83333,0.71093,0.386018,0.4933,0.5152,0.0219,-3.99069,2361.77,261.146,-0.0870529,0.19418,7.63858,-0.0224198,2352.56,-0.0268984,0.00388424
2026-03-06,2026-03-06 12:31:29.832000+00:00,BTC-13MAR26-69000-P,P,69000,2026-03-13 08:00:00+00:00,6.83333,0.293623,0.410509,0.5576,0.6057,0.0481,-3.93357,3724.45,95.7938,-0.0408,0.0606736,-1.96214,0.00425971,18641.7,-0.0708485,-0.0442774
2026-03-06,2026-03-06 11:26:41.871000+00:00,BTC-9MAR26-70000-P,P,70000,2026-03-09 08:00:00+00:00,2.83333,0.700167,0.413006,0.4636,0.5348,0.0712,-4.71815,2421.02,277.876,-0.0818118,0.0854885,-4.39952,0.0123473,2431.27,-0.131077,-0.0908986
2026-03-13,2026-03-13 12:01:30.054000+00:00,BTC-20MAR26-71000-P,P,71000,2026-03-20 08:00:00+00:00,6.83333,0.292728,0.390528,0.5199,0.5528,0.0329,-1.55113,3793.61,102.74,-0.0380415,0.110546,-2.90699,0.00580774,30229.2,0.00837553,0.034636
2026-03-13,2026-03-13 11:54:07.303000+00:00,BTC-20MAR26-74000-C,C,74000,2026-03-20 08:00:00+00:00,6.83333,0.292508,0.372799,0.4905,0.5303,0.0398,-1.5815,3741.09,108.898,-0.0358902,0.259174,5.83607,-0.0108468,7498.78,-0.0291817,-0.00310781
2026-03-13,2026-03-13 12:33:40.935000+00:00,BTC-15MAR26-72500-C,C,72500,2026-03-15 08:00:00+00:00,1.83333,0.736671,0.496252,0.3799,0.36,-0.0199,-1.8278,2048.52,524.061,-0.103609,0.000870361,1.34031,-0.00392617,28490.6,0.0160984,0.0541094
2026-03-20,2026-03-20 12:00:03.770000+00:00,BTC-23MAR26-69500-P,P,69500,2026-03-23 08:00:00+00:00,2.83333,0.705893,0.363385,0.4899,0.4787,-0.0112,-2.06308,2330.93,262.959,-0.0864529,0.218442,-7.09547,0.0202843,13972.4,0.121424,0.161986
2026-03-20,2026-03-20 12:01:45.292000+00:00,BTC-27MAR26-70000-P,P,70000,2026-03-27 08:00:00+00:00,6.83333,0.292735,0.449887,0.5348,0.5468,0.012,-1.15613,3815.69,99.8778,-0.0391317,0.0124261,-0.721101,0.00152813,38106,0.160802,0.187324
2026-03-20,2026-03-20 12:03:56.320000+00:00,BTC-23MAR26-70000-P,P,70000,2026-03-23 08:00:00+00:00,2.83333,0.706564,0.429341,0.4721,0.4377,-0.0344,-2.77563,2437.65,272.873,-0.0833118,0.0514218,-3.27911,0.00945138,14557.5,-0.0128751,0.0273941
2026-03-20,2026-03-20 12:04:59.023000+00:00,BTC-23MAR26-70500-C,C,70500,2026-03-23 08:00:00+00:00,2.83333,0.706746,0.511346,0.4509,0.4262,-0.0247,-1.71846,2477.84,285.703,-0.0795706,-0.000711469,0.283826,-0.00079349,2476.33,-0.11257,-0.0715843
2026-03-20,2026-03-20 12:05:52.938000+00:00,BTC-24MAR26-69500-P,P,69500,2026-03-24 08:00:00+00:00,3.83333,0.522296,0.370819,0.5017,0.5589,0.0572,-2.80536,2733.63,189.79,-0.0654391,0.182682,-5.4094,0.0137075,5464.08,-0.0262657,0.00846732
2026-03-20,2026-03-20 12:07:09.463000+00:00,BTC-27MAR26-71000-P,P,71000,2026-03-27 08:00:00+00:00,6.83333,0.292896,0.512155,0.5231,0.5733,0.0502,-2.81278,3855.48,102.112,-0.0382756,0.00593494,1.42522,-0.00297634,7677.06,-0.010599,0.0165177
2026-03-20,2026-03-20 12:07:09.481000+00:00,BTC-23MAR26-70500-P,P,70500,2026-03-23 08:00:00+00:00,2.83333,0.707123,0.471996,0.4555,0.4246,-0.0309,-1.24795,2476.88,282.818,-0.0803824,0.0046398,-0.749887,0.00211348,9912.49,0.365439,0.406531
2026-03-20,2026-03-20 12:11:11.615000+00:00,BTC-23MAR26-71000-C,C,71000,2026-03-23 08:00:00+00:00,2.83333,0.707824,0.455767,0.4367,0.5488,0.1121,-2.82977,2467.89,294.993,-0.0770647,0.0379324,3.88228,-0.0104516,4949.29,-0.0992905,-0.0591957
2026-03-20,2026-03-20 11:48:41.716000+00:00,BTC-27MAR26-72000-C,C,72000,2026-03-27 08:00:00+00:00,6.83333,0.292347,0.385005,0.5073,0.546,0.0387,-2.15124,3680.94,105.292,-0.0371195,0.208763,5.21499,-0.0101239,7366.56,-0.0486215,-0.0220676
2026-03-20,2026-03-20 12:12:07.799000+00:00,BTC-22MAR26-70000-P,P,70000,2026-03-22 08:00:00+00:00,1.83333,0.73063,0.385657,0.4623,0.4295,-0.0328,-2.75994,1914.73,430.653,-0.126082,0.161439,-7.85309,0.0268415,5806.78,-0.0493049,0.0050107
2026-03-20,2026-03-20 11:39:13.279000+00:00,BTC-22MAR26-69500-P,P,69500,2026-03-22 08:00:00+00:00,1.83333,0.721593,0.353737,0.4611,0.8276,0.3665,-2.62343,1852.19,431.774,-0.125755,0.28089,-10.5241,0.0348575,5581.37,-0.259253,-0.20257
2026-03-20,2026-03-20 11:38:37.848000+00:00,BTC-27MAR26-70000-C,C,70000,2026-03-27 08:00:00+00:00,6.83333,0.292049,0.555476,0.5266,0.5791,0.0525,-2.96591,3812.31,101.433,-0.0385317,0.0178997,-0.937225,0.00195214,121862,-0.0285186,-0.000788877
2026-03-20,2026-03-20 11:38:36.560000+00:00,BTC-27MAR26-71000-C,C,71000,2026-03-27 08:00:00+00:00,6.83333,0.292048,0.476611,0.5149,0.5228,0.00789997,-0.540034,3843.36,103.738,-0.0376756,0.0147606,1.83463,-0.0037665,3847.56,-0.156212,-0.129229
2026-03-20,2026-03-20 11:36:59.193000+00:00,BTC-27MAR26-69000-P,P,69000,2026-03-27 08:00:00+00:00,6.83333,0.292,0.359187,0.5445,0.5656,0.0211,-3.24391,3615.01,98.0985,-0.0398415,0.189909,-3.84508,0.00783479,3619.67,-0.0678525,-0.0407938
2026-03-20,2026-03-20 12:25:53.986000+00:00,BTC-24MAR26-70500-P,P,70500,2026-03-24 08:00:00+00:00,3.83333,0.524199,0.481384,0.4911,0.4973,0.00619999,-1.14734,2882.29,193.886,-0.0640565,-0.000345911,0.0722937,-0.000189122,2875.52,0.24496,0.280761
2026-03-27,2026-03-27 12:05:20.941000+00:00,BTC-29MAR26-67500-C,C,67500,2026-03-29 08:00:00+00:00,1.83333,0.728749,0.35423,0.4816,0.3152,-0.1664,-0.273842,1756.32,413.395,-0.131345,0.316155,11.9432,-0.0413643,5312.02,0.106936,0.148834
2026-03-27,2026-03-27 12:06:52.129000+00:00,BTC-30MAR26-66000-P,P,66000,2026-03-30 08:00:00+00:00,2.83333,0.707073,0.405454,0.5111,0.446,-0.0651,-0.47326,2276.56,252.052,-0.0901941,0.0907806,-4.30951,0.0132772,34220.7,0.0846173,0.124308
2026-03-27,2026-03-27 12:13:16.597000+00:00,BTC-29MAR26-66500-C,C,66500,2026-03-29 08:00:00+00:00,1.83333,0.730949,0.538983,0.516,0.3055,-0.2105,-0.448012,1876.7,385.835,-0.140727,0.0115802,-1.6721,0.00662144,3740.17,0.282845,0.333385
2026-03-27,2026-03-27 12:38:38.517000+00:00,BTC-29MAR26-67000-C,C,67000,2026-03-29 08:00:00+00:00,1.83333,0.738076,0.427202,0.4629,0.2772,-0.1857,-0.337507,1851.18,430.095,-0.126245,0.0843816,6.54501,-0.0229786,1837.04,0.178723,0.220898
2026-03-27,2026-03-27 11:18:24.442000+00:00,BTC-29MAR26-66000-C,C,66000,2026-03-29 08:00:00+00:00,1.83333,0.715992,0.600413,0.5341,0.3431,-0.191,-0.271613,1822.15,372.76,-0.145664,0.104663,-5.76611,0.0229813,1837.24,0.213401,0.267691
2026-04-03,2026-04-03 12:17:49.750000+00:00,BTC-7APR26-66000-P,P,66000,2026-04-07 08:00:00+00:00,3.83333,0.52343,0.492161,0.3729,0.4036,0.0307,1.82096,2697.87,255.343,-0.0486391,-0.000978198,0.485029,-0.00096432,8065.48,0.162165,0.191709
2026-04-03,2026-04-03 12:20:36.273000+00:00,BTC-6APR26-67000-P,P,67000,2026-04-06 08:00:00+00:00,2.83333,0.709465,0.619729,0.3139,0.3034,-0.0105,1.16227,2229.01,410.397,-0.0553941,0.321053,11.9895,-0.0222905,6667.04,0.179143,0.217058
2026-04-03,2026-04-03 12:28:53.417000+00:00,BTC-5APR26-67000-P,P,67000,2026-04-05 08:00:00+00:00,1.83333,0.73532,0.479267,0.2903,0.219,-0.0713,0.245534,1893.42,685.811,-0.0791727,0.00557762,-1.51871,0.00339509,1883.02,0.125325,0.16691
2026-04-03,2026-04-03 11:30:40.589000+00:00,BTC-6APR26-66000-P,P,66000,2026-04-06 08:00:00+00:00,2.83333,0.700845,0.426057,0.3189,0.3431,0.0242,1.35904,2290.73,403.962,-0.0562765,0.0931691,-5.65523,0.0109925,6890.22,0.125882,0.15821
2026-04-10,2026-04-10 12:03:09.610000+00:00,BTC-14APR26-73000-C,C,73000,2026-04-14 08:00:00+00:00,3.83333,0.522038,0.378188,0.3547,0.4294,0.0747,1.5634,2810.64,268.445,-0.0462652,0.302969,9.53219,-0.0171835,19681.3,-0.137536,-0.101175
2026-04-10,2026-04-10 11:56:26.968000+00:00,BTC-12APR26-72000-P,P,72000,2026-04-12 08:00:00+00:00,1.83333,0.726296,0.465977,0.3333,0.3755,0.0422,1.6666,2031.83,597.332,-0.0909,0.0158422,-2.61658,0.00670034,48883.5,0.00552886,0.0454669
2026-04-10,2026-04-10 11:50:20.887000+00:00,BTC-12APR26-72500-P,P,72500,2026-04-12 08:00:00+00:00,1.83333,0.724623,0.555184,0.3404,0.3556,0.0152,1.36978,2022.74,584.873,-0.0928364,0.0666699,6.76446,-0.0175847,24268.9,0.0181887,0.0677588
2026-04-10,2026-04-10 12:18:08.242000+00:00,BTC-12APR26-71500-P,P,71500,2026-04-12 08:00:00+00:00,1.83333,0.732304,0.359922,0.3454,0.3964,0.051,1.55052,1912.52,576.407,-0.0942,0.344721,-13.6049,0.033992,1905.15,0.0297497,0.0652113
2026-04-10,2026-04-10 12:18:08.778000+00:00,BTC-17APR26-72000-C,C,72000,2026-04-17 08:00:00+00:00,6.83333,0.293224,0.519923,0.388,0.4362,0.0482,1.5407,3930.16,137.667,-0.0283902,-0.000402597,0.0588925,-9.11521e-05,23546.3,-0.0979533,-0.070412
2026-04-10,2026-04-10 12:26:15.521000+00:00,BTC-13APR26-71500-P,P,71500,2026-04-13 08:00:00+00:00,2.83333,0.710455,0.401403,0.3577,0.4255,0.0678,1.78611,2454.4,360.144,-0.0631235,0.151413,-6.90139,0.0148448,2446.06,0.0298835,0.0676304
2026-04-10,2026-04-10 12:27:07.605000+00:00,BTC-13APR26-72500-C,C,72500,2026-04-13 08:00:00+00:00,2.83333,0.710607,0.421766,0.3512,0.4407,0.0895,2.75793,2483.17,366.81,-0.0619765,0.127397,7.35424,-0.0157139,2474.53,-0.37582,-0.334575
2026-04-10,2026-04-10 12:29:58.927000+00:00,BTC-14APR26-72500-C,C,72500,2026-04-14 08:00:00+00:00,3.83333,0.524588,0.443521,0.3719,0.4532,0.0813,1.67193,2916.62,256.03,-0.0485087,0.0683884,4.7142,-0.00925609,2908.49,-0.139956,-0.10501
2026-04-10,2026-04-10 12:35:05.693000+00:00,BTC-13APR26-73000-C,C,73000,2026-04-13 08:00:00+00:00,2.83333,0.712007,0.370925,0.3331,0.4122,0.0791,1.37435,2407.29,386.741,-0.0587824,0.351586,12.1714,-0.023832,4776.73,-0.0928775,-0.0532298
2026-04-17,2026-04-17 12:11:54.383000+00:00,BTC-21APR26-76000-C,C,76000,2026-04-21 08:00:00+00:00,3.83333,0.522867,0.552383,0.3455,0.3843,0.0388,-0.977701,3092.84,275.593,-0.0450652,0.0366268,-2.71622,0.00496135,21420,0.000690957,0.0377283
2026-04-17,2026-04-17 11:47:41.177000+00:00,BTC-21APR26-76000-P,P,76000,2026-04-21 08:00:00+00:00,3.83333,0.520578,0.475398,0.3458,0.3956,0.0498,-0.727843,3106.1,275.354,-0.0451044,0.0046953,-0.742123,0.0013659,3109.57,-0.291847,-0.252856
2026-04-17,2026-04-17 12:12:37.759000+00:00,BTC-24APR26-75000-P,P,75000,2026-04-24 08:00:00+00:00,6.83333,0.293059,0.428141,0.41,0.444,0.034,-0.0121698,4062.11,130.28,-0.03,0.0551606,-2.22696,0.00358754,16226.5,-0.0856194,-0.0582091
2026-04-17,2026-04-17 12:14:35.387000+00:00,BTC-19APR26-75500-P,P,75500,2026-04-19 08:00:00+00:00,1.83333,0.731314,0.414096,0.2969,0.2664,-0.0305,-0.418421,2094.29,670.566,-0.0809727,0.1425,-9.28803,0.0207716,10677.7,-0.287773,-0.233451
2026-04-17,2026-04-17 12:14:58.828000+00:00,BTC-20APR26-75500-P,P,75500,2026-04-20 08:00:00+00:00,2.83333,0.708484,0.366452,0.3092,0.3279,0.0187,-1.37523,2526.53,416.635,-0.0545647,0.345368,-11.5059,0.0208229,2521.39,-0.382327,-0.337878
2026-04-17,2026-04-17 12:16:05.485000+00:00,BTC-21APR26-75500-C,C,75500,2026-04-21 08:00:00+00:00,3.83333,0.523265,0.632918,0.3359,0.3909,0.055,-1.01119,2946.7,283.469,-0.043813,0.307667,-8.85224,0.0149704,5867.72,0.000139414,0.0392933
2026-04-17,2026-04-17 12:16:28.241000+00:00,BTC-21APR26-75500-P,P,75500,2026-04-21 08:00:00+00:00,3.83333,0.523301,0.365866,0.3393,0.3926,0.0533,-1.03109,2944.11,280.629,-0.0442565,0.310369,-8.84605,0.0150948,26465.6,-0.273266,-0.235271
2026-04-17,2026-04-17 12:30:00.326000+00:00,BTC-20APR26-77000-C,C,77000,2026-04-20 08:00:00+00:00,2.83333,0.711112,0.375851,0.3333,0.3376,0.00429996,-1.49138,2550.55,386.509,-0.0588177,0.3257,11.731,-0.0230777,2540.13,-0.0655243,-0.0257838
2026-04-17,2026-04-17 11:17:53.632000+00:00,BTC-24APR26-76000-C,C,76000,2026-04-24 08:00:00+00:00,6.83333,0.291436,0.447494,0.3866,0.4142,0.0276,0.362342,4077.92,138.165,-0.0282878,0.0634513,3.50279,-0.00536152,4086.85,-0.0933216,-0.0641334
2026-04-24,2026-04-24 12:01:40.067000+00:00,BTC-26APR26-78500-C,C,78500,2026-04-26 08:00:00+00:00,1.83333,0.727732,0.48138,0.2999,0.2553,-0.0446,-0.773921,2214.38,663.858,-0.0817909,0.0105695,3.19567,-0.00738208,15578.5,0.0833744,0.121149
2026-04-24,2026-04-24 11:54:39.431000+00:00,BTC-27APR26-78000-P,P,78000,2026-04-27 08:00:00+00:00,2.83333,0.704959,0.418429,0.3155,0.3002,-0.0153,0.153245,2698.42,408.315,-0.0556765,0.116391,-6.4119,0.0122844,34951.8,0.174446,0.213413
2026-04-24,2026-04-24 11:46:42.306000+00:00,BTC-26APR26-78000-P,P,78000,2026-04-26 08:00:00+00:00,1.83333,0.723629,0.403368,0.2972,0.2106,-0.0866,-0.66164,2150.65,669.889,-0.0810545,0.184922,-10.6412,0.0236645,8531.84,0.14246,0.193184
2026-04-24,2026-04-24 11:35:02.626000+00:00,BTC-26APR26-78000-C,C,78000,2026-04-26 08:00:00+00:00,1.83333,0.720462,0.631529,0.2944,0.2255,-0.0689,-1.03199,2097.6,676.26,-0.0802909,0.362749,-15.1704,0.0325335,6381.78,0.13106,0.179712
2026-04-24,2026-04-24 11:32:19.035000+00:00,BTC-26APR26-79000-C,C,79000,2026-04-26 08:00:00+00:00,1.83333,0.719726,0.390071,0.2954,0.3017,0.00629999,-1.14193,2134.29,673.971,-0.0805636,0.286632,14.408,-0.0315512,12760.4,0.034312,0.0677901
2026-05-01,2026-05-01 12:09:45.951000+00:00,BTC-5MAY26-77500-P,P,77500,2026-05-05 08:00:00+00:00,3.83333,0.522664,0.512167,0.3077,0.3044,-0.0033,1.86031,3162.42,309.449,-0.0401348,0.00613348,1.96561,-0.0032238,9423.27,0.00872929,0.0430844
2026-05-01,2026-05-01 12:12:25.772000+00:00,BTC-4MAY26-77500-P,P,77500,2026-05-04 08:00:00+00:00,2.83333,0.708039,0.514606,0.2522,0.2753,0.0231,2.28916,2719.35,510.799,-0.0445059,0.00850991,2.64403,-0.00413339,24140.5,0.0269957,0.0604778
2026-05-01,2026-05-01 12:14:32.608000+00:00,BTC-8MAY26-77000-P,P,77000,2026-05-08 08:00:00+00:00,6.83333,0.293116,0.428927,0.328,0.3442,0.0162,1.29715,4165.47,162.849,-0.024,0.0732005,-2.98865,0.00385308,36989.3,-0.0280546,-0.002013
2026-05-01,2026-05-01 11:42:08.264000+00:00,BTC-8MAY26-78000-C,C,78000,2026-05-08 08:00:00+00:00,6.83333,0.292153,0.433191,0.3257,0.341,0.0153,1.56897,4162.19,163.999,-0.0238317,0.11017,4.77993,-0.00613048,131339,-0.0122658,0.0149383
2026-05-01,2026-05-01 12:30:29.391000+00:00,BTC-8MAY26-79000-C,C,79000,2026-05-08 08:00:00+00:00,6.83333,0.293593,0.37015,0.3231,0.3306,0.0075,1.26994,4019.36,165.319,-0.0236415,0.384106,8.48437,-0.0103658,93309.6,-0.0197335,0.00615747
2026-05-01,2026-05-01 12:33:52.952000+00:00,BTC-3MAY26-77500-P,P,77500,2026-05-03 08:00:00+00:00,1.83333,0.736728,0.37599,0.2381,0.2792,0.0411,1.18785,2096.54,836.165,-0.0649364,0.392106,-17.614,0.0307826,4158.59,0.0356101,0.0709251
2026-05-08,2026-05-08 11:58:52.575000+00:00,BTC-10MAY26-80500-C,C,80500,2026-05-10 08:00:00+00:00,1.83333,0.726963,0.46267,0.2306,0.221,-0.00959999,0.295874,2262.29,863.36,-0.0628909,0.0447419,6.73525,-0.0119239,4537.12,0.0907395,0.139192
2026-05-08,2026-05-08 11:42:06.129000+00:00,BTC-15MAY26-81000-P,P,81000,2026-05-15 08:00:00+00:00,6.83333,0.292152,0.573906,0.3517,0.344,-0.00769997,0.542095,4301.38,151.876,-0.0257341,0.124463,4.87641,-0.00673184,17221.8,0.00546094,0.0321547
2026-05-08,2026-05-08 11:30:15.911000+00:00,BTC-11MAY26-81000-C,C,81000,2026-05-11 08:00:00+00:00,2.83333,0.700775,0.358052,0.2726,0.2455,-0.0271,0.540088,2639.5,472.573,-0.0481059,0.521099,16.2006,-0.025627,23871.3,0.0406895,0.0786449
2026-05-08,2026-05-08 12:31:52.373000+00:00,BTC-15MAY26-79000-C,C,79000,2026-05-15 08:00:00+00:00,6.83333,0.293634,0.634569,0.3466,0.3657,0.0191,0.52467,4127.36,154.11,-0.025361,0.293426,-6.24314,0.00814756,4119.98,-0.0146557,0.0136579
2026-05-15,2026-05-15 12:19:52.498000+00:00,BTC-22MAY26-81000-C,C,81000,2026-05-22 08:00:00+00:00,6.83333,0.293275,0.455281,0.3284,0.3315,0.00310001,-2.95342,4367.22,162.651,-0.0240293,0.0536621,3.49636,-0.00455727,126297,-0.027487,-0.000824187
2026-05-15,2026-05-15 12:32:35.760000+00:00,BTC-18MAY26-80500-C,C,80500,2026-05-18 08:00:00+00:00,2.83333,0.711567,0.530297,0.2768,0.2846,0.00779999,-3.36132,2825.75,465.403,-0.0488471,0.0140837,-2.10856,0.00360985,2814.4,-0.0378012,-0.00568106
2026-05-15,2026-05-15 12:32:35.793000+00:00,BTC-18MAY26-80000-C,C,80000,2026-05-18 08:00:00+00:00,2.83333,0.711567,0.628473,0.2811,0.2659,-0.0152,-3.28577,2686.7,458.284,-0.0496059,0.350687,-12.1872,0.0201459,2674.89,-0.0208976,0.0156193
2026-05-15,2026-05-15 12:33:37.326000+00:00,BTC-18MAY26-81000-C,C,81000,2026-05-18 08:00:00+00:00,2.83333,0.711748,0.441373,0.274,0.3304,0.0564,-3.47451,2805.78,470.159,-0.0483529,0.0915622,7.08018,-0.0119042,2793.9,-0.038844,-0.0092687
2026-05-15,2026-05-15 11:15:39.125000+00:00,BTC-18MAY26-81500-C,C,81500,2026-05-18 08:00:00+00:00,2.83333,0.698292,0.364115,0.2552,0.3766,0.1214,-3.6561,2673.16,504.794,-0.0450353,0.509399,16.5434,-0.0246359,2689.53,-0.0666605,-0.0384504
2026-05-22,2026-05-22 11:47:40.499000+00:00,BTC-25MAY26-77500-C,C,77500,2026-05-25 08:00:00+00:00,2.83333,0.703756,0.531106,0.2276,0.3061,0.0785,-1.29924,2719.45,566.008,-0.0401647,0.0199414,-2.89661,0.00407682,5447.15,-0.0978641,-0.0561624
2026-05-22,2026-05-22 12:12:43.582000+00:00,BTC-29MAY26-78000-C,C,78000,2026-05-29 08:00:00+00:00,6.83333,0.293062,0.443201,0.3046,0.3279,0.0233,-1.08956,4185.91,175.36,-0.0222878,0.0864191,4.42485,-0.0053287,37218.5,-0.0691557,-0.0404476
2026-05-22,2026-05-22 11:24:20.009000+00:00,BTC-29MAY26-76000-P,P,76000,2026-05-29 08:00:00+00:00,6.83333,0.291626,0.353263,0.3148,0.3527,0.0379,-0.760739,3923.39,169.678,-0.0230341,0.400201,-7.75562,0.00908206,15725.5,-0.064691,-0.0354939
2026-05-22,2026-05-22 11:20:15.844000+00:00,BTC-26MAY26-76500-P,P,76500,2026-05-26 08:00:00+00:00,3.83333,0.51801,0.376071,0.258,0.348,0.09,-0.826463,2998.46,369.06,-0.0336522,0.356668,-10.984,0.0143722,12040.9,-0.148271,-0.108763
2026-05-22,2026-05-22 11:16:32.710000+00:00,BTC-24MAY26-77500-C,C,77500,2026-05-24 08:00:00+00:00,1.83333,0.715496,0.622037,0.2222,0.2968,0.0746,-1.77495,2096.36,895.999,-0.0606,0.419416,-18.8919,0.0308194,2115.14,0.108444,0.145029
2026-06-05,2026-06-05 12:01:35.989000+00:00,BTC-12JUN26-63000-C,C,63000,2026-06-12 08:00:00+00:00,6.83333,0.292731,0.402855,0.494,0.5359,0.0419,-1.54273,3273.97,108.127,-0.0361463,0.156091,4.63855,-0.00887958,6592.57,-0.0386514,-0.0114022
2026-06-05,2026-06-05 12:03:46.165000+00:00,BTC-7JUN26-61000-P,P,61000,2026-06-07 08:00:00+00:00,1.83333,0.728313,0.393901,0.5949,0.4184,-0.1765,-1.3896,1680.89,334.663,-0.162245,0.102573,-5.38027,0.0238039,8398.1,0.0874591,0.140983
2026-06-05,2026-06-05 11:39:42.639000+00:00,BTC-8JUN26-63000-C,C,63000,2026-06-08 08:00:00+00:00,2.83333,0.702389,0.392078,0.4611,0.5428,0.0817,-2.25944,2107,279.383,-0.0813706,0.18784,7.7615,-0.0213767,4289.03,-0.155046,-0.115395
2026-06-05,2026-06-05 11:34:45.402000+00:00,BTC-9JUN26-61500-P,P,61500,2026-06-09 08:00:00+00:00,3.83333,0.519364,0.391504,0.5279,0.5885,0.0606,-2.4087,2453.26,180.37,-0.0688565,0.115928,-4.09999,0.0111109,9827.64,-0.111055,-0.0751314
2026-06-05,2026-06-05 12:30:01.431000+00:00,BTC-7JUN26-62000-P,P,62000,2026-06-07 08:00:00+00:00,1.83333,0.735639,0.464008,0.5094,0.4717,-0.0377,-2.15519,1750.43,390.834,-0.138927,0.00953162,-1.49381,0.00584396,6958.66,-0.394996,-0.3376
2026-06-05,2026-06-05 12:33:52.280000+00:00,BTC-12JUN26-62000-C,C,62000,2026-06-12 08:00:00+00:00,6.83333,0.293694,0.500735,0.5214,0.5525,0.0311,-1.7298,3376.19,102.445,-0.0381512,-0.00026101,0.972505,-0.00202525,3370.37,-0.0746513,-0.0452408
2026-06-05,2026-06-05 11:24:17.528000+00:00,BTC-7JUN26-63000-P,P,63000,2026-06-07 08:00:00+00:00,1.83333,0.717567,0.617055,0.4613,0.6854,0.2241,-2.6404,1685.36,431.587,-0.125809,0.21634,10.1757,-0.0346035,6855.21,-0.316541,-0.264309
2026-06-05,2026-06-05 12:36:21.161000+00:00,BTC-8JUN26-62000-C,C,62000,2026-06-08 08:00:00+00:00,2.83333,0.712228,0.450908,0.517,0.5385,0.0215,-1.37701,2148.64,249.175,-0.0912353,0.0398825,3.69182,-0.0117504,2138.85,-0.177514,-0.133263
2026-06-05,2026-06-05 12:40:13.103000+00:00,BTC-7JUN26-62000-C,C,62000,2026-06-07 08:00:00+00:00,1.83333,0.738524,0.484866,0.5341,0.4364,-0.0977,-1.67795,1748.02,372.76,-0.145664,0.00526233,1.98714,-0.00817825,3469.24,-0.0952445,-0.0483098
2026-06-12,2026-06-12 12:01:42.025000+00:00,BTC-19JUN26-64000-P,P,64000,2026-06-19 08:00:00+00:00,6.83333,0.292734,0.53705,0.3803,0.3981,0.0178,1.34198,3456.95,140.454,-0.0278268,0.0354621,2.78709,-0.00421519,3456.64,0.00514796,0.0313203
2026-06-12,2026-06-12 11:53:02.801000+00:00,BTC-19JUN26-65000-C,C,65000,2026-06-19 08:00:00+00:00,6.83333,0.292476,0.358697,0.3684,0.3972,0.0288,1.30189,3258.7,144.991,-0.0269561,0.405433,8.18336,-0.0112771,19556.2,-0.0409979,-0.0154847
2026-06-12,2026-06-12 11:51:45.696000+00:00,BTC-15JUN26-63500-P,P,63500,2026-06-15 08:00:00+00:00,2.83333,0.70446,0.448448,0.3058,0.3288,0.023,1.01043,2220.21,421.267,-0.0539647,0.0435736,-3.81348,0.00717285,6681.85,0.0278056,0.0652135
2026-06-12,2026-06-12 12:17:50.203000+00:00,BTC-15JUN26-63000-P,P,63000,2026-06-15 08:00:00+00:00,2.83333,0.708982,0.366302,0.2992,0.3577,0.0585,1.24741,2107.46,430.56,-0.0528,0.358537,-11.9347,0.0208983,2102.35,0.00519528,0.0410623
2026-06-19,2026-06-19 11:55:21.075000+00:00,BTC-26JUN26-62000-P,P,62000,2026-06-26 08:00:00+00:00,6.83333,0.292545,0.420891,0.4015,0.3964,-0.00510002,2.55256,3349.07,133.038,-0.029378,0.0719595,-2.63422,0.00414094,6725.91,-0.0019788,0.0248847
2026-06-19,2026-06-19 12:15:30.006000+00:00,BTC-23JUN26-62000-P,P,62000,2026-06-23 08:00:00+00:00,3.83333,0.523208,0.40142,0.3786,0.4035,0.0249,2.74035,2479.22,251.499,-0.0493826,0.138702,-5.42735,0.0106221,2475.55,-0.0216401,0.0113366
2026-06-26,2026-06-26 12:12:35.191000+00:00,BTC-28JUN26-60000-C,C,60000,2026-06-28 08:00:00+00:00,1.83333,0.730757,0.374424,0.4645,0.2675,-0.197,1.08174,1594.39,428.613,-0.126682,0.242143,10.6998,-0.0364194,16210.9,0.181148,0.235689
2026-06-26,2026-06-26 12:13:11.076000+00:00,BTC-28JUN26-59000-P,P,59000,2026-06-28 08:00:00+00:00,1.83333,0.730923,0.417268,0.4878,0.3942,-0.0936,0.957009,1643.13,408.14,-0.133036,0.0743051,-5.02964,0.0185121,3291.14,0.0921115,0.131629
2026-06-26,2026-06-26 11:29:03.602000+00:00,BTC-28JUN26-59500-P,P,59500,2026-06-28 08:00:00+00:00,1.83333,0.718848,0.528104,0.4797,0.3016,-0.1781,1.26575,1673.02,415.032,-0.130827,0.0155835,3.09184,-0.0114078,3335.13,0.181522,0.225819
2026-06-26,2026-06-26 12:32:48.506000+00:00,BTC-28JUN26-60000-P,P,60000,2026-06-28 08:00:00+00:00,1.83333,0.736425,0.56468,0.4642,0.2387,-0.2255,0.706637,1664.63,428.89,-0.1266,0.0677296,5.91282,-0.0208901,4962.12,0.295427,0.34905
2026-06-26,2026-06-26 12:33:39.579000+00:00,BTC-28JUN26-60500-C,C,60500,2026-06-28 08:00:00+00:00,1.83333,0.736665,0.351439,0.4491,0.2132,-0.2359,0.549341,1572.27,443.311,-0.122482,0.346346,12.9012,-0.0415841,3121.28,0.163148,0.208247
2026-06-26,2026-06-26 12:40:03.265000+00:00,BTC-28JUN26-58500-P,P,58500,2026-06-28 08:00:00+00:00,1.83333,0.738477,0.376524,0.5668,0.4078,-0.159,1.3193,1593.79,351.254,-0.154582,0.150178,-6.78016,0.028221,31834,0.0730242,0.109635
2026-07-03,2026-07-03 12:01:15.456000+00:00,BTC-10JUL26-63000-C,C,63000,2026-07-10 08:00:00+00:00,6.83333,0.29272,0.367931,0.3231,0.3774,0.0543,1.58597,3197.52,165.319,-0.0236415,0.398304,8.63003,-0.0105211,287209,-0.062021,-0.0347784
2026-07-03,2026-07-03 12:04:42.969000+00:00,BTC-5JUL26-62000-P,P,62000,2026-07-05 08:00:00+00:00,1.83333,0.728574,0.480444,0.2302,0.2885,0.0583,1.49191,1752.04,864.861,-0.0627818,0.00696061,-2.00399,0.00355297,1750.47,-0.00929075,0.0302492
2026-07-03,2026-07-03 12:08:16.190000+00:00,BTC-10JUL26-62000-C,C,62000,2026-07-10 08:00:00+00:00,6.83333,0.292929,0.515967,0.3397,0.3753,0.0356,1.61729,3384.25,157.241,-0.0248561,-0.000759421,0.13863,-0.000187941,30457.9,-0.0452414,-0.0173919
2026-07-10,2026-07-10 11:57:57.127000+00:00,BTC-17JUL26-64000-P,P,64000,2026-07-17 08:00:00+00:00,6.83333,0.292622,0.441955,0.3361,0.3465,0.0104,-0.817878,3476.06,158.925,-0.0245927,0.0434639,-2.17535,0.00288924,65888.7,-0.00549379,0.020205
2026-07-10,2026-07-10 12:03:03.176000+00:00,BTC-12JUL26-64000-P,P,64000,2026-07-12 08:00:00+00:00,1.83333,0.728115,0.380431,0.2605,0.2649,0.00440001,-0.862541,1737.15,764.265,-0.0710455,0.333634,-15.4761,0.0296817,6900.03,0.0147534,0.0668836
2026-07-10,2026-07-10 11:54:48.100000+00:00,BTC-13JUL26-64000-P,P,64000,2026-07-13 08:00:00+00:00,2.83333,0.704984,0.402813,0.2748,0.3143,0.0395,-0.87809,2194.78,468.79,-0.0484941,0.198907,-9.16933,0.0151627,2196.25,-0.0107574,0.0267734
2026-07-10,2026-07-10 11:49:48.236000+00:00,BTC-12JUL26-64500-C,C,64500,2026-07-12 08:00:00+00:00,1.83333,0.724475,0.479889,0.2691,0.3067,0.0376,-1.01563,1819.24,739.84,-0.0733909,0.0130858,3.65141,-0.00756714,30837.3,0.051236,0.091707
2026-07-10,2026-07-10 11:48:29.288000+00:00,BTC-14JUL26-65000-C,C,65000,2026-07-14 08:00:00+00:00,3.83333,0.520653,0.385391,0.2902,0.3264,0.0362,-0.868553,2523.66,328.11,-0.0378522,0.323072,10.8079,-0.0160291,2526.54,-0.0156572,0.0168907
2026-07-10,2026-07-10 12:14:25.700000+00:00,BTC-17JUL26-65000-C,C,65000,2026-07-17 08:00:00+00:00,6.83333,0.293113,0.441305,0.3287,0.3142,-0.0145,-0.724342,3482.95,162.503,-0.0240512,0.0863905,4.28004,-0.00555826,10388.3,-0.00803428,0.0181556
2026-07-10,2026-07-10 12:15:22.498000+00:00,BTC-13JUL26-64500-C,C,64500,2026-07-13 08:00:00+00:00,2.83333,0.708552,0.49383,0.2777,0.3117,0.034,-0.967237,2265.31,463.895,-0.0490059,0.00220893,1.62903,-0.00280568,4516.78,-0.00385829,0.0359038
2026-07-10,2026-07-10 12:16:43.282000+00:00,BTC-12JUL26-64000-C,C,64000,2026-07-12 08:00:00+00:00,1.83333,0.731909,0.620611,0.2788,0.2757,-0.00309999,-0.864587,1736.8,714.099,-0.0760364,0.31454,-14.4954,0.0297359,15496,0.026849,0.0828684
2026-07-17,2026-07-17 12:02:08.738000+00:00,BTC-24JUL26-63000-P,P,63000,2026-07-24 08:00:00+00:00,6.83333,0.292747,0.453874,0.3231,0.34,0.0169,2.35507,3430.09,165.319,-0.0236415,0.0257003,-1.62103,0.00207792,10322.8,-0.0271025,-0.000447074
2026-07-17,2026-07-17 11:16:04.577000+00:00,BTC-21JUL26-63000-P,P,63000,2026-07-21 08:00:00+00:00,3.83333,0.51762,0.485615,0.2995,0.3229,0.0234,2.74458,2575.65,317.921,-0.0390652,0.000649758,-0.175701,0.000280436,2585.88,-0.0506712,-0.017217
2026-07-24,2026-07-24 12:01:04.117000+00:00,BTC-27JUL26-65500-C,C,65500,2026-07-27 08:00:00+00:00,2.83333,0.706067,0.385928,0.2804,0.2481,-0.0323,-0.955952,2191.09,459.428,-0.0494824,0.32528,12.7349,-0.0212377,2190.78,-0.00367805,0.0278173
2026-07-24,2026-07-24 11:58:46.029000+00:00,BTC-31JUL26-66000-C,C,66000,2026-07-31 08:00:00+00:00,6.83333,0.292646,0.387383,0.3447,0.3519,0.00719997,-0.967538,3407.98,154.96,-0.025222,0.276728,7.06747,-0.00933986,122064,-0.0215372,0.00430397
2026-07-24,2026-07-24 11:43:24.698000+00:00,BTC-26JUL26-65000-C,C,65000,2026-07-26 08:00:00+00:00,1.83333,0.722731,0.490854,0.2423,0.206,-0.0363,-1.04283,1836.31,821.671,-0.0660818,0.00382703,2.34243,-0.0043754,7354.33,-0.00176073,0.0350409
2026-07-24,2026-07-24 12:39:04.993000+00:00,BTC-31JUL26-65000-C,C,65000,2026-07-31 08:00:00+00:00,6.83333,0.29385,0.510532,0.3477,0.3661,0.0184,-0.885203,3547.29,153.623,-0.0254415,-0.00160705,0.444137,-0.000616577,3540.24,-0.0316334,-0.00504894
2026-08-07,2026-08-07 12:12:04.046000+00:00,BTC-10AUG26-65500-C,C,65500,2026-08-10 08:00:00+00:00,2.83333,0.707976,0.40828,0.2162,0.2064,-0.00980001,-0.243531,2231.06,595.853,-0.0381529,0.2685,13.1585,-0.017179,2227.57,0.0186788,0.0534636
2026-08-07,2026-08-07 12:14:40.214000+00:00,BTC-9AUG26-65000-P,P,65000,2026-08-09 08:00:00+00:00,1.83333,0.731337,0.441827,0.2507,0.1774,-0.0733,-0.381151,1822.75,794.14,-0.0683727,0.0746577,-7.21613,0.0138021,7281.91,0.123806,0.167134
2026-08-07,2026-08-07 12:34:16.785000+00:00,BTC-9AUG26-65000-C,C,65000,2026-08-09 08:00:00+00:00,1.83333,0.73684,0.511974,0.2453,0.1533,-0.092,-0.213246,1837.65,811.622,-0.0669,0.00153165,-0.721934,0.00136494,1825.68,0.154391,0.192297
