date,short_weekend_leg_net,short_weekday_leg_net,spread_net,spread_gross
2020-02-06 00:00:00+00:00,0.14156388401602393,-0.053599793123596313,0.19516367713962024,0.20549566827225643
2020-02-08 00:00:00+00:00,-0.08323152190864,-0.25178796462508773,0.16855644271644774,0.12365747062020332
2020-02-09 00:00:00+00:00,-0.24794929041260394,-0.2972418016945991,0.04929251128199513,0.07115392086724154
2020-02-15 00:00:00+00:00,-0.17529962694981086,-0.1715118048163675,-0.0037878221334433637,-0.03561707603623443
2020-02-16 00:00:00+00:00,-0.23973680652129842,-0.3993683896923724,0.159631583171074,0.23863265850066645
2020-02-20 00:00:00+00:00,0.10235180580860372,0.1452511499152011,-0.04289934410659739,-0.04439068360525772
2020-02-22 00:00:00+00:00,0.01688058425194751,-0.1364768392456369,0.1533574234975844,0.15285877832889735
2020-02-23 00:00:00+00:00,-0.2778930986321402,-0.061442517220372445,-0.21645058141176773,-0.09267376531820347
2020-02-29 00:00:00+00:00,0.04111636705679163,-0.11359741570691326,0.1547137827637049,0.13574076587760217
2020-03-01 00:00:00+00:00,-0.28308887814092637,-0.008723458204184324,-0.27436541993674207,-0.1288659125203943
2020-03-05 00:00:00+00:00,-0.09815041925325821,-0.08740487914449614,-0.010745540108762067,0.013650537672112299
2020-03-06 00:00:00+00:00,-0.12171372803070911,-0.019091011712892816,-0.10262271631781629,-0.11268373516805384
2020-03-07 00:00:00+00:00,-0.20071909088299358,-0.113808398523627,-0.08691069235936659,-0.02375745871460165
2020-03-14 00:00:00+00:00,0.3070655602451255,-0.7613957256773977,1.068461285922523,1.0394107893707842
2020-03-15 00:00:00+00:00,-0.5508166882144724,-0.10043629893689109,-0.4503803892775813,-0.38009588738240707
2020-03-19 00:00:00+00:00,-0.19004405966946897,0.009353574282820827,-0.1993976339522898,-0.24831393253863032
2020-03-21 00:00:00+00:00,0.6989870557555796,-0.21590700900978152,0.9148940647653612,0.9654873120508085
2020-03-22 00:00:00+00:00,0.03928372889792848,-0.03329276927263821,0.07257649817056669,0.05470313994273526
2020-03-26 00:00:00+00:00,0.018872760273788716,0.5197441633309274,-0.5008714030571387,-0.5135427893524009
2020-03-28 00:00:00+00:00,0.3547497304795101,0.21333004040799464,0.14141969007151545,0.17234055215455452
2020-03-29 00:00:00+00:00,-0.080118416190522,0.03365861618527804,-0.11377703237580003,-0.03550712386580557
2020-04-02 00:00:00+00:00,-0.45427449285045235,-0.5290857370698335,0.07481124421938118,0.04754580902566635
2020-04-04 00:00:00+00:00,0.11569632627695546,-0.012783857688356175,0.12848018396531163,0.14649567797109644
2020-04-05 00:00:00+00:00,0.07915271616354216,-0.03204704210165248,0.11119975826519465,0.18511843606548767
2020-04-09 00:00:00+00:00,-0.13999132092476388,0.05843099890501755,-0.19842231982978142,-0.26472919763717295
2020-04-11 00:00:00+00:00,0.4595139473793577,-0.03510272916314324,0.4946166765425009,0.4947490584534518
2020-04-12 00:00:00+00:00,-0.2933677360377889,-0.32384347735279534,0.030475741315006466,-0.046510278390319015
2020-04-16 00:00:00+00:00,0.23263387446110392,-0.20175207644436424,0.43438595090546817,0.5556954600580633
2020-04-17 00:00:00+00:00,0.19511053518817326,0.09834879384777523,0.09676174134039803,0.13673424298487835
2020-04-18 00:00:00+00:00,0.08659238661761108,-0.10598712664364002,0.1925795132612511,0.15592368753278193
2020-04-19 00:00:00+00:00,0.01710848031846728,0.013015823344743783,0.004092656973723496,0.001497340740187758
2020-04-23 00:00:00+00:00,-0.10619139031813869,-0.16696902498704458,0.060777634668905886,0.009550619988045544
2020-04-25 00:00:00+00:00,0.12516451069911688,0.02361168620757849,0.1015528244915384,0.1542197048529022
2020-04-26 00:00:00+00:00,-0.07488337625868265,-0.04296627990322018,-0.031917096355462464,-0.009659253289850678
2020-05-02 00:00:00+00:00,0.15882807534439977,-0.21022622742012562,0.3690543027645254,0.39895232682933146
2020-05-03 00:00:00+00:00,-0.2236103589560994,-0.08136892941498321,-0.14224142954111618,-0.14388178548247918
2020-05-07 00:00:00+00:00,-0.2396374330506736,0.0869282066331726,-0.3265656396838462,-0.3240595235396776
2020-05-08 00:00:00+00:00,-0.20562465326628288,0.41530660034898703,-0.6209312536152699,-0.6326906878393372
2020-05-09 00:00:00+00:00,-0.08700520940859835,-0.7042996858563438,0.6172944764477455,0.5958396552027072
2020-05-10 00:00:00+00:00,-0.8664668715959626,-0.08420891722452542,-0.7822579543714372,-0.8651583215847316
2020-05-16 00:00:00+00:00,-0.002783327253012989,0.05515052014545649,-0.057933847398469476,-0.07069030673582002
2020-05-17 00:00:00+00:00,-0.046277663461736486,-0.0129340816397735,-0.03334358182196299,-0.0321726039805295
2020-05-23 00:00:00+00:00,0.08828031362656122,0.04428534692567004,0.04399496670089118,0.1008399607419129
2020-05-24 00:00:00+00:00,-0.024138157411486002,0.07185678373229004,-0.09599494114377605,-0.10766395272988276
2020-05-30 00:00:00+00:00,-0.08710218717650099,-0.3265670905317265,0.23946490335522552,0.1811003371027251
2020-05-31 00:00:00+00:00,0.24297224810042653,-0.17854011240919895,0.4215123605096255,0.39452329123634033
2020-06-04 00:00:00+00:00,0.033346540399261854,0.1745661632659913,-0.14121962286672946,-0.22572905096501594
2020-06-06 00:00:00+00:00,0.24083223415268584,0.008102419402384119,0.23272981475030172,0.23998672265705667
2020-06-07 00:00:00+00:00,0.05479174257595189,-0.07542194187228629,0.13021368444823817,0.1648737333891761
2020-06-11 00:00:00+00:00,-0.09084717052150255,-0.0004158684588675836,-0.09043130206263497,-0.07358857404445943
2020-06-12 00:00:00+00:00,0.26130779898342366,0.17154858390264494,0.08975921508077872,0.12157280178563473
2020-06-13 00:00:00+00:00,0.11375604100728386,0.12292633690859907,-0.009170295901315212,-0.050318586479485394
2020-06-14 00:00:00+00:00,0.009593050926044719,0.06809244118264693,-0.05849939025660221,-0.08628598687108584
2020-06-18 00:00:00+00:00,0.006893572467949424,0.10893200967631952,-0.1020384372083701,-0.09117996313084653
2020-06-19 00:00:00+00:00,0.1273321135164147,0.10076463308167151,0.026567480434743204,0.007649731041976415
2020-06-20 00:00:00+00:00,0.1941161986102227,0.04497381679429279,0.1491423818159299,0.16849825641319785
2020-06-21 00:00:00+00:00,0.12265393482951813,0.0321362237981301,0.09051771103138803,0.1135126256896859
2020-06-27 00:00:00+00:00,-0.1528605524728958,0.06232269314031304,-0.21518324561320884,-0.21608496669198307
2020-06-28 00:00:00+00:00,0.1156263234523807,0.12761200315300444,-0.011985679700623739,-0.003995170810142223
2020-07-02 00:00:00+00:00,-0.044400914765394206,-0.03685136712041112,-0.0075495476449830845,-0.01659750349506954
2020-07-04 00:00:00+00:00,0.06383255174195768,0.01388689542465272,0.04994565631730496,0.011853348195766528
2020-07-05 00:00:00+00:00,-0.07233085277632952,-0.007353814442702463,-0.06497703833362706,0.003368960754701014
2020-07-09 00:00:00+00:00,-0.04254915400846843,0.019747417224553365,-0.0622965712330218,-0.026253420584401554
2020-07-10 00:00:00+00:00,-0.018099995159522646,0.06035837965141655,-0.0784583748109392,-0.13573877028465575
2020-07-11 00:00:00+00:00,0.08777111205277471,0.06215839454207105,0.02561271751070366,0.041134897950325405
2020-07-12 00:00:00+00:00,-0.01120220433742335,0.08433697439496687,-0.09553917873239022,-0.045719316112346725
2020-07-16 00:00:00+00:00,0.2894270111173263,0.01986214729384587,0.26956486382348044,0.26455095739855217
2020-07-18 00:00:00+00:00,0.1011372328781721,0.056015910861234475,0.04512132201693762,0.04540872120366457
2020-07-19 00:00:00+00:00,0.09304894483133809,0.03724283870343341,0.05580610612790468,0.0779936675348737
2020-07-23 00:00:00+00:00,-0.024545988872550595,0.11707956288465965,-0.14162555175721026,-0.137482673249555
2020-07-24 00:00:00+00:00,0.017829645866399565,0.05995052375628131,-0.04212087788988174,-0.10981517674220932
2020-07-25 00:00:00+00:00,-0.046458016009078326,-0.07733513493943986,0.030877118930361533,0.05859492713315265
2020-07-26 00:00:00+00:00,-0.08046370823968561,-0.14217187318740115,0.06170816494771554,0.045588483766342114
2020-07-31 00:00:00+00:00,-0.8327191812125753,-0.2716698601178084,-0.5610493210947669,-0.6210357561227327
2020-08-01 00:00:00+00:00,-1.0173425962217506,-0.392219699600329,-0.6251228966214216,-0.6137141170069662
2020-08-02 00:00:00+00:00,-0.745504601716646,0.19047639018407347,-0.9359809919007195,-0.9671826173545262
2020-08-06 00:00:00+00:00,-0.017370658964015455,0.10214070856326932,-0.11951136752728478,-0.15091352963277802
2020-08-07 00:00:00+00:00,-0.2470244629168674,-0.0654388359492517,-0.18158562696761568,-0.10220271726115898
2020-08-08 00:00:00+00:00,-0.047734311249006546,-0.23298719343392213,0.1852528821849156,0.1581637661734478
2020-08-09 00:00:00+00:00,-0.13940011330463753,-0.40544358002391845,0.2660434667192809,0.1977908708698342
2020-08-13 00:00:00+00:00,-0.1284349692882143,-0.28802727599975964,0.15959230671154534,0.042029204571980644
2020-08-14 00:00:00+00:00,-0.20513576806646897,0.037756807355863384,-0.24289257542233234,-0.2609529916305834
2020-08-15 00:00:00+00:00,-0.035705381743161124,-0.16594809203424232,0.1302427102910812,0.15592393456703715
2020-08-16 00:00:00+00:00,0.17391798075429654,-0.09966103232218604,0.2735790130764826,0.29733674200409443
2020-08-20 00:00:00+00:00,-0.01430785347498789,0.08390300584318339,-0.09821085931817128,-0.11362579459999594
2020-08-22 00:00:00+00:00,0.15520067561831824,-0.1199537060074883,0.2751543816258065,0.22662913254560893
2020-08-23 00:00:00+00:00,0.07211444676977255,-0.24896993463762881,0.32108438140740136,0.26120577840978865
2020-08-27 00:00:00+00:00,-0.1491951875908834,-0.2497870765373321,0.10059188894644869,0.06726780330157449
2020-08-28 00:00:00+00:00,-0.08184879787558011,-0.056340559759219644,-0.025508238116360465,-0.04241984668996324
2020-08-29 00:00:00+00:00,0.016177614980084687,-0.1917615749771041,0.2079391899571888,0.20397277319373244
2020-08-30 00:00:00+00:00,-0.06833546503690083,-0.28373839564405867,0.21540293060715784,0.1702094238717368
2020-09-03 00:00:00+00:00,-0.3341310427810939,-0.10244716110766611,-0.2316838816734278,-0.19166081046992656
2020-09-04 00:00:00+00:00,-0.4843204018001635,-0.3323084676445321,-0.1520119341556314,-0.20964978797450928
2020-09-05 00:00:00+00:00,-0.2876203356704207,-0.2292656526948401,-0.058354682975580635,-0.1429833218178477
2020-09-06 00:00:00+00:00,0.0699766754691819,-0.02949104253731686,0.09946771800649876,0.11338034154699356
2020-09-10 00:00:00+00:00,0.11088477349256887,0.21541628220028833,-0.10453150870771946,-0.08053312448710848
2020-09-11 00:00:00+00:00,-0.005301345373245371,0.10803154524687601,-0.11333289062012139,-0.16879742873999937
2020-09-12 00:00:00+00:00,0.06758095232181714,-0.016973137721449764,0.0845540900432669,0.11391363966458207
2020-09-13 00:00:00+00:00,-0.19264057021573847,-0.07092215323251454,-0.12171841698322393,-0.03388017501375244
2020-09-17 00:00:00+00:00,-0.03790191585155698,0.10098634027229567,-0.13888825612385264,-0.12127202222986737
2020-09-18 00:00:00+00:00,-0.0439135448650543,-0.06913066917558404,0.02521712431052974,0.025200025420132943
2020-09-19 00:00:00+00:00,-0.16289898274115056,-0.0635892453079177,-0.09930973743323286,0.029526581456215308
2020-09-20 00:00:00+00:00,0.07861285936496692,-0.056878306072922435,0.13549116543788936,0.21392488844980978
2020-09-24 00:00:00+00:00,-0.046984797999047104,-0.037981964188727665,-0.009002833810319438,-0.02295843291523507
2020-09-25 00:00:00+00:00,-0.050260922579956666,-0.06704334055688926,0.016782417976932598,-0.04099366835953362
2020-09-26 00:00:00+00:00,0.08412065763536658,-0.13989286000406215,0.22401351763942873,0.166075779152091
2020-09-27 00:00:00+00:00,-0.158579676289887,-0.13811916882026,-0.020460507469626993,-0.04483244403559149
2020-10-01 00:00:00+00:00,-0.12994726579600568,-0.1849158806127617,0.05496861481675602,0.09009298471661709
2020-10-02 00:00:00+00:00,0.01517943425484959,-0.021171749335293876,0.036351183590143464,-0.0036257534448604772
2020-10-03 00:00:00+00:00,0.1002754418804344,0.035403207393609956,0.06487223448682444,0.03245649516167479
2020-10-04 00:00:00+00:00,0.020907045610516626,0.021731165681516344,-0.0008241200709997176,-0.02327415191576844
2020-10-08 00:00:00+00:00,-0.07168908863576752,-0.049415550568670585,-0.022273538067096935,-0.05711778780896119
2020-10-10 00:00:00+00:00,0.27079614648672035,-0.0906650953792626,0.36146124186598294,0.26376608286243214
2020-10-11 00:00:00+00:00,0.07023069545738075,-0.150993828077973,0.22122452353535377,0.2345528390973263
2020-10-15 00:00:00+00:00,-0.19488592162055404,-0.203788132412946,0.008902210792391951,-0.03479494637577654
2020-10-17 00:00:00+00:00,-0.06176910295659242,-0.030628905079702125,-0.031140197876890298,-0.010630809728370681
2020-10-18 00:00:00+00:00,-0.017471928975708834,-0.10662353658913734,0.08915160761342851,0.14675775749457343
2020-10-22 00:00:00+00:00,-0.050747818547533,0.03885806917692462,-0.08960588772445763,-0.026749467452978265
2020-10-23 00:00:00+00:00,-0.2308951563313821,0.058598512642618485,-0.2894936689740006,-0.2760004255400683
2020-10-24 00:00:00+00:00,-0.10919231623039764,-0.3879489377705684,0.2787566215401707,0.13860153111276285
2020-10-25 00:00:00+00:00,-0.16201067991172824,-0.3698088405642263,0.20779816065249807,0.14990754297246453
2020-10-29 00:00:00+00:00,-0.31646293180412205,-0.5298352330837208,0.21337230127959878,0.1231517356175621
2020-10-30 00:00:00+00:00,-0.2844003750509078,-0.4865135498754353,0.2021131748245275,0.08594094911388542
2020-10-31 00:00:00+00:00,-0.42235781269920275,-0.06712176552782406,-0.3552360471713787,-0.2839136026236129
2020-11-05 00:00:00+00:00,-0.1293891237746489,-0.193477280943014,0.0640881571683651,0.025552775955177146
2020-11-07 00:00:00+00:00,-0.03345639296824669,-0.13192288120455692,0.09846648823631023,0.0509581357640678
2020-11-08 00:00:00+00:00,-0.05573646670980997,-0.17505916576055028,0.1193226990507403,0.10849311036096598
2020-11-12 00:00:00+00:00,-0.2193271520884453,-0.26133429817076753,0.04200714608232223,0.06425789873766594
2020-11-14 00:00:00+00:00,-0.10967825525505584,-0.05309450965193702,-0.05658374560311882,-0.01225273689263236
2020-11-15 00:00:00+00:00,-0.18784184341230684,-0.0727814929285847,-0.11506035048372214,0.016120555245829817
2020-11-19 00:00:00+00:00,-0.15557131745712197,0.07507052959706915,-0.2306418470541911,-0.30003510188132937
2020-11-20 00:00:00+00:00,-0.222929879159987,-0.12718828025608736,-0.09574159890389963,-0.04704178365751574
2020-11-21 00:00:00+00:00,0.005509279913354281,-0.1349752995056864,0.1404845794190407,0.18832637961082185
2020-11-22 00:00:00+00:00,-0.5441108527441381,-0.3787218324188102,-0.16538902032532787,-0.04455907115829233
2020-11-28 00:00:00+00:00,0.04502469365144385,-0.08725268546321621,0.13227737911466006,0.18853616093253128
2020-11-29 00:00:00+00:00,-0.03820401776811625,-0.40978417833637226,0.371580160568256,0.3033456715206779
2020-12-05 00:00:00+00:00,-0.0340539054427815,-0.07591373651714219,0.041859831074360684,-0.027602084879630062
2020-12-06 00:00:00+00:00,0.07659383347237943,0.023161410573880093,0.05343242289849934,0.10713914612123479
2020-12-11 00:00:00+00:00,0.025243196915313473,-0.24460378427277932,0.2698469811880928,0.2024765242719313
2020-12-12 00:00:00+00:00,0.0109754406460878,-0.030143459035278382,0.041118899681366186,0.018856623690084923
2020-12-19 00:00:00+00:00,-0.11869509388252286,-0.06841382521558112,-0.05028126866694174,-0.07537928235098557
2020-12-20 00:00:00+00:00,-0.026307581816754074,-0.042571538532744084,0.01626395671599001,-0.019142195505225362
2020-12-24 00:00:00+00:00,-0.13014582387263285,0.023372816206438076,-0.15351864007907093,-0.2487179873976537
2020-12-26 00:00:00+00:00,0.11850758853143145,-0.12585110880774322,0.24435869733917467,0.2513260782363497
2020-12-27 00:00:00+00:00,-0.43756751295906865,-0.2773700890641627,-0.16019742389490593,-0.15464765746428746
2021-01-02 00:00:00+00:00,-0.06971994444505902,-0.9409317634430672,0.8712118189980081,0.7648870533144776
2021-01-03 00:00:00+00:00,-0.45439784115476667,-0.34653274964355696,-0.10786509151120971,-0.12018101651558874
2021-01-07 00:00:00+00:00,-0.23692672271834103,-0.3355577221682517,0.09863099944991066,0.026303946484445395
2021-01-08 00:00:00+00:00,-0.02541161469624973,-0.3306304361061782,0.30521882140992845,0.2836108903593485
2021-01-09 00:00:00+00:00,0.23269990232528553,-0.09606288363153008,0.32876278595681563,0.40111022352685693
2021-01-10 00:00:00+00:00,-0.07664004292283826,-0.18587534555724913,0.10923530263441088,0.10796935649209013
2021-01-14 00:00:00+00:00,-0.12263894106677205,-0.07268201399512442,-0.04995692707164763,-0.025242046518705007
2021-01-15 00:00:00+00:00,0.04989249916833299,-0.005928854607171208,0.0558213537755042,0.08368929110369167
2021-01-16 00:00:00+00:00,0.20459906665583658,0.2431802830083557,-0.038581216352519127,0.0016400819773349506
2021-01-17 00:00:00+00:00,0.016357465634203018,0.11524363913490798,-0.09888617350070497,-0.039077938717870936
2021-01-23 00:00:00+00:00,0.14783164127749143,-0.25827119450192754,0.40610283577941897,0.4129961688622608
2021-01-24 00:00:00+00:00,0.2445656620475612,-0.2411707529040098,0.485736414951571,0.4054776299403024
2021-01-29 00:00:00+00:00,-0.6244729090300112,-1.7982010901490773,1.173728181119066,0.9854084348319669
2021-01-30 00:00:00+00:00,0.35956941891562233,0.13718014174611715,0.22238927716950518,0.3204531188090168
2021-01-31 00:00:00+00:00,0.1517509571134703,0.02530488347427699,0.12644607363919333,0.12439939442959648
2021-02-05 00:00:00+00:00,0.019553799594255912,0.018064628595855815,0.0014891709984000967,0.03525083654725211
2021-02-06 00:00:00+00:00,-0.3280635344878507,-0.3164284035160538,-0.011635130971796914,0.08603881778948166
2021-02-07 00:00:00+00:00,-0.07922421791837506,-0.14071976131075717,0.06149554339238211,0.2112445182517669
2021-02-11 00:00:00+00:00,0.086952964722741,0.0011861935191945804,0.08576677120354642,0.19464618392045419
2021-02-12 00:00:00+00:00,0.3493715305091448,0.4861360544867417,-0.13676452397759686,-0.1387968925197401
2021-02-13 00:00:00+00:00,0.40397080285693904,0.016170194598606562,0.38780060825833246,0.4091841289830589
2021-02-14 00:00:00+00:00,0.041042786691731205,0.30381776216607265,-0.2627749754743414,-0.2130870925037183
2021-02-20 00:00:00+00:00,-0.009974888486484427,-0.4174708082651755,0.4074959197786911,0.42832454242846707
2021-02-21 00:00:00+00:00,0.05222501876478437,-0.10356589367741327,0.15579091244219764,0.2256687153649033
2021-02-25 00:00:00+00:00,-0.7721096667017627,-0.2628761246686268,-0.509233542033136,-0.47559868562401114
2021-02-26 00:00:00+00:00,-0.3311465756715705,-0.2658091701271749,-0.0653374055443956,-0.09553925540693237
2021-02-27 00:00:00+00:00,-0.2692316671684069,-0.16008861303822325,-0.10914305413018366,-0.09798825523394074
2021-02-28 00:00:00+00:00,-0.30648749570567785,-0.06538710583379097,-0.24110038987188687,-0.14812844557804372
2021-03-05 00:00:00+00:00,-0.1084591917514266,-0.39117427076697897,0.2827150790155524,0.1751409583996528
2021-03-06 00:00:00+00:00,0.13311428919796076,0.009295437398367815,0.12381885179959294,0.18489853506830167
2021-03-07 00:00:00+00:00,-0.15155410284111892,-0.006488875257701836,-0.14506522758341708,-0.014662726208191118
2021-03-11 00:00:00+00:00,-0.20066222920279495,-0.22386896376567095,0.023206734562876002,-0.00365106665589416
2021-03-13 00:00:00+00:00,-0.11862737303889835,0.14691075897869307,-0.2655381320175914,-0.2847283128556042
2021-03-14 00:00:00+00:00,0.26013620071143123,-0.24055869059928495,0.5006948913107162,0.48603584163660374
2021-03-20 00:00:00+00:00,-0.031448487458707305,-0.11829590745885644,0.08684742000014914,0.1158930248776929
2021-03-21 00:00:00+00:00,0.009689981753385271,-0.2142500432311656,0.22394002498455085,0.27709882430590493
2021-03-27 00:00:00+00:00,0.008526707046349594,-0.020440396308373587,0.028967103354723182,0.1477818439301785
2021-03-28 00:00:00+00:00,-0.01157008269705654,-0.14610065178241186,0.13453056908535532,0.20207716192587497
2021-04-03 00:00:00+00:00,0.0025884094215061076,0.14170343796084903,-0.13911502853934293,-0.12785622079020798
2021-04-04 00:00:00+00:00,-0.03952250953278304,-0.007072159894711639,-0.0324503496380714,0.018398759600710884
2021-04-08 00:00:00+00:00,-0.053499980956887086,-0.11574755974419978,0.0622475787873127,0.0972019223950961
2021-04-10 00:00:00+00:00,-0.16032567186923485,-0.29919472308492534,0.1388690512156905,0.02024859663380095
2021-04-11 00:00:00+00:00,-0.006489906817540035,-0.043036722460734374,0.03654681564319434,0.10069424546515829
2021-04-15 00:00:00+00:00,-0.18288275464733486,-0.0008639409741688584,-0.182018813673166,-0.15826377979737669
2021-04-17 00:00:00+00:00,-0.11896050293839944,-0.3523764031493707,0.23341590021097125,0.269800388772667
2021-04-18 00:00:00+00:00,-0.30701694593012435,-0.37914246609409363,0.07212552016396928,-0.053603790680459645
2021-04-22 00:00:00+00:00,-0.41885870094490496,-0.5025938491251328,0.08373514818022787,-0.010579448998950913
2021-04-24 00:00:00+00:00,-0.02637162134662654,-0.053354117788748726,0.026982496442122184,0.1246373337432331
2021-04-25 00:00:00+00:00,-0.2460931183003888,-0.12226029745541715,-0.12383282084497164,-0.05894855303562335
2021-05-01 00:00:00+00:00,0.07128114165957472,-0.2737925919095012,0.34507373356907595,0.35751428520258366
2021-05-02 00:00:00+00:00,-0.11641508199559313,-0.23527885019857764,0.11886376820298451,0.10955342923169653
2021-05-08 00:00:00+00:00,-0.17927860115328653,-0.15563040676769574,-0.023648194385590793,-0.033212305246305016
2021-05-09 00:00:00+00:00,-0.1401616844599776,-0.202818000398587,0.0626563159386094,0.13925009222654905
2021-05-15 00:00:00+00:00,-0.3624875489482769,-0.269572361787322,-0.09291518716095487,-0.037640553771127294
2021-05-16 00:00:00+00:00,-0.4154961555810311,-0.6070792614629649,0.19158310588193378,0.2345259501866579
2021-05-20 00:00:00+00:00,-1.4097646526802052,-0.439893612426272,-0.9698710402539332,-0.9063593784938913
2021-05-21 00:00:00+00:00,-1.043597068736243,-0.8964762126468279,-0.14712085608941516,-0.14976719062151422
2021-05-22 00:00:00+00:00,0.14314731626584687,-0.3454294592090192,0.48857677547486605,0.4419756853748916
2021-05-23 00:00:00+00:00,-0.5161293395715822,0.014417185800058978,-0.5305465253716413,-0.4853855622608164
2021-05-27 00:00:00+00:00,-0.13244909561963308,-0.3470698366449898,0.21462074102535672,0.09255071736325819
2021-05-28 00:00:00+00:00,-0.706831198623261,-0.4341693497039459,-0.27266184891931516,-0.22660873829999395
2021-05-29 00:00:00+00:00,-0.3329421116118705,0.18010120360675197,-0.5130433152186225,-0.4301396754155206
2021-05-30 00:00:00+00:00,0.18973999556016505,0.20918582301967412,-0.01944582745950907,0.019196325090830857
2021-06-03 00:00:00+00:00,-0.056943048382873424,-0.04913759982712478,-0.007805448555748641,-0.11734118095854706
2021-06-05 00:00:00+00:00,-0.1546098655173162,-0.2705772590942581,0.11596739357694191,0.09551791538760161
2021-06-06 00:00:00+00:00,0.43916749331464416,-0.3289362532679538,0.768103746582598,0.7874245469234188
2021-06-10 00:00:00+00:00,-0.21761958750827648,-0.5664077623885084,0.34878817488023195,0.20747464818525857
2021-06-11 00:00:00+00:00,-0.15591972605069343,-0.18919707278734568,0.03327734673665225,-0.015551096588594117
2021-06-12 00:00:00+00:00,-0.05905726135282502,-0.06937609167009595,0.010318830317270933,-0.04350306018821731
2021-06-13 00:00:00+00:00,-0.06730646474402344,0.22325611284834265,-0.2905625775923661,-0.3092998254639587
2021-06-18 00:00:00+00:00,-0.13592105509163016,-0.17441153961518605,0.038490484523555885,0.01816026493265109
2021-06-19 00:00:00+00:00,-0.014419659103269639,-0.28333699537180584,0.2689173362685362,0.3613018162407034
2021-06-20 00:00:00+00:00,-0.15718628949506536,-0.675892961670555,0.5187066721754896,0.44534195098520607
2021-06-25 00:00:00+00:00,-0.21903198426429005,-0.1663591091412725,-0.05267287512301755,-0.03894783552153934
2021-06-26 00:00:00+00:00,-0.05915995313387938,0.12393741655969603,-0.18309736969357543,-0.13281924415984933
2021-06-27 00:00:00+00:00,0.02159970604199546,0.07047438140686546,-0.04887467536487,-0.0004514534089255229
2021-07-03 00:00:00+00:00,0.18663451590832916,0.08742833252332365,0.09920618338500552,0.11555208465668101
2021-07-04 00:00:00+00:00,0.20076470666016327,0.05483703271738879,0.14592767394277448,0.15697749871914643
2021-07-08 00:00:00+00:00,0.07102266460802939,-0.0576360481867242,0.1286587127947536,0.13191875418730822
2021-07-10 00:00:00+00:00,0.12024686976576097,0.07820980084201314,0.04203706892374784,0.03396242744928926
2021-07-11 00:00:00+00:00,0.1038126488772811,0.00962551222017491,0.0941871366571062,0.1807355068293121
2021-07-17 00:00:00+00:00,0.025940526102558235,-0.07371829100565556,0.0996588171082138,0.08446932986771755
2021-07-18 00:00:00+00:00,0.12167798886926759,-0.022494179254433776,0.14417216812370137,0.16303045888436188
2021-07-24 00:00:00+00:00,0.19420413328224723,-0.3299572752392395,0.5241614085214867,0.5874550857735081
2021-07-25 00:00:00+00:00,-0.03610843128261936,-0.36079427363693545,0.3246858423543161,0.36315758027213174
2021-07-29 00:00:00+00:00,0.03532755246254316,0.3696793356053364,-0.33435178314279324,-0.38397143097446684
2021-07-30 00:00:00+00:00,0.002420463242949218,-0.1162112846611266,0.11863174790407581,0.04868173867489068
2021-07-31 00:00:00+00:00,0.5405122062203833,-0.10925944137155714,0.6497716475919405,0.6180852561984924
2021-08-01 00:00:00+00:00,-0.0812296992800307,-0.2228127960838133,0.14158309680378262,0.10250283036445207
2021-08-06 00:00:00+00:00,-0.1799528554813083,-0.10135096202576928,-0.07860189345553902,-0.10106508829942826
2021-08-07 00:00:00+00:00,-0.18508278079577828,0.0683266123770439,-0.2534093931728222,-0.2659793238955059
2021-08-08 00:00:00+00:00,0.01544477454794028,0.07775436365034248,-0.0623095891024022,-0.11150997135140814
2021-08-12 00:00:00+00:00,0.033663574166877194,0.09173828916038715,-0.058074714993509954,-0.09615096849004118
2021-08-13 00:00:00+00:00,-0.1066878298933307,-0.001468300261959381,-0.10521952963137132,-0.048518200261004854
2021-08-14 00:00:00+00:00,0.14980042841715446,0.14402436413272884,0.005776064284425619,0.05239062587792159
2021-08-15 00:00:00+00:00,0.08667437988046911,0.02895200399661513,0.05772237588385398,0.05845469792679611
2021-08-19 00:00:00+00:00,-0.010082509656264834,-0.08346430324287472,0.07338179358660989,0.04009352233857708
2021-08-21 00:00:00+00:00,0.20795870562979044,0.1137568418377185,0.09420186379207193,0.07735305296385231
2021-08-22 00:00:00+00:00,0.07107803316990985,0.09366255001418043,-0.022584516844270583,0.010447604947035699
2021-08-26 00:00:00+00:00,0.021805076342828193,-0.0812740885825144,0.1030791649253426,0.1376904218894269
2021-08-27 00:00:00+00:00,0.12218270464199782,0.1520711984449668,-0.029888493802968985,0.02832162728302648
2021-08-28 00:00:00+00:00,0.25185587694798967,0.1861146936885654,0.06574118325942427,0.0922378982052065
2021-08-29 00:00:00+00:00,0.15724558439434871,0.13087666357837735,0.026368920815971364,0.03998871573398288
2021-09-02 00:00:00+00:00,0.08701914262587394,0.1950938112657772,-0.10807466863990327,-0.0926398905205365
2021-09-03 00:00:00+00:00,0.22585564199311428,0.08625199565917921,0.13960364633393507,0.11791726262904145
2021-09-04 00:00:00+00:00,0.2732901246352304,-0.6061017295414368,0.8793918541766672,0.9551279291246416
2021-09-05 00:00:00+00:00,0.04911799933631233,-0.6908408576844558,0.7399588570207681,0.7476756745130683
2021-09-09 00:00:00+00:00,0.0037177673047309266,0.010348807195247464,-0.006631039890516537,-0.10965641444907015
2021-09-10 00:00:00+00:00,0.035917026559346164,-0.07765798551065588,0.11357501207000203,0.09186491612323626
2021-09-11 00:00:00+00:00,0.12080158523245332,-0.014734020221296464,0.1355356054537498,0.19080779995482833
2021-09-12 00:00:00+00:00,-0.13554520819969462,-0.07789273485542654,-0.05765247334426808,0.015332363866647915
2021-09-16 00:00:00+00:00,0.05242297633445763,0.12098076045259937,-0.06855778411814173,-0.10088414825148548
2021-09-17 00:00:00+00:00,0.04792224905401344,0.09694890149384196,-0.04902665243982852,-0.09274655500190301
2021-09-18 00:00:00+00:00,0.04512425385165852,-0.056727211648807195,0.10185146550046571,0.12597144245540565
2021-09-19 00:00:00+00:00,0.03977036494054785,-0.18617745109347372,0.2259478160340216,0.21676386897613287
2021-09-23 00:00:00+00:00,-0.26297009538377436,-0.043056636847233876,-0.21991345853654048,-0.19136178775899
2021-09-24 00:00:00+00:00,-0.12811510665410844,-0.1473965238007173,0.01928141714660886,0.07642995808466156
2021-09-25 00:00:00+00:00,-0.08556588019133363,-0.15036229536046636,0.06479641516913273,0.037796758674092455
2021-09-26 00:00:00+00:00,-0.5811858731931662,-0.26844731365909597,-0.3127385595340702,-0.3086776014039416
2021-09-30 00:00:00+00:00,-0.035602607919722216,-0.13820055269310333,0.1025979447733811,0.09192768686474201
2021-10-01 00:00:00+00:00,-0.20045363167807564,-0.30357299521411685,0.1031193635360412,0.092528151121827
2021-10-02 00:00:00+00:00,0.3770981713181777,-0.03021049130007394,0.4073086626182516,0.46139903135218063
2021-10-03 00:00:00+00:00,0.10387271072553568,-0.06001657205087649,0.16388928277641218,0.1788164826632205
2021-10-07 00:00:00+00:00,0.1489232894058979,0.020146045725310396,0.12877724368058752,0.13201254086058667
2021-10-08 00:00:00+00:00,0.014098309653417787,0.027592812448585247,-0.01349450279516746,0.012489318052219228
2021-10-09 00:00:00+00:00,0.0556437376133016,-0.0202320485975323,0.0758757862108339,0.062097347875618714
2021-10-10 00:00:00+00:00,-0.046581067330658,-0.03645285724580378,-0.01012821008485422,-0.02078694765161307
2021-10-14 00:00:00+00:00,0.027519892327551292,-0.05942111707227194,0.08694100939982323,-0.009051227991717481
2021-10-15 00:00:00+00:00,0.24645476654808804,-0.02926716892411683,0.27572193547220486,0.3294459514585472
2021-10-16 00:00:00+00:00,0.23818347810621532,0.06923892841472067,0.16894454969149464,0.12459656744277545
2021-10-17 00:00:00+00:00,0.025656369399260994,-0.02277247964722584,0.04842884904648684,0.09339818847123035
2021-10-21 00:00:00+00:00,-0.14702314297409094,-0.405950735453039,0.25892759247894803,0.26611606412731276
2021-10-22 00:00:00+00:00,-0.01540240415293118,0.48325266457970223,-0.49865506873263343,-0.5798866008008369
2021-10-23 00:00:00+00:00,0.13868106699060134,-0.38379930150549785,0.5224803684960992,0.43939356647016714
2021-10-24 00:00:00+00:00,0.10396276228334,-0.3136095394731363,0.4175723017564763,0.38064561115747797
2021-10-28 00:00:00+00:00,-0.2498248580905227,-0.5533362470460248,0.3035113889555021,0.3467529170578313
2021-10-29 00:00:00+00:00,0.27827364630720985,0.1658268930495585,0.11244675325765136,0.13679922495484542
2021-10-30 00:00:00+00:00,0.24803556246776956,0.14406654333838237,0.10396901912938719,0.0827061858048152
2021-10-31 00:00:00+00:00,0.004346610200802318,0.18234000230861364,-0.17799339210781132,-0.24489067928163116
2021-11-04 00:00:00+00:00,0.20983186177092408,0.1206634064686293,0.08916845530229478,0.09093015334937793
2021-11-05 00:00:00+00:00,0.05866926676963888,0.16368003332885536,-0.10501076655921648,-0.1484848040979348
2021-11-06 00:00:00+00:00,0.14711725785393712,-0.054061093386288415,0.20117835124022554,0.22784732461302276
2021-11-07 00:00:00+00:00,0.0699265490692189,-0.1484502395447617,0.21837678861398058,0.12242575544529628
2021-11-11 00:00:00+00:00,0.24855814112911637,0.2082550893624873,0.04030305176662907,0.08437446137380833
2021-11-12 00:00:00+00:00,0.04976454307573489,0.002988905619755027,0.04677563745597987,0.057590265287943865
2021-11-14 00:00:00+00:00,0.18466709167341214,0.023604058238606923,0.16106303343480521,0.23332066958773712
2021-11-18 00:00:00+00:00,0.07146056179363643,-0.15785732847053524,0.22931789026417165,0.2687037453649633
2021-11-19 00:00:00+00:00,0.03323427401378794,-0.010640191831687662,0.0438744658454756,-0.0036263658244552327
2021-11-20 00:00:00+00:00,-0.05109454382379456,0.00888779441417465,-0.05998233823796921,-0.11889706980522978
2021-11-21 00:00:00+00:00,-0.051667232801695176,-0.05925898878585199,0.007591755984156817,0.02032237479237961
2021-11-25 00:00:00+00:00,-0.0359869653679032,0.20086463331529614,-0.23685159868319933,-0.31179296562747344
2021-11-26 00:00:00+00:00,-0.07987168158118087,-0.09549596721925749,0.015624285638076621,0.07597845455519323
2021-11-27 00:00:00+00:00,0.02117782297341159,-0.004415211027320828,0.025593034000732418,0.05343695460969586
2021-11-28 00:00:00+00:00,-0.18766943055558188,-0.11251923857688559,-0.0751501919786963,-0.14910194598853277
2021-12-02 00:00:00+00:00,-0.1033565669716853,-0.006460409643876961,-0.09689615732780833,-0.19221622204415517
2021-12-03 00:00:00+00:00,-0.10633087189131696,-0.07030778387635701,-0.036023088014959945,-0.08387005310806411
2021-12-04 00:00:00+00:00,-0.2779052111814369,0.8735448622741369,-1.1514500734555737,-1.161150892867819
2021-12-05 00:00:00+00:00,-0.520912169296111,-0.16664506358653397,-0.354267105709577,-0.2822876732107836
2021-12-09 00:00:00+00:00,-0.4329406338860486,-0.12379634221401964,-0.30914429167202895,-0.2222161718860671
2021-12-10 00:00:00+00:00,-0.1725857572942633,-0.4245142304027293,0.251928473108466,0.2492432744039986
2021-12-11 00:00:00+00:00,0.006617272733579486,-0.10178318878817248,0.10840046152175196,0.032948102243558
2021-12-12 00:00:00+00:00,0.041204945190493135,-0.07042202762427162,0.11162697281476475,0.11769132439290969
2021-12-16 00:00:00+00:00,-0.17109568170243034,0.031390865693922645,-0.20248654739635297,-0.17281196334867524
2021-12-17 00:00:00+00:00,-0.06426234562113524,-0.15445584305709037,0.09019349743595513,0.1388732031988707
2021-12-18 00:00:00+00:00,0.06407534124783522,0.08191536335830372,-0.017840022110468506,-0.02862443127419015
2021-12-19 00:00:00+00:00,-0.10545256838386576,0.004659615771772914,-0.11011218415563867,-0.0577425361806269
2021-12-23 00:00:00+00:00,-0.019823660232746617,0.024135405697189576,-0.04395906592993619,-0.049342293008589194
2021-12-25 00:00:00+00:00,0.07965122179183329,-0.05443630128065333,0.13408752307248661,0.17494677376640638
2021-12-26 00:00:00+00:00,0.07665128719703863,0.033897906135843904,0.04275338106119473,0.05879447372078764
2021-12-30 00:00:00+00:00,-0.17211026409470814,0.10540808093650181,-0.27751834503121,-0.26747108242441614
2021-12-31 00:00:00+00:00,-0.07840691055330162,-0.16072245073668512,0.0823155401833835,-0.03975543985052986
2022-01-01 00:00:00+00:00,0.15633415581354346,-0.03315881158328783,0.1894929673968313,0.24479936635688293
2022-01-02 00:00:00+00:00,-0.022688760879452433,-0.016251766140261935,-0.0064369947391904984,0.008878495033305026
2022-01-06 00:00:00+00:00,-0.10194823300650019,0.02160764731679055,-0.12355588032329073,-0.14519714413172777
2022-01-07 00:00:00+00:00,-0.18295076530222443,-0.3055069235486253,0.12255615824640087,0.21390706278606092
2022-01-08 00:00:00+00:00,-0.015379915385142488,-0.15824025180601606,0.14286033642087356,0.14551958690778696
2022-01-09 00:00:00+00:00,0.025675527392395495,-0.2314448965224834,0.2571204239148789,0.2932651113526451
2022-01-13 00:00:00+00:00,-0.12899127840616414,-0.09241607949164146,-0.03657519891452268,-0.026372798359130888
2022-01-14 00:00:00+00:00,-0.055702361439884635,-0.0705509092603997,0.014848547820515062,-0.0007728538073548674
2022-01-15 00:00:00+00:00,0.057106807058447964,-0.10822488628619693,0.1653316933446449,0.21503828234312655
2022-01-16 00:00:00+00:00,-0.08128253228645688,-0.12301021056896624,0.04172767828250937,0.12345456280376822
2022-01-20 00:00:00+00:00,-0.1037600243507188,-0.21068958897878498,0.10692956462806619,0.04697567127079025
2022-01-22 00:00:00+00:00,-0.3050639988657366,-0.3237375574340868,0.01867355856835018,-0.03224682012163663
2022-01-23 00:00:00+00:00,-0.1288601338798734,-0.64251958479574,0.5136594509158666,0.4911074850611137
2022-01-28 00:00:00+00:00,-0.06916636825342327,-0.11464993888458441,0.04548357063116114,0.012610042278140068
2022-01-29 00:00:00+00:00,-0.03504314897046371,-0.08113381256444077,0.04609066359397706,0.1088425549430806
2022-01-30 00:00:00+00:00,-0.05276507128471218,-0.17616855378397736,0.12340348249926518,0.07181521841444227
2022-02-03 00:00:00+00:00,-0.21434949914284374,-0.08002104009759554,-0.1343284590452482,-0.18423883246381767
2022-02-04 00:00:00+00:00,-0.18847619707463248,-0.07936380946020458,-0.1091123876144279,-0.1201652900604852
2022-02-05 00:00:00+00:00,0.06077885644711591,-0.1785431682446986,0.23932202469181452,0.2342100136018448
2022-02-06 00:00:00+00:00,-0.2458216226163023,-0.16201751525969127,-0.08380410735661104,-0.02543963758563632
2022-02-10 00:00:00+00:00,-0.4467687826055036,-0.6465473836727259,0.19977860106722228,0.12389428027083821
2022-02-11 00:00:00+00:00,-0.1458407932278228,-0.14958208619626398,0.0037412929684411678,-0.023958396808257718
2022-02-12 00:00:00+00:00,0.0565533974854297,-0.008783863211232952,0.06533726069666265,0.09316249352074085
2022-02-13 00:00:00+00:00,0.05895082527977891,-0.10302271797810623,0.16197354325788516,0.20782790312106472
2022-02-18 00:00:00+00:00,-0.12319700404753069,-0.00946856403219561,-0.11372844001533508,-0.144895550355251
2022-02-19 00:00:00+00:00,0.0692398727310152,-0.19779170816914815,0.2670315809001633,0.2844646480175435
2022-02-20 00:00:00+00:00,-0.11968125023461625,-0.5276025782637892,0.40792132802917297,0.2978032741045511
2022-02-25 00:00:00+00:00,-0.2580865057268684,-0.1727017008106387,-0.08538480491622971,-0.00575098469444945
2022-02-26 00:00:00+00:00,-0.052331483489412835,-0.24463150229944033,0.1923000188100275,0.2984734315118407
2022-02-27 00:00:00+00:00,-0.27741458621597875,-0.2696402872444527,-0.007774298971526039,0.040617744653182325
2022-03-03 00:00:00+00:00,-0.20940328373795525,-0.09995903493123261,-0.10944424880672264,-0.09452752234459244
2022-03-05 00:00:00+00:00,0.2228744283323024,-0.32526962056977693,0.5481440489020794,0.5146621304052641
2022-03-06 00:00:00+00:00,-0.0688077948387448,-0.3194052939508554,0.2505974991121106,0.12696135851930399
2022-03-11 00:00:00+00:00,0.18766313397377063,-0.006350004001506871,0.1940131379752775,0.15543498192731892
2022-03-12 00:00:00+00:00,0.3809206695658257,-0.08797956376719322,0.46890023333301895,0.48964769205783565
2022-03-13 00:00:00+00:00,-0.06026459050423605,-0.13664783190607802,0.07638324140184197,0.10880953766461762
2022-03-18 00:00:00+00:00,0.0739230290708997,0.05707134784111144,0.016851681229788265,0.004356577506978182
2022-03-19 00:00:00+00:00,0.17027798870978073,0.03802114292646936,0.13225684578331137,0.15979108316251342
2022-03-20 00:00:00+00:00,0.0015282740657653043,0.011045275389503886,-0.009517001323738582,0.011181373007108017
2022-03-26 00:00:00+00:00,0.173360751038763,-0.05716494958476136,0.23052570062352434,0.2814966936853046
2022-03-27 00:00:00+00:00,-0.3491891916354159,-0.09789642427674042,-0.25129276735867545,-0.22474344915384772
2022-04-02 00:00:00+00:00,-0.12732440376168958,-0.06651906609050023,-0.06080533767118934,-0.06030990441061326
2022-04-03 00:00:00+00:00,-0.0817065899793425,-0.08224882121218628,0.0005422312328437762,0.07371738832847706
2022-04-07 00:00:00+00:00,-0.11483752321531793,-0.01670430211250483,-0.0981332211028131,-0.07259551973865205
2022-04-08 00:00:00+00:00,-0.1407217239523432,-0.16615249404936444,0.025430770097021244,-0.06412441129113726
2022-04-10 00:00:00+00:00,-0.09022727460913169,-0.062370408255322016,-0.02785686635380967,0.07004087994816943
2022-04-15 00:00:00+00:00,0.0031943302694254247,-0.08350861654144835,0.08670294681087377,0.09786801141189976
2022-04-16 00:00:00+00:00,0.0597421864217183,-0.1784138700560973,0.2381560564778156,0.1912948257798304
2022-04-17 00:00:00+00:00,-0.18920312650882,-0.13676073223579363,-0.05244239427302638,-0.05464233968806932
2022-04-21 00:00:00+00:00,-0.12946760618070796,-0.2267867212268445,0.09731911504613655,0.006754612743490082
2022-04-22 00:00:00+00:00,-0.08307330023759231,0.08015158478281495,-0.16322488502040727,-0.24838861200106313
2022-04-23 00:00:00+00:00,0.0595515981868274,-0.4129983396013024,0.4725499377881298,0.3875048227419067
2022-04-24 00:00:00+00:00,-0.15033627609144234,-0.3255322267268327,0.17519595063539034,0.10233075451129481
2022-04-28 00:00:00+00:00,-0.011726430487332148,-0.14238768912682528,0.13066125863949313,0.1370744019183107
2022-04-29 00:00:00+00:00,-0.07208381882094762,-0.05896488097534508,-0.013118937845602544,-0.025787703252280372
2022-04-30 00:00:00+00:00,-0.011215439000439236,-0.16536579614067906,0.15415035714023984,0.09362219561141674
2022-05-01 00:00:00+00:00,-0.12497459809985882,-0.2045086024699925,0.07953400437013368,0.10443095480124769
2022-05-05 00:00:00+00:00,-0.16164158983613364,0.01954669322868873,-0.18118828306482238,-0.1810289463874209
2022-05-07 00:00:00+00:00,-0.028145441496213466,-0.09825237476214206,0.0701069332659286,0.12721624599211342
2022-05-08 00:00:00+00:00,-0.1322599594986769,-0.1944838507558273,0.062223891257150415,0.13187644729246886
2022-05-13 00:00:00+00:00,0.24297658828616175,0.008074011465365741,0.23490257682079602,0.24321308952278434
2022-05-14 00:00:00+00:00,0.0998838730919109,0.05365791092153074,0.04622596217038016,0.06859965777131016
2022-05-15 00:00:00+00:00,-0.24803249587397555,-0.06245912974526372,-0.18557336612871184,-0.19991418327359572
2022-05-19 00:00:00+00:00,0.03455254519311427,0.022113497280532253,0.012439047912582019,0.06208425639202381
2022-05-20 00:00:00+00:00,-0.04659734928551897,-0.10570345667267933,0.05910610738716036,0.05359704941189408
2022-05-21 00:00:00+00:00,0.16346553560127877,0.00016506707612145918,0.1633004685251573,0.14307603510095931
2022-05-22 00:00:00+00:00,-0.010587877936287854,-0.04808533796405538,0.03749746002776753,-0.039869281853252767
2022-05-26 00:00:00+00:00,0.010388907791979846,-0.12243207486803671,0.13282098266001657,0.19880111234066158
2022-05-28 00:00:00+00:00,0.16029397500084402,0.007226138194050719,0.1530678368067933,0.19681463994563456
2022-05-29 00:00:00+00:00,0.06309481615404641,-0.1662234378126626,0.22931825396670902,0.15065199084239406
2022-06-02 00:00:00+00:00,0.09900849415334011,0.03786466000862915,0.06114383414471096,0.06339584994599737
2022-06-03 00:00:00+00:00,0.1341765198523926,-0.005399571191889429,0.13957609104428204,0.17887248597900274
2022-06-04 00:00:00+00:00,0.15004329989591875,-0.17431223450808422,0.324355534404003,0.3277661428086272
2022-06-05 00:00:00+00:00,-0.055362072988974505,-0.2280078670461636,0.1726457940571891,0.19982658699034694
2022-06-09 00:00:00+00:00,-0.08261328076137568,-0.037676460944600025,-0.04493681981677566,-0.10361073611854241
2022-06-10 00:00:00+00:00,-0.04350138220032329,-0.1445319422335039,0.10103056003318062,0.10611788430160701
2022-06-11 00:00:00+00:00,-0.13401346056863314,-0.05164337763420882,-0.08237008293442433,0.01449519458083147
2022-06-12 00:00:00+00:00,-0.20896936142015132,-0.17801548141837817,-0.030953880001773154,0.010339178681099015
2022-06-16 00:00:00+00:00,0.21002440533018027,-0.19020496805674292,0.4002293733869232,0.48041136935098155
2022-06-17 00:00:00+00:00,-0.10718632392322476,0.19150187998140752,-0.2986882039046323,-0.360033776553794
2022-06-18 00:00:00+00:00,-0.26084980613380904,-0.037119595082103246,-0.2237302110517058,-0.26379021647153683
2022-06-23 00:00:00+00:00,-0.10408774220610588,0.005696931715427738,-0.10978467392153361,-0.12386180393473867
2022-06-25 00:00:00+00:00,-0.022707890158126326,0.037100875137744266,-0.05980876529587059,-0.03987175830725405
2022-06-26 00:00:00+00:00,-0.010227848590503843,0.01584512164692506,-0.026072970237428904,0.026393565396651456
2022-06-30 00:00:00+00:00,-0.006770554002004245,-0.9880351660717966,0.9812646120697924,1.0026059417890099
2022-07-02 00:00:00+00:00,-0.06948126422507016,0.04008586697764517,-0.10956713120271533,-0.05079059007606394
2022-07-03 00:00:00+00:00,0.08198473284957937,0.03375865168732037,0.048226081162259,0.12235772498990587
2022-07-07 00:00:00+00:00,-0.1363581608878797,-0.038257668770142056,-0.09810049211773764,-0.1197952557934849
2022-07-09 00:00:00+00:00,-0.10222838292598767,-0.11043049288763004,0.008202109961642376,0.036215484380932285
2022-07-10 00:00:00+00:00,-0.10566740388989943,-0.08232522931374821,-0.023342174576151217,0.012132088386851115
2022-07-14 00:00:00+00:00,-0.10492762224727115,-0.05205943322098863,-0.052868189026282514,-0.09557214035133185
2022-07-16 00:00:00+00:00,-0.031639731398771395,-0.24001798466361499,0.2083782532648436,0.19038223994125253
2022-07-17 00:00:00+00:00,-0.024279274537842267,-0.20721727313908536,0.1829379986012431,0.25130193849889937
2022-07-22 00:00:00+00:00,-0.16145315793416892,-0.00014253814293912055,-0.1613106197912298,-0.24871951218524957
2022-07-23 00:00:00+00:00,0.08147237264251124,-0.06565123552400004,0.14712360816651127,0.20398033101510463
2022-07-24 00:00:00+00:00,-0.14673275614416093,-0.08220981266271885,-0.06452294348144208,-0.047958964616403074
2022-07-29 00:00:00+00:00,-0.11822492815484592,-0.08288469230685112,-0.0353402358479948,-0.05901687666659637
2022-07-30 00:00:00+00:00,-0.09067418784063648,-0.007644453437012992,-0.08302973440362349,0.006038464566129234
2022-07-31 00:00:00+00:00,-0.022090689859804193,0.10354765445074832,-0.1256383443105525,-0.12397235925557926
2022-08-05 00:00:00+00:00,-0.004310717105319512,0.0022174019892279746,-0.006528119094547487,0.030280440771820308
2022-08-06 00:00:00+00:00,0.24781350740487512,0.1254730983386255,0.12234040906624963,0.08941995499058703
2022-08-07 00:00:00+00:00,0.03584644103766966,-0.0026775040527229144,0.03852394509039257,0.06836108824687405
2022-08-12 00:00:00+00:00,0.020326675869496155,-0.02980595493944203,0.050132630808938185,0.05597460140738805
2022-08-13 00:00:00+00:00,-0.05835432445287823,-0.0677239705204295,0.009369646067551272,0.08092818054161666
2022-08-14 00:00:00+00:00,-0.13577542649336374,0.007568369111806511,-0.14334379560517024,-0.054186210766408345
2022-08-20 00:00:00+00:00,0.23148661598873832,0.21155063482027833,0.019935981168459987,0.0030293706208232574
2022-08-21 00:00:00+00:00,0.044565049590255104,0.11466479218491055,-0.07009974259465544,-0.07960286106330525
2022-08-25 00:00:00+00:00,-0.08430019662656686,0.21687239140148137,-0.30117258802804825,-0.3892136925208598
2022-08-26 00:00:00+00:00,-0.17923607217803866,-0.22196974127521685,0.042733669097178184,0.003303243338904485
2022-08-27 00:00:00+00:00,0.41609308773135223,-0.027666491191995015,0.4437595789233472,0.3913010836641279
2022-08-28 00:00:00+00:00,0.19764921233334543,0.06511606002203431,0.13253315231131113,0.08801366370679792
2022-09-01 00:00:00+00:00,0.0933458236410293,0.06334544939160285,0.030000374249426448,0.010216824245069867
2022-09-02 00:00:00+00:00,0.08525398193426838,0.10655249973307887,-0.021298517798810493,-0.04999799174946115
2022-09-03 00:00:00+00:00,0.06058623974161678,-0.08097591731333877,0.14156215705495556,0.13853086431746892
2022-09-04 00:00:00+00:00,0.008980874376812725,-0.09103276661065648,0.1000136409874692,0.11985318254870936
2022-09-08 00:00:00+00:00,-0.09387957671799253,-0.18023724246875153,0.086357665750759,0.017812141362479307
2022-09-09 00:00:00+00:00,-0.09531806318334493,-0.09798406143554265,0.002665998252197724,0.03131211755920615
2022-09-10 00:00:00+00:00,0.23309740549445818,-0.13705696417881416,0.3701543696732723,0.4318862133337683
2022-09-11 00:00:00+00:00,-0.044554855499258535,-0.14517191010282646,0.10061705460356793,0.16985061399586596
2022-09-15 00:00:00+00:00,-0.03432104925386509,0.03286180224716424,-0.06718285150102933,-0.09702679319101484
2022-09-16 00:00:00+00:00,0.1395699546763406,0.1540176031752497,-0.014447648498909116,0.04746252711525284
2022-09-17 00:00:00+00:00,-0.003589975138970069,-0.25385435330452233,0.25026437816555225,0.35849961411262343
2022-09-18 00:00:00+00:00,-0.1803438639619842,-0.438304588515731,0.2579607245537468,0.18732214593038266
2022-09-22 00:00:00+00:00,-0.15289461288194275,0.03709914534974719,-0.18999375823168996,-0.0723777980805247
2022-09-23 00:00:00+00:00,-0.13965441854043842,-0.05673978234742344,-0.08291463619301498,-0.08484992079113492
2022-09-24 00:00:00+00:00,0.041739367404300995,-0.3446006717275863,0.3863400391318873,0.2848671660526808
2022-09-25 00:00:00+00:00,-0.05060007230887678,-0.2338068956690354,0.18320682336015862,0.1780673089185118
2022-09-29 00:00:00+00:00,-0.18720284134178325,-0.09432170753854921,-0.09288113380323404,-0.12180379454574287
2022-10-01 00:00:00+00:00,0.09741907537858635,0.046434196717583476,0.050984878661002875,0.07628885263384255
2022-10-06 00:00:00+00:00,0.012453584135642591,0.05639345930009831,-0.043939875164455716,-0.11874683957526694
2022-10-07 00:00:00+00:00,-0.06013842100733412,0.024224311170743043,-0.08436273217807716,-0.10041662452442993
2022-10-08 00:00:00+00:00,0.05301127840796009,0.029260129326644325,0.023751149081315766,0.07434685116008954
2022-10-09 00:00:00+00:00,0.0321561607204685,0.0392697235921813,-0.007113562871712803,0.01506936313494961
2022-10-13 00:00:00+00:00,0.175319641319486,-0.09139746206112537,0.2667171033806114,0.2661484355220975
2022-10-15 00:00:00+00:00,0.04391977616796189,0.07413235305477459,-0.030212576886812698,-0.06931447098636798
2022-10-16 00:00:00+00:00,-0.0036314325977157046,0.08989912432306321,-0.09353055692077891,-0.1547859289338988
2022-10-20 00:00:00+00:00,-0.03902056002876419,0.06678885049268297,-0.10580941052144716,-0.12301251462373797
2022-10-21 00:00:00+00:00,-0.06712203223738383,0.010046080576642165,-0.077168112814026,-0.11179602460808352
2022-10-22 00:00:00+00:00,0.15925736871912985,-0.09183452433855653,0.25109189305768637,0.2390316244369852
2022-10-23 00:00:00+00:00,-0.1516675038493633,-0.09911777197643443,-0.052549731872928884,0.011119522712556822
2022-10-27 00:00:00+00:00,-0.03494505883695203,0.04892594058379273,-0.08387099942074476,-0.08102208697074464
2022-10-28 00:00:00+00:00,-0.1206616043590121,-0.03200216850138812,-0.08865943585762398,-0.10102844493461732
2022-10-29 00:00:00+00:00,-0.13635010234136583,0.035360402399114726,-0.17171050474048055,-0.221718421624459
2022-10-30 00:00:00+00:00,0.009954877907841114,0.11367324878955272,-0.10371837088171161,-0.11549000453830705
2022-11-03 00:00:00+00:00,-0.11179267539317653,0.001327624554215454,-0.11312029994739198,-0.16963780353717547
2022-11-04 00:00:00+00:00,-0.15336839287615275,-0.15187254023918462,-0.0014958526369681369,-0.016088428562380137
2022-11-05 00:00:00+00:00,-0.07053299468993672,-0.04000982061623128,-0.030523174073705438,0.00512102155647955
2022-11-06 00:00:00+00:00,0.0255838156848636,-0.16947218984691875,0.19505600553178234,0.20780914196415956
2022-11-10 00:00:00+00:00,-0.29989579727576265,-0.4011567217074361,0.10126092443167345,0.07633550958199317
2022-11-11 00:00:00+00:00,-0.22921576486245196,0.4478484871088448,-0.6770642519712967,-0.7382300447825579
2022-11-12 00:00:00+00:00,0.3045617352912887,0.040776986926634784,0.26378474836465393,0.26460574042723395
2022-11-13 00:00:00+00:00,0.024111525216125706,0.17693145154949802,-0.15281992633337232,-0.19712774060063065
2022-11-17 00:00:00+00:00,0.42968613510683223,0.33733082180675966,0.09235531330007257,0.06478011125230204
2022-11-18 00:00:00+00:00,0.2109744311229676,0.3623545954282093,-0.1513801643052417,-0.16244970849680573
2022-11-19 00:00:00+00:00,0.1353331725876885,-0.009059426107543367,0.14439259869523188,0.1513700736059978
2022-11-20 00:00:00+00:00,-0.008336878314769825,0.20911799103609277,-0.21745486935086258,-0.2376255983315515
2022-11-24 00:00:00+00:00,0.220283684451841,0.2733559847787713,-0.05307230032693033,-0.052349974912161035
2022-11-25 00:00:00+00:00,0.05631955079857526,0.16614166784107895,-0.10982211704250369,-0.10552813826443097
2022-11-26 00:00:00+00:00,-0.05894170723412928,0.029617846294223444,-0.08855955352835272,-0.014184856185523315
2022-11-27 00:00:00+00:00,-0.013436093857376019,0.008320456688521235,-0.021756550545897254,-0.02408018703196728
2022-12-01 00:00:00+00:00,0.17907374418448752,0.24753521606913328,-0.06846147188464577,-0.1200794024548324
2022-12-02 00:00:00+00:00,0.2617707736407383,0.12949777906842985,0.13227299457230846,0.10239346020724838
2022-12-03 00:00:00+00:00,0.008939356473637574,0.04245821672614564,-0.03351886025250806,-0.057975655529599684
2022-12-04 00:00:00+00:00,0.06202872204134081,0.11122937895276255,-0.049200656911421746,-0.05073438933122121
2022-12-08 00:00:00+00:00,0.010888672869033106,0.015609320625479919,-0.004720647756446813,-0.007096161099018616
2022-12-09 00:00:00+00:00,0.10604977413867797,0.20839174404060987,-0.1023419699019319,-0.09759017412911358
2022-12-10 00:00:00+00:00,0.04060360497546595,-0.03377309220795103,0.07437669718341698,0.009892296630840208
2022-12-16 00:00:00+00:00,0.09316617263889501,-0.09791388822332232,0.19108006086221735,0.2797151980531672
2022-12-17 00:00:00+00:00,0.1880557563132818,0.20447543004561994,-0.01641967373233813,0.019450495997488826
2022-12-18 00:00:00+00:00,-0.028688545218321145,0.17356721638871284,-0.20225576160703398,-0.138865628877801
2022-12-22 00:00:00+00:00,-0.0858981643127231,0.010661182109187428,-0.09655934642191052,-0.07192319159370798
2022-12-23 00:00:00+00:00,0.05767390654797001,0.055183707925059465,0.0024901986229105416,-0.010411864520848801
2022-12-24 00:00:00+00:00,0.016237359814613026,0.01792417013223105,-0.0016868103176180226,0.013669445096859911
2022-12-25 00:00:00+00:00,-0.0955010346756316,0.05825783950551064,-0.15375887418114226,-0.11704206858782273
2022-12-29 00:00:00+00:00,0.06733394617630234,0.09409015677464341,-0.026756210598341074,-0.03331058950786003
2022-12-30 00:00:00+00:00,-0.05851545191931851,-0.010910304697135338,-0.047605147222183175,-0.02607850560973886
2022-12-31 00:00:00+00:00,-0.05762908504945229,0.017064928330984924,-0.07469401338043721,-0.009013393689728866
2023-01-01 00:00:00+00:00,-0.037348716451999164,0.030345553109047897,-0.06769426956104706,-0.03636663698174543
2023-01-07 00:00:00+00:00,0.06775635026061948,-0.02070519665874492,0.08846154691936439,0.07781885106396197
2023-01-08 00:00:00+00:00,-0.07309276110451976,-0.02082745039931211,-0.05226531070520765,-0.02666853661899882
2023-01-12 00:00:00+00:00,-0.3144287161270611,-0.23130241133717294,-0.08312630478988814,-0.10679520318985003
2023-01-13 00:00:00+00:00,-0.1355415772085197,-0.10597268012771517,-0.029568897080804527,-0.07830578041949365
2023-01-14 00:00:00+00:00,-0.4094746557325957,-0.0976270222311397,-0.31184763350145606,-0.39436397854303024
2023-01-15 00:00:00+00:00,0.3995849344774864,-0.020174009848219515,0.41975894432570593,0.42386696925777223
2023-01-19 00:00:00+00:00,0.004838882299282781,0.08825502049586391,-0.08341613819658113,-0.055334656193606446
2023-01-20 00:00:00+00:00,-0.1550648046468297,-0.13196676507299332,-0.023098039573836382,-0.08429870103135649
2023-01-21 00:00:00+00:00,0.038862211262524614,-0.14999423844507073,0.18885644970759535,0.19454938292825413
2023-01-22 00:00:00+00:00,0.005068710889106841,-0.11115190354909533,0.11622061443820217,0.10864821746387524
2023-01-26 00:00:00+00:00,0.047885522186368074,-0.04286793997250089,0.09075346215886897,0.06948611829459508
2023-01-27 00:00:00+00:00,-0.06949901022847016,-0.11823018461504486,0.048731174386574705,-0.005249802591562658
2023-01-28 00:00:00+00:00,-0.10673260313500607,-0.03021750403296895,-0.07651509910203712,-0.09519396102646803
2023-01-29 00:00:00+00:00,-0.15621783396412303,-0.013742310931466896,-0.14247552303265615,-0.21997082237910218
2023-02-02 00:00:00+00:00,-0.029605805385398157,-0.01304502847252522,-0.016560776912872936,-0.014442700544936418
2023-02-03 00:00:00+00:00,0.13270095051161424,0.05630084595149618,0.07640010456011806,0.06531123256717469
2023-02-04 00:00:00+00:00,0.04584081990306624,0.00016692291900056988,0.04567389698406567,0.07092454056182654
2023-02-05 00:00:00+00:00,-0.03764026172229189,0.036570726783206095,-0.07421098850549798,-0.09238109083276366
2023-02-09 00:00:00+00:00,-0.07020173332822573,-0.11945810234065453,0.0492563690124288,0.01814118530335357
2023-02-10 00:00:00+00:00,0.14510740630337238,0.09709949175653192,0.04800791454684046,0.00763329643480215
2023-02-11 00:00:00+00:00,-0.04125667308227849,-0.054284290005488074,0.013027616923209584,0.08849172541801122
2023-02-12 00:00:00+00:00,-0.13147258975488893,-0.11565349515669204,-0.015819094598196887,0.028668357258945912
2023-02-16 00:00:00+00:00,-0.2923644472346231,-0.11198720982565692,-0.18037723740896622,-0.15859777220691473
2023-02-17 00:00:00+00:00,-0.005446690283601213,-0.1351371669306579,0.12969047664705668,0.1346261009737813
2023-02-18 00:00:00+00:00,0.31670683242045644,-0.010847769236007774,0.3275546016564642,0.3311705508615859
2023-02-19 00:00:00+00:00,-0.19567289335188556,-0.1307457000013159,-0.06492719335056965,0.022406471431580418
2023-02-24 00:00:00+00:00,-0.14164997087554657,-0.126506937861664,-0.015143033013882562,-0.016694839084164047
2023-02-25 00:00:00+00:00,-0.1804369324211746,-0.250954956641342,0.0705180242201674,0.10393158175660047
2023-02-26 00:00:00+00:00,-0.13325985655285003,-0.1565243199052317,0.023264463352381665,0.014360023630568087
2023-03-03 00:00:00+00:00,-0.059048054301941766,-0.13334859779290953,0.07430054349096776,0.1752788343717964
2023-03-04 00:00:00+00:00,-0.22489967758369034,-0.09278451628765082,-0.1321151612960395,-0.1107642779418937
2023-03-05 00:00:00+00:00,-0.15862782645715331,-0.048960726533730105,-0.10966709992342322,-0.065202429584434
2023-03-09 00:00:00+00:00,-0.16732988871412124,-0.08461898753644444,-0.08271090117767681,-0.12827319949913757
2023-03-10 00:00:00+00:00,-0.17763805479152617,-0.39109459001753655,0.21345653522601038,0.11885316588987276
2023-03-11 00:00:00+00:00,-0.46728447069713397,-0.09407678031478654,-0.3732076903823474,-0.20052211769513326
2023-03-12 00:00:00+00:00,-0.2320905682905625,-0.24080478701696886,0.008714218726406375,0.0734057040327261
2023-03-17 00:00:00+00:00,-0.23587829559323492,-0.20636552751648307,-0.02951276807675185,0.011763438640227053
2023-03-18 00:00:00+00:00,-0.048939560735262184,-0.08813046142862475,0.03919090069336257,0.05126873247174201
2023-03-19 00:00:00+00:00,0.01744664405968625,-0.10212475569157772,0.11957139975126398,0.0995343203185037
2023-03-24 00:00:00+00:00,0.22661370517766102,-0.17772266752599178,0.4043363727036528,0.4544481634153454
2023-03-25 00:00:00+00:00,0.02135096951863029,-0.10774748005475122,0.1290984495733815,0.12302388889106074
2023-03-26 00:00:00+00:00,-0.12724790152442864,-0.11003077386456103,-0.017217127659867604,-0.06134934025808229
2023-03-31 00:00:00+00:00,0.12437038691806226,-0.07789887048961351,0.20226925740767576,0.17765865315615914
2023-04-01 00:00:00+00:00,-0.007835162852458208,0.06510460608543261,-0.07293976893789082,-0.06889189922288794
2023-04-02 00:00:00+00:00,-0.010781923256899084,0.020988938295481735,-0.03177086155238082,-0.07760282482257178
2023-04-06 00:00:00+00:00,0.19878084517511602,0.056915310543849726,0.14186553463126628,0.12925262603014723
2023-04-07 00:00:00+00:00,0.05664588599604099,0.11716162809682644,-0.06051574210078545,-0.06881505593264425
2023-04-08 00:00:00+00:00,-0.06143383170112024,0.004532124407150217,-0.06596595610827045,0.03111731149064824
2023-04-09 00:00:00+00:00,-0.16258483162915577,0.0009738428568548285,-0.1635586744860106,-0.0795461016746895
2023-04-13 00:00:00+00:00,-0.11565671340942804,-0.018106366901998,-0.09755034650743004,-0.08301169100809896
2023-04-14 00:00:00+00:00,-0.0007523252443798672,-0.04033123296099693,0.03957890771661706,-0.027530822767655977
2023-04-15 00:00:00+00:00,-0.03547024260145074,-0.09357999081211135,0.05810974821066061,0.07768959700769554
2023-04-16 00:00:00+00:00,-0.048495487711160606,-0.09960739165427795,0.05111190394311735,0.04689927942232096
2023-04-21 00:00:00+00:00,-0.09487140334978733,-0.10260466617819651,0.007733262828409179,-0.04612940195802866
2023-04-22 00:00:00+00:00,-0.12376620421144446,-0.20914841061824083,0.08538220640679636,0.11079364255503163
2023-04-23 00:00:00+00:00,-0.4488829357652116,-0.4782812210453381,0.0293982852801265,0.11705356908670583
2023-04-27 00:00:00+00:00,0.04483591861060945,-0.36195765060812524,0.40679356921873466,0.4319422515999175
2023-04-28 00:00:00+00:00,0.10051529280946563,0.016300943405397512,0.0842143494040681,0.0375097308002732
2023-04-29 00:00:00+00:00,-0.055646830620369084,-0.13624325872801812,0.08059642810764904,0.043818674533975185
2023-04-30 00:00:00+00:00,-0.5100675489826434,-0.24136013198246414,-0.26870741700017925,-0.31132011673790655
2023-05-04 00:00:00+00:00,-0.17400141876632813,-0.08770317494936122,-0.08629824381696691,-0.0941797841789678
2023-05-05 00:00:00+00:00,-0.22111843349441881,-0.16301556010567594,-0.05810287338874287,-0.035155031052870225
2023-05-06 00:00:00+00:00,-0.14479605707469834,-0.04193903535327038,-0.10285702172142797,-0.05883006396557049
2023-05-07 00:00:00+00:00,-0.2238795934335495,-0.12374965129999557,-0.10012994213355392,-0.022010110879672376
2023-05-11 00:00:00+00:00,-0.10170130606025268,-0.07018693878849537,-0.03151436727175731,-0.04927429054297977
2023-05-12 00:00:00+00:00,-0.029826798139139795,-0.12887379396895876,0.09904699582981896,0.14881155217048753
2023-05-13 00:00:00+00:00,-0.18164518528330056,-0.053422542736614426,-0.12822264254668614,-0.0775050639968968
2023-05-14 00:00:00+00:00,-0.13405674744974863,-0.08601515692025036,-0.048041590529498274,-0.09555351395747273
2023-05-18 00:00:00+00:00,-0.013228217149425072,-0.10735940413509594,0.09413118698567087,0.12247302664540012
2023-05-19 00:00:00+00:00,-0.07454894770232011,-0.03233250069881798,-0.042216447003502126,-0.03947409267531293
2023-05-20 00:00:00+00:00,-0.06307333165813833,-0.03856333133606262,-0.02451000032207571,-0.0012059956652232806
2023-05-21 00:00:00+00:00,-0.08867374075637866,-0.05759675643820324,-0.03107698431817542,-0.06462259135096558
2023-05-25 00:00:00+00:00,-0.03966718682257334,-0.09258116741966188,0.05291398059708854,-0.00829891459348163
2023-05-26 00:00:00+00:00,-0.021997058743689093,-0.023160218175366593,0.0011631594316774997,-0.026653156667694772
2023-05-27 00:00:00+00:00,0.0029209028418048003,-0.15268296960330255,0.15560387244510734,0.07094574975618853
2023-05-28 00:00:00+00:00,-0.12789706699706074,0.007578216360830178,-0.1354752833578909,-0.12158029811422341
2023-06-01 00:00:00+00:00,-0.06800707286088788,-0.10061295180551716,0.03260587894462928,-0.05145841455733001
2023-06-02 00:00:00+00:00,-0.06356977271883267,-0.07570977498587768,0.012140002267045008,0.020105259233920453
2023-06-03 00:00:00+00:00,-0.03643001308408719,-0.31242171311894446,0.2759917000348573,0.24258944891469827
2023-06-04 00:00:00+00:00,-0.1375454967051758,-0.313462747994831,0.17591725128965519,0.1624376889620374
2023-06-08 00:00:00+00:00,-0.33945306399059466,-0.06723315237256157,-0.2722199116180331,-0.3113246470277823
2023-06-09 00:00:00+00:00,-0.1440132274301582,-0.23279089109287196,0.08877766366271375,0.0014393135241050348
2023-06-10 00:00:00+00:00,-0.2106039783690943,-0.14009360027626158,-0.07051037809283273,-0.17479898546386854
2023-06-11 00:00:00+00:00,-0.12139777005463619,-0.1232737342096375,0.0018759641550013112,0.04202933475810474
2023-06-15 00:00:00+00:00,-0.09803110976758588,-0.10467051933434636,0.006639409566760485,-0.04692333103834054
2023-06-16 00:00:00+00:00,-0.17929461044264006,-0.06423026162297815,-0.1150643488196619,-0.17401453828825625
2023-06-17 00:00:00+00:00,-0.13651105788447068,-0.09100217953545506,-0.045508878349015625,-0.008771628195014682
2023-06-18 00:00:00+00:00,-0.11938883217441809,-0.07951534102213695,-0.03987349115228114,0.07326223652039175
2023-06-22 00:00:00+00:00,-0.1006396812493789,0.02168345574369135,-0.12232313699307025,-0.1592219460650756
2023-06-23 00:00:00+00:00,-0.13693039660328343,-0.15381664756296282,0.016886250959679383,-0.017596247564417564
2023-06-24 00:00:00+00:00,-0.12710091814667449,-0.12611524007866534,-0.0009856780680091437,0.04774480870877812
2023-06-25 00:00:00+00:00,-0.3724807558221738,-0.027795701270181675,-0.34468505455199216,-0.19206059477791493
2023-06-29 00:00:00+00:00,-0.3854540831736441,-0.0471584290707031,-0.338295654102941,-0.25285131027881297
2023-06-30 00:00:00+00:00,-0.2682120481344681,-0.7094689467314111,0.44125689859694306,0.3523486877463662
2023-07-01 00:00:00+00:00,0.02500555218806502,-0.10931428674853796,0.134319838936603,0.12284226614770986
2023-07-02 00:00:00+00:00,-0.23028738222361966,-0.14102555105485842,-0.08926183116876124,-0.09506402324132247
2023-07-06 00:00:00+00:00,-0.07356402740910759,-0.1865402159481773,0.11297618853906971,0.03965093339300559
2023-07-07 00:00:00+00:00,0.05051845056222624,0.0011931203995591395,0.049325330162667096,-0.01057529984684552
2023-07-08 00:00:00+00:00,-0.036042361262936126,-0.03396264652081435,-0.002079714742121777,-0.032533400241734484
2023-07-09 00:00:00+00:00,-0.13779703567977397,-0.06848092952013117,-0.0693161061596428,-0.0004102923838488273
2023-07-13 00:00:00+00:00,-0.1406584281037979,-0.18309001020985585,0.04243158210605796,0.08070570586948896
2023-07-14 00:00:00+00:00,-0.06752356227680467,-0.06978970300155989,0.002266140724755214,-0.03770722059610393
2023-07-15 00:00:00+00:00,-0.10746922304193483,-0.1419029641346227,0.03443374109268786,0.015421892148255706
2023-07-16 00:00:00+00:00,-0.03611752024481734,-0.07301734524993826,0.03689982500512092,0.06945537358935902
2023-07-20 00:00:00+00:00,-0.07464246843228765,-0.17951091652880843,0.10486844809652078,0.10607666803308415
2023-07-21 00:00:00+00:00,-0.024693039610124628,-0.03385409239043241,0.009161052780307783,-0.014656870434480843
2023-07-22 00:00:00+00:00,-0.08438510476933977,-0.025326460823911393,-0.05905864394542838,-0.015624855729199881
2023-07-23 00:00:00+00:00,-0.1339848323604787,-0.06426247710753227,-0.06972235525294643,0.0009248361915193716
2023-07-27 00:00:00+00:00,0.06233960765002959,0.002351319653327661,0.05998828799670193,0.04542183882150923
2023-07-28 00:00:00+00:00,0.05706858206869696,0.03785530130265825,0.01921328076603871,0.0030615831251714076
2023-07-29 00:00:00+00:00,0.012173725861873881,-0.14544232708457497,0.15761605294644884,0.09327526392021886
2023-07-30 00:00:00+00:00,-0.12656816647297994,-0.19624827610160928,0.06968010962862933,0.025460993142075197
2023-08-03 00:00:00+00:00,0.08146381918146167,0.0003421511213649725,0.0811216680600967,0.04938071915265327
2023-08-04 00:00:00+00:00,-0.02104838796358741,-0.03948396635354631,0.018435578389958903,-0.010837110601010669
2023-08-05 00:00:00+00:00,0.0084737664019107,-0.03814939145928425,0.04662315786119495,-0.015527362981036227
2023-08-06 00:00:00+00:00,-0.0997549339660028,-0.08763566565134699,-0.012119268314655804,0.02306702100521285
2023-08-10 00:00:00+00:00,0.13838651613451516,0.03773935924097973,0.10064715689353543,0.0869512149075188
2023-08-11 00:00:00+00:00,0.027405022995582336,0.055468748283661905,-0.02806372528807957,-0.06260427501689285
2023-08-12 00:00:00+00:00,-0.018978311831397202,-0.04334566800283278,0.024367356171435577,0.03282229717563173
2023-08-17 00:00:00+00:00,-0.6521263135936777,-0.1225212665324246,-0.5296050470612531,-0.587964102455169
2023-08-18 00:00:00+00:00,0.06544404826510859,0.00794868548917791,0.05749536277593068,0.09947608751498596
2023-08-19 00:00:00+00:00,-0.1291136823600753,-0.02238829016336003,-0.10672539219671529,-0.019188362035805123
2023-08-20 00:00:00+00:00,0.0111960456934466,-0.0032200862672281966,0.014416131960674797,0.009856130025981735
2023-08-24 00:00:00+00:00,-0.015033718885891568,-0.050562534677216386,0.035528815791324816,-0.033792701075677264
2023-08-25 00:00:00+00:00,0.09424086804881389,0.07205957791519617,0.02218129013361772,-0.005032511626645336
2023-08-26 00:00:00+00:00,-0.014935010057152613,-0.20151674800146677,0.18658173794431415,0.16556015633819493
2023-08-27 00:00:00+00:00,-0.130776230328636,-0.18036115033035113,0.04958492000171513,0.07940942778547881
2023-08-31 00:00:00+00:00,-0.09883683095193872,-0.06596309109324014,-0.032873739858698584,-0.04858969861473862
2023-09-01 00:00:00+00:00,-0.12723584163034757,-0.14425581576029464,0.017019974129947074,0.005561585254014914
2023-09-02 00:00:00+00:00,-0.07218818127805894,-0.1432784363225953,0.07109025504453635,0.0484938089236389
2023-09-03 00:00:00+00:00,-0.09353167663508437,-0.10463228478249809,0.011100608147413718,-0.02327181337484158
2023-09-07 00:00:00+00:00,-0.06361883228786576,-0.07310788446371502,0.009489052175849264,0.047104904912454525
2023-09-08 00:00:00+00:00,-0.04774563648049709,-0.10239981812162832,0.054654181641131235,0.03605015993697063
2023-09-09 00:00:00+00:00,-0.08796096348094465,-0.2685107540729543,0.18054979059200968,0.1329646876206475
2023-09-10 00:00:00+00:00,-0.31304388904190233,-0.2481969732656745,-0.06484691577622784,0.012414636936409013
2023-09-14 00:00:00+00:00,-0.04648865343951403,-0.1304290863835644,0.08394043294405037,0.055349432172888555
2023-09-15 00:00:00+00:00,-0.027299373877958596,-0.015652672330288983,-0.011646701547669613,-0.025293172392235705
2023-09-16 00:00:00+00:00,-0.06242881617381606,-0.1370956383800456,0.07466682220622954,0.07117360110769036
2023-09-17 00:00:00+00:00,-0.12279436972481286,-0.15440925257583227,0.031614882851019405,0.011710585850444356
2023-09-22 00:00:00+00:00,0.04980041247958028,0.06488545063172821,-0.015085038152147928,-0.055737428367283515
2023-09-23 00:00:00+00:00,-0.005786999241516675,-0.15410711877564284,0.14832011953412616,0.08543899181401429
2023-09-24 00:00:00+00:00,-0.17763790374599484,-0.12074511638998751,-0.05689278735600732,-0.07578935749697946
2023-09-28 00:00:00+00:00,-0.14624969265980234,-0.1888115535839993,0.04256186092419695,0.019729702660060758
2023-09-29 00:00:00+00:00,-0.04528864147451562,-0.1365140793698376,0.09122543789532198,0.042513668314360736
2023-09-30 00:00:00+00:00,-0.1355487628247736,-0.22360566913221477,0.08805690630744117,0.14149187755573445
2023-10-01 00:00:00+00:00,-0.14599804509981282,-0.31715571098511847,0.17115766588530565,0.05197131480485026
2023-10-05 00:00:00+00:00,-0.2557163103016348,-0.19716922854880498,-0.0585470817528298,-0.07367226988849365
2023-10-06 00:00:00+00:00,-0.14224939007396567,-0.3098936361701045,0.16764424609613884,0.09023537581027544
2023-10-07 00:00:00+00:00,-0.2256083035751661,-0.0888084680740929,-0.1367998355010732,-0.022349682753880915
2023-10-08 00:00:00+00:00,-0.14414059705426388,-0.11274084164867625,-0.031399755405587634,0.03884304990857286
2023-10-12 00:00:00+00:00,0.03732580932174854,0.01967125923771023,0.01765455008403831,-0.021744755525853476
2023-10-13 00:00:00+00:00,0.12116803411919116,-0.06671782207323186,0.18788585619242304,0.11299866462217907
2023-10-14 00:00:00+00:00,0.04834521784111462,-0.1643038137412967,0.21264903158241133,0.23425973650142637
2023-10-15 00:00:00+00:00,-0.13016795541709933,-0.25174837846197173,0.1215804230448724,0.13455716369975276
2023-10-19 00:00:00+00:00,-0.1273778393918392,-0.20147099597215817,0.07409315658031898,-0.010121507547200738
2023-10-20 00:00:00+00:00,-0.16884473381808557,-0.0939053310826208,-0.07493940273546477,-0.0016068606098458074
2023-10-21 00:00:00+00:00,-0.2506588363714664,-0.09417043721850592,-0.15648839915296048,-0.03686811129469918
2023-10-22 00:00:00+00:00,-0.03480846807780412,-0.07897770577614334,0.04416923769833922,0.12498533515620819
2023-10-26 00:00:00+00:00,0.0985209706503943,0.002587036307763129,0.09593393434263116,0.09851096627588786
2023-10-27 00:00:00+00:00,0.16450608487381402,0.14469283226284502,0.019813252610969,0.013918054791993428
2023-10-28 00:00:00+00:00,-0.07559340327887033,-0.07066432825070192,-0.004929075028168417,-0.0368444641079233
2023-10-29 00:00:00+00:00,-0.03594374887558471,0.08591505633822416,-0.12185880521380887,-0.1910028933307728
2023-11-02 00:00:00+00:00,0.13766123591172005,0.007883460129245167,0.12977777578247487,0.1535881624838109
2023-11-03 00:00:00+00:00,0.04339743152643887,0.16871275080474016,-0.12531531927830128,-0.13520656484384522
2023-11-04 00:00:00+00:00,-0.1137372399465713,-0.10320970425215224,-0.010527535694419055,-0.013726878938524832
2023-11-05 00:00:00+00:00,-0.04625543492938763,-0.09849499350915675,0.05223955857976912,0.026270929854563613
2023-11-09 00:00:00+00:00,-0.12447147053408272,-0.2790636608538872,0.15459219031980445,0.1682137567807488
2023-11-10 00:00:00+00:00,-0.06192142389564866,0.030918892627865093,-0.09284031652351375,-0.18770608793726407
2023-11-11 00:00:00+00:00,-0.051555566594760856,-0.1557759789343733,0.10422041233961246,0.1177553810049262
2023-11-12 00:00:00+00:00,0.03051263444211284,-0.11206143369065316,0.142574068132766,0.15401668240172756
2023-11-16 00:00:00+00:00,-0.026032307349633917,-0.05537147180371159,0.029339164454077672,0.0010895375241291375
2023-11-17 00:00:00+00:00,-0.03358139423918881,0.06048803653176315,-0.09406943077095195,-0.12468123754771047
2023-11-18 00:00:00+00:00,0.015364831550527678,-0.10910055003450192,0.1244653815850296,0.1307325539948932
2023-11-19 00:00:00+00:00,-0.05225831099670809,-0.03932002716264369,-0.012938283834064403,-0.08431590918123859
2023-11-23 00:00:00+00:00,0.09653791806483619,0.14914504178430196,-0.05260712371946577,-0.073177351938009
2023-11-24 00:00:00+00:00,0.10997522424623953,-0.07815636577515832,0.18813159002139784,0.16216614919251213
2023-11-25 00:00:00+00:00,0.06347838901879789,0.06908693006404415,-0.00560854104524626,-0.07595340526233729
2023-11-26 00:00:00+00:00,-0.08172293115833336,0.006451252050074861,-0.08817418320840822,-0.11391395080696926
2023-11-30 00:00:00+00:00,-0.02571720176100668,0.03660651401677124,-0.06232371577777791,-0.12590327179421767
2023-12-01 00:00:00+00:00,-0.06278190447517891,-0.060166860168369356,-0.002615044306809554,0.013143264756390757
2023-12-02 00:00:00+00:00,-0.12096206291151591,-0.04030127434693031,-0.08066078856458561,-0.035505623645182366
2023-12-03 00:00:00+00:00,-0.08974595512905748,-0.07527986390246665,-0.01446609122659083,0.04157299819630748
2023-12-07 00:00:00+00:00,-0.1344037938310725,-0.02777873717786869,-0.10662505665320382,-0.045479797380987605
2023-12-08 00:00:00+00:00,-0.01374618193574532,-0.09199548715245628,0.07824930521671096,0.11236961751423838
2023-12-09 00:00:00+00:00,-0.007803015406761894,-0.06897396762985344,0.06117095222309155,0.08495907592515835
2023-12-10 00:00:00+00:00,-0.09400600382327894,-0.2754481541654316,0.18144215034215266,0.15609420289318193
2023-12-14 00:00:00+00:00,-0.17132237549459264,-0.23050352457377493,0.05918114907918229,-0.0044187957853141745
2023-12-15 00:00:00+00:00,-0.12880373272640327,-0.07993219658731321,-0.048871536139090066,-0.030695364187879624
2023-12-16 00:00:00+00:00,-0.24930051826144825,-0.17723179476326067,-0.07206872349818758,0.023833060424248907
2023-12-17 00:00:00+00:00,-0.17498523855934897,-0.11990303261361361,-0.05508220594573536,-0.012611175529249397
2023-12-21 00:00:00+00:00,-0.013809321668664566,-0.08804228729961072,0.07423296563094615,0.06564145801420439
2023-12-22 00:00:00+00:00,0.02320401795950642,0.029288281045763035,-0.006084263086256616,0.002693681660650621
2023-12-23 00:00:00+00:00,-0.1079049415257977,-0.058295794410010114,-0.04960914711578759,-0.04973189284009799
2023-12-24 00:00:00+00:00,-0.18832518309263327,-0.07705158210439161,-0.11127360098824166,-0.123114292590665
2023-12-28 00:00:00+00:00,-0.00888784841819232,-0.004036445340869573,-0.004851403077322747,-0.030153881713354064
2023-12-29 00:00:00+00:00,-0.06959753038114312,-0.058003403351348466,-0.011594127029794656,-0.046627695181144485
2023-12-30 00:00:00+00:00,-0.09322879715110242,-0.4479064142628599,0.35467761711175744,0.4060242537421849
2023-12-31 00:00:00+00:00,-0.08003072122599222,-0.6362855141551031,0.556254792929111,0.5580404054780503
2024-01-04 00:00:00+00:00,-0.08138908407334014,-0.15761693391751544,0.0762278498441753,0.055878830999922934
2024-01-05 00:00:00+00:00,0.3700418020540731,0.1046129711669864,0.2654288308870867,0.2929182884538923
2024-01-06 00:00:00+00:00,0.11178841863436004,0.008809925539546286,0.10297849309481374,0.16226381335424425
2024-01-07 00:00:00+00:00,-0.30623382729446397,-0.010246932135086546,-0.29598689515937743,-0.20605237409366806
2024-01-11 00:00:00+00:00,-0.2998321029180345,-0.13240945365675588,-0.16742264926127864,-0.20925665850339617
2024-01-12 00:00:00+00:00,-0.1756443921699086,-0.1254420788321712,-0.05020231333773739,-0.08250474822403321
2024-01-13 00:00:00+00:00,-0.04649395874007454,-0.017384780039242462,-0.029109178700832076,0.025492620491437634
2024-01-14 00:00:00+00:00,-0.29688714565244806,-0.015012486121974039,-0.281874659530474,-0.17380359317377378
2024-01-18 00:00:00+00:00,-0.08772268619958616,-0.047050036093620975,-0.040672650105965186,-0.04988984365703507
2024-01-19 00:00:00+00:00,-0.02201158883211763,-0.07322491114379946,0.05121332231168183,0.013706987780666674
2024-01-20 00:00:00+00:00,0.014804495575723067,-0.00965484906392364,0.024459344639646708,0.10401284723408677
2024-01-21 00:00:00+00:00,-0.041837508691580066,-0.06302472593056059,0.021187217238980524,0.057743819367179164
2024-01-25 00:00:00+00:00,-0.09889811807533948,0.04764155440379065,-0.14653967247913013,-0.2173952768028003
2024-01-26 00:00:00+00:00,-0.07481312619247149,-0.08305182650556422,0.008238700313092734,-0.003804698668148185
2024-01-27 00:00:00+00:00,-0.14066880417309166,-0.15780087777988866,0.017132073606797,0.026226836591307662
2024-01-28 00:00:00+00:00,-0.31911999032942445,-0.1942614762078178,-0.12485851412160665,-0.05616539557017766
2024-02-01 00:00:00+00:00,-0.03150153938284146,-0.09974065421108604,0.06823911482824457,0.012684882907756573
2024-02-02 00:00:00+00:00,-0.03725576111558162,-0.05583029196441074,0.018574530848829124,0.010971727119212293
2024-02-03 00:00:00+00:00,-0.1309581508755157,-0.08840166864983058,-0.04255648222568513,0.02050689374171096
2024-02-04 00:00:00+00:00,-0.22221696033255153,-0.07890486347134881,-0.14331209686120272,-0.07169176915428221
2024-02-08 00:00:00+00:00,-0.09442403073552216,-0.12484022838745314,0.030416197651930973,-0.06831190384837943
2024-02-09 00:00:00+00:00,-0.17790640774811767,-0.11372957017031766,-0.0641768375778,0.023712831462346765
2024-02-10 00:00:00+00:00,-0.07946120956267952,-0.09937446599462468,0.019913256431945164,0.05501961781124087
2024-02-11 00:00:00+00:00,-0.06179957685653573,-0.07907606780055594,0.017276490944020208,0.04913091959640189
2024-02-15 00:00:00+00:00,0.026024467404677915,-0.12809756857364335,0.15412203597832128,0.1726424418691211
2024-02-16 00:00:00+00:00,-0.048759679282165826,0.12372289764441033,-0.17248257692657615,-0.20352006019536978
2024-02-17 00:00:00+00:00,-0.22140145411831322,0.010628914818682113,-0.23203036893699533,-0.18638554818623732
2024-02-18 00:00:00+00:00,-0.08841526103627421,-0.015948298932592243,-0.07246696210368198,-0.061670570363334135
2024-02-23 00:00:00+00:00,0.1323974714752483,0.07209793590659033,0.06029953556865797,0.07486626455040493
2024-02-24 00:00:00+00:00,0.00015882312072948126,-0.028351957498665422,0.028510780619394903,0.04088492505323449
2024-02-25 00:00:00+00:00,-0.020523614715556103,-0.02792806052187525,0.007404445806319146,0.12457047790887649
2024-02-29 00:00:00+00:00,0.08364659299042809,0.10048627079449801,-0.01683967780406992,-0.1287581800083466
2024-03-01 00:00:00+00:00,0.06314515522942886,0.028589234851293305,0.034555920378135555,0.060335516264892974
2024-03-02 00:00:00+00:00,-0.01333364885161593,-0.3999715431416145,0.38663789428999856,0.36671264965507994
2024-03-03 00:00:00+00:00,-0.4296863169454137,-0.5121561729854606,0.08246985604004686,0.052707204186284606
2024-03-07 00:00:00+00:00,-0.06402933314082407,0.07936335668136854,-0.1433926898221926,-0.17445261613197688
2024-03-08 00:00:00+00:00,-0.11368115650904399,-0.2192062340812152,0.10552507757217121,0.06219040283099881
2024-03-09 00:00:00+00:00,0.08725742583804275,-0.17994089692429052,0.26719832276233324,0.25292793389501617
2024-03-10 00:00:00+00:00,-0.28951720456203767,-0.3691803092309684,0.07966310466893073,0.14483320378863837
2024-03-14 00:00:00+00:00,-0.38426579861203497,-0.10973289412189645,-0.2745329044901385,-0.27073592628383797
2024-03-15 00:00:00+00:00,-0.19740847470473338,-0.3812588422768019,0.18385036757206852,0.26564991764814516
2024-03-16 00:00:00+00:00,-0.11597421607011046,-0.22401939894473244,0.10804518287462198,0.06239476762092636
2024-03-17 00:00:00+00:00,0.09852504529412572,-0.11463225064284262,0.21315729593696833,0.13131610532324084
2024-03-21 00:00:00+00:00,-0.1771219679735886,-0.13872718012516347,-0.03839478784842512,-0.00653276055895044
2024-03-22 00:00:00+00:00,-0.12636477218971043,-0.12714107210395037,0.0007762999142399418,-0.024392283799872523
2024-03-23 00:00:00+00:00,-0.3190331895217868,-0.03083226624448624,-0.2882009232773005,-0.1332498958944717
2024-03-24 00:00:00+00:00,-0.13316448930363303,-0.030566715893029166,-0.10259777341060386,-0.08041136755723974
2024-03-28 00:00:00+00:00,0.2532648208784511,0.09942723999294473,0.15383758088550636,0.11168355552909681
2024-03-29 00:00:00+00:00,0.1190014140433532,0.09430355045087481,0.024697863592478386,0.06756189197302209
2024-03-30 00:00:00+00:00,-0.024761502420869903,0.038925123771306684,-0.06368662619217659,0.04102703196466498
2024-03-31 00:00:00+00:00,-0.019986066828506902,0.03567738450378906,-0.05566345133229596,0.029519544909518497
2024-04-04 00:00:00+00:00,-0.1333063296488836,-0.01886288503139766,-0.11444344461748593,-0.08268290384813272
2024-04-05 00:00:00+00:00,0.005295131765279766,-0.009954808605789895,0.015249940371069661,-0.03932018089312243
2024-04-06 00:00:00+00:00,-0.13514619836170763,-0.02103969208338843,-0.1141065062783192,-0.10881343095712075
2024-04-07 00:00:00+00:00,-0.059535453265643946,0.08549378326322922,-0.14502923652887317,-0.1337610230025916
2024-04-11 00:00:00+00:00,0.0036937046947987506,0.02777969232512408,-0.02408598763032533,-0.10171996957330093
2024-04-12 00:00:00+00:00,-0.08594585306122161,-0.08125671666015237,-0.004689136401069244,-0.051753848897869506
2024-04-13 00:00:00+00:00,-0.34697346810349444,-0.2622342762508119,-0.08473919185268253,-0.03164764287594335
2024-04-14 00:00:00+00:00,-0.07303025384278315,-0.28745171945480424,0.21442146561202108,0.17922684394455934
2024-04-18 00:00:00+00:00,-0.41904023207094077,-0.4488909850988997,0.02985075302795892,0.057744093054182155
2024-04-19 00:00:00+00:00,0.026438494252623162,-0.3839052554122599,0.4103437496648831,0.27314730753991756
2024-04-20 00:00:00+00:00,0.013539467594808915,0.05785772042423226,-0.044318252829423345,-0.04704880945472498
2024-04-21 00:00:00+00:00,-0.14236959132025742,0.1583564720052346,-0.300726063325492,-0.24692217795246374
2024-04-25 00:00:00+00:00,-0.11969124299299717,0.03937235002744094,-0.1590635930204381,-0.21271180662546563
2024-04-26 00:00:00+00:00,-0.13965744151285633,-0.06887341100899808,-0.07078403050385826,-0.0013381940957328253
2024-04-27 00:00:00+00:00,-0.2923595226916572,-0.06590420392372837,-0.22645531876792885,-0.135286168108944
2024-04-28 00:00:00+00:00,-0.17951444584782833,-0.10432931087756249,-0.07518513497026584,0.03526476473615311
2024-05-02 00:00:00+00:00,-0.06854833315392511,-0.1022256668040608,0.033677333650135685,-0.06608328255668348
2024-05-03 00:00:00+00:00,-0.1446287266129012,-0.11958765830569716,-0.025041068307204026,-0.05870856518227434
2024-05-04 00:00:00+00:00,-0.25999703549952385,-0.02950671383683618,-0.23049032166268768,-0.14120191653250266
2024-05-05 00:00:00+00:00,-0.15126204322251055,-0.036589120098854,-0.11467292312365655,-0.03556183103194562
2024-05-09 00:00:00+00:00,0.002753205587997143,-0.04693626925979714,0.049689474847794284,0.0906186139680196
2024-05-10 00:00:00+00:00,-0.09401155423448533,-0.070847242105992,-0.023164312128493333,-0.06237176396574
2024-05-11 00:00:00+00:00,0.04575831346733222,-0.040019007547233566,0.08577732101456578,0.15745327062812953
2024-05-12 00:00:00+00:00,-0.08564801711336614,-0.10136567858916609,0.01571766147579995,0.022497067591562583
2024-05-16 00:00:00+00:00,0.0395698349350426,0.01129636760232306,0.028273467332719536,0.020453971024196244
2024-05-17 00:00:00+00:00,0.02773952727849916,-0.061008021315647254,0.08874754859414641,0.08349371608695849
2024-05-18 00:00:00+00:00,-0.0019094671152444383,-0.1925009867831595,0.19059151966791504,0.13932880274739542
2024-05-19 00:00:00+00:00,-0.1704679985606562,-0.226164344936997,0.0556963463763408,0.12033997831581708
2024-05-23 00:00:00+00:00,0.0382720658139569,-0.1643974811980178,0.2026695470119747,0.17509721177393178
2024-05-24 00:00:00+00:00,-0.06509038383473484,0.029764052069751402,-0.09485443590448624,-0.15026645828958604
2024-05-25 00:00:00+00:00,-0.09461808565431411,-0.12642569343711688,0.03180760778280277,0.02277573429826358
2024-05-26 00:00:00+00:00,-0.11368570578720887,-0.09174987656325204,-0.02193582922395683,-0.05907753717496769
2024-05-30 00:00:00+00:00,-0.024921452290830273,-0.04559460421542919,0.02067315192459892,0.03948297419262339
2024-05-31 00:00:00+00:00,0.02597621277232129,-0.03557603931917822,0.06155225209149951,0.04672917252572312
2024-06-01 00:00:00+00:00,0.05555374339239297,-0.07670770131606465,0.13226144470845763,0.15566940806426782
2024-06-02 00:00:00+00:00,-0.22417768522585235,-0.07495160738885055,-0.1492260778370018,-0.09373722105220958
2024-06-06 00:00:00+00:00,-0.05325201954545502,0.12669528141037556,-0.17994730095583059,-0.24914121506782524
2024-06-07 00:00:00+00:00,-0.04913085763135961,-0.09457790143951035,0.04544704380815074,0.052572225126906555
2024-06-08 00:00:00+00:00,0.05923355057443142,-0.18520919778218464,0.24444274835661606,0.20624146698122955
2024-06-09 00:00:00+00:00,0.012430865249731521,-0.060204165326023726,0.07263503057575525,0.13830744767231531
2024-06-14 00:00:00+00:00,-0.03980981590572143,-0.10120947376661805,0.06139965786089663,0.05121639399983432
2024-06-15 00:00:00+00:00,0.004246737274430068,-0.13688909034973398,0.14113582762416405,0.0882391903122072
2024-06-16 00:00:00+00:00,-0.12065247817106989,-0.08148600753349036,-0.039166470637579526,0.033394766670892535
2024-06-20 00:00:00+00:00,-0.03640927742708315,-0.11627897798383256,0.07986970055674941,-0.02824601914553159
2024-06-21 00:00:00+00:00,0.0235299118153075,-0.13006196633833128,0.15359187815363878,0.16028313083583123
2024-06-22 00:00:00+00:00,0.0024920642571206147,-0.026477558272767467,0.028969622529888082,0.07187589906466739
2024-06-23 00:00:00+00:00,-0.0676790022251278,-0.1294017140119853,0.06172271178685751,0.07215439238833704
2024-06-27 00:00:00+00:00,-0.00683642145277636,-0.1183662969215524,0.11152987546877605,0.10628377506869927
2024-06-28 00:00:00+00:00,-0.08447217337106329,-0.09593752470872198,0.011465351337658691,0.01967722867099507
2024-06-29 00:00:00+00:00,-0.10235532117853592,-0.0972138555245126,-0.0051414656540233195,0.031074252712110173
2024-06-30 00:00:00+00:00,-0.1503072287418864,-0.08232932656338983,-0.06797790217849657,-0.06823654830653053
2024-07-04 00:00:00+00:00,-0.2329281333040343,-0.16767774948571282,-0.06525038381832149,0.0033174813910804846
2024-07-05 00:00:00+00:00,0.016393928085520405,-0.19460982707467836,0.21100375516019876,0.1258288992286809
2024-07-06 00:00:00+00:00,-0.16803525773799316,-0.4228311040292107,0.25479584629121754,0.11792095053076068
2024-07-07 00:00:00+00:00,-0.13844760037639658,-0.40041088097482047,0.2619632805984239,0.14974422566566317
2024-07-11 00:00:00+00:00,-0.039659045255998025,-0.2503340373639448,0.21067499210794674,0.22106561904569094
2024-07-12 00:00:00+00:00,-0.10435420712857935,-0.07074350394977479,-0.03361070317880456,-0.08510529547379493
2024-07-13 00:00:00+00:00,-0.13435312236218988,-0.08270790308774487,-0.051645219274445014,0.009191154448548938
2024-07-14 00:00:00+00:00,-0.0622913854818929,-0.08466808883681187,0.022376703354918974,0.03974250682164526
2024-07-18 00:00:00+00:00,-0.11940565459362142,-0.038558932859254734,-0.08084672173436669,-0.15897185679361497
2024-07-19 00:00:00+00:00,-0.12446756452665336,-0.15426579433629634,0.029798229809642973,0.010087951325834121
2024-07-20 00:00:00+00:00,-0.1248602964198874,-0.0023091715301161663,-0.12255112488977123,-0.05213429248783534
2024-07-21 00:00:00+00:00,-0.012186458976391219,0.09302090865861218,-0.1052073676350034,-0.020272632441764277
2024-07-25 00:00:00+00:00,0.030599537912100468,-0.17274439404309302,0.20334393195519349,0.108915976301516
2024-07-26 00:00:00+00:00,0.37301977971969574,-0.01025690851094852,0.38327668823064426,0.43442893254911774
2024-07-27 00:00:00+00:00,0.12355639693106413,0.102322180291339,0.021234216639725134,0.09726617748720218
2024-07-28 00:00:00+00:00,-0.21866623353136527,-0.04307274569571848,-0.1755934878356468,-0.14941460070022178
2024-08-01 00:00:00+00:00,-0.2897633218203952,-0.39187482276431085,0.10211150094391563,0.002659102766935484
2024-08-02 00:00:00+00:00,-0.14346844130087122,-0.25582940642594,0.11236096512506877,0.03783646423682814
2024-08-03 00:00:00+00:00,-0.20461424916089574,-0.38042161530777596,0.17580736614688022,0.18258378995493252
2024-08-04 00:00:00+00:00,-0.12377463871852012,-0.5931519950641486,0.4693773563456285,0.4223373659604862
2024-08-08 00:00:00+00:00,-0.13770741395616212,-0.26807892440435,0.13037151044818787,0.10159398688122247
2024-08-09 00:00:00+00:00,0.03671926433576611,0.27256164727168836,-0.23584238293592225,-0.23463509024817353
2024-08-10 00:00:00+00:00,-0.01678914741993316,-0.151434508852594,0.13464536143266084,0.14954193387468198
2024-08-11 00:00:00+00:00,-0.12498600153610957,-0.29533013382007284,0.17034413228396328,0.11983915014215012
2024-08-15 00:00:00+00:00,-0.08985347616434794,-0.2819486420078941,0.19209516584354616,0.20408000190083664
2024-08-16 00:00:00+00:00,-0.017140397198492283,-0.1352242902534606,0.11808389305496833,0.1018575948540884
2024-08-17 00:00:00+00:00,-0.04955516533511037,-0.07264604618600579,0.023090880850895418,0.029433931813688613
2024-08-18 00:00:00+00:00,-0.042874163764024587,-0.10640430431613088,0.06353014055210629,0.05388366188767327
2024-08-22 00:00:00+00:00,-0.10626907257734622,0.0275667705519633,-0.13383584312930952,-0.23483856345355306
2024-08-23 00:00:00+00:00,-0.17257413351859305,-0.11410069006088301,-0.058473443457710036,-0.07180958905110514
2024-08-24 00:00:00+00:00,0.02480601261488926,-0.03088077987117206,0.055686792486061315,0.15159817251398391
2024-08-25 00:00:00+00:00,-0.02570194155105495,-0.09773745239081379,0.07203551083975884,0.15575299413165195
2024-08-29 00:00:00+00:00,0.036065395677085874,-0.09850731632235071,0.1345727119994366,0.09881447012246532
2024-08-30 00:00:00+00:00,-0.04044897293531546,0.04678079709495863,-0.08722977003027409,-0.1383192761059695
2024-08-31 00:00:00+00:00,-0.06525731333238383,-0.15925455571986455,0.09399724238748072,0.1106088668026841
2024-09-01 00:00:00+00:00,-0.2097528366389953,-0.3659276154196303,0.15617477878063502,0.06491184543840871
2024-09-05 00:00:00+00:00,-0.1757067825761293,-0.19485557137063222,0.019148788794502936,0.009669932291572342
2024-09-06 00:00:00+00:00,0.04643265952598758,-0.1453717151442546,0.19180437467024217,0.23022437096210713
2024-09-07 00:00:00+00:00,-0.09874498578936929,-0.02949435952541481,-0.06925062626395448,0.003470621426712027
2024-09-08 00:00:00+00:00,-0.1477049141776327,-0.06054043802359707,-0.08716447615403564,-0.06063055753170839
2024-09-12 00:00:00+00:00,-0.08543429898422651,-0.0807883298670434,-0.00464596911718311,-0.06609296701303893
2024-09-13 00:00:00+00:00,0.022571679697600773,-0.12600033887652815,0.1485720185741289,0.16301410331458435
2024-09-14 00:00:00+00:00,-0.07791846725960194,-0.1008990148653644,0.022980547605762458,0.018604588886993775
2024-09-15 00:00:00+00:00,-0.1456902020037974,-0.11893424016030214,-0.026755961843495255,-0.042360008372809003
2024-09-19 00:00:00+00:00,-0.02835373625277701,-0.0988830477526765,0.0705293114998995,0.04538375459434251
2024-09-20 00:00:00+00:00,0.11581387886902188,0.016754592172376397,0.09905928669664549,0.062194653702642266
2024-09-21 00:00:00+00:00,-0.07831295409240142,-0.07453407334929506,-0.0037788807431063665,0.04289946490453074
2024-09-22 00:00:00+00:00,-0.3209148916855091,-0.03136526490562083,-0.28954962677988827,-0.19416372963766043
2024-09-26 00:00:00+00:00,-0.054617529850752994,-0.08220094706082637,0.027583417210073374,0.04237323168775452
2024-09-27 00:00:00+00:00,0.12363418975139655,-0.023962519753791038,0.14759670950518758,0.16847278463937376
2024-09-28 00:00:00+00:00,-0.11726131171881242,-0.0085453155824853,-0.10871599613632713,0.023685850008460414
2024-09-29 00:00:00+00:00,-0.043417311729571965,-0.09442154226475227,0.05100423053518031,0.051132140966980336
2024-10-03 00:00:00+00:00,-0.029953852290649157,-0.15310503693646008,0.12315118464581092,0.0662428451449032
2024-10-04 00:00:00+00:00,0.03788145190232139,-0.015895728384871976,0.05377718028719336,0.04188073606088916
2024-10-05 00:00:00+00:00,-0.10693721430478298,-0.05406594919100235,-0.05287126511378063,0.009631301664137698
2024-10-06 00:00:00+00:00,-0.047772150992486294,-0.08540294233235586,0.03763079133986957,-0.014300135787259784
2024-10-10 00:00:00+00:00,-0.0770952135809924,0.0006881377131775372,-0.07778335129416994,-0.15651456777155984
2024-10-11 00:00:00+00:00,-0.11480478084786387,-0.05091470852517297,-0.0638900723226909,-0.04437877025587133
2024-10-12 00:00:00+00:00,-0.18794710445558982,-0.054797053583456726,-0.1331500508721331,-0.04029421865192383
2024-10-13 00:00:00+00:00,-0.26370621175845654,-0.08452855652685916,-0.1791776552315974,-0.07581526329186802
2024-10-17 00:00:00+00:00,-0.05014614961692133,-0.05576358688356875,0.005617437266647422,-0.05774017280167691
2024-10-18 00:00:00+00:00,-0.023019224064927558,-0.08713599068801951,0.06411676662309196,0.027161622000675095
2024-10-19 00:00:00+00:00,-0.07293905347998984,-0.05313321428280303,-0.019805839197186814,-0.04490111038513214
2024-10-20 00:00:00+00:00,-0.16363577896873663,-0.04214789352755869,-0.12148788544117795,-0.07504230455902954
2024-10-24 00:00:00+00:00,-0.24719401075845254,-0.10220463635362972,-0.14498937440482282,-0.09394944971684749
2024-10-25 00:00:00+00:00,-0.18951191213394938,-0.29090519154440725,0.10139327941045786,0.03527847891050685
2024-10-26 00:00:00+00:00,0.014534159962479807,0.012740908894393733,0.0017932510680860742,0.041742686656246225
2024-10-27 00:00:00+00:00,-0.052451503796764415,-0.1026822666830002,0.05023076288623579,-0.010464497158203495
2024-10-31 00:00:00+00:00,-0.17435861190982851,-0.0792993805594251,-0.09505923135040341,-0.1279603252233318
2024-11-01 00:00:00+00:00,-0.14500903405070187,-0.25830723936629973,0.11329820531559787,0.06360381188782346
2024-11-02 00:00:00+00:00,-0.2654591688157688,0.08613002117454184,-0.35158918999031064,-0.24179439518229673
2024-11-07 00:00:00+00:00,-0.012953341563230046,0.04234096165098426,-0.05529430321421431,-0.09494422378589473
2024-11-08 00:00:00+00:00,-0.1244418823867832,-0.04925576037876026,-0.07518612200802294,-0.050205656311911026
2024-11-09 00:00:00+00:00,-0.2779996942935078,-0.06424124358863335,-0.21375845070487443,-0.0683555508168257
2024-11-10 00:00:00+00:00,-0.12424045066792617,-0.1120113550241526,-0.012229095643773572,-0.03265565027075103
2024-11-14 00:00:00+00:00,-0.1871752160105285,-0.36348287732726653,0.17630766131673803,0.20573361702200393
2024-11-15 00:00:00+00:00,-0.11651603187389686,-0.15365712793140926,0.037141096057512396,0.060820560942990556
2024-11-16 00:00:00+00:00,-0.2467524951139306,-0.11445998380395145,-0.13229251130997915,-0.05334057917639981
2024-11-17 00:00:00+00:00,-0.14297692108901194,-0.04871678502252819,-0.09426013606648376,-0.03381441617874409
2024-11-21 00:00:00+00:00,0.15647553462542002,-0.17088503264583702,0.32736056727125706,0.3567494630956729
2024-11-22 00:00:00+00:00,0.21012000908740866,0.19398927931995968,0.016130729767448976,0.018944270653822703
2024-11-23 00:00:00+00:00,0.021231610590860636,-0.0657309261997761,0.08696253679063673,0.11365152791084707
2024-11-24 00:00:00+00:00,-0.0482405364209489,-0.021650586975436797,-0.026589949445512105,0.05756621598522245
2024-11-28 00:00:00+00:00,0.0342037595832702,0.08737400857857629,-0.053170248995306084,-0.11554938472166748
2024-11-29 00:00:00+00:00,0.012991398184776109,-0.011558018856149366,0.024549417040925475,0.04099113661380424
2024-11-30 00:00:00+00:00,-0.12303639471254,-0.7134575407164635,0.5904211460039235,0.49741848785751386
2024-12-01 00:00:00+00:00,-0.1359313268156546,-0.7866571052175507,0.6507257784018962,0.6414924117972514
2024-12-05 00:00:00+00:00,-0.1518998863713778,-1.418604355724471,1.266704469353093,1.129251362851302
2024-12-06 00:00:00+00:00,-0.05752454659587671,0.05422877615881108,-0.1117533227546878,-0.06167750475778337
2024-12-07 00:00:00+00:00,-0.08001408633924621,-0.06027074691550439,-0.019743339423741825,0.0699453968480696
2024-12-08 00:00:00+00:00,-0.19933088704721288,-0.14659734827959398,-0.05273353876761891,-0.02621765507009742
2024-12-12 00:00:00+00:00,-0.08025865889399927,-0.02966322899395095,-0.050595429900048325,-0.054485608912790015
2024-12-13 00:00:00+00:00,-0.08389336377486327,-0.04559740854091777,-0.0382959552339455,-0.04191485249499052
2024-12-14 00:00:00+00:00,-0.24287347901331907,-0.19116338936543673,-0.051710089647882346,0.019831166148681596
2024-12-15 00:00:00+00:00,-0.0858142463182072,-0.22845508314709362,0.14264083682888642,0.0750613143590959
2024-12-19 00:00:00+00:00,-0.32592559748474104,-0.3421262896105569,0.016200692125815874,0.037565128476491405
2024-12-20 00:00:00+00:00,-0.25999943732354963,-0.3990800325329346,0.13908059520938498,0.0805126709665784
2024-12-21 00:00:00+00:00,-0.3521607977954418,-0.12745419532389324,-0.22470660247154856,-0.17992207217160566
2024-12-22 00:00:00+00:00,-0.2142487907643738,-0.051751057294697506,-0.1624977334696763,-0.19384045290442997
2024-12-26 00:00:00+00:00,-0.09374547524350553,-0.08023734064314741,-0.013508134600358115,0.006092007127524656
2024-12-27 00:00:00+00:00,0.009760282837544024,-0.06290641399737038,0.0726666968349144,0.0651584782013999
2024-12-28 00:00:00+00:00,-0.03273064346807915,0.023944893523616752,-0.056675536991695905,-0.10055084300143372
2024-12-29 00:00:00+00:00,-0.05740819100203837,-0.015619318744973458,-0.04178887225706491,-0.07592793805676853
2025-01-02 00:00:00+00:00,0.02231499752362258,-0.05671028257122076,0.07902528009484333,0.0913082793493527
2025-01-03 00:00:00+00:00,-0.06461852817498043,0.04201193347404572,-0.10663046164902615,-0.11107381249000814
2025-01-04 00:00:00+00:00,-0.08722491121147674,-0.11161850820538445,0.02439359699390771,0.04845883485540002
2025-01-05 00:00:00+00:00,-0.10511692570461276,-0.10689050129736642,0.001773575592753665,0.04373939958629228
2025-01-09 00:00:00+00:00,-0.24472265623308004,-0.2211103432583709,-0.023612312974709143,-0.03575112188150445
2025-01-10 00:00:00+00:00,-0.10583103344395706,-0.17469496500772877,0.06886393156377171,0.07256857482446204
2025-01-11 00:00:00+00:00,-0.08437183534890409,-0.10767941250416722,0.02330757715526313,0.05774144947015346
2025-01-12 00:00:00+00:00,-0.12018245788751267,-0.14036458745364797,0.0201821295661353,0.09150176906040507
2025-01-16 00:00:00+00:00,-0.12504641370682099,-0.17604928786015436,0.05100287415333338,-0.0075443228593526784
2025-01-17 00:00:00+00:00,-0.14233231534347732,-0.03319840616510142,-0.1091339091783759,-0.002792942955165613
2025-01-18 00:00:00+00:00,-0.3578383691102973,-0.49217311664231844,0.13433474753202113,0.19039878657055953
2025-01-19 00:00:00+00:00,-0.7482193783056804,-0.4441156581038362,-0.30410372020184423,-0.27560980304132376
2025-01-23 00:00:00+00:00,-0.26747358862058457,-0.8902011572759511,0.6227275686553665,0.48603106310343946
2025-01-24 00:00:00+00:00,0.1505881861569437,0.09148791248623651,0.05910027367070718,0.046034748695949756
2025-01-25 00:00:00+00:00,-0.09479437499077115,0.0018153466410954428,-0.09660972163186658,-0.07279884574744766
2025-01-26 00:00:00+00:00,-0.07774635369226864,-0.04442335937202442,-0.033322994320244215,-0.14389351307037387
2025-01-30 00:00:00+00:00,-0.09905631064163586,0.0010748147580487875,-0.10013112539968465,-0.10760035810256025
2025-01-31 00:00:00+00:00,-0.11056531689279071,-0.12904996805922925,0.018484651166438534,-0.0461616234255572
2025-02-01 00:00:00+00:00,-0.2191015399878763,-0.3475695176304617,0.12846797764258538,0.1309935195937944
2025-02-02 00:00:00+00:00,-0.1387183376152989,-0.21795533968236336,0.07923700206706447,-0.020616064281390255
2025-02-06 00:00:00+00:00,-0.14255049009807996,-0.16825561466159997,0.025705124563520004,-0.05436664049878062
2025-02-07 00:00:00+00:00,-0.19898620141489126,-0.06903952239252192,-0.12994667902236934,-0.2379572059204445
2025-02-08 00:00:00+00:00,-0.09444052790195463,-0.07181917549109294,-0.02262135241086169,-0.0018077608143127755
2025-02-09 00:00:00+00:00,-0.32793416231656286,-0.09112815205812405,-0.2368060102584388,-0.1673751056668354
2025-02-13 00:00:00+00:00,-0.015580048393027783,-0.09659396464115516,0.08101391624812737,0.11515475968358732
2025-02-14 00:00:00+00:00,-0.20023200697387333,-0.16051485649567274,-0.0397171504782006,-0.06422474292905989
2025-02-15 00:00:00+00:00,-0.01845154575405969,-0.030164080114144863,0.011712534360085174,-0.029747085413197996
2025-02-16 00:00:00+00:00,-0.040760366469558156,0.029256243739762374,-0.07001661020932053,-0.0848030125748431
2025-02-20 00:00:00+00:00,-0.12391894878096994,-0.07342757161664462,-0.05049137716432532,-0.021044230766212778
2025-02-21 00:00:00+00:00,-0.0955111791724659,-0.2387650517771256,0.1432538726046597,0.0639665007499787
2025-02-22 00:00:00+00:00,-0.06912460676063323,-0.046054679578820416,-0.023069927181812812,0.03478234515066979
2025-02-23 00:00:00+00:00,-0.014180855352426934,-0.11949677277360388,0.10531591742117694,0.1319280612667509
2025-02-27 00:00:00+00:00,-0.23450444713224683,-0.4029332380691511,0.16842879093690427,0.20591780823711364
2025-02-28 00:00:00+00:00,-0.058233805623400046,-0.6121871426816363,0.5539533370582362,0.40362423985467044
2025-03-01 00:00:00+00:00,-0.2437694240731913,-1.14743701044733,0.9036675863741386,0.721495848335078
2025-03-02 00:00:00+00:00,-0.3296623270074381,-0.5698450049905737,0.24018267798313558,0.13336898667018415
2025-03-06 00:00:00+00:00,-0.32855350306953995,-0.5502872263104822,0.22173372324094226,0.19586269823242672
2025-03-07 00:00:00+00:00,-0.2259552586547598,-0.19426312830147227,-0.03169213035328752,-0.06167153822085585
2025-03-08 00:00:00+00:00,-0.03214832245711861,-0.21811251814274826,0.18596419568562966,0.1596711838740898
2025-03-13 00:00:00+00:00,0.04582902872073266,-0.06148386117329835,0.10731288989403101,0.12821609661039757
2025-03-14 00:00:00+00:00,0.017693126559910743,-0.042511416281849394,0.060204542841760134,0.08905245726913685
2025-03-15 00:00:00+00:00,-0.16289204381816816,-0.06542850609811274,-0.09746353772005542,-0.08734199756790689
2025-03-16 00:00:00+00:00,-0.12100168252878532,0.010347938981654595,-0.1313496215104399,-0.10111021768650016
2025-03-20 00:00:00+00:00,0.0007557995157539536,0.05965926271724527,-0.05890346320149131,-0.0665739358140397
2025-03-21 00:00:00+00:00,0.13596147043313328,-0.035621818302563016,0.17158328873569628,0.10731504682288706
2025-03-22 00:00:00+00:00,-0.09730049088863904,-0.014508569165566762,-0.08279192172307227,0.01732830690994011
2025-03-23 00:00:00+00:00,-0.010843878874928227,-0.06384685976602343,0.0530029808910952,-0.021362421757507577
2025-03-27 00:00:00+00:00,-0.10467466709668553,-0.08194940807890587,-0.022725259017779664,-0.09617415357589147
2025-03-28 00:00:00+00:00,-0.0696464519972461,-0.06507190177902626,-0.004574550218219842,-0.009605827464840708
2025-03-29 00:00:00+00:00,-0.16451552822246338,-0.1918985149341392,0.027382986711675827,0.010013013318498618
2025-03-30 00:00:00+00:00,0.037578446231532156,-0.08575344667332388,0.12333189290485604,0.09482288991168626
2025-04-03 00:00:00+00:00,-0.013906029768050008,0.08289786573081735,-0.09680389549886736,-0.05607392600089395
2025-04-04 00:00:00+00:00,0.22433182142970712,-0.30602843753581177,0.5303602589655189,0.4724133599217965
2025-04-05 00:00:00+00:00,-0.026699920852786673,-0.12465072997904378,0.0979508091262571,0.13901631583253338
2025-04-06 00:00:00+00:00,-0.009592727642266092,-0.17029059270443037,0.16069786506216427,0.06319887866586678
2025-04-10 00:00:00+00:00,-0.1677476564129481,-0.06511997083667001,-0.10262768557627808,-0.07653484740122876
2025-04-11 00:00:00+00:00,-0.06594045773893274,-0.156883730150951,0.09094327241201826,0.08247023688305892
2025-04-12 00:00:00+00:00,-0.17722927303809563,-0.00872775127564232,-0.1685015217624533,-0.200892069320456
2025-04-13 00:00:00+00:00,-0.18444736481967328,0.1330676075796211,-0.3175149723992944,-0.3262117444778175
2025-04-17 00:00:00+00:00,0.08480230486737732,-0.008302286021143013,0.09310459088852033,0.10586489799940814
2025-04-18 00:00:00+00:00,-0.036092749044428114,0.01179967632918268,-0.0478924253736108,-0.02346304853081496
2025-04-19 00:00:00+00:00,-0.2524662463170526,-0.07161509689685987,-0.18085114942019276,-0.03996337089394807
2025-04-20 00:00:00+00:00,-0.11425505223675136,-0.07691090767630489,-0.03734414456044648,0.020759272196730495
2025-04-24 00:00:00+00:00,-0.05534478027856764,-0.08211652357918672,0.026771743300619086,-0.016288915366946197
2025-04-25 00:00:00+00:00,-0.0603158897686343,-0.08784670818562543,0.027530818416991128,0.027652732914331943
2025-04-26 00:00:00+00:00,-0.3187020065195709,-0.04021140890699776,-0.27849059761257317,-0.2261416430209189
2025-04-27 00:00:00+00:00,-0.11407971873788422,-0.03979844677664744,-0.07428127196123678,-0.024268553243737445
2025-05-01 00:00:00+00:00,0.017807440229104986,-0.1090060765681822,0.1268135167972872,0.17953927861808155
2025-05-02 00:00:00+00:00,-0.054821947115366566,-0.08011501188350934,0.02529306476814277,-0.02401573116078548
2025-05-03 00:00:00+00:00,-0.10255444195797908,-0.09155240573047696,-0.011002036227502121,-0.029261503252353507
2025-05-04 00:00:00+00:00,-0.14487953628119943,-0.05283602297272905,-0.09204351330847038,-0.07442842068580659
2025-05-08 00:00:00+00:00,-0.07430236869510885,-0.07680187872923776,0.0024995100341289045,0.008369434029577292
2025-05-09 00:00:00+00:00,-0.164956025469659,-0.029329438736054914,-0.1356265867336041,-0.08686240538876208
2025-05-10 00:00:00+00:00,-0.2095306811535,-0.16313119731274647,-0.046399483840753514,-0.06921517110181362
2025-05-11 00:00:00+00:00,-0.47938999275074534,-0.12451310667964018,-0.3548768860711052,-0.3252109607820729
2025-05-15 00:00:00+00:00,-0.09705891635855828,-0.2557885109215306,0.1587295945629723,0.05897985622869143
2025-05-16 00:00:00+00:00,-0.08965827581069002,-0.1669126705808976,0.07725439477020757,0.046729980793101054
2025-05-17 00:00:00+00:00,-0.24012900360134246,-0.26286055574053513,0.022731552139192673,0.08310521467567822
2025-05-18 00:00:00+00:00,-0.2510141740341228,-0.195334807666816,-0.055679366367306804,-0.033602044126879324
2025-05-22 00:00:00+00:00,-0.005645398301985551,0.05312462162107814,-0.05877001992306369,-0.11394130155383492
2025-05-23 00:00:00+00:00,-0.16270448904117205,-0.0923005024187781,-0.07040398662239394,-0.05991408707084842
2025-05-24 00:00:00+00:00,-0.20504713959120874,-0.00286133819464567,-0.20218580139656306,-0.2380771486315323
2025-05-25 00:00:00+00:00,-0.014847240516067716,0.029411801690306903,-0.04425904220637462,-0.08211332552004072
2025-05-29 00:00:00+00:00,-0.11314143766367253,-0.14066454672014642,0.027523109056473885,-0.018485289827466944
2025-05-30 00:00:00+00:00,-0.13671038208865455,-0.10490989372904397,-0.03180048835961058,-0.04739470885137323
2025-05-31 00:00:00+00:00,-0.23608343411059055,-0.06578818679201474,-0.17029524731857582,-0.12647378835388318
2025-06-01 00:00:00+00:00,-0.1103894596087758,-0.04628889689349855,-0.06410056271527725,-0.03611934255191873
2025-06-05 00:00:00+00:00,-0.039986141804966326,-0.12597676851614623,0.08599062671117991,0.11957620163085585
2025-06-06 00:00:00+00:00,-0.07608789159272951,0.007705828721505512,-0.08379372031423502,-0.042529448349035284
2025-06-07 00:00:00+00:00,-0.09595340478228147,-0.18076725533144,0.08481385054915853,0.035438428819311085
2025-06-08 00:00:00+00:00,-0.010820668866183183,-0.17160567067002244,0.16078500180383926,0.10588802815616669
2025-06-12 00:00:00+00:00,-0.15112810660917264,-0.10128319145839425,-0.04984491515077839,-0.010037692166311812
2025-06-13 00:00:00+00:00,-0.023645190040222478,-0.4422278608291333,0.4185826707889108,0.37966880833764843
2025-06-14 00:00:00+00:00,-0.1411753370069947,-0.05283939811480068,-0.08833593889219402,-0.04006307445514163
2025-06-15 00:00:00+00:00,-0.06842746936349618,0.02388339479205805,-0.09231086415555423,-0.09438448496567817
2025-06-19 00:00:00+00:00,-0.08274785504966745,-0.05531609094571919,-0.027431764103948257,-0.07564391162331002
2025-06-20 00:00:00+00:00,-0.0862550946121216,-0.18992329547208425,0.10366820085996266,0.04146794019047325
2025-06-21 00:00:00+00:00,-0.5977310658101456,-0.20710576636079095,-0.39062529944935465,-0.25325352960844144
2025-06-22 00:00:00+00:00,-0.3394837844556871,-0.07374241937265245,-0.26574136508303464,-0.1665383291894904
2025-06-26 00:00:00+00:00,0.008510290144122091,-0.11997721080968228,0.12848750095380437,0.08642705150219158
2025-06-27 00:00:00+00:00,-0.005555985220336913,-0.08780286370215898,0.08224687848182206,0.03987130732498513
2025-06-28 00:00:00+00:00,-0.042949186749803046,-0.10206395283319288,0.05911476608338983,-0.009337944535079093
2025-06-29 00:00:00+00:00,-0.058229849429392806,-0.05753181533765435,-0.0006980340917384573,-0.04072575222788122
2025-07-03 00:00:00+00:00,-0.03464408431966444,-0.11483206796860654,0.0801879836489421,-0.009855452757866569
2025-07-04 00:00:00+00:00,-0.08606930456228959,-0.06512695099753325,-0.020942353564756336,0.0433935351778781
2025-07-05 00:00:00+00:00,-0.08754114420774102,0.009995048398218194,-0.09753619260595922,-0.025860884676871518
2025-07-06 00:00:00+00:00,-0.0478225371246043,-0.03509618383762482,-0.012726353286979478,-0.042473326900452815
2025-07-10 00:00:00+00:00,-0.11773680705283948,-0.14222988453522822,0.024493077482388742,-0.02685381703400464
2025-07-11 00:00:00+00:00,0.07634299587346699,-0.08927730518338604,0.16562030105685305,0.1991019758584051
2025-07-12 00:00:00+00:00,-0.14792210922894852,-0.3420838342873022,0.1941617250583537,0.14354483225061712
2025-07-13 00:00:00+00:00,-0.24352938432129315,-0.17382436000778925,-0.0697050243135039,-0.072445765050814
2025-07-17 00:00:00+00:00,-0.13788564099477704,-0.1549589333028112,0.01707329230803417,0.031000622850761043
2025-07-18 00:00:00+00:00,-0.061220242631423304,-0.08401502732822609,0.022794784696802788,-0.011218456039005259
2025-07-19 00:00:00+00:00,-0.30253025613308876,-0.11938907938252896,-0.1831411767505598,-0.11063216236147079
2025-07-20 00:00:00+00:00,-0.22321664959213694,-0.06964073509323913,-0.1535759144988978,-0.11332230051430253
2025-07-24 00:00:00+00:00,-0.06831073989147583,-0.12951967963231634,0.061208939740840504,0.0016405398549186184
2025-07-25 00:00:00+00:00,-0.06349803379042916,-0.17971539923855484,0.11621736544812568,0.07931052202897357
2025-07-26 00:00:00+00:00,-0.14132070036125646,-0.04360225779048231,-0.09771844257077415,-0.07431154391760182
2025-07-27 00:00:00+00:00,-0.10300897370906502,-0.019235606175610622,-0.0837733675334544,-0.09419631386652487
2025-07-31 00:00:00+00:00,-0.0811280035400378,-0.08672863138481483,0.005600627844777037,-0.05618529810953547
2025-08-01 00:00:00+00:00,-0.17740518024997182,-0.3002164886198416,0.12281130836986981,0.11029309109036696
2025-08-02 00:00:00+00:00,-0.231049561438977,-0.03653187840964161,-0.1945176830293354,-0.13356946295223399
2025-08-03 00:00:00+00:00,-0.00037737716611456945,0.01913892391942155,-0.01951630108553612,-0.012313294284689844
2025-08-07 00:00:00+00:00,-0.0913958038149904,-0.09184420988725424,0.0004484060722638322,0.016029228843532924
2025-08-08 00:00:00+00:00,-0.17931422151804327,-0.08242153848305317,-0.0968926830349901,-0.03350632981202576
2025-08-09 00:00:00+00:00,-0.2659831386098886,-0.21336731046425325,-0.05261582814563534,0.011223369684263441
2025-08-10 00:00:00+00:00,-0.14154410510052753,-0.35092789311014294,0.2093837880096154,0.09256631860667408
2025-08-14 00:00:00+00:00,-0.1879862962531445,-0.07726094037244723,-0.11072535588069728,-0.11807421295008787
2025-08-15 00:00:00+00:00,-0.038505778467371195,0.024211517304693314,-0.0627172957720645,-0.09406171277308241
2025-08-16 00:00:00+00:00,-0.11089166636274668,-0.11304995001500742,0.0021582836522607424,0.019008844547666673
2025-08-17 00:00:00+00:00,-0.11093799364555959,-0.04548795746669136,-0.06545003617886823,-0.018425363226460854
2025-08-21 00:00:00+00:00,-0.2883969514471314,-0.12787180839146572,-0.16052514305566568,-0.09040683556889273
2025-08-22 00:00:00+00:00,-0.09414324585980524,-0.16745429723964242,0.07331105137983718,0.06390347724215381
2025-08-23 00:00:00+00:00,-0.07504447947515654,-0.08879413442367882,0.013749654948522289,-0.0012758424024928742
2025-08-24 00:00:00+00:00,-0.18157574347676808,-0.15754863484230672,-0.024027108634461364,-0.0034452120377221618
2025-08-28 00:00:00+00:00,-0.09759379904301975,-0.14274304529699014,0.04514924625397039,-0.03469626835412485
2025-08-29 00:00:00+00:00,-0.05432468758681387,-0.060975530011538465,0.006650842424724593,0.015590283309423253
2025-08-30 00:00:00+00:00,-0.07650053840278101,-0.11515815073679207,0.03865761233401106,-0.02031791132153006
2025-08-31 00:00:00+00:00,-0.1967895745669892,-0.08112588511496287,-0.11566368945202633,-0.08153028577553018
2025-09-04 00:00:00+00:00,0.015493621643957995,-0.17386355778122342,0.1893571794251814,0.18535574577447314
2025-09-05 00:00:00+00:00,0.03385261128030731,0.10790003701556847,-0.07404742573526116,-0.12624190333102162
2025-09-06 00:00:00+00:00,-0.09662291310365548,0.021666212689660274,-0.11828912579331576,-0.060810656890580496
2025-09-07 00:00:00+00:00,-0.01842528805236839,-0.05559062832686324,0.03716534027449485,0.009967840676427399
2025-09-11 00:00:00+00:00,-0.07150495134519325,-0.08393415558938101,0.012429204244187766,-0.0008464100795360155
2025-09-12 00:00:00+00:00,-0.1167942607790687,-0.06769983718882026,-0.04909442359024843,-0.061277629261655295
2025-09-13 00:00:00+00:00,-0.16397347774867532,-0.04695258995341348,-0.11702088779526185,-0.07182883432844618
2025-09-14 00:00:00+00:00,-0.18619713121207096,-0.11145160712131089,-0.07474552409076007,-0.03133105500991767
2025-09-18 00:00:00+00:00,0.07142896826480699,0.050363334889325165,0.021065633375481826,-0.05481788147711289
2025-09-19 00:00:00+00:00,-0.031160151687167025,-0.06980599201212719,0.03864584032496016,0.014621329251951865
2025-09-20 00:00:00+00:00,-0.10863932851790724,-0.029420217396436223,-0.07921911112147101,-0.021010040762111125
2025-09-21 00:00:00+00:00,-0.06242526665897992,-0.10997550082632424,0.047550234167344316,0.04427458985288073
2025-09-25 00:00:00+00:00,-0.0835150215746734,-0.1019569706641427,0.018441949089469292,0.07924285281585003
2025-09-26 00:00:00+00:00,0.016412923006375438,-0.030286823721163068,0.0466997467275385,0.029714212726654782
2025-09-28 00:00:00+00:00,-0.04040159127079476,-0.03558774708874221,-0.004813844182052551,0.029095988244700177
2025-10-02 00:00:00+00:00,-0.11543785158366651,-0.03288257751876877,-0.08255527406489774,-0.08563063745453856
2025-10-03 00:00:00+00:00,-0.20498149537996174,-0.1312328466298464,-0.07374864875011533,-0.04672486965681244
2025-10-04 00:00:00+00:00,-0.2296725985420509,-0.25242572351126347,0.022753124969212557,-0.015751854381112672
2025-10-05 00:00:00+00:00,-0.2641853752983293,-0.05578299778244507,-0.20840237751588425,-0.17157567715767624
2025-10-09 00:00:00+00:00,-0.13382868181948826,-0.14687947528621384,0.01305079346672558,0.0029579960613485765
2025-10-10 00:00:00+00:00,-0.18470077808504815,-0.15653633039868606,-0.028164447686362087,-0.07457905852216959
2025-10-11 00:00:00+00:00,-0.19810391406943792,-0.21566565199209714,0.01756173792265922,-0.04305815849264292
2025-10-12 00:00:00+00:00,-0.16088265782501035,-0.09405674566628128,-0.06682591215872907,-0.03574827617784385
2025-10-16 00:00:00+00:00,-0.20507606972715248,-0.32735694305938223,0.12228087333222976,0.1174918439806694
2025-10-17 00:00:00+00:00,-0.01966529463582883,-0.14352260389213126,0.12385730925630242,0.0903465464884586
2025-10-18 00:00:00+00:00,-0.07770875014556426,-0.21101492504653102,0.13330617490096675,0.07171980024055938
2025-10-19 00:00:00+00:00,-0.20236359571048748,-0.25196979012457404,0.04960619441408656,-0.0168354653806918
2025-10-23 00:00:00+00:00,-0.013190387765433496,-0.11599751671081482,0.10280712894538133,0.08091484596275575
2025-10-24 00:00:00+00:00,-0.05400703896570511,-0.02915732773091044,-0.024849711234794673,-0.081438064606485
2025-10-25 00:00:00+00:00,-0.1432327272778012,-0.33349855942733764,0.19026583214953643,0.15336787800006257
2025-10-26 00:00:00+00:00,-0.11452141927121438,-0.13045565828778888,0.015934239016574495,-0.006850929317355859
2025-10-30 00:00:00+00:00,-0.11588468876777261,-0.14441094644456592,0.028526257676793315,0.0824545297101024
2025-10-31 00:00:00+00:00,-0.17880991333890564,-0.1714669841515924,-0.007342929187313246,0.05794069925980177
2025-11-01 00:00:00+00:00,-0.16636828361444478,-0.04778711550077116,-0.11858116811367361,-0.028869942277744153
2025-11-02 00:00:00+00:00,-0.19279278034241762,-0.10679652615868998,-0.08599625418372764,0.01280217845519889
2025-11-06 00:00:00+00:00,-0.3105729390565396,-0.1471409811839984,-0.1634319578725412,-0.09039306558850528
2025-11-07 00:00:00+00:00,-0.16479620725436317,-0.21485345163426134,0.05005724437989817,0.11619438961887951
2025-11-08 00:00:00+00:00,-0.2892888115661427,-0.25852218484198597,-0.030766626724156754,-0.04010840979861703
2025-11-09 00:00:00+00:00,-0.0936506455166527,-0.2040703834521184,0.1104197379354657,0.03810467673716122
2025-11-13 00:00:00+00:00,-0.16695779648065268,-0.2793331249706882,0.11237532849003551,0.06291613761445282
2025-11-14 00:00:00+00:00,-0.07655816792131763,-0.3385346600461308,0.26197649212481317,0.26686890720055595
2025-11-15 00:00:00+00:00,-0.3380934029498026,-0.2661340562984015,-0.07195934665140113,-0.0457907162242248
2025-11-16 00:00:00+00:00,-0.25528396731220804,-0.21028693770941598,-0.04499702960279206,1.4309566611400704e-05
2025-11-20 00:00:00+00:00,-0.11955515699414121,-0.11219840750300307,-0.00735674949113814,-0.05446231687699665
2025-11-21 00:00:00+00:00,-0.1314456737470377,-0.3580805840419784,0.2266349102949407,0.22162904084671808
2025-11-22 00:00:00+00:00,-0.19578313117971277,-0.04194630493334942,-0.15383682624636336,-0.0581076420585896
2025-11-23 00:00:00+00:00,-0.09030838902217553,-0.07842726213720957,-0.011881126884965953,-0.031157612932902333
2025-11-27 00:00:00+00:00,-0.053888091610526434,-0.15107274177898905,0.09718465016846262,0.08112600623755266
2025-11-28 00:00:00+00:00,-0.05492496482634516,-0.15486694526356973,0.09994198043722458,0.0018630898880853397
2025-11-29 00:00:00+00:00,-0.3118307168764744,-0.2977851152692611,-0.014045601607213298,0.07509791729308492
2025-11-30 00:00:00+00:00,-0.15804538833498102,-0.3072900697451707,0.14924468141018968,0.07434567173905124
2025-12-04 00:00:00+00:00,-0.09718308261490596,-0.15195380152291357,0.05477071890800761,-0.06779531289833782
2025-12-05 00:00:00+00:00,-0.05762501048173352,-0.11243260055132505,0.05480759006959153,0.13350114468011606
2025-12-06 00:00:00+00:00,-0.17877944477778152,-0.1770423929968814,-0.0017370517809001118,-0.01166425033283302
2025-12-07 00:00:00+00:00,-0.2709228532945492,-0.10767804574134049,-0.1632448075532087,-0.17665403776713823
2025-12-11 00:00:00+00:00,-0.02200159352362598,-0.1466345670647463,0.12463297354112034,0.11540840375435184
2025-12-12 00:00:00+00:00,0.05425912054436124,-0.11366798195539146,0.1679271024997527,0.17831067526061267
2025-12-13 00:00:00+00:00,-0.09236629506170863,-0.13164434152378127,0.03927804646207264,0.11300654711297467
2025-12-14 00:00:00+00:00,-0.19195431471565097,-0.2350847527165927,0.04313043800094174,0.09134419655941142
2025-12-18 00:00:00+00:00,-0.21377428512618493,-0.3972704758170505,0.18349619069086556,0.08330667228552045
2025-12-19 00:00:00+00:00,0.03680035613165865,-0.1625133877713953,0.19931374390305395,0.1659215442943464
2025-12-20 00:00:00+00:00,-0.12328979323289094,-0.11603547461758193,-0.007254318615309008,0.0019445995092898447
2025-12-21 00:00:00+00:00,-0.2589225689383997,-0.060667069930457895,-0.19825549900794182,-0.07898383864026437
2025-12-25 00:00:00+00:00,-0.0699590361388362,-0.28207738996696535,0.21211835382812916,0.1643983625242068
2025-12-26 00:00:00+00:00,-0.08524877570542498,-0.07408206689329642,-0.011166708812128556,-0.030531072421267513
2025-12-27 00:00:00+00:00,-0.07589730621020488,-0.055266755854602743,-0.020630550355602136,-0.11077806749734939
2025-12-28 00:00:00+00:00,-0.1288839234794506,0.008822359318830375,-0.13770628279828098,-0.13346082303198178
2026-01-01 00:00:00+00:00,-0.048250614537433116,0.015317733152529805,-0.06356834768996292,-0.12221595671243665
2026-01-02 00:00:00+00:00,-0.13345130278349251,-0.12523206472074197,-0.008219238062750545,0.036441074714691435
2026-01-03 00:00:00+00:00,-0.20393123339530528,-0.0919030364132857,-0.11202819698201957,-0.10248774400482215
2026-01-04 00:00:00+00:00,-0.10363155975352183,0.018035536749003732,-0.12166709650252555,-0.1611386296011518
2026-01-08 00:00:00+00:00,0.023461191946234156,-0.06478119079576478,0.08824238274199893,0.024780347962265498
2026-01-09 00:00:00+00:00,-0.07346729060487173,-0.10129271977300297,0.027825429168131244,-0.006602135926781778
2026-01-10 00:00:00+00:00,-0.2376830014895382,-0.11376234830270518,-0.12392065318683301,-0.028366778213642287
2026-01-11 00:00:00+00:00,-0.19745777925239194,-0.10837277892134475,-0.08908500033104719,-0.027491049634259187
2026-01-15 00:00:00+00:00,-0.013787383084835052,-0.17723045374184834,0.1634430706570133,0.0780211440084957
2026-01-16 00:00:00+00:00,-0.054883419774815326,-0.030156634874006195,-0.02472678490080913,-0.06652437314025714
2026-01-17 00:00:00+00:00,-0.0480423812575016,-0.03664428224397493,-0.011398099013526668,0.0195317778292208
2026-01-18 00:00:00+00:00,-0.06882845963417236,-0.07608992190732539,0.007261462273153024,0.050963615893075145
2026-01-22 00:00:00+00:00,-0.03821526863707115,-0.06888183850811591,0.030666569871044762,0.03590883682446171
2026-01-23 00:00:00+00:00,-0.2617368722113498,-0.17854010394359907,-0.08319676826775071,-0.0680612340075253
2026-01-24 00:00:00+00:00,-0.0045135033021571624,-0.11626455018624951,0.11175104688409235,0.047300014687773145
2026-01-25 00:00:00+00:00,-0.15372169132537042,-0.09607990717799735,-0.057641784147373074,-0.03731858084656383
2026-01-29 00:00:00+00:00,-0.08255124843020462,-0.11938103566915124,0.03682978723894663,-0.0032383022233457917
2026-01-30 00:00:00+00:00,-0.26513012896268134,-0.26917023739444296,0.004040108431761613,-0.009821679189324098
2026-01-31 00:00:00+00:00,-0.14525592532948645,-0.27535399588974396,0.13009807056025752,0.13506675026361264
2026-02-01 00:00:00+00:00,-0.10884479075585651,-0.40608960849726083,0.2972448177414043,0.2699285207633226
2026-02-05 00:00:00+00:00,-0.397647018642348,-0.14758821340298797,-0.2500588052393601,-0.20750534326357617
2026-02-06 00:00:00+00:00,-0.2087777361363331,-0.4494517628840611,0.24067402674772798,0.2612234614678481
2026-02-07 00:00:00+00:00,-0.5256544458915025,-0.2337546261555509,-0.2918998197359516,-0.233740422540059
2026-02-08 00:00:00+00:00,-0.2817654703727242,-0.14020133314737282,-0.14156413722535138,-0.036261577218541334
2026-02-12 00:00:00+00:00,-0.15599218727320366,-0.14653242025929503,-0.009459767013908632,-0.051427554533066036
2026-02-13 00:00:00+00:00,-0.2667766414828334,-0.0024627840289367757,-0.26431385745389663,-0.1718111724162904
2026-02-14 00:00:00+00:00,-0.3162053598758647,-0.17652797190409297,-0.1396773879717717,-0.08585168431797227
2026-02-15 00:00:00+00:00,-0.23963905610004407,-0.06575469169793456,-0.17388436440210953,-0.10458455426295296
2026-02-19 00:00:00+00:00,-0.09878853523097199,-0.10481498084720743,0.006026445616235443,-0.026305109151006534
2026-02-20 00:00:00+00:00,-0.061878230271003094,-0.26007585881383016,0.19819762854282708,0.16724456991974826
2026-02-21 00:00:00+00:00,-0.2568374485838911,-0.2718866647744567,0.015049216190565595,0.06569680402735759
2026-02-22 00:00:00+00:00,-0.019514097664785724,-0.2654556990992222,0.24594160143443644,0.16590360549903366
2026-02-26 00:00:00+00:00,-0.6269451443426218,-0.09048155659039245,-0.5364635877522294,-0.5259173072425156
2026-02-27 00:00:00+00:00,-0.4862038147123466,-0.10589411948427613,-0.38030969522807045,-0.3173237590796499
2026-02-28 00:00:00+00:00,-0.5475451885431126,-0.28062736339615796,-0.26691782514695467,-0.2027560260830351
2026-03-01 00:00:00+00:00,-0.3796794686166866,-0.2277343422051153,-0.15194512641157132,-0.047176578178436096
2026-03-05 00:00:00+00:00,-0.10974991446966856,-0.161039404510639,0.05128949004097044,0.007803419721640788
2026-03-06 00:00:00+00:00,0.06779938577734142,-0.10737244817038236,0.1751718339477238,0.1869150762936777
2026-03-07 00:00:00+00:00,-0.13715707109915162,-0.08061047783964993,-0.05654659325950169,-0.03319799946375249
2026-03-08 00:00:00+00:00,-0.2919104218282687,-0.00045227259879704253,-0.29145814922947166,-0.18662145289694793
2026-03-12 00:00:00+00:00,-0.029957050087349796,-0.06731770563210336,0.03736065554475357,0.07967656021655613
2026-03-13 00:00:00+00:00,-0.11345056729095761,0.048780539166567445,-0.16223110645752506,-0.16959729294883355
2026-03-14 00:00:00+00:00,-0.200826332024323,-0.06187227297233539,-0.13895405905198763,-0.12089251597799883
2026-03-15 00:00:00+00:00,-0.0028291778942459533,-0.070904567984603,0.06807539009035704,0.02901162114756302
2026-03-19 00:00:00+00:00,-0.07640085964729401,-0.03739710336070172,-0.03900375628659229,0.032639921377414616
2026-03-20 00:00:00+00:00,-0.060982961672013385,0.0072277649052777445,-0.06821072657729113,-0.07027372816780805
2026-03-21 00:00:00+00:00,-0.13910211650213042,-0.18566647256148433,0.04656435605935391,0.013029174804468276
2026-03-22 00:00:00+00:00,-0.14969729233689433,-0.06174545003605507,-0.08795184230083926,0.0025203217230880884
2026-03-26 00:00:00+00:00,-0.044199292325397,-0.0239887366849821,-0.020210555640414903,-0.005097696614660269
2026-03-27 00:00:00+00:00,0.10053465801095944,-0.0642272946681085,0.16476195267906796,0.21560393660953284
2026-03-28 00:00:00+00:00,-0.05982684976899963,-0.07146695987355581,0.011640110104556178,-0.03222522308970002
2026-03-29 00:00:00+00:00,-0.2664356629957488,-0.028496090576113648,-0.23793957241963512,-0.23515921257995398
2026-04-02 00:00:00+00:00,0.134589975538992,-0.06347217835596117,0.19806215389495316,0.19703393403237338
2026-04-03 00:00:00+00:00,0.02224241349616589,0.10237996175237797,-0.08013754825621208,-0.05420577478615085
2026-04-04 00:00:00+00:00,-0.2230381514399346,-0.09580711357633007,-0.12723103786360454,-0.03487006888458756
2026-04-05 00:00:00+00:00,-0.12511265936513613,-0.05836589281226443,-0.0667467665528717,-0.05272353972500588
2026-04-09 00:00:00+00:00,-0.17332455995254611,-0.19611343195305223,0.02278887200050611,0.031144596854136706
2026-04-10 00:00:00+00:00,-0.20476464784882942,-0.029811981763339372,-0.17495266608549004,-0.17947509610423035
2026-04-11 00:00:00+00:00,-0.32036354084732016,-0.23062996504743385,-0.0897335757998863,-0.09754460717284263
2026-04-12 00:00:00+00:00,-0.045441661718187226,-0.05651835410964719,0.01107669239145996,-0.007673445034709634
2026-04-16 00:00:00+00:00,-0.1913464920403643,-0.182851715183557,-0.008494776856807301,0.05012404327944636
2026-04-17 00:00:00+00:00,-0.19555795418914065,-0.1376187328378186,-0.05793922135132204,0.01452347313877253
2026-04-18 00:00:00+00:00,-0.1764450795979877,-0.19119750880797262,0.01475242920998493,-0.04871654297036895
2026-04-19 00:00:00+00:00,-0.14295660066935234,-0.07752821130886006,-0.06542838936049228,0.007539986617478463
2026-04-23 00:00:00+00:00,0.11002519232076997,-0.11094692581699091,0.22097211813776088,0.15076308827458887
2026-04-24 00:00:00+00:00,-0.02212971724802045,-0.03104936437180577,0.008919647123785318,-0.024579223627522066
2026-04-25 00:00:00+00:00,-0.11798608614644963,-0.0874675135371798,-0.030518572609269837,-0.0018043571531006913
2026-04-26 00:00:00+00:00,-0.305856897393986,-0.06750066652356583,-0.23835623087042018,-0.15153161130495849
2026-04-30 00:00:00+00:00,-0.026559297202512457,-0.04633811295869055,0.019778815756178094,-0.04328651491301551
2026-05-01 00:00:00+00:00,-0.13074435819333777,-0.06897961747353172,-0.06176474071980605,0.05309646295135926
2026-05-02 00:00:00+00:00,-0.24004391847741482,-0.11925940168354117,-0.12078451679387366,-0.022786130473048682
2026-05-03 00:00:00+00:00,-0.2691494636109616,-0.13636265628212826,-0.13278680732883333,-0.10955376075962454
2026-05-07 00:00:00+00:00,-0.05717944980993471,-0.0774928921021626,0.020313442292227896,0.055669806911772465
2026-05-08 00:00:00+00:00,-0.05311520154435918,-0.08873176961239079,0.035616568068031616,-0.029409776107886525
2026-05-09 00:00:00+00:00,-0.16445232980109545,-0.12558172320434347,-0.03887060659675198,-0.023205173865536347
2026-05-10 00:00:00+00:00,-0.2020132669111269,-0.07876565319458337,-0.12324761371654352,-0.13516411819993474
2026-05-14 00:00:00+00:00,-0.07993915110250253,-0.10569581186859132,0.02575666076608879,0.02276974825067017
2026-05-15 00:00:00+00:00,-0.047017618622793356,-0.058678121481304274,0.011660502858510918,0.0026345876078465516
2026-05-16 00:00:00+00:00,-0.12458209083461036,-0.038138786216541584,-0.08644330461806878,-0.0741120301175503
2026-05-17 00:00:00+00:00,-0.051397319825205734,0.0008163013322105073,-0.05221362115741624,-0.06712415577565051
2026-05-21 00:00:00+00:00,-0.13409486747589144,-0.2070120705461673,0.07291720307027585,-0.04023790518588179
2026-05-22 00:00:00+00:00,-0.27945548862109365,-0.0362153239391705,-0.24324016468192317,-0.1459569310399656
2026-05-23 00:00:00+00:00,-0.11521995203153845,-0.08518811377773268,-0.030031838253805773,-0.08186525666047587
2026-05-24 00:00:00+00:00,-0.10730062111511485,-0.08564443668633132,-0.02165618442878353,0.033268696319082615
2026-05-28 00:00:00+00:00,-0.11291878641297345,-0.1295296163941196,0.016610829981146158,0.016459938222860123
2026-05-29 00:00:00+00:00,-0.16621634513853883,-0.1692625680169472,0.003046222878408361,-0.04206089162339879
2026-05-30 00:00:00+00:00,-0.20168206005036676,-0.06876625254247451,-0.13291580750789225,-0.052232991492815066
2026-05-31 00:00:00+00:00,-0.16461238374897247,-0.03972313663656749,-0.12488924711240498,-0.011892351418085546
2026-06-04 00:00:00+00:00,-0.2914975631694167,-0.5234448428343743,0.2319472796649576,0.20423404438328713
2026-06-05 00:00:00+00:00,-0.4011222186699327,-0.3712641515062807,-0.02985806716365197,0.05592006978117184
2026-06-06 00:00:00+00:00,-0.31748281271041184,-0.15515306888339198,-0.16232974382701987,-0.10456281333890007
2026-06-07 00:00:00+00:00,-0.26383896397712514,-0.0715625913787456,-0.19227637259837954,-0.22808942178666863
2026-06-11 00:00:00+00:00,-0.06312801663380387,-0.11665673231398133,0.05352871568017746,0.07138560193553257
2026-06-12 00:00:00+00:00,-0.09767355768006622,-0.027374907471351295,-0.07029865020871492,-0.11419065795927097
2026-06-13 00:00:00+00:00,-0.11522923757174611,-0.2383850892381227,0.1231558516663766,0.06109169716210137
2026-06-14 00:00:00+00:00,-0.14234039944161048,-0.20453204427010635,0.06219164482849587,0.0032022217269760643
2026-06-18 00:00:00+00:00,-0.13322563263962522,-0.12883605099411463,-0.004389581645510593,0.010518267888456612
2026-06-19 00:00:00+00:00,-0.1590685364683679,-0.164826298188561,0.0057577617201931,-0.01675176163926635
2026-06-20 00:00:00+00:00,-0.35008614983422054,-0.13827676408414993,-0.2118093857500706,-0.16006644428200528
2026-06-21 00:00:00+00:00,-0.32379375687707573,-0.11147798001135106,-0.21231577686572467,-0.08199275319153196
2026-06-25 00:00:00+00:00,-0.34985794899426276,-0.28858962215387945,-0.0612683268403833,-0.013686407474076817
2026-06-26 00:00:00+00:00,-0.15597292115931985,-0.36584531832838274,0.2098723971690629,0.14144429624054505
2026-06-27 00:00:00+00:00,-0.27280115745642186,-0.13787679215365956,-0.1349243653027623,-0.05975430322924837
2026-06-28 00:00:00+00:00,-0.3290037661905486,-0.16311486250996723,-0.16588890368058137,-0.07809771114418164
2026-07-02 00:00:00+00:00,-0.08822657360591746,-0.0806077407329355,-0.0076188328729819565,-0.0200842625566246
2026-07-03 00:00:00+00:00,-0.14121621258928624,-0.18202918971908508,0.04081297712979884,0.02192040059102272
2026-07-04 00:00:00+00:00,-0.2483242360411194,-0.2824016863752099,0.034077450334090514,0.0024181651211611643
2026-07-05 00:00:00+00:00,-0.17222571490143881,-0.2676467094167256,0.09542099451528677,0.09096074974863118
2026-07-09 00:00:00+00:00,-0.14304150764677642,0.00012995368485021786,-0.14317146133162664,-0.12938050210116664
2026-07-10 00:00:00+00:00,-0.1260523218653673,-0.10328872110831235,-0.022763600757054955,0.024997969129295236
2026-07-11 00:00:00+00:00,-0.3635749263797242,-0.19051574353439654,-0.17305918284532767,-0.08913582973179233
2026-07-12 00:00:00+00:00,-0.1546799825720416,-0.2057969211642157,0.05111693859217409,0.008852381074953734
2026-07-16 00:00:00+00:00,-0.09385060378664155,-0.10911588330541712,0.01526527951877557,0.05344445944901499
2026-07-17 00:00:00+00:00,-0.11168736440611211,0.00436667980304667,-0.11605404420915878,-0.15969180200647967
2026-07-18 00:00:00+00:00,-0.10754663178837015,-0.04577282590118305,-0.0617738058871871,-0.016317404794243644
2026-07-19 00:00:00+00:00,-0.3364547705083059,-0.10410427902823256,-0.23235049148007336,-0.11761914512240285
2026-07-23 00:00:00+00:00,-0.011365038603817957,-0.07470168032199813,0.06333664171818017,0.07425253889776925
2026-07-24 00:00:00+00:00,-0.07354767807497513,-0.07314568176650006,-0.0004019963084750666,-0.019394661033772236
2026-07-25 00:00:00+00:00,-0.1336665725779946,-0.09218481612707535,-0.041481756450919255,-0.08293925371507317
2026-07-26 00:00:00+00:00,-0.050555070928874464,-0.11885976308010002,0.06830469215122556,0.009072675782338356
2026-07-31 00:00:00+00:00,-0.02852381595237805,-0.15207073801210946,0.12354692205973142,0.1624203315346174
2026-08-01 00:00:00+00:00,-0.25407484668408975,-0.045998802370133866,-0.20807604431395588,-0.1439091659515258
2026-08-02 00:00:00+00:00,-0.18976057824374304,-0.07378457810930268,-0.11597600013444036,-0.08196728115072788
2026-08-06 00:00:00+00:00,0.01771079490889367,-0.10516405032902329,0.12287484523791696,0.12518351429819521
2026-08-07 00:00:00+00:00,0.0031183509128975538,-0.05771826079392238,0.060836611706819935,0.025938119693315567
2026-08-08 00:00:00+00:00,-0.07803918044644273,-0.056826675225419856,-0.021212505221022873,0.002485998874014912
2026-08-09 00:00:00+00:00,-0.19890878835496767,-0.06145403740814102,-0.13745475094682666,-0.03744294935367903
2026-08-13 00:00:00+00:00,0.06049462583730861,-0.08366410904010928,0.14415873487741787,0.08484432044168809
