date,short_weekend_leg_net,short_weekday_leg_net,spread_net,spread_gross
2019-03-31 00:00:00+00:00,-0.15481325743300972,-0.2005523755071535,0.04573911807414377,0.05941410273565713
2020-02-20 00:00:00+00:00,0.3067694485317772,-0.5862396327418552,0.8930090812736324,0.7616736124680443
2020-02-22 00:00:00+00:00,0.19607351191865405,0.09549668283591646,0.10057682908273759,0.14301534839533053
2020-02-23 00:00:00+00:00,0.030123210982094206,-0.02407910554964458,0.054202316531738785,0.050696671681158864
2020-02-27 00:00:00+00:00,-0.1526801972040347,-0.3135541547423468,0.16087395753831213,0.260532803204404
2020-02-28 00:00:00+00:00,-0.16924214316309216,-0.01268804103367551,-0.15655410212941664,-0.1179231726259701
2020-02-29 00:00:00+00:00,-0.08773137826541959,0.06303909747203312,-0.15077047573745272,-0.18941905666605532
2020-03-01 00:00:00+00:00,0.0932512846383883,0.02689379123954045,0.06635749339884786,0.08887805222880918
2020-03-05 00:00:00+00:00,-0.126876180667011,0.11256131646671796,-0.23943749713372897,-0.2873139078621963
2020-03-06 00:00:00+00:00,-0.1628182614161538,-0.21511992169912356,0.05230166028296976,0.11961989599787472
2020-03-07 00:00:00+00:00,-0.1435765419817851,-0.0848085253948394,-0.05876801658694569,0.03828268255918564
2020-03-08 00:00:00+00:00,-0.22862101962970788,-0.45992079385946,0.23129977422975212,0.2341878023710625
2020-03-13 00:00:00+00:00,-0.9683275873367412,-5.464942728356703,4.496615141019961,4.351069266865813
2020-03-14 00:00:00+00:00,1.2468293869014129,0.09272460648809625,1.1541047804133167,1.1305783180678235
2020-03-15 00:00:00+00:00,0.2812084872039796,0.16943529861589077,0.11177318858808885,0.13258359520737606
2020-03-19 00:00:00+00:00,-1.260718962986972,-0.05057117715935939,-1.2101477858276126,-1.077980518246418
2020-03-20 00:00:00+00:00,-0.6606981519911874,-0.053597969413241416,-0.607100182577946,-0.6631549646647941
2020-03-21 00:00:00+00:00,0.552037297987838,0.33476603545822947,0.2172712625296085,0.19385580336315889
2020-03-22 00:00:00+00:00,-0.12389626122863753,0.1731587668121393,-0.2970550280407768,-0.2981644881042357
2020-03-27 00:00:00+00:00,0.13734040941484163,0.2793571171161573,-0.14201670770131566,-0.09062245641322575
2020-03-28 00:00:00+00:00,0.9303963627848096,0.21775658449503105,0.7126397782897786,0.7363540080148725
2020-04-02 00:00:00+00:00,-0.6668443046083923,-0.43352007677529714,-0.23332422783309514,-0.1960615116475132
2020-04-03 00:00:00+00:00,-0.2144133528277182,-0.028813217577490703,-0.1856001352502275,-0.20708639245817215
2020-04-04 00:00:00+00:00,-0.2996895564054987,-0.039706328357843504,-0.2599832280476552,-0.16698053706476926
2020-04-05 00:00:00+00:00,0.20872283238383055,-0.07477630152633417,0.28349913391016474,0.3806679386923038
2020-04-10 00:00:00+00:00,0.23740417993580612,0.09602093034183208,0.14138324959397403,0.1567627164766933
2020-04-11 00:00:00+00:00,0.3135382362986912,-0.24538360396904785,0.5589218402677391,0.5471180156649617
2020-04-12 00:00:00+00:00,-0.1390371139915717,-0.24821164275508126,0.10917452876350955,0.10854846376736153
2020-04-18 00:00:00+00:00,-0.09148510767573656,-0.040042442559064854,-0.051442665116671706,-0.14391505225584375
2020-04-24 00:00:00+00:00,-0.056273582172922956,-0.0024178857914504684,-0.05385569638147249,-0.06351003551420586
2020-04-26 00:00:00+00:00,-0.2639946536891956,0.023947781767647017,-0.2879424354568426,-0.12651185974240337
2020-05-02 00:00:00+00:00,0.467526076555,-0.14327775367952242,0.6108038302345224,0.6329409151598437
2020-05-03 00:00:00+00:00,-0.09078754136489561,-0.4590962053698517,0.3683086640049561,0.24806366196677299
2020-05-07 00:00:00+00:00,-0.08624245042962905,0.291795884269645,-0.37803833469927406,-0.2714945027323401
2020-05-09 00:00:00+00:00,-1.1191012782395695,-0.5614923106097048,-0.5576089676298647,-0.5188521254590988
2020-05-10 00:00:00+00:00,-2.948557330422221,0.16117004727813664,-3.1097273777003576,-3.1810893349504386
2020-05-16 00:00:00+00:00,0.1349210545895767,-0.06960060040261297,0.20452165499218966,0.22239547686860503
2020-05-17 00:00:00+00:00,0.02522552601864395,0.016767733424192327,0.008457792594451622,0.008481880747180509
2020-05-21 00:00:00+00:00,0.15569267107021928,-0.07065359342009926,0.22634626449031853,0.29153260390733704
2020-05-23 00:00:00+00:00,0.1888414316320814,0.11948091190454133,0.06936051972754007,0.12583792394869142
2020-05-24 00:00:00+00:00,0.0739793624513462,0.16087614412943754,-0.08689678167809134,-0.07603683302479039
2020-05-30 00:00:00+00:00,-0.28243140649183474,-0.8818010848319283,0.5993696783400936,0.4476315712132907
2020-05-31 00:00:00+00:00,0.09292591603129553,-0.07046555482934427,0.16339147086063982,0.11333904664001508
2020-06-04 00:00:00+00:00,-0.029308550356535467,0.062788942455331,-0.09209749281186647,-0.10153491889869433
2020-06-06 00:00:00+00:00,0.1156993024903913,-0.05690842744067904,0.17260772993107035,0.19354689792168273
2020-06-07 00:00:00+00:00,0.16958415023654091,-0.16344089645196228,0.3330250466885032,0.35705056903075766
2020-06-11 00:00:00+00:00,-0.11440867520565451,0.03518545172758889,-0.1495941269332434,-0.0644974609698862
2020-06-12 00:00:00+00:00,0.18479051443884917,0.2659187517046371,-0.08112823726578791,-0.093241768689303
2020-06-13 00:00:00+00:00,0.16238879225888417,0.138640517770802,0.02374827448808217,0.009334209161793672
2020-06-14 00:00:00+00:00,-0.025433663166425,0.021740501567964112,-0.04717416473438911,-0.06436019817385417
2020-06-19 00:00:00+00:00,0.2610201017850509,0.15729290067122187,0.10372720111382905,0.07041069939807687
2020-06-20 00:00:00+00:00,0.15799791815015343,-0.04744759507640029,0.20544551322655372,0.20100573604320338
2020-06-21 00:00:00+00:00,0.0006415066210165752,-0.15190344054796726,0.15254494716898384,0.11780985523775776
2020-06-25 00:00:00+00:00,0.08226279734885165,-0.1897362981364611,0.27199909548531276,0.20273995941656925
2020-06-27 00:00:00+00:00,-0.09721723626678791,-0.15342726947935983,0.056210033212571925,-0.021724276063171403
2020-06-28 00:00:00+00:00,0.17798163080485013,-0.05804325593217279,0.23602488673702293,0.2299124607510013
2020-07-02 00:00:00+00:00,-0.022434552685691445,-0.263079213779814,0.24064466109412258,0.25443883412022594
2020-07-03 00:00:00+00:00,0.1384089830081417,-0.0506298376328371,0.1890388206409788,0.13016104450913707
2020-07-04 00:00:00+00:00,0.013054144167714131,-0.11268451634657667,0.1257386605142908,0.14281361412883992
2020-07-05 00:00:00+00:00,-0.17908254973440765,-0.012667402238906073,-0.16641514749550157,-0.1079556128484685
2020-07-09 00:00:00+00:00,-0.037559831133174966,-0.021958057075661497,-0.015601774057513468,-0.05872448539662892
2020-07-10 00:00:00+00:00,0.16150218749595904,0.19170071678048378,-0.03019852928452474,-0.026063823071992176
2020-07-11 00:00:00+00:00,0.14377955202528114,-0.08800834015031954,0.2317878921756007,0.2558935770307669
2020-07-12 00:00:00+00:00,-0.14845860784399523,-0.14759864790662547,-0.0008599599373697586,0.020326588909274704
2020-07-16 00:00:00+00:00,0.1197939689960484,-0.06263944365689883,0.1824334126529472,0.2414757636337605
2020-07-17 00:00:00+00:00,0.09885070970665759,0.05359448000590529,0.0452562297007523,0.0005904075810977405
2020-07-18 00:00:00+00:00,0.20697126894874615,0.007974706349665671,0.19899656259908047,0.25137500786938755
2020-07-19 00:00:00+00:00,0.04968008888699924,-0.08644932374438132,0.13612941263138056,0.12321804751053089
2020-07-23 00:00:00+00:00,-0.05165712340132707,-0.006643778508480686,-0.045013344892846384,0.009573332337243112
2020-07-24 00:00:00+00:00,-0.1942157942290021,-0.011910597519065952,-0.18230519670993614,-0.1923908822822985
2020-07-25 00:00:00+00:00,-0.12899919890279005,-0.35891633071900825,0.2299171318162182,0.2064236544677644
2020-07-26 00:00:00+00:00,-0.332903703821203,-0.39685591959926797,0.06395221577806498,0.059008646182973745
2020-07-30 00:00:00+00:00,-0.15502927937233224,-0.08450460346854785,-0.07052467590378439,-0.10407542193582393
2020-07-31 00:00:00+00:00,-0.2938018306325685,-0.2763074435043642,-0.01749438712820428,-0.041173964972320384
2020-08-01 00:00:00+00:00,-0.07644965727866211,-0.5879827678885642,0.511533110609902,0.45424408953355233
2020-08-02 00:00:00+00:00,-1.205496287624817,0.06069065056529808,-1.266186938190115,-1.2112045585809168
2020-08-06 00:00:00+00:00,-0.2494171951535713,-0.08392754382849131,-0.16548965132507998,-0.1781358049030734
2020-08-07 00:00:00+00:00,-0.20799063896442718,-0.17036940854023092,-0.03762123042419627,0.007483559192690836
2020-08-08 00:00:00+00:00,0.01681846219133626,-0.3046564547150873,0.32147491690642355,0.23486305247615585
2020-08-09 00:00:00+00:00,0.049949142687463075,-0.405367362598651,0.4553165052861141,0.44345734366152545
2020-08-13 00:00:00+00:00,0.09452743359391781,-0.619999709144106,0.7145271427380238,0.6637581217164021
2020-08-14 00:00:00+00:00,-0.31672959291624353,-0.11383737025885195,-0.2028922226573916,-0.1315415708429144
2020-08-15 00:00:00+00:00,0.12152858855848521,0.025390959961907347,0.09613762859657786,0.1084642514387125
2020-08-16 00:00:00+00:00,-0.02009085484330313,0.021187531175732664,-0.041278386019035794,-0.03359440144653711
2020-08-20 00:00:00+00:00,-0.15346968452724233,-0.3141814841699301,0.16071179964268775,0.08037478863521394
2020-08-21 00:00:00+00:00,-0.268399273266253,-0.317092107735298,0.04869283446904499,-0.00014545359234582889
2020-08-22 00:00:00+00:00,0.1759142047642689,-0.3569743713325411,0.5328885760968101,0.40917329701517163
2020-08-23 00:00:00+00:00,0.0961378829293693,-0.6252003495131464,0.7213382324425157,0.6575175451819412
2020-08-27 00:00:00+00:00,-0.38023244041483006,-0.4227804229759641,0.04254798256113401,0.039759079216693693
2020-08-28 00:00:00+00:00,-0.11566993432394626,-0.5809883688800076,0.46531843455606137,0.43809016226313807
2020-08-29 00:00:00+00:00,-0.14269380953177555,-0.7738570241078461,0.6311632145760705,0.6019942289990332
2020-08-30 00:00:00+00:00,-0.06303505250126355,-0.7855434389779933,0.7225083864767298,0.6358679736221959
2020-09-05 00:00:00+00:00,-0.2919267265329984,-0.3846848129712268,0.09275808643822842,-0.056090830525757446
2020-09-06 00:00:00+00:00,-0.49383130316100426,-0.5240380944080172,0.03020679124701292,-0.0712005183160313
2020-09-11 00:00:00+00:00,-0.19629566623829797,0.0566476411263829,-0.25294330736468085,-0.29746762412976985
2020-09-12 00:00:00+00:00,-0.1661897038744004,-0.2273272100966814,0.06113750622228098,-0.020591367601589507
2020-09-13 00:00:00+00:00,-0.03574272146865453,-0.21347681455301845,0.17773409308436391,0.06860089152329965
2020-09-18 00:00:00+00:00,0.009841383702423517,-0.21412296715278836,0.22396435085521188,0.22010276636184467
2020-09-19 00:00:00+00:00,0.24759174309533744,-0.05990921425740228,0.30750095735273975,0.389666535647788
2020-09-20 00:00:00+00:00,-0.206869934758664,-0.1254882628490689,-0.08138167190959511,0.004703698334873843
2020-09-24 00:00:00+00:00,-0.0185659993409031,-0.04397535364080403,0.02540935429990093,0.03209223346581603
2020-09-26 00:00:00+00:00,0.09243438794926148,-0.2922198727028493,0.38465426065211084,0.3271882248395334
2020-09-27 00:00:00+00:00,-0.05455200210569335,-0.17103062361390256,0.1164786215082092,0.11354864234957872
2020-10-01 00:00:00+00:00,-0.2117817058244217,-0.3276609192354619,0.11587921341104021,0.1559665302140673
2020-10-03 00:00:00+00:00,0.25981643160363005,0.0438108788277048,0.21600555277592526,0.19918707613745243
2020-10-04 00:00:00+00:00,0.09469760386714358,-0.03120015442693825,0.12589775829408184,0.13494994844920724
2020-10-08 00:00:00+00:00,-0.05429334865835649,-0.07255705021187658,0.01826370155352009,0.0059576201426241905
2020-10-09 00:00:00+00:00,-0.06746627009797741,-0.07565504253431331,0.008188772436335895,0.0015686669025699758
2020-10-10 00:00:00+00:00,0.16230813925655624,-0.10043041101638249,0.26273855027293874,0.24008773286916174
2020-10-11 00:00:00+00:00,-0.01566620238784284,-0.22050308785437245,0.20483688546652962,0.1468991180738318
2020-10-17 00:00:00+00:00,0.011748272151854164,-0.05839775727423381,0.07014602942608797,0.1183141358540554
2020-10-18 00:00:00+00:00,-0.049723736516814575,-0.12055191656164825,0.07082818004483368,0.0863806675971725
2020-10-23 00:00:00+00:00,0.17980831193620408,0.2612041862889596,-0.0813958743527555,-0.030310675168308487
2020-10-24 00:00:00+00:00,-0.023883803834390895,-0.05767386102826214,0.03379005719387125,0.12944334693331408
2020-10-25 00:00:00+00:00,-0.0809769639107655,-0.15134351356230663,0.07036654965154113,0.14424441222594833
2020-10-31 00:00:00+00:00,-0.3381028495612532,-0.19967636012050127,-0.13842648944075192,-0.0538469015018902
2020-11-01 00:00:00+00:00,-0.09659185967045585,-0.2664995740390023,0.16990771436854646,0.15786084282757842
2020-11-05 00:00:00+00:00,-0.24873176700753402,-0.40227685805715424,0.15354509104962022,0.09189734977367897
2020-11-06 00:00:00+00:00,-0.5845317667743885,-0.3055982002932374,-0.27893356648115103,-0.22867345667124167
2020-11-07 00:00:00+00:00,-0.16374335765023154,-0.3614167419562169,0.19767338430598538,0.16898697600739446
2020-11-08 00:00:00+00:00,0.03882979144948417,-0.2858300442151087,0.3246598356645929,0.2737601284002994
2020-11-14 00:00:00+00:00,0.03267890615053139,-0.23885019327322699,0.27152909942375836,0.13657062313999985
2020-11-15 00:00:00+00:00,-0.21245232997702812,-0.32229983121449673,0.10984750123746861,0.07956910055142512
2020-11-19 00:00:00+00:00,-0.045008355789617364,0.16214421492180014,-0.20715257071141752,-0.28365116993528655
2020-11-21 00:00:00+00:00,-0.09790328607961221,-0.6266496860826568,0.5287464000030446,0.44611405800278187
2020-11-22 00:00:00+00:00,-0.4419590377475251,-0.6396295939319566,0.19767055618443152,0.21458753696562888
2020-11-28 00:00:00+00:00,-0.12326677454231172,-0.14143248078267753,0.018165706240365814,0.0734755830333073
2020-11-29 00:00:00+00:00,-0.38566537823863156,-0.5898596244136828,0.20419424617505122,0.10766441511030683
2020-12-03 00:00:00+00:00,-0.2979060191946268,0.011964203797038055,-0.30987022299166483,-0.34981691949483235
2020-12-05 00:00:00+00:00,0.11004868796851414,-0.06669910105170383,0.17674778902021798,0.07075951423171116
2020-12-06 00:00:00+00:00,0.0024598148646362457,0.018212440285865984,-0.015752625421229738,0.006390565723990119
2020-12-11 00:00:00+00:00,0.1046522115677832,0.17526148761291166,-0.07060927604512846,-0.1563115972746048
2020-12-12 00:00:00+00:00,0.10945316725256188,0.03861703904634671,0.07083612820621517,0.12998400119787204
2020-12-13 00:00:00+00:00,-0.05728295545891303,-0.06979235929045799,0.01250940383154496,0.017079728541100132
2020-12-17 00:00:00+00:00,0.26408024390771045,-0.8231357306144309,1.0872159745221412,1.001505630696564
2020-12-25 00:00:00+00:00,-0.4302619628784453,-0.16483202484246168,-0.26542993803598364,-0.23845292217043723
2020-12-26 00:00:00+00:00,-0.16033681329115526,-0.3150369139548703,0.15470010066371506,0.224607977518726
2020-12-31 00:00:00+00:00,0.20939018862843006,0.7311132433205063,-0.5217230546920762,-0.5091034036582615
2021-01-01 00:00:00+00:00,-0.11811700095266216,0.3991789399486694,-0.5172959409013316,-0.5487033031496942
2021-01-02 00:00:00+00:00,-0.10263300092387137,-0.42411999799107564,0.3214869970672043,0.32506949329742485
2021-01-03 00:00:00+00:00,-0.023799907213322976,-1.4039363938810216,1.3801364866676986,1.2715170950609207
2021-01-07 00:00:00+00:00,-0.3541870850486142,0.4299896788932444,-0.7841767639418586,-0.7271396172428287
2021-01-08 00:00:00+00:00,-0.2668342982720117,-0.1381724485065495,-0.12866184976546222,-0.13411961928657934
2021-01-09 00:00:00+00:00,0.29574375121125573,-0.14367272995850677,0.4394164811697625,0.4808020746275976
2021-01-10 00:00:00+00:00,-0.5366848300851517,-0.24454967054667803,-0.29213515953847363,-0.24887128456367108
2021-01-15 00:00:00+00:00,-0.656214795183508,0.03918714083671399,-0.695401936020222,-0.550267825596529
2021-01-16 00:00:00+00:00,0.20276240287032518,0.23330508918390544,-0.03054268631358026,0.016334615884712134
2021-01-17 00:00:00+00:00,0.44740250148560945,0.09988035823655268,0.3475221432490568,0.3352587732644713
2021-01-21 00:00:00+00:00,-0.49611839695445054,-0.11191230986005954,-0.38420608709439097,-0.26459058324349105
2021-01-22 00:00:00+00:00,0.03061616027007346,-0.48186529295619257,0.512481453226266,0.5163754261432925
2021-01-23 00:00:00+00:00,0.12565498911121672,-0.15807367964099464,0.28372866875221137,0.15430655383452635
2021-01-24 00:00:00+00:00,0.1372127628128231,-0.14616673756432108,0.2833795003771442,0.17728446721842642
2021-01-29 00:00:00+00:00,0.018797061303436537,-0.42005794275431807,0.4388550040577546,0.392266417170406
2021-01-30 00:00:00+00:00,0.8268260245990802,0.2954010040176834,0.5314250205813968,0.526178576802736
2021-01-31 00:00:00+00:00,-0.0361067713113672,0.06419410676507316,-0.10030087807644036,-0.01502310460236006
2021-02-05 00:00:00+00:00,0.35472958332864024,0.7533980010134698,-0.3986684176848295,-0.44199471781845256
2021-02-06 00:00:00+00:00,-0.04879059049423457,-0.22830181503376548,0.17951122453953092,0.14756035616790167
2021-02-07 00:00:00+00:00,-0.0969694258666362,0.05586322870695507,-0.15283265457359127,-0.0637771445883383
2021-02-12 00:00:00+00:00,-0.0014940732676353356,0.24115972279266007,-0.2426537960602954,-0.1867702337631844
2021-02-13 00:00:00+00:00,0.1299276362750842,0.3708815471848648,-0.24095391090978063,-0.27601657025565496
2021-02-14 00:00:00+00:00,0.10408422919424665,0.18457475797803272,-0.08049052878378607,-0.08807292075773926
2021-02-19 00:00:00+00:00,-0.37844442582683613,0.1751092076572582,-0.5535536334840944,-0.496425626623589
2021-02-20 00:00:00+00:00,-0.15026345309634997,-0.05165663185325619,-0.09860682124309378,-0.0005418566728569614
2021-02-21 00:00:00+00:00,-0.08933740220206486,-0.4505554396928584,0.3612180374907935,0.4377895834871504
2021-02-27 00:00:00+00:00,-0.2124443247619744,-0.2058141484236516,-0.006630176338322802,-0.07372815873857674
2021-02-28 00:00:00+00:00,-0.39866280706102136,-0.07853505385135788,-0.32012775320966347,-0.20821531416738445
2021-03-04 00:00:00+00:00,-0.33166762954247664,-0.3674761175776955,0.035808488035218855,0.057781373095111915
2021-03-05 00:00:00+00:00,-0.04473522666006246,-0.11654621913844607,0.0718109924783836,0.02923468135808427
2021-03-06 00:00:00+00:00,-0.17827858123071458,-0.09232896817622295,-0.08594961305449163,-0.027012577806925966
2021-03-07 00:00:00+00:00,-0.09910070235904565,-0.08862070716455885,-0.010479995194486807,0.02229054004450212
2021-03-11 00:00:00+00:00,-0.20757072415558406,-0.1269045897373617,-0.08066613441822235,-0.07037235529186338
2021-03-13 00:00:00+00:00,0.04168672367191198,0.062060744261879075,-0.020374020589967096,0.004593672543038302
2021-03-14 00:00:00+00:00,0.2443316981357178,0.0967428958790236,0.1475888022566942,0.2290786354835001
2021-03-20 00:00:00+00:00,0.0462588261153396,0.02808564808050339,0.018173178034836212,0.08643325167881677
2021-03-21 00:00:00+00:00,-0.12336664360663498,-0.15418412712022872,0.030817483513593744,0.08321101013281873
2021-03-27 00:00:00+00:00,0.12139845716862367,-0.02070804682988528,0.14210650399850894,0.21553941499145912
2021-03-28 00:00:00+00:00,0.009934266167419872,-0.04997096531318123,0.059905231480601104,0.05870403769346477
2021-04-01 00:00:00+00:00,-0.27869631365876885,-0.20022705668552543,-0.07846925697324342,-0.12565432922279104
2021-04-02 00:00:00+00:00,-0.29497713481134585,0.10434168827682835,-0.39931882308817424,-0.3160344157555711
2021-04-03 00:00:00+00:00,-0.07828167222913304,-0.21266180828317643,0.1343801360540434,0.1223323703470153
2021-04-04 00:00:00+00:00,-0.06412176013868315,-0.15906773013371814,0.09494596999503499,0.1535450923528128
2021-04-08 00:00:00+00:00,-0.09036794869639446,-0.041373598096023693,-0.048994350600370766,-0.03171961502732209
2021-04-10 00:00:00+00:00,-0.2852530519071881,-0.10988730173406006,-0.17536575017312803,-0.13589064193377232
2021-04-11 00:00:00+00:00,0.047421079218888995,-0.2121636430098256,0.2595847222287146,0.3013439244594226
2021-04-15 00:00:00+00:00,-0.800049380642407,-0.9011877908441989,0.10113841020179182,0.12202961137274204
2021-04-17 00:00:00+00:00,-0.2938491533286969,-1.4377409255886229,1.143891772259926,1.016114136000319
2021-04-22 00:00:00+00:00,-1.4811404517164908,-1.664041718510384,0.18290126679389318,0.15406183811599705
2021-04-24 00:00:00+00:00,-0.3751863422660697,-0.3145467930440608,-0.06063954922200887,0.018978460772337835
2021-04-25 00:00:00+00:00,-0.6066264463757239,-0.19403361670999675,-0.4125928296657272,-0.3312067118776119
2021-04-30 00:00:00+00:00,0.09878849634574675,0.03913753835874152,0.05965095798700523,0.030334208787884842
2021-05-01 00:00:00+00:00,-0.046337433326129183,-0.06853814235063244,0.022200709024503253,0.06613586806482245
2021-05-02 00:00:00+00:00,0.12948898594068814,-0.08637573539856554,0.21586472133925366,0.26039090607496396
2021-05-06 00:00:00+00:00,-0.031226854738646358,-0.01654250602629722,-0.014684348712349138,0.04186512820055244
2021-05-08 00:00:00+00:00,-0.13067726145833575,-1.6439637335480906,1.5132864720897548,1.4178055511008791
2021-05-09 00:00:00+00:00,-0.12590365216818228,-2.6467738251315525,2.5208701729633702,2.376419232386551
2021-05-14 00:00:00+00:00,-0.7824830667462807,-0.3287525191431886,-0.45373054760309206,-0.29878332596787516
2021-05-15 00:00:00+00:00,-0.27153252366191377,-0.3900807463339614,0.11854822267204762,0.10312681591450173
2021-05-16 00:00:00+00:00,-0.12040805176120709,-0.5064521425952131,0.38604409083400604,0.42928464562901
2021-05-21 00:00:00+00:00,-0.6827848073530444,-0.5308091860132452,-0.15197562133979914,-0.2270801306154996
2021-05-22 00:00:00+00:00,0.30456320272894155,-0.4211130668848362,0.7256762696137777,0.698437252802697
2021-05-23 00:00:00+00:00,-0.09821428252432916,-0.14069030650440345,0.04247602398007429,0.022734138860777305
2021-05-27 00:00:00+00:00,-0.15459742964749915,0.053154616471444684,-0.20775204611894382,-0.261400149350464
2021-05-28 00:00:00+00:00,-0.2646664179287942,-0.3156772694179554,0.05101085148916118,0.09538464105131414
2021-05-29 00:00:00+00:00,0.13604055226347145,0.2297262480613844,-0.09368569579791294,-0.00961298229423141
2021-05-30 00:00:00+00:00,0.6392983182005642,0.18518676314404653,0.4541115550565176,0.505780342412413
2021-06-05 00:00:00+00:00,0.07162356223887718,-0.08801423496998037,0.15963779720885757,0.12704906397724108
2021-06-06 00:00:00+00:00,0.3822783626254954,0.005104272533816197,0.37717409009167924,0.36941474829757914
2021-06-11 00:00:00+00:00,0.05592099418820332,0.020399056676757708,0.03552193751144561,0.07433132196889458
2021-06-12 00:00:00+00:00,0.09832407988552154,0.29835533860675656,-0.200031258721235,-0.1628109016930394
2021-06-13 00:00:00+00:00,0.02163320936513406,0.27883069326562493,-0.25719748390049085,-0.210853494460341
2021-06-18 00:00:00+00:00,-0.10148280423620608,0.04519459990512363,-0.1466774041413297,-0.1631060829677562
2021-06-19 00:00:00+00:00,0.10144629189158302,-0.2234673208166843,0.32491361270826735,0.371334382664431
2021-06-20 00:00:00+00:00,0.015747399572303818,-0.4253665801076333,0.4411139796799371,0.44470478633007793
2021-06-25 00:00:00+00:00,-0.19935722259934713,-0.05322168581551485,-0.1461355367838323,-0.1370315320993711
2021-06-26 00:00:00+00:00,-0.10865608426635853,0.03311226140093174,-0.14176834566729027,-0.03680751242281652
2021-06-27 00:00:00+00:00,0.14962692507842346,0.0005475248749141577,0.1490794002035093,0.1947024070571537
2021-07-02 00:00:00+00:00,0.042804415140533805,0.1557866536483105,-0.11298223850777671,-0.16972505034177163
2021-07-03 00:00:00+00:00,0.06991350353429714,-0.1589940181538927,0.22890752168818984,0.1693951730574854
2021-07-04 00:00:00+00:00,-0.03039731043191207,-0.18994538835270752,0.15954807792079545,0.18985997463283147
2021-07-09 00:00:00+00:00,0.05264248669823309,-0.02798281319698604,0.08062529989521913,0.02603007363661633
2021-07-10 00:00:00+00:00,-0.011176125422525156,-0.012342266957367893,0.0011661415348427368,0.015509434433299121
2021-07-11 00:00:00+00:00,0.25641949917131823,-0.054270608292200276,0.3106901074635185,0.38438942193152503
2021-07-15 00:00:00+00:00,-0.14033415974206898,-0.15648676984683607,0.016152610104767096,0.014193724678358033
2021-07-16 00:00:00+00:00,-0.13333861692490206,-0.0005273026931644545,-0.13281131423173761,-0.166952646056697
2021-07-17 00:00:00+00:00,-0.09431603034689948,-0.02056151882187799,-0.0737545115250215,-0.030258439094480685
2021-07-18 00:00:00+00:00,-0.1654854621334993,-0.20177602904740943,0.03629056691391014,0.08865233632156029
2021-07-22 00:00:00+00:00,0.04638192815420154,0.037882163525936347,0.008499764628265197,-0.01763136807169055
2021-07-23 00:00:00+00:00,-0.1372028818511739,0.04132920785873193,-0.17853208970990583,-0.1525949871028489
2021-07-24 00:00:00+00:00,0.13130589436156806,-0.21501938543562002,0.3463252797971881,0.4292478419201212
2021-07-25 00:00:00+00:00,0.08506154207989854,-0.2667005209754704,0.35176206305536895,0.3108618590337956
2021-07-29 00:00:00+00:00,0.038731697609675646,0.22398146901489646,-0.1852497714052208,-0.19925728360539993
2021-07-31 00:00:00+00:00,0.12537862730966093,-0.06815927599256352,0.19353790330222445,0.16630568318553526
2021-08-01 00:00:00+00:00,-0.06234957725014501,-0.37516778370812753,0.31281820645798253,0.334696491161037
2021-08-05 00:00:00+00:00,-0.19672441233911905,-0.39878444842933425,0.2020600360902152,0.1253424504543486
2021-08-06 00:00:00+00:00,0.004201165254882548,0.34550885941408155,-0.341307694159199,-0.3804933645373968
2021-08-07 00:00:00+00:00,-0.15884332479307714,-0.050302595704204305,-0.10854072908887283,-0.09451466779538427
2021-08-08 00:00:00+00:00,-0.01167447219214744,0.07465574165728507,-0.08633021384943251,-0.18112371945651523
2021-08-12 00:00:00+00:00,-0.017193811377483405,-0.04754568140307775,0.030351870025594346,-0.014485755459104036
2021-08-13 00:00:00+00:00,0.3765938386680513,-0.07803497849875257,0.45462881716680387,0.5136060470274185
2021-08-14 00:00:00+00:00,0.28186570197822974,0.0792182171192951,0.20264748485893463,0.24434639075246273
2021-08-15 00:00:00+00:00,0.1621161684700909,0.03134532323870205,0.13077084523138882,0.09980878433361456
2021-08-19 00:00:00+00:00,-0.03447095696086444,-0.0062328349568936655,-0.028238122003970776,-0.08065809467141004
2021-08-20 00:00:00+00:00,0.21332374314957997,0.23879956283168535,-0.025475819682105383,0.03472116334143682
2021-08-21 00:00:00+00:00,0.1569505920131339,0.021130740858348734,0.13581985115478518,0.11919264289814913
2021-08-22 00:00:00+00:00,0.03135463134143486,-0.05217508866883367,0.08352972001026854,0.0612049315842112
2021-08-26 00:00:00+00:00,-0.050204810733187666,-0.07965030379654976,0.029445493063362096,0.04081022743268634
2021-08-27 00:00:00+00:00,0.15205560053879394,0.06165394341459721,0.09040165712419673,0.15145552729037218
2021-08-28 00:00:00+00:00,0.16864358436342997,0.002062694834760071,0.1665808895286699,0.12807434483081134
2021-08-29 00:00:00+00:00,0.11908544888454363,0.04797785884008511,0.07110759004445852,0.131495592952289
2021-09-02 00:00:00+00:00,0.02412634767579593,0.4976732582157041,-0.47354691053990816,-0.5439946052375413
2021-09-03 00:00:00+00:00,0.3468012266900287,-0.06755831215405245,0.41435953884408117,0.477275874325038
2021-09-04 00:00:00+00:00,0.22603562600830224,-0.2481803408552149,0.47421596686351714,0.5252457141560698
2021-09-05 00:00:00+00:00,0.26954196966364075,-0.15632613609017423,0.42586810575381495,0.46055814045724447
2021-09-09 00:00:00+00:00,-0.1713157678015418,-0.2067853055609722,0.035469537759430375,0.002354518484082156
2021-09-10 00:00:00+00:00,-0.07668503574021021,-0.2742790831676985,0.1975940474274883,0.2174888978496049
2021-09-11 00:00:00+00:00,0.0852011787426159,-0.08638105900100443,0.17158223774362033,0.3008003963570726
2021-09-12 00:00:00+00:00,-0.3077715238952827,0.0010733038545840015,-0.30884482774986666,-0.2801451644467936
2021-09-16 00:00:00+00:00,0.06511899709805012,0.13577470153369428,-0.07065570443564416,-0.08944757872466508
2021-09-17 00:00:00+00:00,-0.01350820977134959,-0.044531438211927094,0.031023228440577505,0.0389791564959794
2021-09-18 00:00:00+00:00,-0.03214037252705327,-0.022527229205329447,-0.009613143321723822,0.1233447863532339
2021-09-19 00:00:00+00:00,-0.06353808564035643,-0.15669000732782423,0.0931519216874678,0.15205915097303657
2021-09-23 00:00:00+00:00,-0.11604713548451705,-0.18572846146246424,0.0696813259779472,-0.028983781067618113
2021-09-24 00:00:00+00:00,-0.2703190605846749,-0.15023882911639844,-0.12008023146827648,0.005395261668362031
2021-09-25 00:00:00+00:00,-0.3067022596501179,-0.3803335013279127,0.07363124167779483,-0.018633726490972585
2021-09-26 00:00:00+00:00,-0.44099203419175614,-0.34495266717220247,-0.09603936701955368,-0.20834570539360764
2021-10-02 00:00:00+00:00,-0.06975122278053716,-0.0632082616165385,-0.006542961163998662,0.013022817077883046
2021-10-03 00:00:00+00:00,0.14175076532588018,-0.13635940024937826,0.2781101655752585,0.2886269886911016
2021-10-07 00:00:00+00:00,0.1308154933974744,0.025020754617563583,0.1057947387799108,0.13005467920849656
2021-10-08 00:00:00+00:00,0.39094557355112514,0.31220173947294116,0.07874383407818397,0.04944442568723839
2021-10-09 00:00:00+00:00,0.2722822022922763,0.005703909577535633,0.26657829271474065,0.2790115630251613
2021-10-10 00:00:00+00:00,-0.20580233534782655,-0.03269071570361096,-0.1731116196442156,-0.1192560046788518
2021-10-14 00:00:00+00:00,-0.05230988197786736,0.028909338263196284,-0.08121922024106365,-0.054821173652202446
2021-10-16 00:00:00+00:00,0.2641028400993261,-0.11926809106898516,0.3833709311683113,0.3777323550174073
2021-10-17 00:00:00+00:00,-0.05391951934645856,-0.011927447477718811,-0.04199207186873975,-7.604865623767054e-05
2021-10-21 00:00:00+00:00,-0.21673494709706687,-0.44239679897002226,0.2256618518729554,0.14885141659441528
2021-10-22 00:00:00+00:00,0.22374932722448984,0.48527300737124607,-0.2615236801467562,-0.2418475592507462
2021-10-23 00:00:00+00:00,0.0616740140154646,-0.11248369254407356,0.17415770655953816,0.1730881050099291
2021-10-24 00:00:00+00:00,0.07115481399489362,-0.163571907801535,0.23472672179642862,0.16070770230058964
2021-10-28 00:00:00+00:00,-0.11245159083382435,-0.03383502893785148,-0.07861656189597287,-0.0654997153071926
2021-10-29 00:00:00+00:00,0.24040245880137967,0.06721420195812763,0.17318825684325204,0.21832182533435823
2021-10-30 00:00:00+00:00,0.13758446522518572,0.20603829391822384,-0.06845382869303812,-0.05836592397746654
2021-10-31 00:00:00+00:00,-0.005065119617450619,0.14648583472977833,-0.15155095434722896,-0.16186573087853112
2021-11-04 00:00:00+00:00,0.04226565768770572,0.17929552983550817,-0.13702987214780246,-0.18722056829704262
2021-11-06 00:00:00+00:00,0.3319161928243947,0.07460200008156986,0.25731419274282485,0.262521145199476
2021-11-07 00:00:00+00:00,0.10296977327779812,0.09689019015710112,0.006079583120696994,-0.020642144952932512
2021-11-11 00:00:00+00:00,-0.12725149931753782,0.24995781253197435,-0.3772093118495122,-0.40129373978552796
2021-11-12 00:00:00+00:00,-0.008474720269406018,-0.08337550059962283,0.07490078033021681,0.019239512652647256
2021-11-13 00:00:00+00:00,0.06364794931148977,0.02169625844918977,0.0419516908623,0.13557842972847695
2021-11-14 00:00:00+00:00,0.07556379828250111,0.01314045028854747,0.06242334799395364,0.1300777256179853
2021-11-19 00:00:00+00:00,0.03374207525853284,0.11294738341836337,-0.07920530815983054,-0.07324854400785552
2021-11-20 00:00:00+00:00,-0.10948941208525348,-0.0922212738458121,-0.017268138239441386,-0.05887010307976783
2021-11-21 00:00:00+00:00,-0.15899344198444001,-0.12505490479278755,-0.03393853719165246,-0.0830107835768222
2021-11-25 00:00:00+00:00,-0.10411558053827227,0.009120522176900936,-0.1132361027151732,-0.08957561586128653
2021-11-27 00:00:00+00:00,-0.12822417088953827,-0.1646744051564089,0.036450234266870635,0.05087118979080064
2021-11-28 00:00:00+00:00,0.0033903302850209985,-0.04712170429293181,0.05051203457795281,0.1382416329007956
2021-12-02 00:00:00+00:00,-0.141885931497538,-0.17773804618528735,0.03585211468774935,-0.03048355384942553
2021-12-03 00:00:00+00:00,-0.13308289532792136,-0.03835096578947596,-0.0947319295384454,-0.12705817602194092
2021-12-04 00:00:00+00:00,-0.6033435443741443,-0.17010436969997966,-0.4332391746741646,-0.3695224395523673
2021-12-05 00:00:00+00:00,-0.17429797452995813,-0.2253666757009268,0.05106870117096868,0.07275339526132805
2021-12-09 00:00:00+00:00,-0.1989230009597944,-0.08299033837535685,-0.11593266258443755,-0.1327819945350486
2021-12-10 00:00:00+00:00,-0.40871210759410437,-0.4290054683489931,0.020293360754888745,0.13500266386156676
2021-12-11 00:00:00+00:00,0.07167290090195151,0.017902894085716207,0.053770006816235304,0.027137037009885095
2021-12-12 00:00:00+00:00,0.13457934707177355,-0.1804599266492135,0.31503927372098706,0.2683048146888633
2021-12-17 00:00:00+00:00,-0.04606831815846452,-0.2215946873440631,0.17552636918559858,0.22613080706542346
2021-12-18 00:00:00+00:00,-0.020062287631920347,0.19299068773129552,-0.21305297536321588,-0.2393379747442641
2021-12-19 00:00:00+00:00,-0.12831882601017947,0.08035655178027633,-0.2086753777904558,-0.168923744204221
2021-12-23 00:00:00+00:00,0.17057146205790288,0.0494070588403486,0.12116440321755428,0.14785382121751264
2021-12-25 00:00:00+00:00,0.16102763964346778,0.13402473119877298,0.0270029084446948,0.09174720407831119
2021-12-26 00:00:00+00:00,0.18655253673301642,0.08162791847532049,0.10492461825769593,0.13282378486274268
2021-12-30 00:00:00+00:00,-0.025360537863654282,0.2074895498726726,-0.23285008773632687,-0.2142069574461529
2021-12-31 00:00:00+00:00,0.09105165045465716,0.021817773506023815,0.06923387694863334,0.06450663366383977
2022-01-01 00:00:00+00:00,0.008786696896990392,-0.023958388217722643,0.03274508511471304,0.020746132787071853
2022-01-02 00:00:00+00:00,0.03621388452026294,-0.0433928864034733,0.07960677092373625,0.17702766219783178
2022-01-06 00:00:00+00:00,-0.24666019755704613,-0.027264923867230735,-0.2193952736898154,-0.16663102241953842
2022-01-07 00:00:00+00:00,-0.10974372933681323,-0.11378402424938683,0.0040402949125736,0.12218079236409776
2022-01-08 00:00:00+00:00,-0.02506338718813757,-0.16236720095231366,0.13730381376417608,0.06595804748526224
2022-01-09 00:00:00+00:00,0.017079056168347945,-0.08411517141812248,0.10119422758647043,0.09288076436935663
2022-01-13 00:00:00+00:00,-0.14183518141404922,-0.09164059472541343,-0.05019458668863579,0.020914847025955217
2022-01-14 00:00:00+00:00,0.10751148485402597,-0.027029266128358233,0.1345407509823842,0.15332814711358966
2022-01-15 00:00:00+00:00,-0.025588428510999215,-0.07328661748649364,0.047698188975494424,0.1004816636254833
2022-01-16 00:00:00+00:00,-0.22463065382837283,-0.09413892146833973,-0.13049173236003309,-0.008165231147487403
2022-01-20 00:00:00+00:00,-0.13053138040566287,-0.2850584047644984,0.15452702435883553,0.0939556276901548
2022-01-22 00:00:00+00:00,-0.9034220653246763,-0.8451737680574485,-0.0582482972672278,-0.12455066233939582
2022-01-23 00:00:00+00:00,-0.11548263262614579,-0.9841814868531352,0.8686988542269894,0.8230296866519032
2022-01-27 00:00:00+00:00,-0.6426344795766877,-0.5329256274101314,-0.10970885216655635,-0.08679633161592198
2022-01-29 00:00:00+00:00,-0.18433872923133862,-0.21485092839978007,0.030512199168441445,0.1311966616136209
2022-01-30 00:00:00+00:00,-0.12912628266170925,-0.5314043844219417,0.4022781017602325,0.3607595909976238
2022-02-03 00:00:00+00:00,-0.32184095951102865,-0.41991343462552455,0.0980724751144959,0.017726583054543193
2022-02-04 00:00:00+00:00,-0.1638054879130306,-0.15005231150864626,-0.013753176404384337,0.019683352523343356
2022-02-05 00:00:00+00:00,0.19211641058008955,-0.5684107460452809,0.7605271566253704,0.6993594695970904
2022-02-06 00:00:00+00:00,-0.13275818117267943,-0.26830953849506595,0.13555135732238652,0.14822698635655446
2022-02-10 00:00:00+00:00,-0.4798255120190045,-0.6209656868876224,0.14114017486861796,0.1378996276440549
2022-02-11 00:00:00+00:00,-0.08953760650648755,-0.2716715231346101,0.18213391662812256,0.10725708394860585
2022-02-12 00:00:00+00:00,-0.15475172564572362,-0.1968933437596233,0.04214161811389969,0.05751814676024829
2022-02-13 00:00:00+00:00,-0.14274535686400588,-0.24376289937086149,0.1010175425068556,0.10874439677897538
2022-02-18 00:00:00+00:00,-0.16976569221615304,-0.0367097577414966,-0.13305593447465644,-0.15005662919436188
2022-02-19 00:00:00+00:00,-0.03423518746930719,-0.19277160396919854,0.15853641649989136,0.21536841262396922
2022-02-20 00:00:00+00:00,-0.5130462640178015,-1.0942618309679166,0.5812155669501151,0.544119093186028
2022-02-25 00:00:00+00:00,-0.24709709795766494,-0.19621267730462325,-0.05088442065304169,-0.06357647038443075
2022-02-26 00:00:00+00:00,-0.09112316076502826,-0.4892846098454353,0.39816144908040707,0.37411240916456845
2022-02-27 00:00:00+00:00,-0.3022226495248682,-0.5131806064748117,0.21095795694994346,0.15744985112617108
2022-03-04 00:00:00+00:00,0.059200167935083724,-0.25704928944623834,0.31624945738132204,0.3637723004267261
2022-03-05 00:00:00+00:00,0.30911514549674673,-0.16909221390982454,0.4782073594065713,0.4003682739894529
2022-03-06 00:00:00+00:00,-0.013682239048599188,-0.1984111332172779,0.18472889416867871,0.1221708026274207
2022-03-12 00:00:00+00:00,0.3380761273972455,0.04448156028315832,0.2935945671140872,0.3183503711247989
2022-03-13 00:00:00+00:00,-0.11762479044223102,-0.07827649275797156,-0.03934829768425946,-0.015184331509230896
2022-03-18 00:00:00+00:00,-0.11175739268241683,-0.1311053017884,0.019347909105983163,-0.007234904015480322
2022-03-19 00:00:00+00:00,-0.06508303410823343,-0.07481792510098419,0.009734890992750753,-0.006701616543219761
2022-03-20 00:00:00+00:00,-0.08390796282139894,-0.05969805407631892,-0.02420990874508002,0.028529433430149492
2022-03-25 00:00:00+00:00,-0.0064029207042693844,-0.01687110490544033,0.010468184201170946,-0.025632930338196303
2022-03-26 00:00:00+00:00,0.09013641266746687,-0.01901052593321658,0.10914693860068345,0.1548478527739015
2022-03-27 00:00:00+00:00,-0.18187815718045303,-0.03651948116030231,-0.1453586760201507,-0.14007716596083553
2022-04-01 00:00:00+00:00,-0.13503172015873427,-0.1518589122184038,0.016827192059669538,-0.0070495813742521216
2022-04-02 00:00:00+00:00,-0.2955781055014349,-0.13834388390484667,-0.1572342215965882,-0.056714352961033096
2022-04-03 00:00:00+00:00,-0.040315928117613704,-0.1352384176001542,0.0949224894825405,0.053028000671027045
2022-04-08 00:00:00+00:00,-0.21383734596164397,-0.2629851763391014,0.04914783037745743,-0.04276910611097318
2022-04-09 00:00:00+00:00,0.13399502429692714,-0.12928522709240364,0.26328025138933075,0.27821865363144105
2022-04-10 00:00:00+00:00,-0.16691897802123315,-0.06396764258617658,-0.10295133543505657,-0.027440866508557645
2022-04-16 00:00:00+00:00,-0.05798027908573409,-0.2952836144393328,0.23730333535359874,0.2112420845170154
2022-04-17 00:00:00+00:00,-0.2595070956626221,-0.3632571644718283,0.10375006880920623,0.05949116271892067
2022-04-22 00:00:00+00:00,-0.10830931891420542,-0.11251364468904963,0.0042043257748442114,-0.006710086100668977
2022-04-23 00:00:00+00:00,-0.011085221118474538,-0.37471405947084974,0.3636288383523752,0.24202549500949722
2022-04-24 00:00:00+00:00,-0.18821321778592753,-0.354269271456334,0.1660560536704065,0.10412206992600526
2022-04-28 00:00:00+00:00,-0.17641996146083233,-0.2890178195612507,0.11259785810041839,0.06882527691255289
2022-04-29 00:00:00+00:00,-0.11804756224281704,-0.11288896310622955,-0.005158599136587491,-0.03240929940796648
2022-04-30 00:00:00+00:00,-0.13387908717686653,-0.32721350438707375,0.19333441721020722,0.19822834409618628
2022-05-01 00:00:00+00:00,-0.017511826570362262,-0.2821737844657564,0.26466195789539415,0.17561595581460104
2022-05-07 00:00:00+00:00,-0.11774738089979997,-0.10571852666856835,-0.012028854231231623,0.06148143808059009
2022-05-08 00:00:00+00:00,-0.1651541040044015,-0.7174604303528138,0.5523063263484123,0.5281738334461726
2022-05-13 00:00:00+00:00,-0.003306091929401351,0.138260916766808,-0.14156700869620933,-0.10807921349926808
2022-05-14 00:00:00+00:00,0.13760321569920816,-0.09315956661965824,0.2307627823188664,0.2063614533627524
2022-05-15 00:00:00+00:00,-0.23779687005046926,-0.0739556003807348,-0.16384126966973445,-0.18074081829683342
2022-05-20 00:00:00+00:00,-0.03272189128297128,-0.12108976324326645,0.08836787196029516,0.09293404400949534
2022-05-21 00:00:00+00:00,0.1937764513791565,0.01192090452365571,0.1818555468555008,0.17340917528181998
2022-05-22 00:00:00+00:00,-0.0614122407799622,-0.06290449397951776,0.0014922531995555655,0.035345742625822574
2022-05-26 00:00:00+00:00,-0.41447501561129063,-0.3723156020048548,-0.042159413606435825,-0.07027120908590626
2022-05-28 00:00:00+00:00,0.008784459843949866,-0.05745497926246859,0.06623943910641845,0.04329639772633461
2022-05-29 00:00:00+00:00,-0.038945060739837396,-0.06152721275155679,0.02258215201171939,0.06390436118481359
2022-06-03 00:00:00+00:00,-0.086070313599091,-0.020411687391876446,-0.06565862620721455,-0.12688183966693384
2022-06-04 00:00:00+00:00,0.09611918146858935,-0.2776652627525248,0.3737844442211141,0.3111383806877326
2022-06-05 00:00:00+00:00,-0.10373483884358513,-0.3384614240147772,0.23472658517119205,0.20641647458648915
2022-06-09 00:00:00+00:00,-0.1349319051153657,0.11739942356667218,-0.2523313286820379,-0.32552083348473426
2022-06-10 00:00:00+00:00,-0.17687682309476854,-0.2696644662186942,0.09278764312392568,0.08021792277741474
2022-06-11 00:00:00+00:00,-0.2763213518017237,-0.25161748595341193,-0.024703865848311746,-0.011239103666021544
2022-06-12 00:00:00+00:00,-0.4298249477386743,-0.35563666027015156,-0.07418828746852274,-0.04389248511158361
2022-06-16 00:00:00+00:00,0.5360111814761593,-0.11479553936215077,0.6508067208383101,0.7367882089566195
2022-06-17 00:00:00+00:00,-0.16068425265556135,0.6463494829464363,-0.8070337356019976,-0.8611815052924285
2022-06-18 00:00:00+00:00,-0.3466660675594623,-0.2138989748714956,-0.1327670926879667,-0.2131147934808173
2022-06-19 00:00:00+00:00,-0.37445686098246633,-0.2158046033339739,-0.15865225764849245,-0.14537686434100516
2022-06-25 00:00:00+00:00,0.01726406540885572,0.04108607290117025,-0.023822007492314532,0.005187520247805055
2022-06-26 00:00:00+00:00,-0.015419174550251007,0.04274382591850639,-0.05816300046875739,0.001684625432766776
2022-06-30 00:00:00+00:00,-0.10239192928645831,-0.5802509970472944,0.47785906776083614,0.4867428103558946
2022-07-01 00:00:00+00:00,-0.00839882063343458,-0.20275943105527344,0.19436061042183886,0.09708858705101736
2022-07-02 00:00:00+00:00,-0.2485622448230078,-0.003053749637607686,-0.2455084951854001,-0.21353220829485242
2022-07-03 00:00:00+00:00,0.15045145445484792,-0.10214882480441648,0.2526002792592644,0.27575974093395117
2022-07-07 00:00:00+00:00,-0.29240739714717345,-0.12917574393653813,-0.16323165321063532,-0.10319216815997484
2022-07-09 00:00:00+00:00,0.05082779951880926,-0.1826753002440605,0.23350309976286976,0.2579080781296235
2022-07-10 00:00:00+00:00,-0.1419674878248186,-0.2522711333507515,0.11030364552593291,0.08202220185396875
2022-07-15 00:00:00+00:00,-0.2594942794400835,-0.3646328072511337,0.10513852781105015,0.005249571418537741
2022-07-16 00:00:00+00:00,-0.4052610572411516,-0.8870086840342203,0.4817476267930687,0.43092788893167916
2022-07-17 00:00:00+00:00,-0.4903053919993837,-0.23521972108083786,-0.25508567091854584,-0.14709714055160444
2022-07-22 00:00:00+00:00,-0.09450165770279759,0.0203863064705318,-0.11488796417332939,-0.10523158684485409
2022-07-23 00:00:00+00:00,0.05138094249722671,-0.14545041356048483,0.19683135605771154,0.19397595026697048
2022-07-24 00:00:00+00:00,-0.18408392208211835,-0.06348724364056539,-0.12059667844155296,-0.06142337825985617
2022-07-29 00:00:00+00:00,-0.23336447822853493,-0.3011955417903658,0.06783106356183086,0.0767055289882082
2022-07-30 00:00:00+00:00,0.01957530116852263,-0.0257235422841067,0.04529884345262933,0.1727185668795128
2022-07-31 00:00:00+00:00,0.18336028640225321,0.09539163578220951,0.0879686506200437,0.08303969775361425
2022-08-04 00:00:00+00:00,-0.06370926266900834,0.03769045691732963,-0.10139971958633798,-0.17457290233806033
2022-08-05 00:00:00+00:00,-0.05850791024724886,-0.09522227168965372,0.036714361442404864,0.06592040299112754
2022-08-06 00:00:00+00:00,0.05392498745419741,0.020575213708252937,0.03334977374594447,0.0019206435452607251
2022-08-07 00:00:00+00:00,0.2577695486925574,0.044825277369934274,0.21294427132262314,0.23941955917722532
2022-08-13 00:00:00+00:00,0.04509517681432895,-0.012330996169573775,0.05742617298390273,0.09583990848927745
2022-08-14 00:00:00+00:00,-0.2636535865836752,0.0165718321230329,-0.28022541870670814,-0.20376567252545075
2022-08-18 00:00:00+00:00,-0.06115972020676744,0.09818922284017156,-0.159348943046939,-0.22196748936237237
2022-08-20 00:00:00+00:00,0.0984222761369057,0.27645459228411434,-0.17803231614720866,-0.20788088291264095
2022-08-21 00:00:00+00:00,-0.4479064735036333,-0.03469124702420179,-0.4132152264794315,-0.2960568662670243
2022-08-26 00:00:00+00:00,-0.24945788659064402,-0.30369680956512407,0.05423892297448005,-0.005207806174240159
2022-08-27 00:00:00+00:00,0.2556922267513023,-0.20050246092893093,0.45619468768023325,0.4733579550539394
2022-08-28 00:00:00+00:00,0.03223013079049483,-0.13916360871252342,0.17139373950301826,0.13300003962372986
2022-09-01 00:00:00+00:00,-0.05402198852618991,-0.08768774037553258,0.033665751849342666,0.046795300881892404
2022-09-02 00:00:00+00:00,0.02394000892406396,0.029921995712618655,-0.005981986788554695,-0.03432753341421746
2022-09-03 00:00:00+00:00,0.023777281165634157,0.08963051099572246,-0.0658532298300883,-0.07638104575662333
2022-09-04 00:00:00+00:00,0.012698082839196155,0.0064159154134822045,0.00628216742571395,0.05877598364410676
2022-09-08 00:00:00+00:00,-0.018260868266439693,0.07669833733723623,-0.09495920560367592,-0.09065229445947481
2022-09-10 00:00:00+00:00,0.01295760445801965,-0.07922817948964697,0.09218578394766662,0.09455374774748627
2022-09-11 00:00:00+00:00,-0.06940085378138267,-0.035594903845059825,-0.03380594993632284,0.07721815286750551
2022-09-16 00:00:00+00:00,0.22131758906416119,0.19097376581706804,0.030343823247093143,0.029377166622971018
2022-09-17 00:00:00+00:00,0.3841599838958223,-0.3306813104588103,0.7148412943546325,0.7656516606103896
2022-09-18 00:00:00+00:00,-0.1777153847047617,-0.45737309739536774,0.279657712690606,0.24730755529537515
2022-09-22 00:00:00+00:00,-0.37302658228296987,0.04337121061401996,-0.4163977928969898,-0.31171868321895535
2022-09-23 00:00:00+00:00,-0.14406125928540342,-0.15959359123094216,0.015532331945538741,0.004053028332581093
2022-09-24 00:00:00+00:00,0.2384519009213907,-0.1383119776508887,0.37676387857227944,0.3711395518298935
2022-09-29 00:00:00+00:00,-0.06880254558722419,-0.06508613559474904,-0.0037164099924751476,-0.015479475211522861
2022-09-30 00:00:00+00:00,-0.0008615942888166625,-0.004511549706969614,0.0036499554181529514,-0.048276409254995656
2022-10-01 00:00:00+00:00,0.08983368412386669,0.20725373679073056,-0.11742005266686387,-0.20600933942422928
2022-10-02 00:00:00+00:00,-0.06587247648309753,0.21480324565601025,-0.2806757221391078,-0.16092505025710457
2022-10-06 00:00:00+00:00,0.23308601514724814,0.12149699571912997,0.11158901942811816,0.05095907472812128
2022-10-13 00:00:00+00:00,0.26076571609627386,0.06757157628922703,0.19319413980704683,0.1524509216868457
2022-10-14 00:00:00+00:00,-0.06370975611954936,-0.060039340917698504,-0.0036704152018508587,-0.1347322053636588
2022-10-15 00:00:00+00:00,-0.009350849538485927,0.1349132133855244,-0.1442640629240103,-0.18656928446434154
2022-10-16 00:00:00+00:00,-0.13123323032806283,0.21711853228087358,-0.3483517626089364,-0.2949308205013182
2022-10-20 00:00:00+00:00,-0.03878556630809574,0.07575736573622883,-0.11454293204432457,-0.07186008420646872
2022-10-21 00:00:00+00:00,-0.07567526742981655,0.07974546412184831,-0.15542073155166486,-0.2363538667682554
2022-10-22 00:00:00+00:00,0.1457814777228526,-0.04879280710040344,0.19457428482325606,0.24427084261449128
2022-10-23 00:00:00+00:00,-0.058426837188715317,-0.1349293667997954,0.07650252961108008,0.08123902153825162
2022-10-27 00:00:00+00:00,-0.21656391438414688,-0.15427002412898355,-0.062293890255163326,-0.0546232269334579
2022-10-28 00:00:00+00:00,-0.12724258315631842,-0.22561683739276073,0.0983742542364423,0.014730635271675743
2022-10-29 00:00:00+00:00,-0.1386042055494841,-0.13656625983358994,-0.0020379457158941627,-0.04225522312057794
2022-10-30 00:00:00+00:00,-0.08890924403512303,0.09236806451159849,-0.18127730854672153,-0.12123107732291293
2022-11-04 00:00:00+00:00,-0.23747735117439653,-0.08295001282358139,-0.15452733835081514,-0.08388553961218827
2022-11-05 00:00:00+00:00,0.08247425281752307,-0.0995595422979033,0.1820337951154264,0.28750388193078286
2022-11-06 00:00:00+00:00,-0.006573616057247798,-0.27320747017995056,0.26663385412270274,0.31719605858988575
2022-11-10 00:00:00+00:00,-0.6284466801629252,-0.1090085411329832,-0.519438139029942,-0.4409270664469812
2022-11-11 00:00:00+00:00,-0.1544945158398854,-0.310131534439006,0.15563701859912057,0.17104433244298495
2022-11-12 00:00:00+00:00,0.2421939297090629,0.18946794385169533,0.05272598585736757,0.06951554843401941
2022-11-13 00:00:00+00:00,-0.08214091319468779,0.23775413227654857,-0.31989504547123637,-0.3611567171772867
2022-11-19 00:00:00+00:00,0.1886162540545845,-0.013754158668076397,0.20237041272266088,0.19281085337970974
2022-11-20 00:00:00+00:00,-0.11963369769832043,0.2115576860223911,-0.33119138372071155,-0.389978638046972
2022-11-25 00:00:00+00:00,-0.029166899841330366,0.09575605922413483,-0.12492295906546519,-0.11946735717335988
2022-11-26 00:00:00+00:00,0.06459121826291024,0.016009292131793314,0.04858192613111693,0.08190667384440045
2022-11-27 00:00:00+00:00,-0.07238661701527965,-0.029529678090803296,-0.042856938924476354,-0.0001688430329447113
2022-12-01 00:00:00+00:00,0.06292088356992942,0.3456327834968088,-0.2827118999268794,-0.3015728210916309
2022-12-02 00:00:00+00:00,0.08678117314713736,0.13401080763643428,-0.047229634489296915,-0.11164402020471603
2022-12-03 00:00:00+00:00,0.10208486433220897,0.11276982210508342,-0.010684957772874454,-0.03261164903228553
2022-12-04 00:00:00+00:00,-0.037892866781935104,0.18789020000740864,-0.22578306678934373,-0.22160488250289334
2022-12-08 00:00:00+00:00,0.06682009629772591,0.031789005812708125,0.035031090485017784,0.10266543983427467
2022-12-09 00:00:00+00:00,0.1218099219364008,0.19749738090739113,-0.07568745897099033,-0.04713793447194353
2022-12-10 00:00:00+00:00,0.037877331759035196,0.043093484156508634,-0.005216152397473438,0.04515527908975281
2022-12-11 00:00:00+00:00,-0.007005634194318296,0.2151649482937072,-0.2221705824880255,-0.21074694948805384
2022-12-15 00:00:00+00:00,-0.20002266982594596,-0.028504116428712516,-0.17151855339723346,-0.1382915237922458
2022-12-16 00:00:00+00:00,-0.08795488396384317,-0.23631511037599523,0.14836022641215207,0.2464405399513872
2022-12-17 00:00:00+00:00,0.3613330634065938,0.15479673081283807,0.20653633259375576,0.2509227162849386
2022-12-18 00:00:00+00:00,0.008844097719123051,0.02695233999383156,-0.01810824227470851,0.003113856824306066
2022-12-22 00:00:00+00:00,-0.10203706220728387,-0.02258190288591535,-0.07945515932136851,-0.10298572389943661
2022-12-23 00:00:00+00:00,-0.0038746622287630186,0.057762750921970425,-0.06163741315073344,-0.061574502584350516
2022-12-24 00:00:00+00:00,0.11524112110926837,0.10679034879795385,0.008450772311314525,-0.032133254318111426
2022-12-25 00:00:00+00:00,-0.24913962756474653,0.09354959664482519,-0.3426892242095717,-0.3386082610703487
2022-12-29 00:00:00+00:00,0.06978809105132419,0.1282702992698031,-0.05848220821847891,-0.10587149359882597
2022-12-30 00:00:00+00:00,-0.03310381995003802,-0.0023519986986450213,-0.030751821251393,-0.030072129456177737
2022-12-31 00:00:00+00:00,-0.15718767641669418,0.03405992778663342,-0.1912476042033276,-0.10963915207680282
2023-01-01 00:00:00+00:00,-0.13382909440498533,0.005486497636702193,-0.13931559204168753,-0.029427072508428895
2023-01-06 00:00:00+00:00,-0.04136298744767564,-0.08363343360855816,0.04227044616088251,0.029119959617841827
2023-01-12 00:00:00+00:00,0.22738104552364452,-0.06941829852007185,0.2967993440437164,0.3004962401554489
2023-01-13 00:00:00+00:00,-0.27931961211728695,0.019588629798314522,-0.2989082419156015,-0.3188746499260748
2023-01-14 00:00:00+00:00,-0.5877116006202192,-0.05275184137582398,-0.5349597592443952,-0.6063108775865069
2023-01-15 00:00:00+00:00,0.36562931614102545,-0.11631080413013321,0.4819401202711587,0.4999002089945019
2023-01-19 00:00:00+00:00,-0.13957656295904616,0.04874289046237403,-0.1883194534214202,-0.16275123953922135
2023-01-20 00:00:00+00:00,-0.10267099841503807,-0.10568087374185431,0.003009875326816236,-0.04777181225169684
2023-01-21 00:00:00+00:00,-0.09658702285538072,-0.12166861544238952,0.025081592587008802,0.08540293145873079
2023-01-22 00:00:00+00:00,0.030562348347644912,-0.2563471788800753,0.28690952722772023,0.2728060887596084
2023-01-26 00:00:00+00:00,-0.15647645468648008,-0.009615791812279926,-0.14686066287420016,-0.1570466711375396
2023-01-27 00:00:00+00:00,-0.1886044347547824,-0.14006221035979047,-0.04854222439499192,6.226903413489998e-05
2023-01-28 00:00:00+00:00,-0.15273079679164703,-0.09516383550755887,-0.057566961284088156,-0.008624158270030088
2023-01-29 00:00:00+00:00,-0.16471626142434706,-0.12890437283530276,-0.0358118885890443,-0.07502596615531992
2023-02-02 00:00:00+00:00,-0.13450151933742296,-0.08598915103866686,-0.0485123682987561,-0.10440199026347899
2023-02-03 00:00:00+00:00,0.02774346241136978,0.18515222165108886,-0.1574087592397191,-0.11182838480812987
2023-02-04 00:00:00+00:00,0.04050570027239288,0.04115701535389878,-0.0006513150815059057,0.017266782922987278
2023-02-05 00:00:00+00:00,-0.11052634350336328,-0.024711256807106306,-0.08581508669625698,-0.07569866580757932
2023-02-09 00:00:00+00:00,-0.19041172367281292,-0.1148753270451981,-0.07553639662761483,-0.09740352949698566
2023-02-10 00:00:00+00:00,-0.08161150343019831,0.006826860279596431,-0.08843836370979474,-0.07268887228622142
2023-02-11 00:00:00+00:00,0.11780496293249844,-0.006599907490850238,0.12440487042334868,0.171742229562301
2023-02-12 00:00:00+00:00,-0.1992882977551856,-0.0973126937873536,-0.10197560396783201,0.0026082536643244527
2023-02-16 00:00:00+00:00,-0.2748470617543431,-0.3492309187546239,0.07438385700028083,0.08888908845686441
2023-02-17 00:00:00+00:00,0.0437724817139947,0.10519785662224516,-0.061425374908250466,-0.013334409345522241
2023-02-18 00:00:00+00:00,0.2599285422747473,0.07029326001747974,0.18963528225726758,0.16463161834217696
2023-02-19 00:00:00+00:00,-0.061444561760266254,-0.04363834723365894,-0.017806214526607314,0.016019119187980574
2023-02-23 00:00:00+00:00,-0.20256354707357724,-0.17548544492951332,-0.02707810214406392,-0.08591590107641825
2023-02-24 00:00:00+00:00,-0.1574185142291455,-0.029782165682980373,-0.12763634854616512,-0.11557620757802728
2023-02-25 00:00:00+00:00,-0.07675027223837579,-0.2660502153502067,0.1892999431118309,0.23299517319238092
2023-02-26 00:00:00+00:00,-0.06338708680036576,-0.23531637797193736,0.1719292911715716,0.1337172785931271
2023-03-04 00:00:00+00:00,-0.1654739418052388,-0.03183399289811457,-0.13363994890712425,-0.05694808695614112
2023-03-05 00:00:00+00:00,-0.15334840171903744,-0.022985025794825177,-0.13036337592421227,-0.10720182671655122
2023-03-09 00:00:00+00:00,-0.313964372411603,-0.11758719264758138,-0.19637717976402164,-0.15005016956764117
2023-03-10 00:00:00+00:00,-0.24964190816574505,-0.692957061545362,0.4433151533796169,0.32655474871906187
2023-03-11 00:00:00+00:00,-0.4331857586077995,-0.26010073231130404,-0.17308502629649547,-0.11139931068403561
2023-03-12 00:00:00+00:00,-0.25903500010115854,-0.3377682237224891,0.07873322362133056,0.08928178549963287
2023-03-17 00:00:00+00:00,-0.3747756141824178,-0.1431347115893099,-0.23164090259310788,-0.197280619982454
2023-03-18 00:00:00+00:00,-0.1695210880898108,-0.05426448962366991,-0.11525659846614089,-0.08042785975431971
2023-03-19 00:00:00+00:00,-0.026471843544316392,-0.13451553073058192,0.10804368718626553,0.06781974000252972
2023-03-23 00:00:00+00:00,-0.4296224702101426,-0.11332093659914469,-0.3163015336109979,-0.2067600020972968
2023-03-24 00:00:00+00:00,-0.22728491308718018,-0.21079479992777478,-0.016490113159405406,0.01238060059083991
2023-03-25 00:00:00+00:00,0.12142599192541001,0.05089339162671286,0.07053260029869715,0.058162961135640734
2023-03-26 00:00:00+00:00,-0.20918651666495086,-0.06411227259940688,-0.14507424406554398,-0.09884549646365831
2023-04-01 00:00:00+00:00,0.07192884721934455,-0.05447888258303564,0.1264077298023802,0.18072078519645274
2023-04-02 00:00:00+00:00,0.005822553795806138,-0.028364287863501283,0.034186841659307424,0.033305471501316644
2023-04-08 00:00:00+00:00,-0.00043547897980316075,0.005543510747313032,-0.005978989727116193,0.010070161892223276
2023-04-09 00:00:00+00:00,-0.15305240131152476,-0.016572261153658913,-0.13648014015786583,-0.04845502196614304
2023-04-13 00:00:00+00:00,-0.1311361296348652,-0.05308890719007855,-0.07804722244478665,-0.10819417423555366
2023-04-15 00:00:00+00:00,0.07918616339228493,0.008178508276751111,0.07100765511553382,0.14388319483301057
2023-04-16 00:00:00+00:00,-0.05280460581671155,0.010304581989954893,-0.06310918780666644,0.04483481770447169
2023-04-20 00:00:00+00:00,-0.15676996864154458,-0.21034913078602477,0.05357916214448019,-0.038036774485913076
2023-04-21 00:00:00+00:00,-0.17173599576202545,-0.08984221178648576,-0.08189378397553969,-0.04971577667860515
2023-04-22 00:00:00+00:00,-0.1244484904998294,-0.42104773197678247,0.29659924147695305,0.23382927954857424
2023-04-23 00:00:00+00:00,-0.1940933930664317,-0.39330012901382777,0.19920673594739607,0.1864299229454259
2023-04-27 00:00:00+00:00,0.04090561089531022,-0.2302442547075786,0.2711498656028888,0.30852121405152233
2023-04-28 00:00:00+00:00,0.09112087202555322,-0.0037751193376541273,0.09489599136320734,0.12332332685645969
2023-04-29 00:00:00+00:00,-0.03858697060083537,-0.10791807088001663,0.06933110027918127,0.06234529575184536
2023-04-30 00:00:00+00:00,-0.46364935058676304,-0.14713365033362047,-0.3165157002531426,-0.330664941415839
2023-05-04 00:00:00+00:00,-0.2059355757129348,0.0731323784666786,-0.2790679541796134,-0.2613788304653688
2023-05-05 00:00:00+00:00,-0.4469547509276141,-0.0983569115824268,-0.3485978393451873,-0.20746110430155834
2023-05-06 00:00:00+00:00,-0.1413851151723904,-0.08498115583279198,-0.056403959339598436,-0.048129369728573304
2023-05-07 00:00:00+00:00,-0.3891144596301288,-0.12527472454461205,-0.2638397350855167,-0.16657713237107447
2023-05-11 00:00:00+00:00,-0.14657683190074347,-0.11598246996517537,-0.030594361935568096,0.027735013455603478
2023-05-12 00:00:00+00:00,-0.07170567993647518,-0.03353089325749404,-0.038174786678981144,-0.07718919910647941
2023-05-13 00:00:00+00:00,-0.11157537210962189,0.0331259673064869,-0.1447013394161088,-0.12606998473802386
2023-05-14 00:00:00+00:00,-0.11032077211753746,0.05157666338110451,-0.16189743549864197,-0.170960913365752
2023-05-18 00:00:00+00:00,-0.03347099640480013,-0.08924993414863665,0.05577893774383652,0.025289169948061706
2023-05-19 00:00:00+00:00,0.005628838643999899,0.01595051648015113,-0.01032167783615123,-0.024039605430313554
2023-05-20 00:00:00+00:00,-0.0852677422835028,-0.10583187838202633,0.020564136098523533,-0.012483914540903057
2023-05-21 00:00:00+00:00,-0.1572071447012607,-0.04196902932847629,-0.11523811537278442,-0.1649282665389224
2023-05-25 00:00:00+00:00,-0.04625293397848337,-0.06530496358695882,0.019052029608475456,-0.025946787416248118
2023-05-26 00:00:00+00:00,-0.09512126504903386,-0.012581551804301755,-0.0825397132447321,-0.027792753561003386
2023-05-27 00:00:00+00:00,-0.09990022342708897,-0.09791317305882112,-0.001987050368267851,-0.03353024261582113
2023-05-28 00:00:00+00:00,-0.11570443028906402,-0.051804843049432184,-0.06389958723963184,-0.11859665492947168
2023-06-01 00:00:00+00:00,-0.05108535303068896,0.01688851532689173,-0.06797386835758068,-0.12832215155973864
2023-06-02 00:00:00+00:00,-0.026016292537482853,-0.048766221791047906,0.022749929253565053,0.1205017580323984
2023-06-03 00:00:00+00:00,-0.022508929400863402,-0.18097400825835344,0.15846507885749003,0.2035851694418594
2023-06-04 00:00:00+00:00,-0.19917771122203165,-0.21246212419372335,0.013284412971691695,0.06515066925174395
2023-06-08 00:00:00+00:00,-0.11876712572205159,-0.09342669357846149,-0.025340432143590094,-0.09480355453059955
2023-06-09 00:00:00+00:00,-0.1400153616514152,-0.1352282555087606,-0.004787106142654596,-0.06885701903296018
2023-06-10 00:00:00+00:00,-0.17966708896961348,-0.08699982498596666,-0.09266726398364682,-0.11446715743596428
2023-06-11 00:00:00+00:00,-0.20587927952537124,-0.1458462626548657,-0.06003301687050555,0.014780296048788253
2023-06-15 00:00:00+00:00,-0.11092416886252823,0.004237645771737344,-0.11516181463426557,-0.16116925254328351
2023-06-16 00:00:00+00:00,-0.10402731713430735,-0.07861705901493353,-0.02541025811937382,-0.05555829345918652
2023-06-17 00:00:00+00:00,-0.22816394544727436,-0.16739325119273923,-0.06077069425453513,0.019279801303672787
2023-06-18 00:00:00+00:00,-0.07517229163992814,-0.11173882621837761,0.03656653457844947,0.12732237936955554
2023-06-22 00:00:00+00:00,-0.11660451036565066,-0.04797038469502277,-0.06863412567062788,-0.03553043963134747
2023-06-23 00:00:00+00:00,-0.18828485326147218,-0.1331045764148836,-0.05518027684658858,-0.03775117615537649
2023-06-24 00:00:00+00:00,-0.11352403543651514,-0.21421767825396473,0.1006936428174496,0.08810864124738599
2023-06-25 00:00:00+00:00,-0.24313712193815828,-0.21792432163296094,-0.025212800305197347,-0.006673436125282879
2023-06-29 00:00:00+00:00,-0.37231114303722884,-0.1325165700332831,-0.23979457300394574,-0.21294861970708792
2023-06-30 00:00:00+00:00,-0.3118271346095336,-0.4074114953293048,0.09558436071977122,0.07124645152161094
2023-07-01 00:00:00+00:00,-0.012130231151523584,-0.1907817532144124,0.1786515220628888,0.11265363799125822
2023-07-02 00:00:00+00:00,-0.33259314504402304,-0.021189621592390556,-0.31140352345163247,-0.26885234692272586
2023-07-06 00:00:00+00:00,-0.04750183371646948,-0.09342407956418013,0.045922245847710645,-0.009263758360947102
2023-07-07 00:00:00+00:00,0.044180058566965455,-0.03767313465073994,0.0818531932177054,0.0802390033154802
2023-07-08 00:00:00+00:00,-0.08445004461916718,-0.026680647669461897,-0.05776939694970528,-0.019346696340121178
2023-07-09 00:00:00+00:00,-0.15676629122954172,-0.022919062556854306,-0.13384722867268742,-0.08710513220771382
2023-07-13 00:00:00+00:00,-0.14620497372463065,-0.06522076455352695,-0.0809842091711037,-0.09075964556672467
2023-07-14 00:00:00+00:00,-0.053828878368394804,0.025800361083248683,-0.07962923945164349,-0.11203985496002339
2023-07-15 00:00:00+00:00,-0.07398587989992308,-0.02660358125881748,-0.0473822986411056,0.012163465723572048
2023-07-16 00:00:00+00:00,-0.009705457811340457,-0.0015455688232952093,-0.008159888988045249,0.044029434669111814
2023-07-20 00:00:00+00:00,-0.04086509469748301,-0.027847710018230196,-0.013017384679252817,-0.09411679080245006
2023-07-21 00:00:00+00:00,-0.06320202522432522,-0.04809555384060274,-0.01510647138372248,-0.0783498019839608
2023-07-22 00:00:00+00:00,-0.077963928841641,-0.04038027201426197,-0.037583656827379026,-0.05448592367882231
2023-07-23 00:00:00+00:00,-0.11432706283298648,0.020007036635429742,-0.13433409946841623,-0.14857669079372482
2023-07-28 00:00:00+00:00,0.009016920598189064,0.09623109421400412,-0.08721417361581506,-0.15072817780520653
2023-07-29 00:00:00+00:00,-0.01372484892249464,-0.12433210810034942,0.11060725917785479,0.0729002684732381
2023-07-30 00:00:00+00:00,-0.20503511017452278,-0.07446751681257772,-0.13056759336194507,-0.048892327258684413
2023-08-03 00:00:00+00:00,-0.05261238823693448,-0.023769231932018645,-0.028843156304915837,-0.035795281600673495
2023-08-04 00:00:00+00:00,-0.026850675909976814,-0.05745383496475166,0.03060315905477485,0.00246160315190673
2023-08-05 00:00:00+00:00,-0.018542575055117375,-0.07618430823646556,0.05764173318134819,-0.0015441162521495216
2023-08-06 00:00:00+00:00,-0.07833026413435465,0.027337294960893647,-0.1056675590952483,-0.11629168756479139
2023-08-10 00:00:00+00:00,0.13929172171696183,0.06988419715305012,0.06940752456391171,0.04751704628526432
2023-08-11 00:00:00+00:00,0.08499139220774342,0.035138224430877406,0.04985316777686601,0.01988212894772537
2023-08-12 00:00:00+00:00,0.011700030378887989,-0.04046181075997359,0.05216184113886158,0.06655632585013216
2023-08-13 00:00:00+00:00,-0.10116521361913362,-0.07124562698544784,-0.029919586633685782,0.034324302607883654
2023-08-17 00:00:00+00:00,-0.1625872555563642,-0.12531373484118594,-0.037273520715178254,-0.08123970147130771
2023-08-18 00:00:00+00:00,-0.09283813015323984,-0.20092486662897432,0.10808673647573448,0.10196364265588552
2023-08-19 00:00:00+00:00,-0.030539078058645544,-0.17318537132588338,0.14264629326723782,0.057897578678440184
2023-08-20 00:00:00+00:00,-0.06408676203406387,-0.13969457300877997,0.0756078109747161,0.1551579061462667
2023-08-24 00:00:00+00:00,-0.008119691839452409,0.15877062450080506,-0.16689031634025747,-0.15220166358085055
2023-08-25 00:00:00+00:00,0.09175851007953258,0.10102815938454164,-0.009269649305009064,-0.02361774313704537
2023-08-26 00:00:00+00:00,-0.06834890345212687,-0.1926710945497821,0.12432219109765523,0.14112400061718375
2023-08-27 00:00:00+00:00,-0.29243192157918624,-0.20473241607942663,-0.0876995054997596,-0.022252135060431354
2023-08-31 00:00:00+00:00,-0.08652874394666454,-0.08275785812209477,-0.003770885824569775,-0.033354515115361
2023-09-01 00:00:00+00:00,-0.1654005376858322,-0.08861355115599155,-0.07678698652984066,-0.050009143842983564
2023-09-02 00:00:00+00:00,-0.0997835541329622,-0.15443154026399308,0.05464798613103089,0.008724321660931806
2023-09-07 00:00:00+00:00,-0.002351346699038803,-0.026092418811243433,0.02374107211220463,0.04114406584050759
2023-09-08 00:00:00+00:00,0.006756026670125001,-0.005169333146014021,0.011925359816139021,0.003705800014380284
2023-09-09 00:00:00+00:00,-0.15156193361270368,-0.19642376061161002,0.04486182699890634,0.08530449625520974
2023-09-10 00:00:00+00:00,-0.25067805710202334,-0.3487511820267466,0.09807312492472325,0.08925018537707755
2023-09-14 00:00:00+00:00,-0.07692943837164173,-0.10934997075187318,0.032420532380231445,0.11475247938369738
2023-09-15 00:00:00+00:00,-0.07966652614213557,-0.08828710252672191,0.00862057638458634,0.03196114925451766
2023-09-16 00:00:00+00:00,-0.06711089313366339,-0.17579831319233266,0.10868742005866927,0.0682042030183095
2023-09-17 00:00:00+00:00,-0.25923037944226035,-0.1502632515911469,-0.10896712785111345,-0.05178814811652842
2023-09-21 00:00:00+00:00,-0.08444308306326556,-0.07733140844682557,-0.007111674616439995,0.0035112594575904786
2023-09-22 00:00:00+00:00,-0.012918650444514379,-0.09909292616849005,0.08617427572397568,0.044745275798189516
2023-09-23 00:00:00+00:00,-0.07982631211774688,-0.17067147713744954,0.09084516501970266,0.05938974436684755
2023-09-28 00:00:00+00:00,-0.14238499627073453,-0.13789760686932517,-0.0044873894014093585,-0.010324818748302704
2023-09-29 00:00:00+00:00,-0.07639060342230153,-0.1938868636755876,0.11749626025328608,0.1555095498363941
2023-09-30 00:00:00+00:00,-0.2525464633269094,-0.3077191244172558,0.05517266109034641,0.1141521323157332
2023-10-01 00:00:00+00:00,-0.40574207828689174,-0.24265135063363186,-0.16309072765325988,-0.13691968558476095
2023-10-05 00:00:00+00:00,-0.20849014046295877,-0.1459835909723461,-0.06250654949061268,0.012808257078622876
2023-10-06 00:00:00+00:00,-0.09662157415524417,-0.2021811153756289,0.10555954122038474,0.10594906655290756
2023-10-07 00:00:00+00:00,-0.10488922719394583,-0.07856908603094358,-0.026320141163002256,0.00971878593249027
2023-10-08 00:00:00+00:00,-0.25702436696186287,-0.08385805725490918,-0.17316630970695368,-0.014965681531630196
2023-10-12 00:00:00+00:00,-0.01790423792489895,-0.03879566345547545,0.0208914255305765,0.004895282821807206
2023-10-13 00:00:00+00:00,-0.07881545419911135,-0.16199240822826355,0.0831769540291522,0.028718006868925512
2023-10-14 00:00:00+00:00,-0.06650553696552461,-0.2588314651990153,0.19232592823349068,0.16997441085610243
2023-10-15 00:00:00+00:00,-0.1174161993690474,-0.282486927496413,0.16507072812736562,0.1210729129050378
2023-10-20 00:00:00+00:00,-0.2211751932165669,-0.16522410387021222,-0.05595108934635468,-0.016726972181263497
2023-10-21 00:00:00+00:00,-0.1283142908900139,-0.12793067403073108,-0.00038361685928281486,0.03362470642077153
2023-10-22 00:00:00+00:00,-0.1568233853210302,-0.1391416637342011,-0.017681721586829124,0.044679904269014706
2023-10-26 00:00:00+00:00,-0.04111028599972803,-0.29571094587818153,0.2546006598784535,0.12968295616560274
2023-10-27 00:00:00+00:00,-0.057521691392006205,0.05759230466256498,-0.11511399605457118,-0.1220735614117016
2023-10-28 00:00:00+00:00,-0.14904470794648852,-0.24808659307817832,0.0990418851316898,0.043677899249033106
2023-10-29 00:00:00+00:00,-0.1437505218141961,-0.22366660427183832,0.07991608245764223,0.020388491362761024
2023-11-03 00:00:00+00:00,-0.08772614646242614,0.00416356703072287,-0.09188971349314902,-0.12177855211322089
2023-11-04 00:00:00+00:00,-0.12136440018411145,-0.0692478355512436,-0.052116564632867846,-0.009955211454949738
2023-11-05 00:00:00+00:00,-0.11377514064472286,-0.07934590467048386,-0.034429235974239,-0.05458778967460293
2023-11-09 00:00:00+00:00,-0.1447588521397564,-0.09786353506093419,-0.046895317078822205,-0.06561438784326983
2023-11-10 00:00:00+00:00,-0.011928578595195648,0.05585233387909454,-0.06778091247429019,-0.042070363199397
2023-11-11 00:00:00+00:00,-0.221447506630589,-0.1821530518666978,-0.03929445476389121,-0.013075047736855562
2023-11-12 00:00:00+00:00,-0.20571722256962596,-0.2502957175496267,0.044578494980000744,0.10789412084279386
2023-11-16 00:00:00+00:00,-0.08025265375485839,-0.12279334153850822,0.04254068778364983,0.012018602502281315
2023-11-17 00:00:00+00:00,-0.08557002153669027,-0.06448345504979154,-0.02108656648689873,-0.011579832151768
2023-11-18 00:00:00+00:00,-0.12433517563951776,-0.17524987144945203,0.05091469580993427,0.08025789998644164
2023-11-19 00:00:00+00:00,-0.07745832824144157,-0.1683636075251706,0.09090527928372903,0.06805494292045512
2023-11-23 00:00:00+00:00,-0.01931505989676594,-0.0451099944479649,0.025794934551198963,0.030364103976941254
2023-11-24 00:00:00+00:00,-0.005861530825179232,-0.14000747240999376,0.13414594158481452,0.09833810932549433
2023-11-25 00:00:00+00:00,-0.06715912059295742,-0.061735125705671606,-0.005423994887285816,0.008770602421435167
2023-11-26 00:00:00+00:00,-0.14058523885920687,-0.023901602083139083,-0.11668363677606779,-0.09099189069275603
2023-11-30 00:00:00+00:00,-0.06159605563362908,-0.03983625845926181,-0.021759797174367268,-0.032386281710122956
2023-12-01 00:00:00+00:00,-0.014496476881084934,-0.07094825617577355,0.056451779294688614,0.0885937040200361
2023-12-02 00:00:00+00:00,-0.1297478327274515,-0.09851132795410597,-0.031236504773345525,0.0077340962337668975
2023-12-03 00:00:00+00:00,-0.03440354863347725,-0.11786097713345121,0.08345742849997397,0.11033220042099492
2023-12-07 00:00:00+00:00,-0.1321639462676168,-0.06460601756158224,-0.06755792870603455,-0.08615515551547476
2023-12-08 00:00:00+00:00,-0.10232362002497497,0.07943246411004486,-0.1817560841350198,-0.13256171732557726
2023-12-09 00:00:00+00:00,-0.2361236229160448,-0.2912880398515888,0.055164416935544,0.11764657680142326
2023-12-10 00:00:00+00:00,-0.34665368118230405,-0.26644650247890267,-0.08020717870340138,-0.09201110282254804
2023-12-14 00:00:00+00:00,-0.07663845219514463,-0.22964103610904985,0.1530025839139052,0.1030690355839376
2023-12-15 00:00:00+00:00,-0.12166444959986063,-0.09682729994573251,-0.024837149654128116,-0.012131957820581976
2023-12-16 00:00:00+00:00,-0.19489424292069724,-0.27507505029104984,0.0801808073703526,0.05346275249145519
2023-12-17 00:00:00+00:00,-0.26963922460821493,-0.19939663515668068,-0.07024258945153425,-0.06970193005282094
2023-12-21 00:00:00+00:00,-0.2752769684520563,-0.17553046454191026,-0.09974650391014603,-0.07854264176323023
2023-12-22 00:00:00+00:00,-0.10733492564716547,-0.24647886489435605,0.1391439392471906,0.1643355922750559
2023-12-23 00:00:00+00:00,-0.2514590963134125,-0.1522288206157623,-0.09923027569765022,-0.08073233812803318
2023-12-24 00:00:00+00:00,-0.10262493734872068,-0.15473198729289064,0.05210704994416997,0.020668833804842527
2023-12-28 00:00:00+00:00,-0.11510959601280564,-0.43468344572045686,0.31957384970765124,0.2326356308546938
2023-12-29 00:00:00+00:00,-0.043517734376275034,-0.047887102992778305,0.0043693686165032705,-0.014774497727571216
2023-12-30 00:00:00+00:00,-0.006662535374878115,-0.26155908245731796,0.25489654708243986,0.25797042226459355
2023-12-31 00:00:00+00:00,-0.08831990555433505,-0.4645354981739207,0.37621559261958565,0.43473410858378386
2024-01-04 00:00:00+00:00,-0.09172798272653206,-0.011273881890286079,-0.08045410083624598,-0.07105502599937086
2024-01-05 00:00:00+00:00,0.05298613967270462,0.2072287157219347,-0.15424257604923006,-0.21008696322006112
2024-01-06 00:00:00+00:00,-0.0256934767813448,-0.03821955654070741,0.01252607975936261,0.05873197473307951
2024-01-07 00:00:00+00:00,-0.11905610644498174,-0.05045119735963699,-0.06860490908534475,-0.0085566363306501
2024-01-11 00:00:00+00:00,-0.3079823629702277,-0.017821903348502137,-0.29016045962172554,-0.3515544361979094
2024-01-12 00:00:00+00:00,-0.47277205884891044,-0.663675628230828,0.1909035693819176,0.19567482734504882
2024-01-13 00:00:00+00:00,-0.15122271095571488,0.10593558891408096,-0.2571582998697958,-0.24321081979100076
2024-01-14 00:00:00+00:00,-0.10104570476277287,0.0868614504002816,-0.18790715516305448,-0.14468134149180845
2024-01-18 00:00:00+00:00,-0.16803620772273786,-0.12399454695828727,-0.044041660764450596,-0.035891811492543696
2024-01-19 00:00:00+00:00,0.025469170693201534,-0.12384021445334456,0.1493093851465461,0.118315070246662
2024-01-20 00:00:00+00:00,-0.08664867757350757,-0.05332249621247067,-0.0333261813610369,0.02110132863766734
2024-01-21 00:00:00+00:00,-0.0012297084567176792,-0.035374886452639843,0.03414517799592216,0.12497464793369242
2024-01-25 00:00:00+00:00,-0.07327873090219807,-0.10165207928597048,0.02837334838377241,0.04544865100612158
2024-01-26 00:00:00+00:00,-0.07165139573231084,-0.14147752303361094,0.0698261273013001,0.022880741486362204
2024-01-27 00:00:00+00:00,-0.22224039557550257,-0.16825443322541717,-0.053985962350085404,0.0038169529702645616
2024-01-28 00:00:00+00:00,-0.35999771529458763,-0.14093628935195696,-0.21906142594263067,-0.10198260144652664
2024-02-01 00:00:00+00:00,-0.05548830114874916,-0.1124147821734437,0.05692648102469453,0.10341225852408055
2024-02-02 00:00:00+00:00,-0.10761215316267063,-0.1348048623415867,0.027192709178916072,0.0544823339313655
2024-02-03 00:00:00+00:00,-0.2711665869647433,-0.15675025163609668,-0.11441633532864659,-0.015618063856975326
2024-02-04 00:00:00+00:00,-0.4202427857531163,-0.10321370259100875,-0.31702908316210754,-0.17295321303609745
2024-02-08 00:00:00+00:00,-0.07122794327079991,-0.1273778120777896,0.056149868806989675,-0.06926482751120963
2024-02-09 00:00:00+00:00,-0.13955088109007743,-0.10377349391218606,-0.035777387177891376,0.06395985603828751
2024-02-10 00:00:00+00:00,-0.14318669406069245,-0.08420356019879713,-0.058983133861895326,0.036710852887135145
2024-02-11 00:00:00+00:00,-0.1663355737176753,-0.10891944134293235,-0.05741613237474294,0.05913323668154896
2024-02-15 00:00:00+00:00,-0.12688482159447784,-0.21223399831495837,0.08534917672048054,0.12913596990432272
2024-02-16 00:00:00+00:00,-0.04605391860416695,-0.048016972453192315,0.0019630538490253632,-0.004400189443589234
2024-02-17 00:00:00+00:00,-0.2224252616404093,-0.09869954175713594,-0.12372571988327336,0.02441035461483633
2024-02-18 00:00:00+00:00,-0.12042942376138623,-0.09929935620680372,-0.021130067554582507,-0.05012061140907825
2024-02-22 00:00:00+00:00,-0.06565835384341547,-0.1693322838139763,0.10367392997056084,0.0629776122674312
2024-02-23 00:00:00+00:00,0.004250440917904447,0.026415472005853997,-0.02216503108794955,-0.051748479404807785
2024-02-24 00:00:00+00:00,0.007630564920903619,-0.04741046557920972,0.05504103050011334,0.118905406422464
2024-02-25 00:00:00+00:00,-0.1326401084817117,-0.06410877938391334,-0.06853132909779837,-0.019340076934630676
2024-02-29 00:00:00+00:00,0.16114383219378794,0.01365213379214185,0.14749169840164608,0.05976609208447703
2024-03-01 00:00:00+00:00,0.07341198767258021,0.05020827798722998,0.02320370968535023,0.07543769458948713
2024-03-02 00:00:00+00:00,-0.024881084510776325,-0.33864125948853563,0.3137601749777593,0.3327149355983349
2024-03-03 00:00:00+00:00,-0.13651630611506715,-0.4219867071876617,0.2854704010725945,0.29318589342984747
2024-03-07 00:00:00+00:00,0.19888104639739243,-0.05452372716624586,0.2534047735636383,0.28264656843868036
2024-03-08 00:00:00+00:00,0.04196989458841706,-0.14705800833066834,0.1890279029190854,0.18413537162030646
2024-03-09 00:00:00+00:00,0.08697936458392924,0.09694363493410732,-0.009964270350178078,0.00864672175789205
2024-03-10 00:00:00+00:00,-0.4200932015257119,-0.05212842822366411,-0.3679647733020478,-0.3480070814487796
2024-03-15 00:00:00+00:00,-0.175539701464075,-0.3579276681068289,0.18238796664275392,0.25022814180944625
2024-03-16 00:00:00+00:00,-0.15080087154635088,-0.09753919308405641,-0.05326167846229447,-0.004198117647859666
2024-03-17 00:00:00+00:00,-0.29874021437456594,-0.36258438351538574,0.0638441691408198,0.02448970163826554
2024-03-21 00:00:00+00:00,-0.17772460387753294,-0.2910212205766221,0.11329661669908916,0.022262009347790997
2024-03-22 00:00:00+00:00,-0.08974607238474618,-0.07304659316253943,-0.016699479222206742,-0.02193791368559335
2024-03-23 00:00:00+00:00,-0.41630294639661986,0.03394784687414275,-0.4502507932707626,-0.28275324359399673
2024-03-24 00:00:00+00:00,-0.08758366295952678,0.14799724141165693,-0.23558090437118373,-0.26634561782583677
2024-03-28 00:00:00+00:00,0.02850743354861496,0.0378413302993914,-0.009333896750776439,0.009112823992117047
2024-03-29 00:00:00+00:00,-0.043529052257220174,0.044688691921437006,-0.08821774417865719,-0.05340458162020813
2024-03-30 00:00:00+00:00,-0.1029726895036732,0.005778584705699578,-0.10875127420937278,-0.01630394280861308
2024-03-31 00:00:00+00:00,-0.08063994163710288,0.014959748661809102,-0.09559969029891198,-0.05901269673183057
2024-04-04 00:00:00+00:00,-0.03951247720485318,-0.15492170789855672,0.11540923069370354,0.08041022857762642
2024-04-05 00:00:00+00:00,-0.03809360641028173,-0.010958491670848518,-0.02713511473943321,-0.06516634446691377
2024-04-06 00:00:00+00:00,-0.12411327744462347,-0.04849944119793015,-0.07561383624669332,0.011451067671971394
2024-04-07 00:00:00+00:00,-0.06389068943555835,0.10706154835809774,-0.1709522377936561,-0.2501243863239432
2024-04-11 00:00:00+00:00,-0.0529760871347744,0.04988086250578838,-0.10285694964056277,-0.21530311759160348
2024-04-12 00:00:00+00:00,-0.17065898489921835,-0.09125808097416396,-0.07940090392505439,-0.11529531188086378
2024-04-13 00:00:00+00:00,-0.2537153153875341,-0.31091135678222537,0.057196041394691255,0.1086296128612715
2024-04-14 00:00:00+00:00,-0.05476723675696655,-0.17495101596971654,0.12018377921275,0.06981326763535498
2024-04-18 00:00:00+00:00,-0.24629293971992935,-0.5179634757684263,0.2716705360484969,0.22022886555498544
2024-04-19 00:00:00+00:00,-0.11690136878492863,-0.4199424568876077,0.30304108810267905,0.20629205211477758
2024-04-20 00:00:00+00:00,-0.020504383389138528,0.05889672582454314,-0.07940110921368167,-0.12137745909062413
2024-04-21 00:00:00+00:00,0.08687682898141114,0.11270437994825437,-0.025827550966843235,-0.002590755614885809
2024-04-25 00:00:00+00:00,-0.08234480362337702,0.1522098721198186,-0.2345546757431956,-0.2373194542092404
2024-04-26 00:00:00+00:00,-0.17249683489564188,0.012100039541293827,-0.1845968744369357,-0.23264472367047143
2024-04-27 00:00:00+00:00,-0.20506493971569298,-0.09441154736009005,-0.11065339235560293,-0.08865773890622283
2024-04-28 00:00:00+00:00,-0.12054851548170196,-0.0717619344141572,-0.04878658106754477,0.02200892810973913
2024-05-02 00:00:00+00:00,-0.08400058818251441,-0.04023942295180466,-0.04376116523070975,-0.14126018771820836
2024-05-03 00:00:00+00:00,-0.09963665897159499,-0.119858079665447,0.020221420693852007,-0.026082294191644845
2024-05-04 00:00:00+00:00,-0.20743764760751593,-0.00685448464799118,-0.20058316295952475,-0.08288865028798245
2024-05-05 00:00:00+00:00,-0.10951401846763974,0.03351467622886431,-0.14302869469650403,-0.10165386189314274
2024-05-09 00:00:00+00:00,0.07469061299500188,0.039036799377005306,0.03565381361799657,0.026528720159010505
2024-05-10 00:00:00+00:00,-0.08505607576901858,-0.04439099387320372,-0.04066508189581486,-0.07211156036611614
2024-05-11 00:00:00+00:00,0.04818940748122436,-0.015793676029007137,0.06398308351023149,0.11326142421524169
2024-05-12 00:00:00+00:00,-0.15810422979298175,0.007378590208619131,-0.1654828200016009,-0.1281035595065008
2024-05-16 00:00:00+00:00,-0.06150937248184618,-0.07575050824074173,0.014241135758895546,-0.0133909602568855
2024-05-17 00:00:00+00:00,0.009336095102446861,-0.120157960377964,0.12949405548041087,0.16007973588441163
2024-05-18 00:00:00+00:00,-0.11514488674177663,-0.19218800341613793,0.0770431166743613,0.17788091659935995
2024-05-19 00:00:00+00:00,-0.028140212875271117,-0.1726318493278954,0.1444916364526243,0.18717754252858163
2024-05-23 00:00:00+00:00,0.17283212858468994,-0.26794661390970104,0.440778742494391,0.3500281476430505
2024-05-24 00:00:00+00:00,0.05006872523455978,0.12152419309260458,-0.0714554678580448,-0.07334159163116868
2024-05-25 00:00:00+00:00,-0.07370101787465773,-0.08512942940795186,0.01142841153329413,-0.028092404973398093
2024-05-26 00:00:00+00:00,-0.19799486597895086,0.02750727677113151,-0.22550214275008237,-0.2068016304780553
2024-05-30 00:00:00+00:00,0.006217164571266634,0.21667691831783287,-0.21045975374656622,-0.2872487067500586
2024-05-31 00:00:00+00:00,0.12621508695066933,0.025907310020982496,0.10030777692968683,0.12057767717787754
2024-06-01 00:00:00+00:00,0.019869235178254816,0.1450189779648844,-0.12514974278662958,-0.10495931459839042
2024-06-02 00:00:00+00:00,-0.06449471599334107,0.2588686587335832,-0.3233633747269243,-0.27491842061004135
2024-06-06 00:00:00+00:00,-0.09881931533207221,0.15997557072389942,-0.2587948860559716,-0.2542265157866818
2024-06-07 00:00:00+00:00,-0.13963985095073106,-0.2514566586867726,0.11181680773604152,0.06335206760592954
2024-06-08 00:00:00+00:00,0.06343238676393922,-0.0751189454275223,0.13855133219146154,0.15490887843502837
2024-06-09 00:00:00+00:00,-0.00605654665472842,-0.1293369811888812,0.12328043453415279,0.1663449063622052
2024-06-13 00:00:00+00:00,-0.2462331865147358,-0.09644692731177795,-0.14978625920295785,-0.11897861300468064
2024-06-14 00:00:00+00:00,-0.22917051561284804,-0.25777477707151814,0.028604261458670094,0.010761660716887833
2024-06-15 00:00:00+00:00,-0.0938020239114664,-0.18435237215014574,0.09055034823867934,-0.027114259724008574
2024-06-16 00:00:00+00:00,-0.25875484717923086,-0.1142073967369217,-0.14454745044230916,-0.10476279723567414
2024-06-20 00:00:00+00:00,0.043633810398726144,-0.06117709666671372,0.10481090706543986,0.10975571285497782
2024-06-21 00:00:00+00:00,0.07398735606487825,-0.042763061717402455,0.11675041778228071,0.058799895895403076
2024-06-22 00:00:00+00:00,0.008897631231565908,-0.020864116900464996,0.029761748132030905,0.05768292730708473
2024-06-23 00:00:00+00:00,-0.10988204096490242,-0.005667924469726512,-0.10421411649517591,-0.10847094476783947
2024-06-27 00:00:00+00:00,-0.015211672509515784,-0.0624343475960875,0.047222675086571714,0.043460468484506465
2024-06-28 00:00:00+00:00,0.042730231464137465,0.0010394111610372908,0.04169082030310017,-0.010206835820775084
2024-06-29 00:00:00+00:00,-0.17409084197336636,0.03532881485940912,-0.20941965683277547,-0.10502458989347893
2024-06-30 00:00:00+00:00,-0.12447486514463907,-0.0780919106902557,-0.04638295445438337,-0.038088788886399064
2024-07-04 00:00:00+00:00,-0.18710558742878028,-0.12325867484068534,-0.06384691258809494,-0.06549894945711182
2024-07-05 00:00:00+00:00,-0.10380824900993428,-0.4621949553112094,0.3583867063012751,0.29955429013230406
2024-07-06 00:00:00+00:00,-0.1363495003996734,-0.24889982615379339,0.11255032575412,0.06767845514754141
2024-07-07 00:00:00+00:00,-0.1145860324300442,-0.29928414178874807,0.18469810935870387,0.1306847419175047
2024-07-11 00:00:00+00:00,-0.03413214810940163,-0.24181317407508754,0.2076810259656859,0.1433334598336281
2024-07-12 00:00:00+00:00,-0.08157851759911491,-0.08852511542296577,0.006946597823850861,-0.021929042651018513
2024-07-13 00:00:00+00:00,-0.13856103186742896,-0.03235226196873001,-0.10620876989869896,-0.04533926119415031
2024-07-14 00:00:00+00:00,-0.00215909101877047,-0.09891648893751794,0.09675739791874746,0.09736521075331483
2024-07-18 00:00:00+00:00,-0.16526090573460653,-0.1452869547577415,-0.019973950976865024,-0.11091334943471588
2024-07-19 00:00:00+00:00,-0.08539198498368936,-0.1481785569055199,0.06278657192183054,-0.008977217509637411
2024-07-20 00:00:00+00:00,-0.15373170433408084,0.023213041011967767,-0.17694474534604862,-0.07409550265880654
2024-07-21 00:00:00+00:00,-0.18938117943164742,-0.008119897478903147,-0.18126128195274427,-0.08435846132507613
2024-07-26 00:00:00+00:00,0.05974996546866263,-0.030383265903642074,0.09013323137230471,0.1473305094973687
2024-07-27 00:00:00+00:00,-0.0175051210948032,-0.0217471712233532,0.004242050128550001,0.023335957058929768
2024-07-28 00:00:00+00:00,-0.07719357414919051,-0.14777840567257974,0.07058483152338924,0.05913672737300465
2024-08-01 00:00:00+00:00,-0.08976277698919351,-0.2764720893793118,0.1867093123901183,0.1008134942152906
2024-08-02 00:00:00+00:00,-0.14489923661914247,-0.14696081023521,0.0020615736160675135,-0.012753164965842854
2024-08-03 00:00:00+00:00,-0.1714921644519313,-0.11741520376301566,-0.05407696068891564,0.011761137417844375
2024-08-04 00:00:00+00:00,-0.09722185927022932,-0.3342212578043114,0.23699939853408208,0.2786310511229133
2024-08-08 00:00:00+00:00,-0.23605322387884173,-0.25323725300601246,0.017184029127170736,0.023130992421912078
2024-08-09 00:00:00+00:00,-0.04400744987506036,-0.17967978321884195,0.1356723333437816,0.15596481296129386
2024-08-10 00:00:00+00:00,-0.13834663643861156,-0.22997743885963765,0.09163080242102609,0.06731768463380039
2024-08-11 00:00:00+00:00,-0.3953520437693222,-0.19575401439545118,-0.19959802937387103,-0.21608157162533825
2024-08-15 00:00:00+00:00,-0.11375860826629888,-0.1739194665776652,0.060160858311366305,0.0672073254534737
2024-08-16 00:00:00+00:00,0.10784997334151457,-0.06570185241424191,0.17355182575575648,0.12491227030535573
2024-08-17 00:00:00+00:00,-0.02409777808376535,-0.023701044951662257,-0.00039673313210309216,0.029459851029646128
2024-08-18 00:00:00+00:00,-0.30718299476773475,-0.06506438687023117,-0.24211860789750358,-0.17665380771497582
2024-08-23 00:00:00+00:00,-0.16316213449702477,-0.1969615687501034,0.03379943425307863,0.013114193973277538
2024-08-24 00:00:00+00:00,-0.26836262360854224,-0.043939071125565464,-0.22442355248297677,-0.09785211868453231
2024-08-25 00:00:00+00:00,-0.08121014359407108,-0.10141791634214176,0.020207772748070674,0.09140278314027399
2024-08-29 00:00:00+00:00,-0.0941134921383758,-0.05666722797166843,-0.03744626416670738,-0.057414588815110246
2024-08-30 00:00:00+00:00,0.015943494769433235,0.005852350961167273,0.010091143808265961,-0.004019408544482406
2024-08-31 00:00:00+00:00,-0.07600448001720829,-0.10001524584127851,0.024010765824070218,0.05822118865247045
2024-09-01 00:00:00+00:00,-0.31259891699330183,-0.3406097766160924,0.02801085962279054,-0.014604258237310375
2024-09-05 00:00:00+00:00,-0.2139300778775546,-0.17207764082552163,-0.04185243705203298,-0.0564104739197179
2024-09-06 00:00:00+00:00,-0.10970467151800534,-0.2206220227227171,0.11091735120471177,0.059867700176722424
2024-09-07 00:00:00+00:00,-0.1075048858686396,0.0198175409852415,-0.1273224268538811,-0.1757449848376993
2024-09-08 00:00:00+00:00,-0.16096682815513155,-0.025176298207492995,-0.13579052994763857,-0.10312745523628696
2024-09-12 00:00:00+00:00,-0.003488786565496461,0.05991444056517991,-0.06340322713067637,-0.13593899871772552
2024-09-13 00:00:00+00:00,-0.1074882254721661,-0.11067308799417065,0.0031848625220045473,-0.032329854771438814
2024-09-14 00:00:00+00:00,-0.034845244389005284,-0.135736645491931,0.10089140110292573,0.048548703646909004
2024-09-15 00:00:00+00:00,-0.02739564705981114,-0.008552487556914928,-0.018843159502896212,-0.10481324841852085
2024-09-20 00:00:00+00:00,-0.0790000729887913,-0.11876524440971363,0.03976517142092233,0.09003802780983511
2024-09-21 00:00:00+00:00,-0.19955663284717362,-0.05547550589588458,-0.14408112695128905,-0.11287586843475955
2024-09-22 00:00:00+00:00,-0.24686160303547042,0.03183781674186746,-0.27869941977733786,-0.32107855871100877
2024-09-26 00:00:00+00:00,-0.06551793561117143,-0.17837620057784517,0.11285826496667374,0.08867684000681338
2024-09-27 00:00:00+00:00,-0.04739676481685889,-0.10202480777861371,0.05462804296175482,0.1323832150275394
2024-09-28 00:00:00+00:00,-0.13649547141548554,-0.035868581007141125,-0.10062689040834441,-0.04366131271636445
2024-09-29 00:00:00+00:00,-0.17989254076893577,-0.04560959149776862,-0.13428294927116713,-0.044241702056797144
2024-10-03 00:00:00+00:00,0.013908698873077498,-0.09139816902380724,0.10530686789688473,0.0352355572833819
2024-10-04 00:00:00+00:00,0.08145844551152245,-0.0060238054188576,0.08748225093038005,0.1423660496463972
2024-10-05 00:00:00+00:00,-0.1669105213476813,-0.13551654139940486,-0.031393979948276446,-0.019512889874374724
2024-10-06 00:00:00+00:00,-0.120587642131488,-0.15587747255303797,0.03528983042154997,-0.014019748027985416
2024-10-11 00:00:00+00:00,-0.1167772196235178,-0.03608180071173834,-0.08069541891177945,-0.0751480099312831
2024-10-12 00:00:00+00:00,-0.232098277576997,-0.08738799727715599,-0.144710280299841,-0.05296116869033275
2024-10-13 00:00:00+00:00,-0.22984286931601572,-0.17440308885039005,-0.05543978046562567,0.006180374528728355
2024-10-17 00:00:00+00:00,0.1065841014302508,-0.09033323092955245,0.19691733235980324,0.18520453716993152
2024-10-18 00:00:00+00:00,-0.043733059335244885,-0.13661108820440768,0.0928780288691628,0.12307181518453966
2024-10-19 00:00:00+00:00,-0.10774066360820908,-0.06073499733905274,-0.04700566626915634,0.04433200787040015
2024-10-20 00:00:00+00:00,-0.17287167769623307,-0.04357431536133482,-0.12929736233489825,-0.0858532867489272
2024-10-24 00:00:00+00:00,-0.2977732270705881,-0.16367515132063248,-0.13409807574995564,-0.16775775314500274
2024-10-25 00:00:00+00:00,-0.21099177855083504,-0.3724790534861524,0.16148727493531737,0.07474219801349904
2024-10-26 00:00:00+00:00,-0.03266184626392875,-0.032467031552160144,-0.00019481471176860388,-0.077832884666196
2024-10-27 00:00:00+00:00,-0.06762629607602404,-0.10488976046437559,0.037263464388351555,0.056599606441047695
2024-10-31 00:00:00+00:00,-0.11983030835661512,-0.09278920094845682,-0.027041107408158307,-0.03835492822285319
2024-11-01 00:00:00+00:00,-0.1875776201282065,-0.2342715988379139,0.0466939787097074,-0.027663249641389005
2024-11-02 00:00:00+00:00,-0.16617980209120706,-0.05589320807021552,-0.11028659402099153,-0.10852953827086478
2024-11-03 00:00:00+00:00,-0.17977805483689982,0.00965058388132508,-0.1894286387182249,-0.16198863127734803
2024-11-07 00:00:00+00:00,-0.09332636866475955,-0.20228660492165845,0.1089602362568989,0.072362761883904
2024-11-08 00:00:00+00:00,-0.21185140398062183,-0.2083131582456089,-0.003538245735012935,-0.03646511523600054
2024-11-09 00:00:00+00:00,-0.2707882423169203,-0.19902463783672972,-0.07176360448019056,-0.05756376137070565
2024-11-10 00:00:00+00:00,-0.3659480436483174,-0.9495494368769585,0.583601393228641,0.5549975906806438
2024-11-14 00:00:00+00:00,-0.3384752483069806,-0.24751187901526997,-0.09096336929171064,-0.0340741429568206
2024-11-15 00:00:00+00:00,-0.33255213218415386,-0.14478878842739976,-0.1877633437567541,-0.1735965024916294
2024-11-16 00:00:00+00:00,-0.6412715092832497,-0.19496332055961463,-0.4463081887236351,-0.3754118278400347
2024-11-17 00:00:00+00:00,-0.4755717032309702,-0.2078699189994722,-0.26770178423149804,-0.17107358660242322
2024-11-21 00:00:00+00:00,-0.1930344434863519,-0.12036171692895675,-0.07267272655739515,-0.07696748692678813
2024-11-22 00:00:00+00:00,-0.18851605715708103,-0.020567605231462404,-0.16794845192561864,-0.23805852477538203
2024-11-23 00:00:00+00:00,-0.2429746511442806,-0.22649655943104802,-0.016478091713232584,-0.0316985085924639
2024-11-24 00:00:00+00:00,-0.06873989988570252,0.03257665463392568,-0.1013165545196282,-0.08244392992214443
2024-11-28 00:00:00+00:00,-0.009371003934453533,0.18913091451323927,-0.1985019184476928,-0.232428362092659
2024-11-29 00:00:00+00:00,-0.10397927936253112,-0.08456790710996426,-0.019411372252566866,-0.02184052262830292
2024-11-30 00:00:00+00:00,-0.3018503094222635,-0.18026059047878779,-0.1215897189434757,-0.09407553321520062
2024-12-01 00:00:00+00:00,-0.27731842394940937,-0.18035789113893255,-0.09696053281047681,-0.04713758922780471
2024-12-05 00:00:00+00:00,-0.18360176319217805,-0.38318607293960666,0.1995843097474286,0.09973717383060705
2024-12-06 00:00:00+00:00,0.02701077732495612,-0.02985636371254888,0.056867141037505,0.08349974330411969
2024-12-07 00:00:00+00:00,0.04324433230280642,-0.008628637064163891,0.05187296936697031,0.16926331708818115
2024-12-08 00:00:00+00:00,-0.009081373045594227,-0.09478952573325546,0.08570815268766123,0.13059770444196223
2024-12-12 00:00:00+00:00,-0.030730766510615768,-0.07595679644926402,0.04522602993864826,0.006113336244460421
2024-12-13 00:00:00+00:00,0.03164346979827956,0.08242586647914266,-0.050782396680863096,-0.05766469198813412
2024-12-14 00:00:00+00:00,-0.10709395835888051,-0.038788936957741355,-0.06830502140113916,0.016735089918714377
2024-12-15 00:00:00+00:00,-0.06888711537003181,-0.13265897225694945,0.06377185688691764,0.08791482737957206
2024-12-19 00:00:00+00:00,-0.26302272503913665,-0.08225377077716642,-0.18076895426197023,-0.22146518485820568
2024-12-20 00:00:00+00:00,-0.46841883449568444,-0.5317105321365878,0.06329169764090337,0.1262930696350741
2024-12-21 00:00:00+00:00,-0.2767761691489137,-0.22666953462118683,-0.050106634527726845,-0.14059512473277003
2024-12-22 00:00:00+00:00,-0.6032689999078142,0.1243167751548565,-0.7275857750626707,-0.6007787529202393
2024-12-26 00:00:00+00:00,0.10440969883392744,-0.06134339419609196,0.1657530930300194,0.23027984322919715
2024-12-27 00:00:00+00:00,0.23805301702974824,-0.0357660647639081,0.2738190817936563,0.25887784083232573
2024-12-28 00:00:00+00:00,0.02629524627979246,0.1925426889800873,-0.16624744270029485,-0.17168641065900606
2024-12-29 00:00:00+00:00,-0.03997902319530833,0.18617965171146758,-0.2261586749067759,-0.18653046507719462
2025-01-02 00:00:00+00:00,0.08092375924509516,0.0031503250129847676,0.0777734342321104,0.08028988096789692
2025-01-03 00:00:00+00:00,-0.047146418307841824,0.018227300398996008,-0.06537371870683784,-0.09230381235526114
2025-01-04 00:00:00+00:00,-0.21656143849930504,-0.027857724086502705,-0.18870371441280234,-0.06343916929757233
2025-01-05 00:00:00+00:00,-0.19939660718032848,-0.004840925603024243,-0.19455568157730424,-0.05800106273604193
2025-01-09 00:00:00+00:00,-0.04011408588982669,-0.27409716225779224,0.23398307636796556,0.2578426915469944
2025-01-10 00:00:00+00:00,0.03881746042302407,0.09882068658790269,-0.06000322616487862,-0.11830032224283907
2025-01-11 00:00:00+00:00,-0.053439718136136266,-0.2201317586297034,0.16669204049356715,0.20989424760196412
2025-01-12 00:00:00+00:00,-0.29914112396124165,-0.2605630957334142,-0.038578028227827466,-0.03019768092292173
2025-01-16 00:00:00+00:00,-0.4520535525831103,-0.1404727142310054,-0.3115808383521049,-0.1738782798164599
2025-01-17 00:00:00+00:00,-0.46052906681087696,-0.25928727768277615,-0.2012417891281008,-0.17570562609313262
2025-01-18 00:00:00+00:00,-0.2509900555934152,-0.4454217268611063,0.19443167126769112,0.1482870281279137
2025-01-19 00:00:00+00:00,-2.135420832140358,-0.22297438010758294,-1.9124464520327749,-1.7647547010119082
2025-01-23 00:00:00+00:00,-0.11401834183386526,-0.4421596443269368,0.3281413024930715,0.2548592808447162
2025-01-24 00:00:00+00:00,-0.08483433555270278,-0.034595210084117665,-0.05023912546858512,-0.10647455582306528
2025-01-25 00:00:00+00:00,-0.17920542835802786,-0.061767655778409106,-0.11743777257961875,0.019222301394567397
2025-01-26 00:00:00+00:00,-0.05306374396761622,-0.1251180216440859,0.07205427767646967,0.03745639489460838
2025-01-30 00:00:00+00:00,-0.22025599499856616,-0.07605871377114967,-0.14419728122741649,-0.034291792969696124
2025-01-31 00:00:00+00:00,-0.1685594298672298,-0.22046473802163224,0.051905308154402446,0.08381018522220997
2025-02-01 00:00:00+00:00,-0.19256455528229677,-0.053757287692245054,-0.13880726759005171,-0.08762452987739867
2025-02-02 00:00:00+00:00,-0.12880385529189112,-0.4784290999524248,0.3496252446605337,0.3198263077131088
2025-02-06 00:00:00+00:00,-0.1718626322806026,-0.16894479032680634,-0.0029178419537962685,-0.0715550496773963
2025-02-07 00:00:00+00:00,-0.0956005282923418,-0.15951621249290943,0.06391568420056763,-0.04385273310296577
2025-02-08 00:00:00+00:00,-0.15085275815993385,-0.14815975682854657,-0.002693001331387279,0.011944475950905628
2025-02-09 00:00:00+00:00,-0.7262694735234583,-0.17133436367109417,-0.554935109852364,-0.43866845374078545
2025-02-13 00:00:00+00:00,0.15379887961164732,0.004829868043337702,0.1489690115683096,0.22384283015160117
2025-02-14 00:00:00+00:00,-0.033706545713326305,-0.10422242385159047,0.07051587813826417,0.16343451067177733
2025-02-15 00:00:00+00:00,-0.1416396978352412,-0.07814425278230393,-0.06349544505293726,-0.03469797342661515
2025-02-16 00:00:00+00:00,-0.1296303177699758,-0.08281100120591639,-0.04681931656405941,-0.05351297291379259
2025-02-20 00:00:00+00:00,-0.39729525756822753,0.004829104919742485,-0.40212436248797,-0.3457088446222012
2025-02-21 00:00:00+00:00,-0.35542020294649745,-0.6766147689371778,0.3211945659906803,0.3609631436038274
2025-02-22 00:00:00+00:00,-0.09055596177115843,-0.29647744287146605,0.2059214811003076,0.19328849228197892
2025-02-23 00:00:00+00:00,-0.22429020173341727,-0.1125795506445667,-0.11171065108885056,-0.00044810321500460965
2025-02-27 00:00:00+00:00,-0.3636148226924085,-0.18895163425284264,-0.17466318843956588,-0.20356790974257802
2025-02-28 00:00:00+00:00,0.11441493598275061,-0.3669431945592546,0.4813581305420052,0.5150547282683499
2025-03-01 00:00:00+00:00,-0.24960764815522224,-1.0237126464056616,0.7741049982504393,0.6931243989505872
2025-03-02 00:00:00+00:00,-0.5770103906735854,-0.2597958512155383,-0.3172145394580471,-0.28228359204384373
2025-03-06 00:00:00+00:00,-0.19148962264298858,-0.3541288597072997,0.1626392370643111,0.14662820307168659
2025-03-07 00:00:00+00:00,-0.03788815484312592,-0.1781644235315507,0.1402762686884248,0.19680564558205652
2025-03-08 00:00:00+00:00,-0.2029705403896684,-0.2826897778918925,0.07971923750222407,0.14538529742513248
2025-03-09 00:00:00+00:00,-0.06694617824469874,-0.23749111934246547,0.17054494109776674,0.1815778068839468
2025-03-13 00:00:00+00:00,0.06323022724471265,0.17985554849032753,-0.11662532124561488,-0.21005559488144018
2025-03-14 00:00:00+00:00,0.26918019975245244,0.057503646148756936,0.2116765536036955,0.2555440748730804
2025-03-15 00:00:00+00:00,-0.03325200876081284,0.027538094550129778,-0.06079010331094262,-0.0722106112407872
2025-03-16 00:00:00+00:00,-0.12828469503492534,0.02772183630921988,-0.15600653134414522,-0.10754743534106861
2025-03-20 00:00:00+00:00,0.03038004271570888,0.05938591390859791,-0.02900587119288903,0.014839454154345455
2025-03-21 00:00:00+00:00,0.022748509670314106,0.08483987537868731,-0.0620913657083732,-0.13431734398930328
2025-03-22 00:00:00+00:00,-0.16487469365383534,-0.07824758731112413,-0.0866271063427112,-0.10277984113862004
2025-03-23 00:00:00+00:00,-0.17520798488980524,0.005488967449183923,-0.18069695233898916,-0.182966632556987
2025-03-27 00:00:00+00:00,-0.15203497103903463,-0.23115981511291175,0.07912484407387713,-0.030571011736418324
2025-03-28 00:00:00+00:00,-0.11252784531262301,-0.1082513315778566,-0.00427651373476641,0.06980507992158808
2025-03-29 00:00:00+00:00,-0.1930000100416362,-0.2292841172549257,0.03628410721328951,-0.016580001653723697
2025-03-30 00:00:00+00:00,-0.036581267915094806,-0.11823299478293994,0.08165172686784514,0.0681466913932015
2025-04-03 00:00:00+00:00,-0.07862513611765272,0.025225032644604888,-0.10385016876225761,-0.15983434390015572
2025-04-04 00:00:00+00:00,0.1434702070875633,-0.22490706237087008,0.3683772694584334,0.30570601170854605
2025-04-05 00:00:00+00:00,0.08065707676152387,-0.07702291225677399,0.15767998901829786,0.2894390858114698
2025-04-06 00:00:00+00:00,-0.02995724486267164,-0.19325197980045294,0.1632947349377813,0.18300389568996367
2025-04-10 00:00:00+00:00,-0.16176252909184788,-0.15642452156662817,-0.005338007525219707,0.06391799616836785
2025-04-11 00:00:00+00:00,-0.07258538637794532,0.007501651757217218,-0.08008703813516253,-0.12520511979250695
2025-04-12 00:00:00+00:00,-0.1304599098282261,-0.07205181233548541,-0.0584080974927407,-0.14427440912934136
2025-04-13 00:00:00+00:00,-0.3146755973752968,-0.017505682401159735,-0.2971699149741371,-0.30933131493505306
2025-04-17 00:00:00+00:00,0.12408581663714781,-0.004283333784784819,0.12836915042193262,0.10260682341682295
2025-04-18 00:00:00+00:00,-0.017811889521795566,0.15291310772808056,-0.17072499724987614,-0.24082323267047903
2025-04-19 00:00:00+00:00,-0.23297106489038055,-0.09499277730750445,-0.1379782875828761,-0.04169733028999075
2025-04-20 00:00:00+00:00,-0.1641719727636039,-0.11915554716431069,-0.04501642559929321,0.03419007454654368
2025-04-24 00:00:00+00:00,-0.11952477781095242,-0.05028811943900975,-0.06923665837194266,-0.08879082583368379
2025-04-25 00:00:00+00:00,-0.0784130941609487,-0.1579149735752735,0.07950187941432481,0.1634229678886921
2025-04-26 00:00:00+00:00,-0.2135366078514007,-0.0036485542676150916,-0.2098880535837856,-0.09506829633969127
2025-04-27 00:00:00+00:00,-0.20306180399549406,0.04831392832067052,-0.25137573231616456,-0.25789244196013317
2025-05-01 00:00:00+00:00,-0.04023455714137094,-0.08704322365126148,0.04680866650989054,0.1158035740136503
2025-05-02 00:00:00+00:00,-0.08945550604900282,0.095802370585339,-0.18525787663434182,-0.1582686531241072
2025-05-03 00:00:00+00:00,-0.1967052305632752,-0.09286747439483431,-0.1038377561684409,-0.05754628290586722
2025-05-04 00:00:00+00:00,-0.20453234735241407,-0.10239688873146698,-0.1021354586209471,-0.015316665158780501
2025-05-08 00:00:00+00:00,-0.17193820595026416,-0.07095992354733792,-0.10097828240292624,-0.08089431935475003
2025-05-09 00:00:00+00:00,-0.10762178076228726,-0.38688378253379513,0.27926200177150784,0.31377281123810113
2025-05-10 00:00:00+00:00,-0.3273050765229664,-0.13652624483347434,-0.19077883168949208,-0.16267810834463667
2025-05-11 00:00:00+00:00,-0.3981638516853578,-0.18444316255721466,-0.21372068912814313,-0.24164319316789784
2025-05-15 00:00:00+00:00,-0.21189895456788882,-0.3392735787722969,0.1273746242044081,0.16562713881125668
2025-05-16 00:00:00+00:00,-0.15853847158764212,-0.2118225348385645,0.05328406325092239,-0.005302880997384199
2025-05-17 00:00:00+00:00,-0.1261847348551345,-0.4538122380390398,0.3276275031839053,0.23093834391152557
2025-05-18 00:00:00+00:00,-0.6724609806306128,-0.5174063264930953,-0.1550546541375175,-0.14840120755953223
2025-05-22 00:00:00+00:00,-0.2191634939694198,-0.019431737901596687,-0.19973175606782312,-0.19904537801551508
2025-05-23 00:00:00+00:00,-0.06720005717174812,-0.2453583559734509,0.17815829880170278,0.12065480883106004
2025-05-24 00:00:00+00:00,-0.06887768360012252,0.03126359537172293,-0.10014127897184544,-0.026985608307649733
2025-05-25 00:00:00+00:00,-0.10763820919070241,-0.01311378129799632,-0.0945244278927061,-0.10421430847485506
2025-05-29 00:00:00+00:00,-0.047307185512687755,-0.2787302439164908,0.23142305840380306,0.12858102470814367
2025-05-30 00:00:00+00:00,-0.2289644148679878,-0.2071575605347836,-0.0218068543332042,-0.023553273708762493
2025-05-31 00:00:00+00:00,-0.25249078797471936,-0.07127211951079399,-0.18121866846392537,-0.09723677463117186
2025-06-01 00:00:00+00:00,-0.13265898364279577,0.06499754101195622,-0.19765652465475197,-0.15085506923896724
2025-06-05 00:00:00+00:00,-0.1380934907342875,-0.2186724490350676,0.0805789583007801,0.04539435695320255
2025-06-06 00:00:00+00:00,0.006208201771907775,-0.011900115246021253,0.01810831701792903,0.03477339726460031
2025-06-07 00:00:00+00:00,-0.08276601601364662,-0.24984614844698858,0.16708013243334197,0.14615940064196903
2025-06-08 00:00:00+00:00,-0.009581540306050533,-0.28927612545208403,0.2796945851460335,0.26088640353526504
2025-06-12 00:00:00+00:00,-0.08420048705182506,-0.010931368977235,-0.07326911807459006,-0.142791655047274
2025-06-13 00:00:00+00:00,0.1601971969431298,-0.31604493677293943,0.47624213371606927,0.44449726382422344
2025-06-14 00:00:00+00:00,-0.012368482455304938,0.1717518158763196,-0.18412029833162455,-0.2342278003435151
2025-06-15 00:00:00+00:00,-0.04494544816368015,0.07537524484446927,-0.12032069300814942,-0.15595673685414324
2025-06-19 00:00:00+00:00,-0.06563844565005976,0.13295499994013885,-0.1985934455901986,-0.26814390031371055
2025-06-20 00:00:00+00:00,-0.12669666329741572,-0.13431611810604405,0.007619454808628329,-0.025145046436026622
2025-06-21 00:00:00+00:00,-0.8195595168290436,-0.429752541588075,-0.3898069752409686,-0.4403672284159767
2025-06-22 00:00:00+00:00,-0.3030057301409087,-0.1343013563744663,-0.1687043737664424,-0.11578469797520427
2025-06-26 00:00:00+00:00,0.19075128607541486,-0.2576614622548804,0.44841274833029526,0.4173381236752116
2025-06-27 00:00:00+00:00,0.10118573337171835,0.1063732195234392,-0.005187486151720849,-0.05394092476652296
2025-06-28 00:00:00+00:00,0.01745427675906639,0.008415584327145228,0.009038692431921163,0.046605759516988976
2025-06-29 00:00:00+00:00,-0.1808655673886166,-0.05034554611628882,-0.13052002127232776,-0.07987436658635333
2025-07-03 00:00:00+00:00,-0.006416361405923479,-0.06941054337913276,0.06299418197320927,-0.011907166880100989
2025-07-04 00:00:00+00:00,-0.09196747172737732,-0.08484943561156445,-0.0071180361158128674,0.011531156303845613
2025-07-05 00:00:00+00:00,-0.10666434402209556,0.02668272769175864,-0.13334707171385418,-0.05010909516749686
2025-07-06 00:00:00+00:00,-0.13448247769268895,-0.05481510293037881,-0.07966737476231014,-0.06908897167820369
2025-07-10 00:00:00+00:00,-0.17515741295470164,-0.1579056485634095,-0.01725176439129214,-0.013001280057695262
2025-07-11 00:00:00+00:00,0.020167976624718035,0.032119097849155454,-0.011951121224437419,-0.055617718072447864
2025-07-12 00:00:00+00:00,-0.008117993549511327,-0.06597330187928002,0.05785530832976869,0.11256118103607048
2025-07-13 00:00:00+00:00,-0.10467793007613738,-0.10270252526050164,-0.0019754048156357396,0.02042730299654784
2025-07-17 00:00:00+00:00,-0.17737632045927884,-0.4791605964158951,0.3017842759566163,0.23927978651570747
2025-07-18 00:00:00+00:00,-0.1846706625998064,-0.10449647630700895,-0.08017418629279746,-0.0837608364664481
2025-07-19 00:00:00+00:00,-0.17715615077431635,-0.4313584289573692,0.25420227818305285,0.18022476280211647
2025-07-20 00:00:00+00:00,-0.1125841041394831,-0.08863087539179158,-0.023953228747691513,-0.11772850080790682
2025-07-24 00:00:00+00:00,-0.34307831370150227,-0.7458430470443675,0.4027647333428653,0.3774387507364416
2025-07-25 00:00:00+00:00,-0.06744105128899594,-0.4331480617453632,0.3657070104563672,0.26882892940273373
2025-07-26 00:00:00+00:00,-0.1599459919149852,-0.06727165171857169,-0.09267434019641352,-0.1332439152226208
2025-07-27 00:00:00+00:00,-0.11733165836337062,0.019938413590275855,-0.13727007195364646,-0.16526965833370544
2025-07-31 00:00:00+00:00,-0.12374598140878362,-0.1380651178376847,0.014319136428901064,-0.06884212947305676
2025-08-01 00:00:00+00:00,-0.2373438289326792,-0.19523082475214518,-0.042113004180534014,-0.04460883103649764
2025-08-02 00:00:00+00:00,-0.24924057229338778,-0.024602054285289637,-0.22463851800809814,-0.16410320985272897
2025-08-03 00:00:00+00:00,0.03520632126138322,0.02325090248439853,0.01195541877698469,0.0021653703390432932
2025-08-07 00:00:00+00:00,-0.10389309502420174,-0.10237248948218798,-0.0015206055420137615,-0.037144474086444515
2025-08-08 00:00:00+00:00,-0.13865703661404638,-0.19396316798844565,0.05530613137439927,0.01734159851659925
2025-08-09 00:00:00+00:00,-0.10719258284299388,-0.05595193791188842,-0.05124064493110546,-0.0814676994984342
2025-08-10 00:00:00+00:00,-0.13287079211652433,-0.0286518829916165,-0.10421890912490783,-0.03419530483356486
2025-08-14 00:00:00+00:00,-0.33997582300413987,-0.3038365170464191,-0.036139305957720746,-0.033754394612632105
2025-08-15 00:00:00+00:00,-0.18466589148982432,-0.1510929414930538,-0.03357294999677052,-0.12675488817830294
2025-08-16 00:00:00+00:00,-0.042788724163787165,-0.10464418995845336,0.06185546579466619,0.1363406295011536
2025-08-17 00:00:00+00:00,-0.25676801471195604,-0.07123043994641,-0.18553757476554605,-0.12471863842906747
2025-08-21 00:00:00+00:00,-0.28551294589048093,-0.24592157122497454,-0.039591374665506385,-0.15992095241053836
2025-08-22 00:00:00+00:00,-0.30353368657153057,-0.2930906165978376,-0.010443069973692987,-0.0228702498606341
2025-08-23 00:00:00+00:00,-0.1001067395561783,-0.14337877346743388,0.043272033911255586,0.08153356735538789
2025-08-24 00:00:00+00:00,-0.7023133826152427,-0.1523503525984383,-0.5499630300168044,-0.3894781105197218
2025-08-28 00:00:00+00:00,-0.07861216475611332,-0.08463298371952262,0.006020818963409294,-0.01246001230240873
2025-08-29 00:00:00+00:00,-0.10652906499699294,-0.2035371149646676,0.09700804996767465,0.13066471423604167
2025-08-30 00:00:00+00:00,-0.21981004720527206,-0.012234696233934217,-0.20757535097133784,-0.23912563048998708
2025-08-31 00:00:00+00:00,-0.45234917024588206,-0.07350855606921282,-0.37884061417666925,-0.2419892191284691
2025-09-04 00:00:00+00:00,-0.019182233137211242,-0.07278371025053947,0.05360147711332822,0.04005455555820491
2025-09-05 00:00:00+00:00,0.07657845464490051,0.2675364677238929,-0.19095801307899238,-0.24897378912160723
2025-09-06 00:00:00+00:00,0.04159880597031507,0.0914475677859885,-0.04984876181567344,-0.019580433904685085
2025-09-07 00:00:00+00:00,0.10011966600335342,0.10550086971522142,-0.005381203711867996,0.048504195052698706
2025-09-11 00:00:00+00:00,-0.09530052643089885,-0.09960480069697202,0.00430427426607316,-0.03186200982967067
2025-09-12 00:00:00+00:00,-0.07666715542207908,-0.04888978331353506,-0.027777372108544023,-0.04132105626850706
2025-09-13 00:00:00+00:00,-0.155101816582318,0.03333731430227001,-0.18843913088458802,-0.12641469370611355
2025-09-14 00:00:00+00:00,-0.20779551275948596,0.009633655696189356,-0.2174291684556753,-0.08012561527243463
2025-09-18 00:00:00+00:00,0.06339821845483051,0.13343456143405247,-0.07003634297922195,-0.12032668901015012
2025-09-19 00:00:00+00:00,0.034499830979254145,-0.05823916868231277,0.09273899966156691,0.15277723204376734
2025-09-20 00:00:00+00:00,-0.02330656457147481,-0.020868360334264046,-0.0024382042372107643,0.0966565304777367
2025-09-21 00:00:00+00:00,-0.14109515483422766,-0.06601363182418518,-0.07508152301004248,0.007492172774215396
2025-09-25 00:00:00+00:00,-0.08447621593983609,-0.296583995569419,0.2121077796295829,0.23427005154937905
2025-09-26 00:00:00+00:00,-0.07846814916840511,-0.09531189201239175,0.01684374284398664,0.032164187615987876
2025-09-27 00:00:00+00:00,-0.04574330092396508,0.010231859934922642,-0.05597516085888772,0.06793480876429488
2025-09-28 00:00:00+00:00,-0.0985306601371828,-0.006290917688524993,-0.0922397424486578,-0.04486720015773411
2025-10-02 00:00:00+00:00,-0.11535292204810564,-0.19155852358879635,0.07620560154069071,0.11428201742521522
2025-10-03 00:00:00+00:00,-0.1957645598746962,-0.10724561007050505,-0.08851894980419116,-0.09784384384191921
2025-10-04 00:00:00+00:00,-0.3170666483864386,-0.10223484498994735,-0.21483180339649127,-0.18153943300639572
2025-10-05 00:00:00+00:00,-0.4889685563474947,-0.07418855902081514,-0.4147799973266796,-0.26464911397311397
2025-10-09 00:00:00+00:00,-0.1214405577943475,-0.1542970464672374,0.032856488672889914,0.025413759559690177
2025-10-10 00:00:00+00:00,-0.14619497677852866,-0.17955033425050507,0.033355357471976405,0.006250242334810016
2025-10-11 00:00:00+00:00,-0.37262141727434883,-0.2895837287070772,-0.08303768856727162,-0.043396829275593574
2025-10-12 00:00:00+00:00,-0.1706918674113235,-0.2752864144463706,0.10459454703504709,-0.0006694044646556457
2025-10-16 00:00:00+00:00,-0.11777266072531858,-0.2727338317003756,0.154961170975057,0.1236555823244318
2025-10-17 00:00:00+00:00,0.14780520147624138,-0.24441664752486808,0.39222184900110946,0.3187207986386988
2025-10-18 00:00:00+00:00,0.026574456485286516,-0.07515960143689245,0.10173405792217896,0.07872235960291793
2025-10-19 00:00:00+00:00,-0.12036580450290407,-0.11267894431336188,-0.007686860189542191,-0.025437910532265066
2025-10-23 00:00:00+00:00,0.1817250288126773,0.06329857304067532,0.11842645577200198,0.13926157701122718
2025-10-24 00:00:00+00:00,0.09280692450245903,0.1249042493717228,-0.03209732486926377,-0.0641836731980418
2025-10-25 00:00:00+00:00,-0.08466054026807904,-0.1799832005605284,0.09532266029244937,0.14971822657776543
2025-10-26 00:00:00+00:00,-0.10296245911767457,-0.17634124582909005,0.07337878671141548,0.04634185480288399
2025-10-30 00:00:00+00:00,0.08995688170897767,-0.06788317991223164,0.1578400616212093,0.22217308775518588
2025-10-31 00:00:00+00:00,-0.05569964360431344,-0.09392534523880332,0.03822570163448988,0.07668173784078505
2025-11-01 00:00:00+00:00,-0.007417878507176792,-0.0933509074759507,0.08593302896877392,0.14827779393046578
2025-11-02 00:00:00+00:00,-0.10727688155588873,-0.0907360451204205,-0.016540836435468234,0.07527180668858893
2025-11-06 00:00:00+00:00,-0.21110260393413346,-0.21149462087121818,0.0003920169370847104,0.024009075742957832
2025-11-07 00:00:00+00:00,-0.2784912018324285,-0.4507372605446957,0.17224605871226722,0.1594432194157765
2025-11-08 00:00:00+00:00,-0.3405539745445556,-0.3128720203186053,-0.027681954225950323,0.01585768774336324
2025-11-09 00:00:00+00:00,-0.16711173365216464,-0.2026298207101083,0.035518087057943654,-0.013168979323472572
2025-11-13 00:00:00+00:00,-0.21386820919136218,-0.3328600464328546,0.11899183724149243,0.10137572322375413
2025-11-14 00:00:00+00:00,-0.10200529006757424,-0.5492652363462966,0.4472599462787224,0.4110410696962026
2025-11-15 00:00:00+00:00,0.07122058844704161,-0.22148087487994988,0.2927014633269915,0.26927965154899547
2025-11-16 00:00:00+00:00,-0.354033243920048,-0.2900148248845833,-0.06401841903546468,0.016080324783138616
2025-11-20 00:00:00+00:00,-0.0639341882894963,-0.04088145805258598,-0.023052730236910325,-0.051969596900573345
2025-11-21 00:00:00+00:00,-0.10976798654073934,-0.3904284741312276,0.2806604875904883,0.2520242125525691
2025-11-22 00:00:00+00:00,-0.09547400144414367,-0.04202456269895882,-0.053449438745184846,0.03217255973749124
2025-11-23 00:00:00+00:00,-0.47676801744651126,-0.021980124751644636,-0.45478789269486664,-0.31152498594893696
2025-11-27 00:00:00+00:00,0.039112361958657006,0.07354370211842777,-0.034431340159770764,-0.04811064443849955
2025-11-28 00:00:00+00:00,-0.1646797104061761,-0.18434348148880947,0.01966377108263337,-0.03560759079066232
2025-11-29 00:00:00+00:00,-0.13015595597089902,-0.20140406091916876,0.07124810494826975,0.11286027949753633
2025-11-30 00:00:00+00:00,-0.17302945683701124,-0.2805560946940428,0.10752663785703157,0.10682541958274597
2025-12-04 00:00:00+00:00,-0.157612337626875,-0.12653582924620818,-0.031076508380666806,-0.16643039943951313
2025-12-05 00:00:00+00:00,-0.15798299299406,-0.2214065529557704,0.06342355996171042,0.05024210926200986
2025-12-06 00:00:00+00:00,-0.07223336602564483,-0.15154733173782325,0.07931396571217843,0.100849075288827
2025-12-07 00:00:00+00:00,-0.5168473086190245,-0.1252918935722759,-0.3915554150467486,-0.32870366016486224
2025-12-11 00:00:00+00:00,-0.10068525586542718,-0.1394886516794631,0.03880339581403591,-0.03249284228301288
2025-12-12 00:00:00+00:00,0.009796336272384196,-0.08611095454651728,0.09590729081890148,0.1583431909361835
2025-12-13 00:00:00+00:00,-0.049543539736372454,-0.06728738546211092,0.01774384572573847,0.05005852024179343
2025-12-14 00:00:00+00:00,-0.13396189362631636,-0.17176492155573658,0.037803027929420224,0.13959555997074782
2025-12-18 00:00:00+00:00,-0.2074006234865345,-0.4220467207690438,0.2146460972825093,0.15480488819176025
2025-12-19 00:00:00+00:00,0.001814439761908832,-0.1366081173777007,0.13842255713960955,0.21690021537709003
2025-12-20 00:00:00+00:00,0.06546130930630442,0.0774620246199754,-0.012000715313670973,-0.044282523512567146
2025-12-21 00:00:00+00:00,-0.1367825713181759,0.11200713814095901,-0.24878970945913492,-0.2057986630838433
2025-12-25 00:00:00+00:00,0.019718230638266356,-0.020208763562264382,0.03992699420053074,0.034261621274088785
2025-12-26 00:00:00+00:00,-0.0061330563958647555,0.03815394904262205,-0.04428700543848681,-0.054652889888912606
2025-12-27 00:00:00+00:00,-0.0057006179582686665,0.0020709478881715815,-0.007771565846440248,0.016755267025881468
2025-12-28 00:00:00+00:00,-0.042456196272941726,0.019192020814163758,-0.06164821708710548,-0.027217046736631514
2026-01-01 00:00:00+00:00,-0.05244997162179781,0.11788575271495814,-0.17033572433675595,-0.1792008131157318
2026-01-02 00:00:00+00:00,-0.1092573045494266,-0.040718548776441404,-0.0685387557729852,-0.09246896734237578
2026-01-03 00:00:00+00:00,-0.08339838757184156,-0.05827889876020875,-0.025119488811632812,0.01306925554930044
2026-01-04 00:00:00+00:00,-0.09442329736770855,-0.03429095980324852,-0.06013233756446003,-0.0034781542542733773
2026-01-08 00:00:00+00:00,-0.020189056467782806,-0.18247506844829006,0.16228601198050727,0.16666130521657205
2026-01-09 00:00:00+00:00,0.03894488641119927,-0.055766655446737326,0.0947115418579366,0.0664505451767337
2026-01-10 00:00:00+00:00,-0.040050267105873984,-0.060202528093729425,0.02015226098785544,0.07677092030198449
2026-01-11 00:00:00+00:00,-0.09392402599558287,-0.09258339245860657,-0.0013406335369763045,0.016024375238174952
2026-01-15 00:00:00+00:00,-0.015274673175060503,-0.17638592168484105,0.16111124850978054,0.15213718752850947
2026-01-16 00:00:00+00:00,-0.11379614351270387,-0.02585002010776217,-0.0879461234049417,-0.07582950089484528
2026-01-17 00:00:00+00:00,-0.16917880208444255,-0.031495502474843506,-0.13768329960959905,-0.01310429569693345
2026-01-18 00:00:00+00:00,-0.18385791517729577,-0.03615467879784293,-0.14770323637945285,-0.08340871294463248
2026-01-22 00:00:00+00:00,-0.14552725939859107,-0.13647612934497885,-0.009051130053612216,-0.04766163247404865
2026-01-23 00:00:00+00:00,-0.20727824795708488,-0.175091313443347,-0.032186934513737886,-0.04773719353687725
2026-01-24 00:00:00+00:00,-0.16422563596185377,-0.18654824435324666,0.022322608391392884,0.06023176624278062
2026-01-25 00:00:00+00:00,-0.09028822157575331,-0.152942258387016,0.06265403681126269,0.02875351612980257
2026-01-29 00:00:00+00:00,-0.10777299023690658,-0.08789174584020003,-0.01988124439670655,-0.06083793254591232
2026-01-30 00:00:00+00:00,-0.3748257026744283,-0.38174898866838236,0.006923285993954087,0.01234734352270081
2026-01-31 00:00:00+00:00,-0.10055847003970463,-0.09871203140153868,-0.0018464386381659426,0.04124003463156005
2026-02-01 00:00:00+00:00,-0.07463233385237958,-0.43102128222157815,0.35638894836919854,0.3270509070946488
2026-02-05 00:00:00+00:00,-0.5883806610405956,-0.3297223054698454,-0.25865835557075023,-0.11692593242813379
2026-02-06 00:00:00+00:00,-0.0956207429319218,-0.2572560079088568,0.16163526497693498,0.15139571001012728
2026-02-07 00:00:00+00:00,-0.5312141297763715,-0.13645172077670883,-0.39476240899966264,-0.3231276777750215
2026-02-08 00:00:00+00:00,-0.06748731459715226,-0.05853175819676179,-0.008955556400390474,0.04506423212079785
2026-02-11 00:00:00+00:00,-0.10072245230439769,-0.31140538657613376,0.21068293427173607,0.15823472819990367
2026-02-12 00:00:00+00:00,-0.2592173945970985,-0.06832440997880665,-0.19089298461829188,-0.21706912145000395
2026-02-13 00:00:00+00:00,-0.1682006710759486,-0.022892927650499443,-0.14530774342544917,-0.12041478129131067
2026-02-14 00:00:00+00:00,-0.30344863661952903,-0.1701556136488534,-0.13329302297067563,-0.07892761024004213
2026-02-15 00:00:00+00:00,-0.14259976593085788,-0.14950856590165312,0.006908799970795243,-0.016431348646099568
2026-02-19 00:00:00+00:00,-0.007123466693742474,-0.15641453509652128,0.1492910684027788,0.0881983733108696
2026-02-20 00:00:00+00:00,0.05184983455990613,-0.08918289691389163,0.14103273147379775,0.13472260427404908
2026-02-21 00:00:00+00:00,-0.08189382179957568,-0.18872253189333985,0.10682871009376417,0.18436172504130394
2026-02-22 00:00:00+00:00,-0.013551415089436069,-0.20620565256165027,0.1926542374722142,0.1646557904871423
2026-02-26 00:00:00+00:00,-0.43214884061896996,-0.05542727925778297,-0.376721561361187,-0.40584307407523
2026-02-27 00:00:00+00:00,-0.5027126933604201,-0.1136969411326422,-0.38901575222777796,-0.31028064112482057
2026-02-28 00:00:00+00:00,-0.5892696675649671,-0.157343355540602,-0.43192631202436516,-0.33219580666609494
2026-03-01 00:00:00+00:00,-0.5056022474541894,-0.36739879384211177,-0.1382034536120776,-0.18821725645886847
2026-03-05 00:00:00+00:00,-0.041635531873892156,-0.1621006913677567,0.12046515949386455,0.030609477994699666
2026-03-06 00:00:00+00:00,-0.030843819002445937,-0.03571907799263892,0.00487525899019298,-0.018152616091536983
2026-03-07 00:00:00+00:00,-0.03287736153480248,-0.05381630259006472,0.020938941055262242,-0.01880618112810209
2026-03-08 00:00:00+00:00,-0.33620494752629404,-0.009499903774876185,-0.32670504375141785,-0.2701328586092544
2026-03-12 00:00:00+00:00,-0.07842025106036811,-0.13923525254740393,0.06081500148703582,0.04933789230750524
2026-03-13 00:00:00+00:00,-0.18950826316427963,-0.2129175053412981,0.02340924217701848,-0.0492549866541111
2026-03-14 00:00:00+00:00,-0.03227887864231225,-0.07683695728692426,0.04455807864461201,-0.009367338222208824
2026-03-15 00:00:00+00:00,-0.11539757247195863,-0.07560507411665932,-0.03979249835529931,-0.09861488281489202
2026-03-19 00:00:00+00:00,0.013377092953575849,-0.06331265188194236,0.07668974483551821,0.0704847622368856
2026-03-20 00:00:00+00:00,-0.1075383450635595,0.14026932240485054,-0.24780766746841004,-0.22577011622895138
2026-03-21 00:00:00+00:00,-0.1693864871780743,-0.12056139851177364,-0.04882508866630067,-0.049249587992511515
2026-03-22 00:00:00+00:00,0.11622422407918029,-0.10081810539361508,0.21704232947279536,0.21152975614399738
2026-03-26 00:00:00+00:00,-0.040761078383019664,-0.030155015511022575,-0.010606062871997089,-0.007465180846187476
2026-03-27 00:00:00+00:00,-0.14927471190210787,-0.036045582973385185,-0.11322912892872268,-0.07840032935941364
2026-03-28 00:00:00+00:00,-0.04816264573559446,0.020700292737425473,-0.06886293847301993,-0.14661076032635875
2026-03-29 00:00:00+00:00,-0.24964402206415007,-0.00010789439130018666,-0.24953612767284988,-0.24782195114460853
2026-04-02 00:00:00+00:00,0.12436791517380398,-0.09108347513795655,0.21545139031176053,0.2554439695969941
2026-04-03 00:00:00+00:00,-0.08622856269475396,0.16014229248880715,-0.2463708551835611,-0.2053820250730743
2026-04-04 00:00:00+00:00,-0.12595363034401696,0.006243653498439187,-0.13219728384245616,-0.033701224872408495
2026-04-05 00:00:00+00:00,-0.18821419214165894,-0.045084718747165554,-0.1431294733944934,-0.08036518958113893
2026-04-09 00:00:00+00:00,-0.12154728105460376,-0.23869654404283028,0.11714926298822652,0.031418551381562576
2026-04-10 00:00:00+00:00,-0.01819623098938852,-0.027149261995049488,0.008953031005660968,-0.006808142906865551
2026-04-11 00:00:00+00:00,-0.3445580197674603,-0.06521700018958812,-0.27934101957787216,-0.227594081664808
2026-04-12 00:00:00+00:00,-0.034075052325158575,0.005427175923109825,-0.0395022282482684,-0.0741090781708183
2026-04-16 00:00:00+00:00,-0.06499273243985731,-0.034214033983880975,-0.03077869845597634,-0.07876353025503686
2026-04-17 00:00:00+00:00,-0.21768151690710583,-0.04939919379192228,-0.16828232311518354,-0.06495087786469564
2026-04-18 00:00:00+00:00,-0.0398416713080102,-0.010395901768213306,-0.029445769539796898,-0.1130183093563636
2026-04-19 00:00:00+00:00,-0.08864329715375965,0.01947047256302877,-0.10811376971678842,-0.14205529153258054
2026-04-23 00:00:00+00:00,0.0433114014693272,0.010728749922636312,0.03258265154669089,0.01729651134587308
2026-04-24 00:00:00+00:00,0.05568359101771156,0.09337757735920589,-0.03769398634149433,0.017272333323185868
2026-04-25 00:00:00+00:00,-0.023578017516152745,0.004909623433936549,-0.028487640950089294,-0.020633847816984546
2026-04-26 00:00:00+00:00,-0.2120130980259535,-0.015680223218118457,-0.19633287480783504,-0.15935345087896358
2026-04-30 00:00:00+00:00,0.04794751896073176,-0.03577747537005513,0.0837249943307869,0.0332970769919871
2026-05-01 00:00:00+00:00,-0.03510118108307999,-0.10446288023334796,0.06936169915026796,0.03666231421235399
2026-05-02 00:00:00+00:00,-0.17612591399675695,-0.13014775898182956,-0.045978155014927385,-0.02685700864483432
2026-05-03 00:00:00+00:00,-0.369449513107674,-0.1445004653626719,-0.2249490477450021,-0.19083659496090502
2026-05-07 00:00:00+00:00,-0.005159474888801273,-0.05928169982641058,0.054122224937609306,0.07271849998172637
2026-05-08 00:00:00+00:00,-0.05147776880891061,-0.045271040194536365,-0.0062067286143742476,-0.052060489569539556
2026-05-09 00:00:00+00:00,-0.09842478470442466,-0.11067296510709218,0.012248180402667522,-0.05168108211403831
2026-05-10 00:00:00+00:00,-0.2740052783722144,-0.08419293300286612,-0.18981234536934827,-0.10174886541818834
2026-05-14 00:00:00+00:00,-0.08269808021049346,-0.16768029982413427,0.0849822196136408,0.0072226722569946195
2026-05-15 00:00:00+00:00,-0.0903246307447101,-0.0865488712992476,-0.0037757594454625037,0.005137260664538076
2026-05-16 00:00:00+00:00,-0.12965699486317864,-0.0677416488470782,-0.06191534601610044,-0.03405973123837513
2026-05-17 00:00:00+00:00,-0.09805271857014587,-0.11292378780771252,0.014871069237566648,0.022568462043811435
2026-05-21 00:00:00+00:00,-0.1727626406720721,-0.09349731226358758,-0.0792653284084845,-0.1106157208565132
2026-05-22 00:00:00+00:00,-0.4632171076767611,-0.16894158312515362,-0.2942755245516075,-0.23910899141992176
2026-05-23 00:00:00+00:00,-0.3605297487465803,-0.16545963873795055,-0.19507011000862973,-0.2075821424327716
2026-05-24 00:00:00+00:00,-0.04953149490613065,-0.05113769171471844,0.0016061968085877912,0.023631733329996754
2026-05-28 00:00:00+00:00,-0.09275352709205231,-0.10978025017858233,0.017026723086530013,-0.026340720263028305
2026-05-29 00:00:00+00:00,-0.10773465847040521,-0.26841793409956455,0.16068327562915935,0.036306448189498866
2026-05-30 00:00:00+00:00,-0.29306716523512477,-0.10038196326404583,-0.19268520197107894,-0.051117890344372766
2026-05-31 00:00:00+00:00,-0.20404615638989826,-0.09819462735110278,-0.10585152903879548,-0.018979648512362297
2026-06-04 00:00:00+00:00,-0.4373834769533436,-0.4948293896940961,0.0574459127407525,-0.013605501795061481
2026-06-05 00:00:00+00:00,-0.7775498284137403,-0.1726283406683737,-0.6049214877453666,-0.4814058374677682
2026-06-06 00:00:00+00:00,-0.11028587012528462,-0.2495844245893897,0.13929855446410508,0.16849872656253984
2026-06-07 00:00:00+00:00,-0.015688163404957864,-0.09547813324752415,0.07978996984256628,-0.004741859575798209
2026-06-11 00:00:00+00:00,0.0827325230187811,-0.053523176263682505,0.13625569928246362,0.21992930280486953
2026-06-12 00:00:00+00:00,-0.08952857851776994,0.057613753133770935,-0.14714233165154086,-0.19635185604890412
2026-06-13 00:00:00+00:00,-0.23713130966890453,-0.1776410989398563,-0.059490210729048226,0.051038227739395134
2026-06-14 00:00:00+00:00,-0.1030723332492624,-0.12746054005875376,0.02438820680949136,0.06373032167697246
2026-06-18 00:00:00+00:00,-0.16685572651396305,-0.19185912414566408,0.025003397631701035,0.06426438356215614
2026-06-19 00:00:00+00:00,-0.1363192748923157,-0.07216401528427073,-0.06415525960804498,-0.09285642270649637
2026-06-20 00:00:00+00:00,-0.47367856975197226,-0.12119649134116715,-0.3524820784108051,-0.2338907785223696
2026-06-25 00:00:00+00:00,-0.2748710896067775,-0.38651196405081645,0.11164087444403897,0.0869984846640264
2026-06-26 00:00:00+00:00,-0.2509038639879461,-0.399166905809283,0.14826304182133687,0.13914389792155196
2026-06-27 00:00:00+00:00,-0.23727972464154232,-0.18885465795520343,-0.04842506668633889,-0.005667660581405973
2026-06-28 00:00:00+00:00,-0.42730677415343044,-0.19927815539253105,-0.2280286187608994,-0.1217228732997036
2026-07-02 00:00:00+00:00,-0.10189466453691716,-0.06805389613317589,-0.03384076840374127,-0.0703017922133556
2026-07-03 00:00:00+00:00,-0.27134220951133325,-0.2295367360159883,-0.04180547349534494,0.022774834244096653
2026-07-04 00:00:00+00:00,-0.19396870921263984,-0.2181570642837118,0.02418835507107195,-0.007285153726558212
2026-07-05 00:00:00+00:00,-0.13251836689723112,-0.1412462596563823,0.008727892759151173,0.08494967758823543
2026-07-09 00:00:00+00:00,-0.15076342497507877,-0.1170311818126015,-0.03373224316247728,-0.05224314534571593
2026-07-10 00:00:00+00:00,-0.19718759477238573,-0.15407407138000162,-0.04311352339238411,0.08313674409602179
2026-07-11 00:00:00+00:00,-0.45741971020350525,-0.11623533689357421,-0.341184373309931,-0.18858637659482774
2026-07-12 00:00:00+00:00,-0.14815987475955475,-0.10448701306720756,-0.04367286169234719,0.020041892058246313
2026-07-16 00:00:00+00:00,-0.0925702090765045,-0.14136189935211343,0.04879169027560894,0.02841919497151633
2026-07-17 00:00:00+00:00,-0.05149484846527819,-0.010729947084335667,-0.04076490138094252,-0.07236594118964383
2026-07-18 00:00:00+00:00,-0.14672357387496573,-0.12185691476928344,-0.024866659105682296,0.015971268933429407
2026-07-19 00:00:00+00:00,-0.28654847158073693,-0.2748081515630215,-0.011740320017715411,-0.028268016466859502
2026-07-23 00:00:00+00:00,-0.08147960265562378,-0.039741759301192,-0.04173784335443177,0.014698594035855876
2026-07-24 00:00:00+00:00,0.021341980859162852,-0.06508218403083091,0.08642416488999376,0.031807537515500056
2026-07-25 00:00:00+00:00,-0.06912727642389054,-0.11162210669749266,0.042494830273602124,0.0038180325954511526
2026-07-26 00:00:00+00:00,-0.051396293069212826,-0.13080904722933778,0.07941275416012496,-0.03301284979022362
2026-07-30 00:00:00+00:00,-0.189209422583239,-0.05837726463326178,-0.1308321579499772,-0.05686723374525521
2026-07-31 00:00:00+00:00,-0.1325474024644266,-0.07929239926383223,-0.053255003200594356,0.0032041534102064777
2026-08-01 00:00:00+00:00,-0.32150742304038954,0.004622454511715632,-0.32612987755210515,-0.28462929346505905
2026-08-02 00:00:00+00:00,-0.1569071215936975,-0.00017715297816290048,-0.1567299686155346,-0.06474400004656164
2026-08-06 00:00:00+00:00,-0.006566364258000192,-0.038841429358047685,0.03227506510004749,0.059717005981891474
2026-08-07 00:00:00+00:00,0.02300051589974718,-0.008557582617629724,0.031558098517376905,0.03956887011284281
2026-08-08 00:00:00+00:00,-0.1588009467758411,-0.022964553164427855,-0.13583639361141325,-0.11801853721063091
2026-08-09 00:00:00+00:00,-0.24276453967989634,0.016908267432010272,-0.2596728071119066,-0.19651625524630362
2026-08-13 00:00:00+00:00,0.14555946649552962,-0.0004215707914515834,0.1459810372869812,0.05333954667781399
