date,outright_net,spread_net,outright_gross
2020-02-06 00:00:00+00:00,0.4323513889659333,0.3812525162499725,0.45797761959411987
2020-02-08 00:00:00+00:00,-0.05701371393970018,0.13208840800214688,-0.021845204602581412
2020-02-09 00:00:00+00:00,0.18643793117558718,0.42154542279285506,0.22139691717138682
2020-02-15 00:00:00+00:00,-0.6120924793436021,-0.5510757340651173,-0.5631231560997497
2020-02-16 00:00:00+00:00,0.15857741453029495,0.4098502271841646,0.20089656720996787
2020-02-20 00:00:00+00:00,0.5226233071078509,-0.023416699442959876,0.5494107697292557
2020-02-22 00:00:00+00:00,-0.11248768870788847,0.1263277356636879,-0.07048808489102003
2020-02-23 00:00:00+00:00,-0.3348273363214699,-0.2649618769680797,-0.28728739647065926
2020-02-29 00:00:00+00:00,0.18093689185381034,0.09989486924968313,0.21502298653190147
2020-03-01 00:00:00+00:00,0.36902797779492336,0.47421190775869004,0.40240996593206085
2020-03-05 00:00:00+00:00,-0.003180154143052613,0.2469219992088338,0.03894823575569852
2020-03-06 00:00:00+00:00,-0.3283528688523515,-0.4807080623468721,-0.3056191271859018
2020-03-07 00:00:00+00:00,-0.3058393858021736,0.1615619763279485,-0.2675902744380058
2020-03-14 00:00:00+00:00,0.7079988841173877,2.1781473794253343,0.7425387939913943
2020-03-15 00:00:00+00:00,-0.44522552457332243,-0.19833247837087828,-0.4166122611054696
2020-03-19 00:00:00+00:00,-2.1418800236413116,0.059149882448169766,-2.1104298931607572
2020-03-21 00:00:00+00:00,1.6249887299343206,1.314664738190764,1.6548837557247942
2020-03-22 00:00:00+00:00,0.3094866833805232,-0.1656996638631188,0.3459591969303311
2020-03-26 00:00:00+00:00,-0.12510986489281928,-0.97561911013778,-0.1009686761087088
2020-03-28 00:00:00+00:00,0.6703063698399546,0.36813770339987195,0.7102362144528451
2020-03-29 00:00:00+00:00,-0.18011018484976893,0.19844108714399905,-0.1315010414271568
2020-04-02 00:00:00+00:00,-0.039138318550737725,-0.278623554654986,0.0028860572027050555
2020-04-04 00:00:00+00:00,0.3340914364383398,0.2225478114459997,0.36656358173305736
2020-04-05 00:00:00+00:00,0.035351365154460836,0.03579320968943353,0.07903429963868627
2020-04-09 00:00:00+00:00,-0.37539588076679453,-0.11511299598731273,-0.34575111737342146
2020-04-11 00:00:00+00:00,0.7300582128427329,0.576888090836021,0.7699132773841952
2020-04-12 00:00:00+00:00,0.20047876692663713,0.10447427407270746,0.23489321464760354
2020-04-16 00:00:00+00:00,0.705110833062605,1.8829636976897974,0.7443288196718052
2020-04-17 00:00:00+00:00,0.6243114122870176,0.35195362400974506,0.6551995478788855
2020-04-18 00:00:00+00:00,0.07205144375722462,0.4759538809175124,0.12246796802687826
2020-04-19 00:00:00+00:00,0.20131191168359208,0.39268811166519885,0.23372250980286108
2020-04-23 00:00:00+00:00,-0.5098678617327786,-0.15798985391689474,-0.48032157310420415
2020-04-25 00:00:00+00:00,0.33650604559010927,0.47227066518559574,0.36864655159156273
2020-04-26 00:00:00+00:00,-0.12891289986346238,0.15848566026081046,-0.09461693820262071
2020-05-02 00:00:00+00:00,0.8192589546347402,0.7742245603095529,0.8476216299420327
2020-05-03 00:00:00+00:00,0.1225442991017928,0.21094893661233838,0.15319378102895992
2020-05-07 00:00:00+00:00,-0.1607023813931159,0.760027643757841,-0.11738105996704246
2020-05-08 00:00:00+00:00,-0.752249771713271,-1.2020686143997132,-0.7240624386634059
2020-05-09 00:00:00+00:00,-0.26982224985067343,-0.2284685399682417,-0.22280039704123528
2020-05-10 00:00:00+00:00,-0.8559329770897443,-1.226915415029547,-0.8196926215926021
2020-05-16 00:00:00+00:00,0.17828433942748909,-0.004825213459288602,0.20829956119515353
2020-05-17 00:00:00+00:00,-0.07729838954644246,-0.014532732875130863,-0.024381576054650602
2020-05-23 00:00:00+00:00,0.4050674777804394,0.3608401622174226,0.447318504737644
2020-05-24 00:00:00+00:00,-0.29234603016649224,-0.36784769559564323,-0.2593597272173854
2020-05-30 00:00:00+00:00,-0.16076263898937534,-0.12871707801134574,-0.11058555244754112
2020-05-31 00:00:00+00:00,0.29036220046504146,0.24008666297833614,0.3273488553341288
2020-06-04 00:00:00+00:00,0.17300061389841503,-0.3343736660919423,0.20001000959483695
2020-06-06 00:00:00+00:00,0.4447381442094108,0.27451146413399885,0.47543073322367463
2020-06-07 00:00:00+00:00,0.44961488099082947,0.22086148545966017,0.4786949550783996
2020-06-11 00:00:00+00:00,0.13401073477723574,0.8621424591604647,0.16127212735187613
2020-06-12 00:00:00+00:00,0.5280672828480679,0.2984205830327855,0.5495857209690009
2020-06-13 00:00:00+00:00,0.2365971865310164,-0.1908185418612085,0.26386623601614745
2020-06-14 00:00:00+00:00,-0.06458118170512124,-0.11140216507484667,-0.013311930352398742
2020-06-18 00:00:00+00:00,0.15878136619412636,-0.03318792462651729,0.18428770535591357
2020-06-19 00:00:00+00:00,0.25953122524106215,-0.03881090593849562,0.29398505370057854
2020-06-20 00:00:00+00:00,0.38086095979655793,0.25962427567214885,0.40872106505643596
2020-06-21 00:00:00+00:00,0.13064703347931347,0.027151931971127446,0.17532943112280788
2020-06-27 00:00:00+00:00,-0.001131744722739268,-0.285481260483061,0.03599660991776295
2020-06-28 00:00:00+00:00,0.1899158659789164,-0.13655148788762067,0.23821700728962694
2020-07-02 00:00:00+00:00,0.055161812755832644,0.003439919263823532,0.08452415676593791
2020-07-04 00:00:00+00:00,0.10707053425270521,0.045752462619729116,0.13654098762763783
2020-07-05 00:00:00+00:00,0.026651769257525867,-0.02360612595318183,0.07139206552192698
2020-07-09 00:00:00+00:00,-0.04864452320287073,0.05083489774883593,-0.006981567444811003
2020-07-10 00:00:00+00:00,0.06406903484181097,-0.17300181088247846,0.08889744003502051
2020-07-11 00:00:00+00:00,0.23726923818561432,0.04496341139059584,0.26506657965586045
2020-07-12 00:00:00+00:00,0.21911147749194665,0.06315588163758981,0.2628158143661757
2020-07-16 00:00:00+00:00,0.3758543529009601,0.285535119965853,0.4056694085095209
2020-07-18 00:00:00+00:00,0.172492599584601,0.11068669430319453,0.20341621800902168
2020-07-19 00:00:00+00:00,0.17134717165107555,0.15604203668583932,0.20133263520925496
2020-07-23 00:00:00+00:00,0.17252196709502315,-0.045730929327466696,0.19645249953411653
2020-07-24 00:00:00+00:00,0.07066319183511728,-0.20682685861269023,0.09507647358514683
2020-07-25 00:00:00+00:00,-0.0491164951219081,0.12759620078159048,-0.015738815522507856
2020-07-26 00:00:00+00:00,-0.3177299785523784,-0.06683464469823752,-0.28378355379375325
2020-07-31 00:00:00+00:00,-0.3763241542873851,-0.10647941420697793,-0.3472799923414445
2020-08-01 00:00:00+00:00,-0.8769390641562674,-0.865532119304996,-0.837893428638319
2020-08-02 00:00:00+00:00,-0.7830515902921953,-1.1424832813680885,-0.7459145736055839
2020-08-06 00:00:00+00:00,0.30304888275729963,-0.17388653503543533,0.3272275462611192
2020-08-07 00:00:00+00:00,0.22460307080972802,0.0807027212023183,0.26108044446390505
2020-08-08 00:00:00+00:00,0.013402022472128853,-0.10658024538058668,0.04722082452207656
2020-08-09 00:00:00+00:00,-0.06805397999430172,-0.2701940979837195,-0.02519680786214533
2020-08-13 00:00:00+00:00,-0.07864862209939648,-0.4428398833594988,-0.048577890877476146
2020-08-14 00:00:00+00:00,0.07003054717820013,-0.2543101626181999,0.1086226098876916
2020-08-15 00:00:00+00:00,0.4034031324879359,0.2492252453788711,0.4359303597837966
2020-08-16 00:00:00+00:00,0.380899833208312,0.34672784211648316,0.42729212406019373
2020-08-20 00:00:00+00:00,0.07613408821831903,-0.17858231073654474,0.09957810657316071
2020-08-22 00:00:00+00:00,0.17994600229463595,-0.030313371316194687,0.22679816777634293
2020-08-23 00:00:00+00:00,0.09548606544733049,0.013562927949663739,0.12256472507947079
2020-08-27 00:00:00+00:00,0.03731286091163876,-0.02034763704673174,0.06434579014435358
2020-08-28 00:00:00+00:00,0.03228526835910394,-0.012209031599656965,0.058654278650157474
2020-08-29 00:00:00+00:00,0.17272166724370625,0.435515449181023,0.21314360163034052
2020-08-30 00:00:00+00:00,-0.07946926953854162,0.5869358380866477,-0.029719533256581828
2020-09-03 00:00:00+00:00,-0.15088140115198395,1.352886692959899,-0.1202133184917376
2020-09-04 00:00:00+00:00,0.23028202318663435,-0.27898403590918996,0.26641165490169816
2020-09-05 00:00:00+00:00,-0.11709097270247042,-0.5050914735457462,-0.06827799032746915
2020-09-06 00:00:00+00:00,0.533389364067783,-0.03446393894380384,0.5674826733290995
2020-09-10 00:00:00+00:00,0.3888909402962376,-0.011171787364197827,0.4113693619475192
2020-09-11 00:00:00+00:00,-0.010287536816408767,-0.363676514041254,0.01373225876450464
2020-09-12 00:00:00+00:00,0.12597590377595877,0.07124674601839004,0.15516123318963154
2020-09-13 00:00:00+00:00,0.06043276006427907,-0.015445950231544575,0.09575335374951251
2020-09-17 00:00:00+00:00,0.2627979467163565,-0.16122036033264814,0.3017165695868422
2020-09-18 00:00:00+00:00,0.2866174071290224,0.01866384878104449,0.3113616956369983
2020-09-19 00:00:00+00:00,0.09796703578449903,0.17755109188851345,0.14744343328419152
2020-09-20 00:00:00+00:00,0.23216499572937413,0.24085525654665998,0.27625866802909416
2020-09-24 00:00:00+00:00,0.006207852945282786,0.6599465724766348,0.03509729420800061
2020-09-25 00:00:00+00:00,0.26166331991722436,-0.026469650351030327,0.28594463268555687
2020-09-26 00:00:00+00:00,0.31269261802470694,0.21484046694391645,0.34191481521850925
2020-09-27 00:00:00+00:00,0.01847702744954036,0.0863246795171881,0.052803202100668814
2020-10-01 00:00:00+00:00,0.16881655088459566,0.25632525369509696,0.2089190699679378
2020-10-02 00:00:00+00:00,0.10067442144785597,-0.12523615059182702,0.12450720584239673
2020-10-03 00:00:00+00:00,0.1639457733396951,0.07038999691219969,0.19199143327874865
2020-10-04 00:00:00+00:00,0.03908595665241672,0.0023516315605758772,0.07436864111334027
2020-10-08 00:00:00+00:00,-0.29089371266320496,-0.20959232277554704,-0.2462573138063242
2020-10-10 00:00:00+00:00,0.3573775224328747,0.1554155245723866,0.37958774292955016
2020-10-11 00:00:00+00:00,0.3827955983680827,0.1824999669081155,0.411503418671003
2020-10-15 00:00:00+00:00,0.010981173119390153,-0.006474480037882856,0.04205244017712963
2020-10-17 00:00:00+00:00,0.021842204856468938,0.11191041278642815,0.0544333421861858
2020-10-18 00:00:00+00:00,0.06076440423332397,0.2370254208173788,0.10933572023903768
2020-10-22 00:00:00+00:00,0.3832361769934798,-0.046567586951849316,0.4068106373511479
2020-10-23 00:00:00+00:00,0.305242992804959,-0.06653459918433335,0.3382844471144053
2020-10-24 00:00:00+00:00,-0.0295274675808251,-0.2510201493680398,0.004403619414453508
2020-10-25 00:00:00+00:00,0.24097894104957387,0.21669076879316174,0.27354078686566036
2020-10-29 00:00:00+00:00,-0.20284121980790845,-0.39590356773966184,-0.1666609403244666
2020-10-30 00:00:00+00:00,-0.18361636426477806,-0.5002741533621936,-0.15112342722576472
2020-10-31 00:00:00+00:00,-0.01520146573355777,0.14068296052835477,0.03399354521551442
2020-11-05 00:00:00+00:00,-0.5004024358084487,1.077285079126969,-0.4700026861318477
2020-11-07 00:00:00+00:00,-0.5302719707504919,-0.5392859988020019,-0.4953854584596065
2020-11-08 00:00:00+00:00,-0.398778546388845,-0.4922694762959525,-0.3462570018850712
2020-11-12 00:00:00+00:00,0.18622821026411285,0.5401718180564112,0.2151565032139168
2020-11-14 00:00:00+00:00,0.18032507778156928,0.4260381150336961,0.224799211341146
2020-11-15 00:00:00+00:00,-0.08573034415993774,0.06632993972730317,-0.05483856570174711
2020-11-19 00:00:00+00:00,-0.2054967070491082,-0.6580404680748092,-0.1639137476184921
2020-11-20 00:00:00+00:00,-0.007327685643074353,0.33394963266129457,0.03287001860739959
2020-11-21 00:00:00+00:00,0.4419883263442283,0.2745438357620601,0.4821707654052802
2020-11-22 00:00:00+00:00,0.23549961192375624,1.314405412925187,0.2693179176297341
2020-11-28 00:00:00+00:00,-0.1237981692149885,0.08298142935033033,-0.07183885674495107
2020-11-29 00:00:00+00:00,-0.2034081691495445,-0.23178700786223327,-0.16963480156159091
2020-12-05 00:00:00+00:00,-0.2316300840351124,-0.39413727624742667,-0.1958418165188474
2020-12-06 00:00:00+00:00,0.4033939946867082,0.2140694552850129,0.43017930218055317
2020-12-11 00:00:00+00:00,-0.22202044291184408,-0.3534344949348838,-0.18373414487570952
2020-12-12 00:00:00+00:00,-0.24844819709308838,0.10447375819537177,-0.19525972458835256
2020-12-19 00:00:00+00:00,0.028295835636446214,-0.5587226137238606,0.07862604312552438
2020-12-20 00:00:00+00:00,0.4661127184765938,-0.021456193655046973,0.4943209719713331
2020-12-24 00:00:00+00:00,-0.279900968567328,-0.5676448043996678,-0.245087422079803
2020-12-26 00:00:00+00:00,-0.8012709571028355,-0.7449829693746073,-0.7487635569026307
2020-12-27 00:00:00+00:00,0.3910132252822869,0.21050460335140816,0.4212907483441785
2021-01-02 00:00:00+00:00,-1.2647779375382715,-0.775701195257404,-1.2275931672271483
2021-01-03 00:00:00+00:00,0.37720972980945694,0.8823907226214518,0.42611548304623714
2021-01-07 00:00:00+00:00,0.5942342780422764,-0.009327159139028485,0.6232837945501326
2021-01-08 00:00:00+00:00,0.890189864833432,-0.0017556465098484964,0.9257996972476209
2021-01-09 00:00:00+00:00,0.8168100415323944,1.3405906701338899,0.8600846685474495
2021-01-10 00:00:00+00:00,-0.4638503990806198,-0.5480087565020468,-0.4159903182388865
2021-01-14 00:00:00+00:00,0.6229464979699604,0.4591502690683746,0.6554401908355866
2021-01-15 00:00:00+00:00,0.10593841970541477,0.07395766388090397,0.13247566148803186
2021-01-16 00:00:00+00:00,0.24885973457738508,0.0021161699211016127,0.2819249889601489
2021-01-17 00:00:00+00:00,1.0492058924313974,1.028068543163859,1.0778694173800916
2021-01-23 00:00:00+00:00,0.6383247306924729,0.2653200675014545,0.6705356889192603
2021-01-24 00:00:00+00:00,0.3689719988087913,0.21313323648417512,0.39896087474958086
2021-01-29 00:00:00+00:00,0.06806559881616919,-0.6732664713665641,0.0954916554388888
2021-01-30 00:00:00+00:00,0.9446111280012924,0.687469774983191,0.9835674140064687
2021-01-31 00:00:00+00:00,0.052744154845034856,-0.07182753360252953,0.08412541944249004
2021-02-05 00:00:00+00:00,0.28553191561011104,0.4598120830580643,0.32401760749595504
2021-02-06 00:00:00+00:00,0.5961431558735114,1.136878122293484,0.6391470514879435
2021-02-07 00:00:00+00:00,0.6579818683908005,1.1591136579004475,0.6862810663530862
2021-02-11 00:00:00+00:00,0.42913845585436616,1.1110218302375219,0.45400228700266193
2021-02-12 00:00:00+00:00,0.8279752502468446,0.18385313142519732,0.8522361607326648
2021-02-13 00:00:00+00:00,0.4766555341932572,0.3227458790554023,0.5038635106873823
2021-02-14 00:00:00+00:00,0.4662374499680293,-0.16346039709227456,0.5145105443907275
2021-02-20 00:00:00+00:00,0.6123149630533189,1.0655162021489957,0.6392655397917931
2021-02-21 00:00:00+00:00,0.27704801316490607,0.6107545354461881,0.3098194067507765
2021-02-25 00:00:00+00:00,-0.4894342487345846,-0.25141645848194993,-0.4486639988786285
2021-02-26 00:00:00+00:00,0.7901386475036539,-0.3778312016637927,0.8261499285387638
2021-02-27 00:00:00+00:00,0.2694897356503554,0.18224199422213705,0.30164355200171067
2021-02-28 00:00:00+00:00,0.4763145797675268,0.8532831033659131,0.5033258640185333
2021-03-05 00:00:00+00:00,-0.12053440618435052,-0.41740679982645235,-0.09312888614116516
2021-03-06 00:00:00+00:00,0.3637672426725159,0.2958027933088661,0.3912969398421082
2021-03-07 00:00:00+00:00,-0.13549594286812516,-0.10656098348992601,-0.09807101762926419
2021-03-11 00:00:00+00:00,0.1500960452014284,0.03459713228409454,0.18702421480553755
2021-03-13 00:00:00+00:00,-0.8598164492361433,-1.1976075541085542,-0.8187323708887919
2021-03-14 00:00:00+00:00,0.1975284501959473,0.13020724968234598,0.23287838017244486
2021-03-20 00:00:00+00:00,0.2349780948052405,0.45556434573461646,0.269173124413027
2021-03-21 00:00:00+00:00,0.28288060037110985,0.5512182507583291,0.33123200169966327
2021-03-27 00:00:00+00:00,0.5132149802451808,0.4210649198374061,0.555121464842966
2021-03-28 00:00:00+00:00,0.32287388121050065,0.25678545600249003,0.3522020749197596
2021-04-03 00:00:00+00:00,-0.1683025970007114,-0.5514282883701928,-0.12839438137290216
2021-04-04 00:00:00+00:00,0.17243279793752914,-0.06569476396733279,0.2203838122007044
2021-04-08 00:00:00+00:00,-0.25209198326967025,0.11807104405207319,-0.21402995616623813
2021-04-10 00:00:00+00:00,-0.35791210823497493,-0.4494078505676013,-0.3210394687982496
2021-04-11 00:00:00+00:00,0.24598158285329472,0.11339989631028091,0.2880280011676795
2021-04-15 00:00:00+00:00,0.10636407623803823,0.05848809323717271,0.1339506782512456
2021-04-17 00:00:00+00:00,-0.16694296077229778,0.10247025500396992,-0.11942152022242662
2021-04-18 00:00:00+00:00,-1.1059253133591058,-1.021149010513907,-1.0567828373262556
2021-04-22 00:00:00+00:00,-0.9327808709432956,-0.7588130624592284,-0.8884618044794401
2021-04-24 00:00:00+00:00,0.44038441188989613,0.5328085203064712,0.47178680197712713
2021-04-25 00:00:00+00:00,0.15952162497967612,0.3908427773174551,0.19147936706683583
2021-05-01 00:00:00+00:00,0.4643383671076883,0.43716741333175546,0.505679229077718
2021-05-02 00:00:00+00:00,0.013475757477510352,-0.06310641546833401,0.045698078796985696
2021-05-08 00:00:00+00:00,0.018568183390620566,0.15807168179364223,0.05295941774421772
2021-05-09 00:00:00+00:00,0.34375345946997654,1.0047338931260839,0.3883576653109914
2021-05-15 00:00:00+00:00,-0.43418387098092126,-0.24843373302056643,-0.3961713107076682
2021-05-16 00:00:00+00:00,0.8200696750926866,0.9118540215113424,0.8576017528260802
2021-05-20 00:00:00+00:00,-0.18862762758614157,-0.15339223174391148,-0.15651303386418675
2021-05-21 00:00:00+00:00,-0.4551003896972468,0.07667904405176479,-0.4251971417397535
2021-05-22 00:00:00+00:00,0.81115048326508,-0.05759117307617012,0.840562337541174
2021-05-23 00:00:00+00:00,0.7450137774768762,0.49629849579647156,0.7792110566425091
2021-05-27 00:00:00+00:00,-0.6182206896070402,-1.1538671978090491,-0.5907624241803444
2021-05-28 00:00:00+00:00,0.3358502918070067,0.9459347306022168,0.36295853833517683
2021-05-29 00:00:00+00:00,0.5238338051060305,0.10401814529517217,0.5579616296588277
2021-05-30 00:00:00+00:00,0.29708164920594055,-0.09604945528099135,0.3306945113716369
2021-06-03 00:00:00+00:00,-0.3685225833245615,0.7063323945357798,-0.3261497839711622
2021-06-05 00:00:00+00:00,-0.021260935885310524,0.6843945253951538,0.016200916291528727
2021-06-06 00:00:00+00:00,0.9552243679423202,1.8893054249600967,0.9960526973598941
2021-06-10 00:00:00+00:00,-0.21900293094498796,-0.8946360574781933,-0.1919128444266984
2021-06-11 00:00:00+00:00,-0.15468161844625677,0.3853941661894607,-0.1235592713006752
2021-06-12 00:00:00+00:00,-0.10832743576161899,0.032674180228465244,-0.06997351819017272
2021-06-13 00:00:00+00:00,-1.37816147060652,-2.0713846572653942,-1.3237491533524606
2021-06-18 00:00:00+00:00,-0.3020103663243288,0.25167407099908806,-0.2726782939920491
2021-06-19 00:00:00+00:00,0.526524024952119,0.6507412778367032,0.5577823718456757
2021-06-20 00:00:00+00:00,-0.957866731148703,-0.8500254302832807,-0.9264966820217808
2021-06-25 00:00:00+00:00,-1.046988717511023,0.039920231738562295,-1.016061810594585
2021-06-26 00:00:00+00:00,0.4815115869078826,0.2191450875168054,0.5229644506995627
2021-06-27 00:00:00+00:00,-0.41868579919387305,-0.5734623684843417,-0.3658664685463709
2021-07-03 00:00:00+00:00,0.014258072424476258,-0.08891686313440193,0.06700973363029641
2021-07-04 00:00:00+00:00,0.511925202539009,0.5300985393702567,0.542401561974407
2021-07-08 00:00:00+00:00,0.14059007096771944,0.03639311904462028,0.17904445684362733
2021-07-10 00:00:00+00:00,0.3621674675004486,-0.02361870157485363,0.3933037728441494
2021-07-11 00:00:00+00:00,0.4324418621277063,0.3555836582588231,0.47517839581001436
2021-07-17 00:00:00+00:00,0.18408010426304772,0.18041508607555853,0.23529384710089332
2021-07-18 00:00:00+00:00,0.4440111532618133,0.5019969459885683,0.4694691333363974
2021-07-24 00:00:00+00:00,0.30963201081381037,1.085210663347436,0.3528659212976561
2021-07-25 00:00:00+00:00,-0.2709702220779801,0.3359211474565998,-0.2374716391404347
2021-07-29 00:00:00+00:00,-0.6341699555109143,-1.3761007557036984,-0.6089011232297414
2021-07-30 00:00:00+00:00,-0.4893161683108168,-0.2649099835948496,-0.4601983372149193
2021-07-31 00:00:00+00:00,0.9201244597627711,0.6401095711764722,0.9513304762167428
2021-08-01 00:00:00+00:00,0.08425195226005555,-0.10640521697264393,0.13179719755691968
2021-08-06 00:00:00+00:00,-0.3967776273182322,-0.36497536551102083,-0.355202923141574
2021-08-07 00:00:00+00:00,-0.06358397216819425,-0.4818992733248124,-0.026248523023935752
2021-08-08 00:00:00+00:00,0.4056640553395127,0.037521488364237465,0.43730338467631713
2021-08-12 00:00:00+00:00,0.21082079714640206,0.30594180408561455,0.24564132868787492
2021-08-13 00:00:00+00:00,0.5491741211609061,1.1987173308290966,0.5756872119118563
2021-08-14 00:00:00+00:00,0.15083241136546793,-0.1698326445437645,0.19049830646669266
2021-08-15 00:00:00+00:00,0.5767170575199918,0.19491861112498343,0.6029664017392022
2021-08-19 00:00:00+00:00,-0.4677824998063854,-0.02794598975610707,-0.41884661428687203
2021-08-21 00:00:00+00:00,0.5324258772200674,0.17967451266709855,0.5611341011764106
2021-08-22 00:00:00+00:00,0.24002591191918876,0.028529047639456462,0.283510857407984
2021-08-26 00:00:00+00:00,0.09146964125482095,0.45990425701159604,0.11501470142729432
2021-08-27 00:00:00+00:00,0.2716692835662005,0.3711086789098892,0.3135430709294518
2021-08-28 00:00:00+00:00,0.5348839525128536,0.22034319434937932,0.5643185052227528
2021-08-29 00:00:00+00:00,0.32563942717619265,0.108521979057282,0.36663454762790376
2021-09-02 00:00:00+00:00,0.65349011336134,0.052085761211034365,0.6771162071104765
2021-09-03 00:00:00+00:00,0.6384469945129015,-0.009375511652421897,0.6622780289516903
2021-09-04 00:00:00+00:00,0.6205976124443918,0.9269369974799223,0.6587162897301488
2021-09-05 00:00:00+00:00,-0.1661541105854416,0.28180041961637875,-0.11619189868232774
2021-09-09 00:00:00+00:00,0.021449791998595695,-0.5673783927501947,0.04881024300704601
2021-09-10 00:00:00+00:00,0.4108549095072844,0.3336776682895205,0.4366134189257447
2021-09-11 00:00:00+00:00,0.3937258959204954,0.23629332190846428,0.42350447907064465
2021-09-12 00:00:00+00:00,-0.22473542126917678,-0.40552198158558284,-0.1753082550264346
2021-09-16 00:00:00+00:00,0.2197536021668222,-0.2813041482602162,0.24549453563605442
2021-09-17 00:00:00+00:00,0.1368584111160974,0.1718856959178587,0.16352345244663938
2021-09-18 00:00:00+00:00,0.09452410236596426,0.24111451698976763,0.12783293591850747
2021-09-19 00:00:00+00:00,-0.04951145832980938,0.20464410439321887,-0.017268594148074454
2021-09-23 00:00:00+00:00,-0.21816602409649158,-0.16587788726378952,-0.18876135494824117
2021-09-24 00:00:00+00:00,0.5350366962403007,0.9530348892868117,0.560628213194245
2021-09-25 00:00:00+00:00,0.15639760075083983,-0.07197538852022103,0.20022096434127723
2021-09-26 00:00:00+00:00,0.08488874060138785,0.047930785973689716,0.1273417230178387
2021-09-30 00:00:00+00:00,-0.8242783736354043,-0.18932211990228898,-0.7772605500813451
2021-10-01 00:00:00+00:00,-0.4311957363123662,0.9493408484524501,-0.3892821769497062
2021-10-02 00:00:00+00:00,0.6900325634337137,0.7017925376880935,0.7202410862116131
2021-10-03 00:00:00+00:00,0.33084394610120726,0.5585003072452952,0.3613583711136137
2021-10-07 00:00:00+00:00,0.5004912384531559,0.10656381202499032,0.5379564954281996
2021-10-08 00:00:00+00:00,0.5463178371315903,0.3078231500527967,0.568940887916166
2021-10-09 00:00:00+00:00,0.1458284141289238,-0.095450436436299,0.1916393316778769
2021-10-10 00:00:00+00:00,-0.19574197061826612,-0.22145620829142526,-0.16676644766810267
2021-10-14 00:00:00+00:00,-0.482113926267567,-0.4263432593822744,-0.45107775571317016
2021-10-15 00:00:00+00:00,0.47597533339284787,1.2127665994301906,0.5052034603854187
2021-10-16 00:00:00+00:00,0.41890348538733085,-0.07389353612924132,0.4481769140984468
2021-10-17 00:00:00+00:00,0.3926758535414999,0.34240194457148737,0.4358715033587904
2021-10-21 00:00:00+00:00,-0.0793884904405176,0.17713705073531616,-0.04342001249880021
2021-10-22 00:00:00+00:00,-0.05918767985007876,-0.8967728352186447,-0.031275521413704765
2021-10-23 00:00:00+00:00,0.3827048269594121,0.03672941691611897,0.4140299590143351
2021-10-24 00:00:00+00:00,-0.05992251043793005,-0.39568206204357187,-0.031440043614614034
2021-10-28 00:00:00+00:00,-0.29457900298435835,-0.331255837142966,-0.24751882853186324
2021-10-29 00:00:00+00:00,0.6342342716230503,0.33978602699712435,0.6603044802395799
2021-10-30 00:00:00+00:00,0.4083796712180234,-0.07371337633263264,0.43832966385569994
2021-10-31 00:00:00+00:00,0.2895864033642534,-0.16804720304452248,0.3217314357927821
2021-11-04 00:00:00+00:00,0.3965793500362985,0.1926605158853869,0.4233153061140206
2021-11-05 00:00:00+00:00,0.22474784112708587,-0.09314975828433567,0.25009277875846575
2021-11-06 00:00:00+00:00,0.3983764762952032,0.33943102921568485,0.4414295971559247
2021-11-07 00:00:00+00:00,-0.13081903190299976,-0.3351658154719227,-0.0964908152888027
2021-11-11 00:00:00+00:00,0.717363994535187,0.11590947140277874,0.73866742515202
2021-11-12 00:00:00+00:00,0.42282242402295833,0.028888146776434753,0.44728085108866966
2021-11-14 00:00:00+00:00,0.3869731118210824,0.5411134978187757,0.42203907950809794
2021-11-18 00:00:00+00:00,0.6252829268513435,0.9729607603346697,0.6501518650985997
2021-11-19 00:00:00+00:00,0.024457019617294126,-0.17403897761393144,0.06404222331149573
2021-11-20 00:00:00+00:00,0.05039352948157988,-0.01326723591652576,0.08522003957891484
2021-11-21 00:00:00+00:00,0.0407737219583484,-0.15639864474394427,0.08156520476174249
2021-11-25 00:00:00+00:00,-0.07290066708550522,0.24321758809857416,-0.03213675609383201
2021-11-26 00:00:00+00:00,0.2954202063864157,1.5766228121493573,0.330798993466719
2021-11-27 00:00:00+00:00,0.43571725289969276,0.05691361585921573,0.4799237290196802
2021-11-28 00:00:00+00:00,-0.49850988613304786,-0.7313309553861338,-0.44678176554448185
2021-12-02 00:00:00+00:00,-1.0762953921659082,-1.5854338071630525,-1.0525394301975308
2021-12-03 00:00:00+00:00,-2.755479737831731,-2.2564847220239415,-2.7154636306779825
2021-12-04 00:00:00+00:00,-1.1941427949003223,-2.1072545568057808,-1.1450300388502828
2021-12-05 00:00:00+00:00,0.6166726318327925,0.28163973218908395,0.6591243763640673
2021-12-09 00:00:00+00:00,0.03524572742561914,0.7427393379781263,0.07194510429531376
2021-12-10 00:00:00+00:00,0.5458069483305596,0.11043796449875781,0.5810097624013628
2021-12-11 00:00:00+00:00,-0.23030500664007017,-0.3181266798113124,-0.17947488928006886
2021-12-12 00:00:00+00:00,-0.011541722590724066,-0.08409111841566304,0.018143535126918416
2021-12-16 00:00:00+00:00,0.002809179985762353,-0.04282403786696209,0.04132261164107457
2021-12-17 00:00:00+00:00,0.37268671012672105,0.5214637785232141,0.3973497932670167
2021-12-18 00:00:00+00:00,0.19137692565432965,0.139062968262137,0.22320866863327457
2021-12-19 00:00:00+00:00,0.43383091054382283,0.5795787136799664,0.4624873265569068
2021-12-23 00:00:00+00:00,-0.4060347152856112,-0.034018001303505796,-0.3628881264408991
2021-12-25 00:00:00+00:00,0.24194808051220654,0.46308672567657705,0.27244347254853435
2021-12-26 00:00:00+00:00,0.2870360495308266,0.0681997607787364,0.33565586243437684
2021-12-30 00:00:00+00:00,0.4318197277024842,-0.12408176600390686,0.4731094290938989
2021-12-31 00:00:00+00:00,0.01497988892614078,-0.24453973734612744,0.0422621952913546
2022-01-01 00:00:00+00:00,0.4640343388552172,0.6158894471894049,0.509017682783841
2022-01-02 00:00:00+00:00,0.17524666513845416,0.45365720909979335,0.20809074797176225
2022-01-06 00:00:00+00:00,-0.022128841089718986,-0.11248553178561299,0.004373196917908808
2022-01-07 00:00:00+00:00,0.5643250940962569,0.5891105886664245,0.5987467372090949
2022-01-08 00:00:00+00:00,0.5283413048925064,0.24217441718680122,0.5719126828340548
2022-01-09 00:00:00+00:00,0.5423186532457271,0.3615985348271737,0.574016382501792
2022-01-13 00:00:00+00:00,0.007537503012390831,0.22122437371211154,0.03672037583379331
2022-01-14 00:00:00+00:00,0.3250204653862703,-0.09500005947058232,0.36079960218527846
2022-01-15 00:00:00+00:00,0.346148902429131,0.2959751461554572,0.3729950503278643
2022-01-16 00:00:00+00:00,0.19376824771432627,0.1997227577631042,0.2225254213183912
2022-01-20 00:00:00+00:00,-1.9075465935618043,-1.775967825763261,-1.8651423751650564
2022-01-22 00:00:00+00:00,0.08275368301038794,0.20341364408853319,0.11470261184496752
2022-01-23 00:00:00+00:00,0.17718879397173137,0.4616096586540533,0.21278469494954175
2022-01-28 00:00:00+00:00,0.10390120527054764,-0.14297380161020987,0.1418987235413339
2022-01-29 00:00:00+00:00,0.4138006429429019,0.44494234826201684,0.45638936894979676
2022-01-30 00:00:00+00:00,0.15499673160908453,0.16080658382027094,0.1858322959096313
2022-02-03 00:00:00+00:00,-0.5367813609094857,-0.72589811563812,-0.4966512189136974
2022-02-04 00:00:00+00:00,-1.1658357637940808,0.49029895688003156,-1.1206725394204244
2022-02-05 00:00:00+00:00,0.32955976278154525,0.2982943616250504,0.35846628271835546
2022-02-06 00:00:00+00:00,0.10149919572303112,0.1370940255436201,0.14748766935808563
2022-02-10 00:00:00+00:00,-0.14755631729607344,-0.3415688121073142,-0.10734115020183321
2022-02-11 00:00:00+00:00,-0.026447559866448714,-0.12351697000220162,0.0006309135918278068
2022-02-12 00:00:00+00:00,0.43245346698926834,0.8411991644255585,0.47785952599588005
2022-02-13 00:00:00+00:00,0.3732593594264516,0.7690135074479004,0.4011584832352681
2022-02-18 00:00:00+00:00,-0.09892733103255605,-0.39060146812321284,-0.07425046984932492
2022-02-19 00:00:00+00:00,-0.19780079525797056,-0.1879754619295055,-0.1696949940790764
2022-02-20 00:00:00+00:00,0.0020475385948302673,0.6731769779108515,0.05142570903853846
2022-02-25 00:00:00+00:00,0.3828635034713806,0.2405246968268211,0.42236496022707587
2022-02-26 00:00:00+00:00,0.46676281838314465,1.2685796274533006,0.5077979677848093
2022-02-27 00:00:00+00:00,-0.15714045366970586,0.061637917922947844,-0.11791729016459994
2022-03-03 00:00:00+00:00,-0.46294216072973793,-0.1862068931124103,-0.4235266523789916
2022-03-05 00:00:00+00:00,0.5461488336481042,0.9310148816344725,0.5894590472497065
2022-03-06 00:00:00+00:00,-0.1112088096189014,-0.051432675200263685,-0.07769752714855609
2022-03-11 00:00:00+00:00,0.5974029462462156,0.02535352782657685,0.6317532755493321
2022-03-12 00:00:00+00:00,0.5928644434975606,0.5165846085421726,0.6219234917434632
2022-03-13 00:00:00+00:00,-0.016114439140849757,-0.38097351337423485,0.02001090540579349
2022-03-18 00:00:00+00:00,0.18652588888024327,0.015795832624324407,0.22395971752047814
2022-03-19 00:00:00+00:00,0.39311829560696765,0.21873262449553607,0.4238880440286298
2022-03-20 00:00:00+00:00,0.1108515085579539,-0.01428668409209817,0.15745707181868035
2022-03-26 00:00:00+00:00,0.4021015280293864,0.471481502974037,0.42952607648506
2022-03-27 00:00:00+00:00,-0.877310296910626,-0.7584659577980652,-0.8242403599379178
2022-04-02 00:00:00+00:00,-0.004103480746200139,-0.07111411486688488,0.032198920528878676
2022-04-03 00:00:00+00:00,0.2968054249679567,0.3462741827563014,0.34154479278531247
2022-04-07 00:00:00+00:00,0.1902109149338181,-0.02315749710396975,0.22396700222549612
2022-04-08 00:00:00+00:00,-0.1604903203584886,-0.19254979936133937,-0.13162780866895982
2022-04-10 00:00:00+00:00,-0.03890441777981036,0.1897650256379681,0.011872230629612826
2022-04-15 00:00:00+00:00,0.27416486945076535,0.12394057490318633,0.31224964268863653
2022-04-16 00:00:00+00:00,0.1775444665357095,0.36048995260071504,0.20861056267760414
2022-04-17 00:00:00+00:00,0.07622330888424378,-0.09999269005145706,0.09915233715970023
2022-04-21 00:00:00+00:00,-0.8200183955531605,-0.9325608138886025,-0.775831797830753
2022-04-22 00:00:00+00:00,-0.08311256589784531,-0.5533367257303279,-0.05530355897849165
2022-04-23 00:00:00+00:00,0.21729706080239433,-0.07120925249925766,0.24905450084292272
2022-04-24 00:00:00+00:00,-0.052884731311720265,-0.18547359916091571,-0.01639290557188085
2022-04-28 00:00:00+00:00,0.38268824358541037,0.13604064881752487,0.4199444546955233
2022-04-29 00:00:00+00:00,-0.07668438727767311,0.0038830229931152704,-0.04954416549557454
2022-04-30 00:00:00+00:00,-0.16541512838864786,0.86816381475408,-0.13188039456599998
2022-05-01 00:00:00+00:00,0.008773388267111375,0.7194343168213861,0.05702312545372308
2022-05-05 00:00:00+00:00,-1.0889256422450078,-0.043079710403181926,-1.0468102825254875
2022-05-07 00:00:00+00:00,-0.018337222405543353,0.15432684461858215,0.02791277316559245
2022-05-08 00:00:00+00:00,-0.21773015745588484,-0.00014734588763884449,-0.16807908451678727
2022-05-13 00:00:00+00:00,0.7415853576000248,0.035458313948926956,0.7687730956092879
2022-05-14 00:00:00+00:00,0.3462102998452006,0.19218938702940358,0.3775426747807248
2022-05-15 00:00:00+00:00,-0.5078874164354622,-0.9218714530001391,-0.4707036770332769
2022-05-19 00:00:00+00:00,0.19188384542165382,0.3351286781620062,0.22066492665982512
2022-05-20 00:00:00+00:00,0.17003045796164848,0.10354700012871482,0.20707610380355193
2022-05-21 00:00:00+00:00,0.35027476191740103,0.1404443452729842,0.3979157410110245
2022-05-22 00:00:00+00:00,-0.015329018544519435,-0.1277291334797566,0.01888612636878133
2022-05-26 00:00:00+00:00,0.680789705767173,0.568884454724932,0.7061721171021714
2022-05-28 00:00:00+00:00,0.2671066872411466,0.323531092772834,0.3140896685154807
2022-05-29 00:00:00+00:00,-0.18980355377140792,-0.20185482093281248,-0.15768301111227054
2022-06-02 00:00:00+00:00,0.3338243744685532,0.005015562679499652,0.3590647294874002
2022-06-03 00:00:00+00:00,0.25879757378474033,0.19537656973496506,0.29556626392564
2022-06-04 00:00:00+00:00,0.3453422978580136,0.35423623732025605,0.3751739943093681
2022-06-05 00:00:00+00:00,-0.6040472600708162,-0.44921035413544913,-0.5650720880365052
2022-06-09 00:00:00+00:00,0.16748763397626074,-0.28370064267592165,0.2016750728926104
2022-06-10 00:00:00+00:00,-0.33562542367108067,-0.2776333592185106,-0.3040117590764041
2022-06-11 00:00:00+00:00,-0.11086945303818696,0.17752690342709393,-0.0635550088702653
2022-06-12 00:00:00+00:00,-0.6266227872180472,0.15293654463056727,-0.5899562946741178
2022-06-16 00:00:00+00:00,-0.26847313638716136,1.0693036826275875,-0.2427318084795977
2022-06-17 00:00:00+00:00,-0.6297786254136978,-1.045445643511791,-0.6021011508743406
2022-06-18 00:00:00+00:00,-0.8178558380418025,-0.891934088234465,-0.7845063030016173
2022-06-23 00:00:00+00:00,0.12308825154434624,-0.15049549347893873,0.16021253453041234
2022-06-25 00:00:00+00:00,0.23809407850517053,0.19645704889846155,0.2694003049385746
2022-06-26 00:00:00+00:00,0.15002926612984063,0.09391368712816414,0.1985506326503197
2022-06-30 00:00:00+00:00,0.755637846684033,0.5034812911987463,0.7927880510594095
2022-07-02 00:00:00+00:00,0.6261021567502116,0.514839733225205,0.6531633968631362
2022-07-03 00:00:00+00:00,0.5327883534132529,0.4250027718869427,0.5607880548070945
2022-07-07 00:00:00+00:00,-0.41774270253314993,0.11879608661772534,-0.38579768526823693
2022-07-09 00:00:00+00:00,0.3621823486770136,0.19490127819840283,0.40278392138851854
2022-07-10 00:00:00+00:00,-0.2266652002063264,-0.19842104765584156,-0.17820651489736136
2022-07-14 00:00:00+00:00,-0.25619992940212793,-0.47656190109969143,-0.21974579550581957
2022-07-16 00:00:00+00:00,-0.06368896286232414,0.08399820515416587,-0.029906380366234515
2022-07-17 00:00:00+00:00,-1.1128587510964096,-0.9639099605869159,-1.0821645067036798
2022-07-22 00:00:00+00:00,0.13311144058344485,-0.3400064235703123,0.15856363470826282
2022-07-23 00:00:00+00:00,0.5746527177055202,1.015121737761831,0.6174627373857219
2022-07-24 00:00:00+00:00,0.09525205403875214,0.3111017429389944,0.12366553987629635
2022-07-29 00:00:00+00:00,0.47669871484900306,0.02817566477784772,0.4995681132250983
2022-07-30 00:00:00+00:00,0.3806505458551248,0.3137880489310403,0.4114041578378239
2022-07-31 00:00:00+00:00,0.4193843544682337,0.06582592874355364,0.46301017641711156
2022-08-05 00:00:00+00:00,0.23464101997105158,0.1950804531163005,0.2713230855282014
2022-08-06 00:00:00+00:00,0.4795420346275312,0.052424966926699124,0.5084268387770577
2022-08-07 00:00:00+00:00,-0.012695649003712898,0.32495395179465986,0.03469614396638036
2022-08-12 00:00:00+00:00,0.04671539335705999,0.035114153802953234,0.08538697412545541
2022-08-13 00:00:00+00:00,0.10630235846997778,0.05225213349739301,0.1468233778054572
2022-08-14 00:00:00+00:00,0.1164682687294542,0.08997863363935892,0.14939499257564473
2022-08-20 00:00:00+00:00,0.4822123317901916,-0.09946996155059512,0.5142017418302331
2022-08-21 00:00:00+00:00,0.3586718907720559,-0.03214015215455712,0.39551401361317856
2022-08-25 00:00:00+00:00,-0.47310704415475874,-1.032952076913621,-0.45060508693699597
2022-08-26 00:00:00+00:00,-0.3811861826305931,0.259566345810912,-0.3512895818724117
2022-08-27 00:00:00+00:00,0.6605677296040142,0.30671588625529667,0.6882522360275817
2022-08-28 00:00:00+00:00,0.2642979717194268,-0.21865319627182167,0.2994932974667393
2022-09-01 00:00:00+00:00,0.41192399007553837,-0.10531689193555438,0.43601894381127126
2022-09-02 00:00:00+00:00,0.22032964964886387,-0.16978953003119013,0.25535918866394514
2022-09-03 00:00:00+00:00,0.13897451209901643,0.2381176403039043,0.17012852797279024
2022-09-04 00:00:00+00:00,0.13301476491372946,0.653363918133062,0.16201450196859601
2022-09-08 00:00:00+00:00,-0.7432923431029727,0.6326098476152807,-0.6983479856866224
2022-09-09 00:00:00+00:00,-0.18450738662664054,1.3608426779781593,-0.15595029762385795
2022-09-10 00:00:00+00:00,0.6268578086594152,1.0506815468514321,0.669470919805849
2022-09-11 00:00:00+00:00,0.2112435533648767,0.559409793874924,0.24009347109053922
2022-09-15 00:00:00+00:00,0.1034658276840705,0.010717788911869475,0.1298293394856394
2022-09-16 00:00:00+00:00,0.5076031493784363,0.12491459232688717,0.5401617443526807
2022-09-17 00:00:00+00:00,0.3767513910999852,0.3268766555917256,0.41517718405524556
2022-09-18 00:00:00+00:00,-0.2805467204735794,-0.6110650597399423,-0.2321595846225035
2022-09-22 00:00:00+00:00,0.5849315731934261,0.7017988807729565,0.6174242759837518
2022-09-23 00:00:00+00:00,0.16366966632455998,-0.07653261508236664,0.1889018484600998
2022-09-24 00:00:00+00:00,0.1697289850557783,0.5950979839118428,0.19827239723889215
2022-09-25 00:00:00+00:00,0.3720505619792243,0.026243099237520995,0.4168376562994108
2022-09-29 00:00:00+00:00,0.4362878670819788,-0.11398851056992282,0.4597402146969844
2022-10-01 00:00:00+00:00,0.23174808834071026,0.10360493112637523,0.26281553649045974
2022-10-06 00:00:00+00:00,0.10635997109061543,-0.35778686251413605,0.14125373311733383
2022-10-07 00:00:00+00:00,-0.04591152184993361,-0.09929060639386647,-0.017679690445483606
2022-10-08 00:00:00+00:00,0.2264275664564768,0.10911822256575894,0.2705916799334934
2022-10-09 00:00:00+00:00,0.26072798233565025,0.09948806584176237,0.28834488727259194
2022-10-13 00:00:00+00:00,0.40358705200014294,0.1411246300502702,0.43125743243373593
2022-10-15 00:00:00+00:00,0.20074366577107974,-0.09960392835506901,0.23075965128009407
2022-10-16 00:00:00+00:00,0.10174136905460819,-0.2127609087710961,0.13335810863999586
2022-10-20 00:00:00+00:00,-0.044660992897365914,-0.42979878218327144,-0.003144156350146716
2022-10-21 00:00:00+00:00,0.14877646521580434,-0.09097680719835252,0.17402300315430855
2022-10-22 00:00:00+00:00,0.21754159616879534,0.6634041059783232,0.2435826261794606
2022-10-23 00:00:00+00:00,-0.12010806256193778,0.019390431516731824,-0.07025045314659571
2022-10-27 00:00:00+00:00,0.19616563635035822,0.05014391881132679,0.2379680241182837
2022-10-28 00:00:00+00:00,-0.21203466690486678,-0.31944471297575616,-0.16912970184436338
2022-10-29 00:00:00+00:00,0.0007793164505892058,-0.34894784792522154,0.03396412484126986
2022-10-30 00:00:00+00:00,0.16446320006181828,-0.21654169137418008,0.1980991117897818
2022-11-03 00:00:00+00:00,-0.27993014464060434,-0.1876822475268032,-0.24601663993174558
2022-11-04 00:00:00+00:00,-0.2289338002287812,0.24291838943894226,-0.2002507526168731
2022-11-05 00:00:00+00:00,0.07196022984411372,0.28983503166192515,0.1041519033626932
2022-11-06 00:00:00+00:00,-0.06551483264995321,0.325882873089096,-0.03207764746370831
2022-11-10 00:00:00+00:00,0.18858465653513082,0.6461553112458271,0.22969529908800623
2022-11-11 00:00:00+00:00,-0.020255699897906786,-1.0331772640563557,0.0073325719352302626
2022-11-12 00:00:00+00:00,0.44908265406434206,0.08832198056239488,0.48036089823690414
2022-11-13 00:00:00+00:00,-0.15505805601451947,-0.8491861981303787,-0.10332698811021843
2022-11-17 00:00:00+00:00,0.5987076271983679,0.06272482600741114,0.6241590106423681
2022-11-18 00:00:00+00:00,0.35931620495887884,-0.13691869409456242,0.3865506115364423
2022-11-19 00:00:00+00:00,0.3216818996435697,0.30564441698444994,0.34734511830621495
2022-11-20 00:00:00+00:00,-0.12911611798128497,-0.47719261889617653,-0.07919225927698068
2022-11-24 00:00:00+00:00,0.4399447593614542,-0.10508226864339382,0.4640162009819149
2022-11-25 00:00:00+00:00,0.15344739493413168,-0.16191982899455482,0.19357019474119425
2022-11-26 00:00:00+00:00,0.15198917995241723,0.1412870302231147,0.1981999944253044
2022-11-27 00:00:00+00:00,0.03332824729494217,-0.07820203366474059,0.060893145799376
2022-12-01 00:00:00+00:00,0.3541999569267427,-0.07103104430428275,0.3781362262365222
2022-12-02 00:00:00+00:00,0.4340827699598614,0.1753117633399739,0.4590895294857048
2022-12-03 00:00:00+00:00,-0.018547673564189213,-0.16956436606263778,0.014698740268042227
2022-12-04 00:00:00+00:00,0.11744552309913706,-0.03483054873548505,0.15118895125792045
2022-12-08 00:00:00+00:00,0.09450932198074524,0.07399871848232256,0.13555396101731113
2022-12-09 00:00:00+00:00,0.23119621065691187,-0.058400558941043346,0.254844649620044
2022-12-10 00:00:00+00:00,0.12787616073804361,-0.042610216166607234,0.1573844052965665
2022-12-16 00:00:00+00:00,0.30684058245808216,0.8114817396708001,0.3386092688736867
2022-12-17 00:00:00+00:00,0.3763641751938654,0.012658439999708171,0.4025822484972839
2022-12-18 00:00:00+00:00,0.2261705171055852,-0.11377133955222937,0.26079085220978077
2022-12-22 00:00:00+00:00,0.13545403561367303,-0.08459902272558698,0.1736373115489251
2022-12-23 00:00:00+00:00,0.1428615799406367,-0.03240663765737134,0.18198315214477334
2022-12-24 00:00:00+00:00,0.06000288212930601,-0.0361241665127728,0.10565396065787637
2022-12-25 00:00:00+00:00,0.04337502559097165,-0.10146344245257008,0.07923456613537327
2022-12-29 00:00:00+00:00,0.18057326401067259,-0.04049504361729475,0.20709562529287315
2022-12-30 00:00:00+00:00,0.13346897064917138,-0.030537408129603122,0.16366356386230546
2022-12-31 00:00:00+00:00,0.12037770835946904,0.02860452946809626,0.14776702205717196
2023-01-01 00:00:00+00:00,-0.024011105277233803,-0.11764542276559609,0.025310569549745737
2023-01-07 00:00:00+00:00,0.13605059588127977,0.19802370241039424,0.16303778088228216
2023-01-08 00:00:00+00:00,-0.13933005548319982,-0.06107413943897212,-0.09301422361216707
2023-01-12 00:00:00+00:00,-0.4613218876278053,0.05538968804400263,-0.42598596460598026
2023-01-13 00:00:00+00:00,-1.705049590011548,-0.9207430117597046,-1.6589901243648275
2023-01-14 00:00:00+00:00,-0.31360412736312854,-0.7605215819718667,-0.2631103172763017
2023-01-15 00:00:00+00:00,0.7320826645522697,0.4131333208525007,0.7600683333330797
2023-01-19 00:00:00+00:00,-0.6579114439886155,-0.7455158848546516,-0.6184414150883052
2023-01-20 00:00:00+00:00,-1.5448542042182234,-0.04848351855195676,-1.4962773373278295
2023-01-21 00:00:00+00:00,0.6307575073533652,0.5245039086336087,0.6562289951681274
2023-01-22 00:00:00+00:00,0.3142687046072362,0.04333490105536103,0.34394347544629894
2023-01-26 00:00:00+00:00,0.4455829481683168,0.024572368506797282,0.4706592133327518
2023-01-27 00:00:00+00:00,0.2059232864548374,-0.13033916900359885,0.22860972743155333
2023-01-28 00:00:00+00:00,0.22338418100983665,0.06510037142602612,0.2538526559425504
2023-01-29 00:00:00+00:00,-0.3505699790185337,-0.6073084369302335,-0.2999922875171475
2023-02-02 00:00:00+00:00,0.22154586696171052,-0.04047299618527289,0.24900326900830944
2023-02-03 00:00:00+00:00,0.30708423645819766,0.0683840782084762,0.3298826373576505
2023-02-04 00:00:00+00:00,0.222601986988964,0.13652812952891255,0.2530530193440726
2023-02-05 00:00:00+00:00,-0.0635016867842362,-0.2478784743619814,-0.030431804187776985
2023-02-09 00:00:00+00:00,-0.2576708126314499,0.4534911949383394,-0.22465837587014306
2023-02-10 00:00:00+00:00,0.32989599653142093,-0.027007204367866078,0.35653031611860186
2023-02-11 00:00:00+00:00,0.11083413569486787,0.27534144937991434,0.15770762740066954
2023-02-12 00:00:00+00:00,0.1324404908704342,0.7599122449172543,0.16205859382642185
2023-02-16 00:00:00+00:00,0.1935894914518806,0.07425919373228915,0.2270019435442289
2023-02-17 00:00:00+00:00,0.21579518726048658,0.4194410455070612,0.2570270556817095
2023-02-18 00:00:00+00:00,0.5222753217546112,0.2333802436640388,0.5490197654419624
2023-02-19 00:00:00+00:00,0.36498584499462305,0.3099957605707042,0.39478664698119065
2023-02-24 00:00:00+00:00,-0.08225316697569118,0.19012510722792814,-0.04309416407535178
2023-02-25 00:00:00+00:00,0.16764525470829347,0.364295906672357,0.19670583628966642
2023-02-26 00:00:00+00:00,0.04275476833670009,0.06971798317514873,0.09070326993377191
2023-03-03 00:00:00+00:00,0.28224221407945077,0.9076040416585907,0.30509539526167495
2023-03-04 00:00:00+00:00,0.18408699308693874,0.386789178850479,0.2121699411404312
2023-03-05 00:00:00+00:00,0.16108034150219472,0.1002535042604786,0.19111288682623898
2023-03-09 00:00:00+00:00,-1.1709863920219556,-0.26766561878420714,-1.1344554652265522
2023-03-10 00:00:00+00:00,0.0077894937310173315,-0.13805278685219113,0.03889310219793758
2023-03-11 00:00:00+00:00,-0.005383754011305137,0.3550411391192859,0.043405164238668005
2023-03-12 00:00:00+00:00,-1.2812052761308215,-0.143721858454964,-1.228415871828867
2023-03-17 00:00:00+00:00,0.006942857454538156,1.6714145581070616,0.05106206076795931
2023-03-18 00:00:00+00:00,0.3167655880178502,0.11824315373055208,0.34972157901356465
2023-03-19 00:00:00+00:00,-0.15873355444613665,-0.18106474890787416,-0.12503472883120342
2023-03-24 00:00:00+00:00,0.6120234442416594,0.7245988153923397,0.6359147147567408
2023-03-25 00:00:00+00:00,0.35651307134083776,0.18094424388749145,0.3836632958738276
2023-03-26 00:00:00+00:00,-0.010646761430045885,-0.03333343778067329,0.0380861796725402
2023-03-31 00:00:00+00:00,0.36385413539657047,0.03295148827638267,0.39234148265961105
2023-04-01 00:00:00+00:00,0.2840424796447987,-0.13606829993953073,0.3105934512406286
2023-04-02 00:00:00+00:00,0.10560545402888642,-0.1813375961235576,0.13902137777277315
2023-04-06 00:00:00+00:00,0.3129760277480986,0.09629708771169043,0.34878025640195076
2023-04-07 00:00:00+00:00,0.19405262724650657,-0.06828956458581581,0.2189831011283274
2023-04-08 00:00:00+00:00,0.16720992395913448,0.3587167063952458,0.19300728060455108
2023-04-09 00:00:00+00:00,-0.06548986601543813,0.07953406100575725,-0.016510170853000862
2023-04-13 00:00:00+00:00,0.03060943777534157,-0.003586673923480676,0.05866799882989604
2023-04-14 00:00:00+00:00,0.16958679786451478,-0.22831468408571795,0.2068637036094895
2023-04-15 00:00:00+00:00,0.15044863433547934,0.4338795048731524,0.18160170992972893
2023-04-16 00:00:00+00:00,0.03214350924059918,0.13080794885623748,0.05953293253741526
2023-04-21 00:00:00+00:00,-0.3011365095786557,0.020497362229253746,-0.25607225389712596
2023-04-22 00:00:00+00:00,-0.13278062289545356,-0.07522534180927165,-0.08304582445928098
2023-04-23 00:00:00+00:00,0.04470161195397864,0.18108784282090767,0.08997474286173711
2023-04-27 00:00:00+00:00,0.3828610232600705,0.6180347792077203,0.40857347826540497
2023-04-28 00:00:00+00:00,0.2061461666358005,-0.12285346225794797,0.23322214934058982
2023-04-29 00:00:00+00:00,0.08097263572984036,0.00982936083133465,0.11164294583926244
2023-04-30 00:00:00+00:00,-0.2985413936177068,-0.502792285023799,-0.2694920184544458
2023-05-04 00:00:00+00:00,0.2365852015995359,-0.011579768669122859,0.2581074672047297
2023-05-05 00:00:00+00:00,0.1951652241316946,0.2207734646911594,0.21878317702980726
2023-05-06 00:00:00+00:00,-0.17298050325225506,-0.16341891382247262,-0.1350043045374483
2023-05-07 00:00:00+00:00,-0.08908319188357346,-0.04139351247618269,-0.05437204989954177
2023-05-11 00:00:00+00:00,-0.17255931280726403,-0.06620814914302012,-0.14954286688127907
2023-05-12 00:00:00+00:00,0.2671811647161222,0.0357000575042673,0.3058815095865967
2023-05-13 00:00:00+00:00,0.17717627560087892,-0.027020345265083873,0.20392177004759826
2023-05-14 00:00:00+00:00,-0.030661047745591048,-0.2733189927517746,0.0008046300834935843
2023-05-18 00:00:00+00:00,0.19149434626500814,0.2956178119334845,0.21610557066408656
2023-05-19 00:00:00+00:00,0.19109604591390028,-0.06807772741250989,0.22633569287799213
2023-05-20 00:00:00+00:00,0.1143815202308667,0.200265298352586,0.15918156965955005
2023-05-21 00:00:00+00:00,-0.062074160823826476,-0.006526602760062797,-0.029636786718851373
2023-05-25 00:00:00+00:00,-0.01309263696093008,-0.1860337873026439,0.019830404361591496
2023-05-26 00:00:00+00:00,-0.0269683958873624,-0.15436068634325115,0.005078142919964779
2023-05-27 00:00:00+00:00,0.013311332638362526,-0.06635557637100906,0.06470749665674116
2023-05-28 00:00:00+00:00,-1.0386105479880294,-1.1524239524875528,-0.9856334267839233
2023-06-01 00:00:00+00:00,0.0611766203409404,-0.11867029110338737,0.09692315501234035
2023-06-02 00:00:00+00:00,0.15806550184914642,0.07832573909927538,0.196156681740803
2023-06-03 00:00:00+00:00,0.12658832342288714,0.5692605698078985,0.15940332878181568
2023-06-04 00:00:00+00:00,0.0519835552615709,0.06255448806354375,0.08227808168150848
2023-06-08 00:00:00+00:00,-0.21318658535594875,-0.5471509645902048,-0.1759227392020996
2023-06-09 00:00:00+00:00,-0.3527348991427908,-0.08594664259418361,-0.3103887164165594
2023-06-10 00:00:00+00:00,-0.3402755730124227,-0.4225521343533537,-0.30347350407975543
2023-06-11 00:00:00+00:00,0.24080912730026413,0.32756935158415196,0.27051912600486844
2023-06-15 00:00:00+00:00,-0.2090461058111676,-0.1788343561212458,-0.17356579432117
2023-06-16 00:00:00+00:00,-0.5965318650598374,-0.376905352408905,-0.5631440885465728
2023-06-17 00:00:00+00:00,0.04746688446293512,0.5005052867133908,0.09577680216254301
2023-06-18 00:00:00+00:00,0.1412472408611149,0.43835051464160163,0.18552579343925257
2023-06-22 00:00:00+00:00,0.17908677515531135,-0.25962711588949966,0.20409672843557433
2023-06-23 00:00:00+00:00,-0.0022856262242480826,-0.047123958119848666,0.040514539413425726
2023-06-24 00:00:00+00:00,0.28339533426552094,0.03250446610919128,0.3182309995811154
2023-06-25 00:00:00+00:00,0.20470564563427335,0.06113279797298904,0.24516866733310133
2023-06-29 00:00:00+00:00,0.21450740672966404,0.15156287495243867,0.23766335096865807
2023-06-30 00:00:00+00:00,0.1231039302504099,-0.05686201216303989,0.1628802293340895
2023-07-01 00:00:00+00:00,0.2157752134670569,0.06970905314507175,0.25048709913719047
2023-07-02 00:00:00+00:00,0.12027852329399231,-0.01926792267004178,0.14912275356981555
2023-07-06 00:00:00+00:00,0.01802810131915799,0.05655175352795415,0.04151511765447124
2023-07-07 00:00:00+00:00,0.1534364459421865,0.016884431655396798,0.17723720570943047
2023-07-08 00:00:00+00:00,0.10400144423977553,0.10120350026647117,0.13351988508455742
2023-07-09 00:00:00+00:00,0.0884571161763121,-0.0038526618826661557,0.1340676741542567
2023-07-13 00:00:00+00:00,-0.031478116166412544,0.507658296006977,-0.002727901083063022
2023-07-14 00:00:00+00:00,-0.182374152213469,0.20707156899728904,-0.15348825095284616
2023-07-15 00:00:00+00:00,0.1471073394962216,-0.038885985271754436,0.17529791982444742
2023-07-16 00:00:00+00:00,0.18753309801197118,0.059964904939177416,0.21543775269075946
2023-07-20 00:00:00+00:00,0.1874011893445607,0.0703303746187614,0.22339551358406118
2023-07-21 00:00:00+00:00,0.14252242695672923,-0.09000072273056567,0.18432169602092358
2023-07-22 00:00:00+00:00,0.017319620659666496,-0.03228521168633275,0.05169180145508318
2023-07-23 00:00:00+00:00,0.07371496247791812,0.08215259929376818,0.10631253452426348
2023-07-27 00:00:00+00:00,0.14240937437614798,0.05176216449890281,0.16462151884193257
2023-07-28 00:00:00+00:00,0.16432649859333895,-0.026965897233862862,0.18972461317057487
2023-07-29 00:00:00+00:00,0.07540488739107397,0.1794605416520259,0.1053825385810621
2023-07-30 00:00:00+00:00,0.041521384680359714,0.0027563266869091024,0.06727929720663321
2023-08-03 00:00:00+00:00,0.27319998948761526,0.02069930277012383,0.29460226115647453
2023-08-04 00:00:00+00:00,0.0802788253489836,-0.00983556116972402,0.1202522852826216
2023-08-05 00:00:00+00:00,0.08128300824464439,-0.07027266342062032,0.10913225924740345
2023-08-06 00:00:00+00:00,0.0958367219635189,0.09039779595708819,0.12356396523308245
2023-08-10 00:00:00+00:00,0.22814801807071847,0.10060164901280944,0.24770989576887698
2023-08-11 00:00:00+00:00,0.1115812976063259,-0.05560982412409016,0.1344642282607695
2023-08-12 00:00:00+00:00,0.048270340402803015,0.05398368758818625,0.08669389849906481
2023-08-17 00:00:00+00:00,-0.6468316021632707,0.5514393889068803,-0.6218883277082863
2023-08-18 00:00:00+00:00,0.3674580244169936,0.3112575766851531,0.3931568643304564
2023-08-19 00:00:00+00:00,0.16020177782816097,0.024488256003846243,0.20325836867811983
2023-08-20 00:00:00+00:00,0.21453581856351814,-0.0598211192081661,0.2518203848736491
2023-08-24 00:00:00+00:00,0.0723818116014486,-0.03976804808226546,0.10449812756379252
2023-08-25 00:00:00+00:00,0.19953404075413833,-0.008093015443337653,0.22376047803390012
2023-08-26 00:00:00+00:00,0.09900260186172764,0.33717271941452626,0.1259439866232639
2023-08-27 00:00:00+00:00,0.02867735188167572,0.327301289704752,0.059586957069310754
2023-08-31 00:00:00+00:00,-0.38949640622645815,0.35669131607246657,-0.35421761925951967
2023-09-01 00:00:00+00:00,0.16527882360030077,0.027076023971333074,0.19266440869757634
2023-09-02 00:00:00+00:00,0.036686351248457094,-0.0167364343758757,0.08293001470131582
2023-09-03 00:00:00+00:00,0.04112701389996274,-0.034168115955081575,0.07247231717707531
2023-09-07 00:00:00+00:00,0.08899834704585402,0.24641110663843394,0.1231915112823519
2023-09-08 00:00:00+00:00,0.003172900377224498,0.08790237371068883,0.04120994135412593
2023-09-09 00:00:00+00:00,0.041096809504633236,0.010738116211899067,0.08112124353949988
2023-09-10 00:00:00+00:00,-0.01673287386395256,-0.05201865834132957,0.03726044766595411
2023-09-14 00:00:00+00:00,0.23978324809675355,-0.006182044434785372,0.2631024272233528
2023-09-15 00:00:00+00:00,0.2098545882102609,-0.010860587555821533,0.23585140775485655
2023-09-16 00:00:00+00:00,0.16548779755851747,0.07765274734322901,0.19263490369893319
2023-09-17 00:00:00+00:00,0.01329388594089656,0.006146767209182689,0.04103370653748246
2023-09-22 00:00:00+00:00,0.1288170788710308,-0.09362372245666381,0.1572756683401746
2023-09-23 00:00:00+00:00,0.0693405287426349,0.17621975122545214,0.09426936700607758
2023-09-24 00:00:00+00:00,-0.21283148276719469,-0.03232850378705204,-0.16247906337784723
2023-09-28 00:00:00+00:00,-0.07446394716732153,0.29337629522828607,-0.04286767487501891
2023-09-29 00:00:00+00:00,0.12112908077009153,-0.04992137274218485,0.14598491023211568
2023-09-30 00:00:00+00:00,-0.01948641850225137,0.10999135031667419,0.018655960830394766
2023-10-01 00:00:00+00:00,-0.6911642980112808,-0.7373890428394615,-0.6517525288291359
2023-10-05 00:00:00+00:00,0.048419134406379884,0.03373014127421725,0.08179906578314564
2023-10-06 00:00:00+00:00,-0.09959932918445663,0.027189369339974817,-0.07090149949477961
2023-10-07 00:00:00+00:00,0.05832570092197305,0.05649722391165912,0.085679502756168
2023-10-08 00:00:00+00:00,0.09209431255373879,0.013195875230942775,0.13713377160568266
2023-10-12 00:00:00+00:00,0.2050526013945347,0.0052353270714169675,0.23506245489870087
2023-10-13 00:00:00+00:00,0.27085159867123,0.060354925464738196,0.2943767052793572
2023-10-14 00:00:00+00:00,0.12852490354388918,0.2776645519058954,0.15833530333827392
2023-10-15 00:00:00+00:00,-0.47296834529569687,-0.23887706801280761,-0.43887907905914875
2023-10-19 00:00:00+00:00,-0.248241467697085,-0.12023395244002882,-0.21273748349324892
2023-10-20 00:00:00+00:00,0.09207266248530456,0.4219545052460072,0.12800532020774108
2023-10-21 00:00:00+00:00,-0.019296716610948745,0.26309193874244957,0.029619517772784768
2023-10-22 00:00:00+00:00,0.015689560941391324,0.49684839908085676,0.061506158038300104
2023-10-26 00:00:00+00:00,0.28916328020324533,0.11162599460434436,0.31929793002851214
2023-10-27 00:00:00+00:00,0.36866883731145594,0.026340855728979873,0.40185109650534434
2023-10-28 00:00:00+00:00,0.0450987655459119,-0.08009856941426287,0.07675939094703645
2023-10-29 00:00:00+00:00,-0.020549025583808205,-0.4965568520433598,0.01365651245683067
2023-11-02 00:00:00+00:00,0.3314555810193454,0.2888008783095001,0.35275104872774976
2023-11-03 00:00:00+00:00,0.16754836526792202,-0.24155164322244113,0.2016261172425341
2023-11-04 00:00:00+00:00,0.0031601932643360213,-0.13076870157209572,0.05061052878220838
2023-11-05 00:00:00+00:00,0.2006653847285271,0.469588349123655,0.23059588039633197
2023-11-09 00:00:00+00:00,0.2267854074526479,0.320259352818928,0.24986477496843948
2023-11-10 00:00:00+00:00,0.09168954034501062,-0.26615571091413737,0.12073719707204193
2023-11-11 00:00:00+00:00,0.23228877972761827,0.3366116823526043,0.2736167805955713
2023-11-12 00:00:00+00:00,0.26968320846682925,0.18940641718661344,0.29853704401314446
2023-11-16 00:00:00+00:00,0.06468999758012611,0.45396492073627903,0.08817469522076508
2023-11-17 00:00:00+00:00,0.20831111591695253,-0.2174871419782368,0.2325590379353969
2023-11-18 00:00:00+00:00,0.22521139929235912,0.23389756065476017,0.269169981044689
2023-11-19 00:00:00+00:00,-0.042744042631048,-0.255460303257355,-0.0019318006649138625
2023-11-23 00:00:00+00:00,0.30619759017307635,-0.058057380300586214,0.33627331821907
2023-11-24 00:00:00+00:00,0.2595305340093694,0.12384874636682189,0.2846554318575644
2023-11-25 00:00:00+00:00,0.13595254216994304,-0.10809608855104086,0.16556852399147742
2023-11-26 00:00:00+00:00,0.06834996082148864,-0.07982855567399788,0.11305531979221597
2023-11-30 00:00:00+00:00,0.00662291710762935,-0.06320965069210248,0.03277154077117052
2023-12-01 00:00:00+00:00,-0.01854291387668744,0.19057409713565615,0.017539249341862562
2023-12-02 00:00:00+00:00,-0.2132695388402306,-0.10596052293514321,-0.1627675742447277
2023-12-03 00:00:00+00:00,-0.2869752668915215,-0.0815316036159191,-0.24019803766166145
2023-12-07 00:00:00+00:00,0.05294269719089041,-0.05569908857100134,0.07973558459024387
2023-12-08 00:00:00+00:00,0.2761948410042252,0.4131734874523823,0.30046092291950066
2023-12-09 00:00:00+00:00,0.061973048600095205,0.09206749332659597,0.0947448344962552
2023-12-10 00:00:00+00:00,-0.5801740289316595,-0.560089451439,-0.5518984083960643
2023-12-14 00:00:00+00:00,0.08439320159818414,-0.1881867071754162,0.1081504448525309
2023-12-15 00:00:00+00:00,-0.027382309847301473,0.15412736586574066,0.013168815774220665
2023-12-16 00:00:00+00:00,0.08236290404383598,0.17058592796213856,0.11550123743913751
2023-12-17 00:00:00+00:00,-0.0879271925194517,-0.04347635179758023,-0.038970604985709305
2023-12-21 00:00:00+00:00,0.24919025632615713,-0.04892234081604427,0.2693644129985387
2023-12-22 00:00:00+00:00,0.3211238857427362,0.027408160473590792,0.35288239793343223
2023-12-23 00:00:00+00:00,0.07311283169677786,0.013186325797462845,0.10721212363173639
2023-12-24 00:00:00+00:00,-0.08943104318067625,-0.2502511212594129,-0.053104154061573955
2023-12-28 00:00:00+00:00,0.10021925729422293,0.038161051900690336,0.12332199620720367
2023-12-29 00:00:00+00:00,0.031100483190712423,-0.06966615342287677,0.06326208012396355
2023-12-30 00:00:00+00:00,0.1216592667239695,0.15938860780896696,0.15168153379434557
2023-12-31 00:00:00+00:00,0.2374303800628449,0.5806248112619055,0.27965436939830113
2024-01-04 00:00:00+00:00,0.12528329038832836,0.11401571312155774,0.15795419980513686
2024-01-05 00:00:00+00:00,0.5910530602466941,0.21826921380127678,0.6162518966759402
2024-01-06 00:00:00+00:00,0.3167636143592215,0.25592553820495567,0.3423872158703558
2024-01-07 00:00:00+00:00,0.2768875462028299,-0.07717545370235818,0.3028445150766238
2024-01-11 00:00:00+00:00,-0.3311568144146222,-0.7199733627339363,-0.2961873400004642
2024-01-12 00:00:00+00:00,-0.8887190786586697,0.14951429652329395,-0.8468004311407472
2024-01-13 00:00:00+00:00,0.4146782444027548,0.28497813828812635,0.44304619245054006
2024-01-14 00:00:00+00:00,-0.24385012835411501,-0.4241413890349257,-0.20627140790308895
2024-01-18 00:00:00+00:00,-0.1593103671898194,0.1413013054556277,-0.13489746025186058
2024-01-19 00:00:00+00:00,0.28347974177484986,-0.073074765060884,0.3077976018242714
2024-01-20 00:00:00+00:00,0.18919165557733006,0.14701832447173363,0.21889098753532363
2024-01-21 00:00:00+00:00,-0.009829917703933018,0.04123071559755973,0.020738695843759217
2024-01-25 00:00:00+00:00,-0.1779604410632675,-0.5601097592177768,-0.14232779092424733
2024-01-26 00:00:00+00:00,-0.09657045216776275,0.5547221339188735,-0.0685838766443508
2024-01-27 00:00:00+00:00,0.01457185501187609,0.015241595300993444,0.056458805571696476
2024-01-28 00:00:00+00:00,0.19058764647339876,0.1731349906798978,0.23280885900260634
2024-02-01 00:00:00+00:00,0.16565252139096082,-0.13510615973230566,0.19780755064045452
2024-02-02 00:00:00+00:00,0.11953107036031488,-0.07753208340077727,0.1619436124161657
2024-02-03 00:00:00+00:00,0.05984719320442472,0.1646187677088866,0.09664721089643258
2024-02-04 00:00:00+00:00,-0.14946125127682158,-0.032803462185355195,-0.10166462532006929
2024-02-08 00:00:00+00:00,-0.2639682205555102,-0.1530190419266296,-0.2281664462562109
2024-02-09 00:00:00+00:00,-0.0773684554006583,0.5165431391040235,-0.04109149682077975
2024-02-10 00:00:00+00:00,-0.0297534373967105,0.109908269176035,0.0029350022521897885
2024-02-11 00:00:00+00:00,0.044682747108590624,0.12077135839194336,0.0958427316274446
2024-02-15 00:00:00+00:00,0.40850108767591387,0.08656371359790904,0.438202109245347
2024-02-16 00:00:00+00:00,0.18749068593081372,-0.20022176998783328,0.2283839321072459
2024-02-17 00:00:00+00:00,0.06585388911552142,-0.17829825702079258,0.1121817342047475
2024-02-18 00:00:00+00:00,0.05808759822707894,-0.0695131069633322,0.09077017718541967
2024-02-23 00:00:00+00:00,0.29476084078131237,0.07864045493506142,0.3323747463229935
2024-02-24 00:00:00+00:00,-0.07173654132108684,0.43562546206749053,-0.03737210805489678
2024-02-25 00:00:00+00:00,0.13685951325740564,0.9072789103902796,0.18009161973109836
2024-02-29 00:00:00+00:00,0.2631284061890586,-0.5259141883495897,0.2847086925031136
2024-03-01 00:00:00+00:00,0.27099740588406745,0.025540824450077243,0.3076799196079696
2024-03-02 00:00:00+00:00,0.09935563428666361,0.48073035231702904,0.13069088639263535
2024-03-03 00:00:00+00:00,-0.0924243821997146,-0.058409072150225234,-0.042377404925989993
2024-03-07 00:00:00+00:00,0.17210707630792993,-0.1701182357351917,0.19450866406078504
2024-03-08 00:00:00+00:00,0.0435673846258822,-0.15830780119975088,0.08088568271862953
2024-03-09 00:00:00+00:00,0.17001080580065026,0.22639238956684035,0.2095542075749379
2024-03-10 00:00:00+00:00,-0.3779422651221815,-0.5528138204117792,-0.33703321496142996
2024-03-14 00:00:00+00:00,-0.5931192337567772,-0.5530928416811269,-0.5591846557096848
2024-03-15 00:00:00+00:00,-0.19476697318660507,-0.2750451240173983,-0.14699422858889394
2024-03-16 00:00:00+00:00,-0.7332843189135477,-0.36597045392537086,-0.6932284630835651
2024-03-17 00:00:00+00:00,0.12127682847359944,0.04750806137987493,0.15543316841516033
2024-03-21 00:00:00+00:00,-0.022942705432119993,0.012885796959364176,0.018595565071035183
2024-03-22 00:00:00+00:00,0.02949712527985909,-0.040626610224336265,0.05987969477734512
2024-03-23 00:00:00+00:00,0.20980753854779793,0.2673348841905357,0.2529033890196689
2024-03-24 00:00:00+00:00,-0.4098437928161026,-0.3316618967043691,-0.3734376807650131
2024-03-28 00:00:00+00:00,0.519061463308673,0.12161872108987698,0.5407275570380558
2024-03-29 00:00:00+00:00,0.3842462154352294,0.14773153056553454,0.41635146268628076
2024-03-30 00:00:00+00:00,0.12672396239454928,0.16551262824582555,0.16831899006157622
2024-03-31 00:00:00+00:00,-0.25600278213996164,-0.2623460396119119,-0.22479902531267143
2024-04-04 00:00:00+00:00,0.06819580383480893,0.21470184711719692,0.10085637387305986
2024-04-05 00:00:00+00:00,0.03447610329896052,-0.35239571111121,0.07589546827252429
2024-04-06 00:00:00+00:00,-0.13977819905972957,-0.3061804159900354,-0.08948827710119849
2024-04-07 00:00:00+00:00,-0.04994272528168164,-0.3705936595274143,-0.007418601871524256
2024-04-11 00:00:00+00:00,-0.25237278660468865,-0.659311573255779,-0.2260557837261317
2024-04-12 00:00:00+00:00,-0.48130715335266805,-0.011860540833683153,-0.44978473707698263
2024-04-13 00:00:00+00:00,-0.4427237596521021,-0.25226639154596375,-0.4051485491427494
2024-04-14 00:00:00+00:00,0.2802241761988386,0.22894963544542576,0.3123886975536984
2024-04-18 00:00:00+00:00,-0.05765782499050416,0.005795373734318765,-0.012552359701177462
2024-04-19 00:00:00+00:00,0.08748255968257135,-0.40787312250696856,0.11624424578744647
2024-04-20 00:00:00+00:00,0.035488044350250075,-0.16367817937987925,0.06926096985756339
2024-04-21 00:00:00+00:00,0.11603587859089425,-0.19197961130858787,0.15565141648486613
2024-04-25 00:00:00+00:00,0.15272769463975877,-0.33569664224885554,0.17692390933355184
2024-04-26 00:00:00+00:00,0.1131909224443117,-0.003462775891803424,0.1461431068992875
2024-04-27 00:00:00+00:00,0.1140510694383365,0.34362206942297113,0.14685126935998769
2024-04-28 00:00:00+00:00,0.259363998998867,0.4726935313276344,0.285527643256348
2024-05-02 00:00:00+00:00,-0.20062853991771407,-0.5819636177670505,-0.17654019322115003
2024-05-03 00:00:00+00:00,-1.2155454287362926,-0.3550785700755852,-1.1698288361876492
2024-05-04 00:00:00+00:00,-0.025854124291750175,-0.09138026216505077,0.022938634521131037
2024-05-05 00:00:00+00:00,0.1756402452568548,0.009994612259548508,0.21649297747577492
2024-05-09 00:00:00+00:00,-0.00280619522869825,0.12626719459748253,0.026874334857421838
2024-05-10 00:00:00+00:00,-0.3513551023497043,-0.07586038767247255,-0.31847447287554365
2024-05-11 00:00:00+00:00,0.30861144736597346,0.3619019454606944,0.33488852938684205
2024-05-12 00:00:00+00:00,-0.025578062444238877,0.16224459628420387,0.004034279042519727
2024-05-16 00:00:00+00:00,0.3482129720115397,0.08476410306341264,0.3781277161973812
2024-05-17 00:00:00+00:00,0.18900444618450402,0.15785322721088657,0.22653826675667926
2024-05-18 00:00:00+00:00,0.1486184471917462,0.2360511048064161,0.17690532596963868
2024-05-19 00:00:00+00:00,0.15050844491940257,0.3478426788187982,0.1865955161099961
2024-05-23 00:00:00+00:00,0.06695885870162094,0.09332415289647587,0.09248644773923646
2024-05-24 00:00:00+00:00,-0.12984876769307527,-0.35664375023522543,-0.09821212446740345
2024-05-25 00:00:00+00:00,0.14573768496011652,-0.10582950655349582,0.17394057725422363
2024-05-26 00:00:00+00:00,-0.02348550647017641,-0.13970509776617757,0.025619869863156352
2024-05-30 00:00:00+00:00,0.1821613573330896,0.06168035754646879,0.20435952898882118
2024-05-31 00:00:00+00:00,0.18825817112686166,0.03330639849131556,0.21759831232202848
2024-06-01 00:00:00+00:00,0.18012901123978528,0.19864271818459506,0.20690207910580233
2024-06-02 00:00:00+00:00,-0.20011672663550495,-0.30977887012484623,-0.16893339546859037
2024-06-06 00:00:00+00:00,0.049687872942898434,-0.3243366972846548,0.07215566745857957
2024-06-07 00:00:00+00:00,-0.00024211648847108217,0.037309599557336905,0.0419420620308077
2024-06-08 00:00:00+00:00,0.17707168440358903,0.08655804866041397,0.20452788222163487
2024-06-09 00:00:00+00:00,0.21218506649148605,0.24524034104311682,0.23985651467146055
2024-06-14 00:00:00+00:00,0.12076350905999446,0.048584825759534794,0.16140789234602115
2024-06-15 00:00:00+00:00,0.1660109093321037,-0.05706688071364713,0.20812652026747105
2024-06-16 00:00:00+00:00,0.06620933970000778,0.01526158709193274,0.10008040855929816
2024-06-20 00:00:00+00:00,0.015316501328885897,-0.13760249170462302,0.03833721106289223
2024-06-21 00:00:00+00:00,0.255831701721321,0.1776910321321537,0.2898126329441565
2024-06-22 00:00:00+00:00,0.10412687338324679,0.1434020824418974,0.13311494913988395
2024-06-23 00:00:00+00:00,-0.18870667316575257,-0.03929068592772281,-0.13834299400534178
2024-06-27 00:00:00+00:00,0.2278219457150136,0.050897427118352684,0.25859428124486833
2024-06-28 00:00:00+00:00,0.30278675547544703,0.334269016320663,0.33034891634289143
2024-06-29 00:00:00+00:00,-0.04745373662874624,0.2482998722291973,5.725093214404018e-05
2024-06-30 00:00:00+00:00,-0.4119558411145036,-0.21688163053579804,-0.37164112914025477
2024-07-04 00:00:00+00:00,-0.4992684863870353,0.44163449831004703,-0.47294910241569427
2024-07-05 00:00:00+00:00,0.04555636194881576,-0.44703603535207015,0.07741075442206177
2024-07-06 00:00:00+00:00,-0.34303457000710375,-0.4754480380256946,-0.3057730226926935
2024-07-07 00:00:00+00:00,-0.6481547742503126,-0.7841288598851504,-0.6091152917511196
2024-07-11 00:00:00+00:00,0.26315874521464067,0.04030145837415838,0.31308952173585586
2024-07-12 00:00:00+00:00,-0.22274020968237143,-0.4308700544318975,-0.1817887397444831
2024-07-13 00:00:00+00:00,-0.3248548982635993,-0.19914755504070505,-0.274067061588709
2024-07-14 00:00:00+00:00,-0.3153969777394496,-0.1827183887636437,-0.2754669002794825
2024-07-18 00:00:00+00:00,-0.34495031961103895,-0.7824187264452274,-0.3194248506079363
2024-07-19 00:00:00+00:00,-0.2680295996954966,0.34385276217719546,-0.22290800532630076
2024-07-20 00:00:00+00:00,0.2504571128063107,0.11162728461830618,0.2793993334486412
2024-07-21 00:00:00+00:00,0.15854216170241328,-0.07040657750344409,0.18909417066157902
2024-07-25 00:00:00+00:00,-0.08916156674061473,-0.25410843110620335,-0.06460145507902526
2024-07-26 00:00:00+00:00,0.8242328677097503,0.9832310483492258,0.848804031051673
2024-07-27 00:00:00+00:00,0.6039349099329373,0.4593305099357102,0.6442112606353858
2024-07-28 00:00:00+00:00,-0.11837917641845719,-0.09643802379402669,-0.0858422211523342
2024-08-01 00:00:00+00:00,-0.18025094682696127,-0.2757349782998026,-0.15581472736814633
2024-08-02 00:00:00+00:00,-0.408818726300955,0.518221839410727,-0.3803473921970677
2024-08-03 00:00:00+00:00,0.1024973441268395,0.9547867783180387,0.13630180274546155
2024-08-04 00:00:00+00:00,-0.4529276784523351,0.09554528800543333,-0.40945000503675516
2024-08-08 00:00:00+00:00,-0.3412608843527704,1.3338655626605838,-0.3174452518707645
2024-08-09 00:00:00+00:00,0.5312919714267205,-0.27343500401875764,0.5531753077092405
2024-08-10 00:00:00+00:00,0.15797047946177337,0.3238858083363967,0.18897014506497653
2024-08-11 00:00:00+00:00,-0.39475204301411276,-0.5588451729201608,-0.34574563479931
2024-08-15 00:00:00+00:00,0.35200590796705367,0.3367808746051336,0.3824397607123121
2024-08-16 00:00:00+00:00,0.20181984421058918,0.19823318188074862,0.22870568580898154
2024-08-17 00:00:00+00:00,0.07502928268148194,0.097942218809773,0.11053797214126902
2024-08-18 00:00:00+00:00,0.16406359481196037,0.08981854319550107,0.20439401058196233
2024-08-22 00:00:00+00:00,-0.21956563637192647,-0.5688445459407131,-0.19328243757711006
2024-08-23 00:00:00+00:00,-0.4301551871909675,0.30899341202821035,-0.3998420711609948
2024-08-24 00:00:00+00:00,0.29429447845905526,0.39222335807287223,0.32512938982190775
2024-08-25 00:00:00+00:00,0.19150947288737777,0.35420798558027344,0.23270152841916047
2024-08-29 00:00:00+00:00,0.3426856643089377,-0.047807261882421126,0.36490099753585786
2024-08-30 00:00:00+00:00,0.08207732705159158,-0.2898165950770187,0.10728408306836719
2024-08-31 00:00:00+00:00,0.040178759720608255,0.11278926971184647,0.07920908357010976
2024-09-01 00:00:00+00:00,-0.3524612116947733,-0.4886211627448126,-0.31575062665830633
2024-09-05 00:00:00+00:00,-0.10203936289638076,0.15913757798607642,-0.06593069854389894
2024-09-06 00:00:00+00:00,0.3287807029499753,0.6163412214917714,0.3672111167963402
2024-09-07 00:00:00+00:00,0.185705178790049,0.12243250884916825,0.21470265029644106
2024-09-08 00:00:00+00:00,0.06729952327372966,0.0232466413173429,0.1006089064539613
2024-09-12 00:00:00+00:00,-0.08264877333110424,-0.2585933842179871,-0.04737559526550839
2024-09-13 00:00:00+00:00,0.1912864984565494,0.7162612770470334,0.22977853879896512
2024-09-14 00:00:00+00:00,0.06851183197912238,-0.010195428422065542,0.10752569178771221
2024-09-15 00:00:00+00:00,-0.0340599938408756,0.2649988688210768,0.002164005129812519
2024-09-19 00:00:00+00:00,0.17356178594970698,0.10027575086061787,0.19599862651436503
2024-09-20 00:00:00+00:00,0.3402523264100844,-0.06255353702320232,0.36927526256840415
2024-09-21 00:00:00+00:00,0.1689990921702456,0.018469102346529404,0.202860020273275
2024-09-22 00:00:00+00:00,0.262224330147639,0.19714881450039806,0.29602408128827024
2024-09-26 00:00:00+00:00,0.03694037221020651,0.31256148062550215,0.062342029441197745
2024-09-27 00:00:00+00:00,0.36190626848025237,0.21954190492979694,0.38633426512440805
2024-09-28 00:00:00+00:00,0.15639723675268832,0.1540098567213713,0.18619752521729066
2024-09-29 00:00:00+00:00,-0.1986735822221761,-0.041780387134903535,-0.1605144908259885
2024-10-03 00:00:00+00:00,0.18227007568194992,0.016241787574732935,0.2064686693635199
2024-10-04 00:00:00+00:00,0.20006662838136344,0.2322996400246143,0.2276889951842685
2024-10-05 00:00:00+00:00,0.15755186870576143,0.03086010941431258,0.18903159037466216
2024-10-06 00:00:00+00:00,-0.044318757279565815,-0.20508601584691116,-0.008662883103257604
2024-10-10 00:00:00+00:00,-0.0790290148034288,-0.41860467651204725,-0.05188588323547757
2024-10-11 00:00:00+00:00,-0.17779659636117728,0.2498298248702474,-0.14230144067429848
2024-10-12 00:00:00+00:00,-0.08285370848527987,0.07002011212579026,-0.033350310649327086
2024-10-13 00:00:00+00:00,-0.5768786592902709,-0.5305294268097462,-0.5446805803787328
2024-10-17 00:00:00+00:00,0.1410069530046718,-0.07541380126788577,0.17032551989265668
2024-10-18 00:00:00+00:00,0.11559865197503064,0.05466287925626149,0.14090609721261801
2024-10-19 00:00:00+00:00,0.13971320761571995,0.04000820304171794,0.16832604122945907
2024-10-20 00:00:00+00:00,-0.07262348323077875,-0.13883790832529605,-0.029551814011284663
2024-10-24 00:00:00+00:00,0.25195686511191573,0.3438364095009148,0.272736259160142
2024-10-25 00:00:00+00:00,-0.14951823483340682,0.002196126063521181,-0.105272578614766
2024-10-26 00:00:00+00:00,0.11995867977456016,0.15101100645820234,0.15206079546881585
2024-10-27 00:00:00+00:00,-0.10436473255999096,-0.1304810797583266,-0.06663817004348112
2024-10-31 00:00:00+00:00,-0.3923524638486084,-0.18137717458096306,-0.35853024825964386
2024-11-01 00:00:00+00:00,0.09146343683081401,-0.1949976211489952,0.11464558533063074
2024-11-02 00:00:00+00:00,-0.09726223161110792,-0.11060691642338709,-0.06473020610991057
2024-11-07 00:00:00+00:00,-0.003301053721705353,-0.47680744232091726,0.028439187792916806
2024-11-08 00:00:00+00:00,-0.3715712080359149,-0.543199754598265,-0.33412945082315293
2024-11-09 00:00:00+00:00,-0.40846420221256113,-0.135305535222002,-0.3791718039442194
2024-11-10 00:00:00+00:00,-0.48413501484299365,-0.3418749091849521,-0.4551438551763003
2024-11-14 00:00:00+00:00,0.03618642612791435,0.043834548977022915,0.0732419765787119
2024-11-15 00:00:00+00:00,0.0907086692293717,0.29574165493834875,0.1325939738079025
2024-11-16 00:00:00+00:00,0.2113977438510527,0.12106605980308947,0.25331155124294574
2024-11-17 00:00:00+00:00,-0.08061722724810032,-0.17804551969231278,-0.051720540405117824
2024-11-21 00:00:00+00:00,0.35111640674089994,0.7522499190360261,0.3819158978994062
2024-11-22 00:00:00+00:00,0.4859297815752306,0.04983145543254586,0.5093445892581167
2024-11-23 00:00:00+00:00,0.18169391292285228,0.17828418815431113,0.21536545092529902
2024-11-24 00:00:00+00:00,0.39472787935523623,0.42593947180375796,0.4223253967382847
2024-11-28 00:00:00+00:00,0.2308534456071473,-0.24309643002101192,0.2634327344646239
2024-11-29 00:00:00+00:00,0.2942263018070121,0.05372165711076163,0.33035684441013785
2024-11-30 00:00:00+00:00,-0.06295978072961939,-0.28770902079937655,-0.010635758682976268
2024-12-01 00:00:00+00:00,0.10678737881728345,0.30559911653776883,0.1384869613810381
2024-12-05 00:00:00+00:00,0.04728562683653489,0.03387613414682805,0.07924432390896423
2024-12-06 00:00:00+00:00,0.3014109276157149,0.2575842515776795,0.339494047071249
2024-12-07 00:00:00+00:00,0.25725880216032504,0.1558991484609231,0.2969660060503365
2024-12-08 00:00:00+00:00,0.2282979460142608,-0.10597547437625249,0.2694454660213717
2024-12-12 00:00:00+00:00,0.1590595631541802,-0.16492342309482058,0.19323930764933972
2024-12-13 00:00:00+00:00,0.10878551406489664,-0.03368174655626288,0.136355282838201
2024-12-14 00:00:00+00:00,0.17067054453894978,0.32924669346121116,0.21625398256575143
2024-12-15 00:00:00+00:00,-0.36265256494229475,-0.24324808477740403,-0.3272211668352103
2024-12-19 00:00:00+00:00,0.1994322125199765,0.36402049649170415,0.2383170036262815
2024-12-20 00:00:00+00:00,0.07365409575512913,-0.10273093923761248,0.10112574936144482
2024-12-21 00:00:00+00:00,0.041834014256850974,0.10618838334685898,0.08776826801904455
2024-12-22 00:00:00+00:00,-0.07705365877026632,-0.21206451006140087,-0.028676026765814853
2024-12-26 00:00:00+00:00,0.09988514213168427,0.5376102917172083,0.12461377291337578
2024-12-27 00:00:00+00:00,0.169704320367064,-0.0029450941309463186,0.20935345676147152
2024-12-28 00:00:00+00:00,0.09090987837213757,-0.19874196725887802,0.12317111228418144
2024-12-29 00:00:00+00:00,0.0009261998628238973,-0.1498961345299521,0.048682090913586336
2025-01-02 00:00:00+00:00,0.17313137288256328,0.24337004319247635,0.20566733833738962
2025-01-03 00:00:00+00:00,0.0899726598662526,-0.09447917560087056,0.12074912107200961
2025-01-04 00:00:00+00:00,0.1990664099740009,0.36656105097076397,0.2287714896665162
2025-01-05 00:00:00+00:00,0.060141991146186034,0.30120589230924166,0.10412702107259468
2025-01-09 00:00:00+00:00,0.09100917222101844,0.1934496678502881,0.11360424935206738
2025-01-10 00:00:00+00:00,0.3539872982518545,0.13576597590147493,0.3764991497384409
2025-01-11 00:00:00+00:00,0.10596240361977577,0.0750607490287926,0.15021802997927464
2025-01-12 00:00:00+00:00,0.26955588050142054,0.254698056244437,0.2982778369044377
2025-01-16 00:00:00+00:00,0.020920524510226347,-0.09801202932876234,0.05388611164184254
2025-01-17 00:00:00+00:00,0.1333165736720523,0.5106535785874435,0.16782680471692
2025-01-18 00:00:00+00:00,0.18016879238062788,-0.012273701149600108,0.20748056245655422
2025-01-19 00:00:00+00:00,-1.2354624789080277,-1.6820329492309312,-1.1885214270358948
2025-01-23 00:00:00+00:00,0.08811976159115757,-0.1821435432063202,0.11098768830788758
2025-01-24 00:00:00+00:00,0.4019813864815927,-0.06112785783028718,0.4313767041010344
2025-01-25 00:00:00+00:00,0.1978205317251528,-0.010664113440339573,0.2269822349772028
2025-01-26 00:00:00+00:00,0.07192967759744724,0.03402161491121513,0.10950649079522003
2025-01-30 00:00:00+00:00,0.07055684021348886,-0.2402561612497615,0.10448322100756743
2025-01-31 00:00:00+00:00,-0.21027733631092288,-0.12092081574252415,-0.16852573970641188
2025-02-01 00:00:00+00:00,-0.17688774022687861,0.021478777223625817,-0.12662104760178092
2025-02-02 00:00:00+00:00,-0.3179812569653782,-0.7648370104243769,-0.2683352218995409
2025-02-06 00:00:00+00:00,0.20515104320963137,-0.21653197262210547,0.22984534220727282
2025-02-07 00:00:00+00:00,-0.28250624861907214,-0.6792671774671634,-0.23685534230360383
2025-02-08 00:00:00+00:00,0.16384314911655623,-0.11188569394291276,0.1964540911396871
2025-02-09 00:00:00+00:00,0.14878567246729898,-0.10411277438955671,0.1798098649511076
2025-02-13 00:00:00+00:00,0.30224551981337067,0.19226901723891032,0.33257691022330255
2025-02-14 00:00:00+00:00,0.05907881202011102,-0.1648613769040852,0.09873921050962946
2025-02-15 00:00:00+00:00,-0.011709907062006773,-0.16629269924615162,0.015444179752650762
2025-02-16 00:00:00+00:00,0.08576545823060154,-0.2511685101343886,0.12353599695857284
2025-02-20 00:00:00+00:00,0.05901123820603297,0.11257821663242504,0.08751122311506965
2025-02-21 00:00:00+00:00,-0.09924690598025764,0.09774865196691844,-0.07056277414529882
2025-02-22 00:00:00+00:00,0.060786861492437075,0.2535824489551411,0.09352179704402165
2025-02-23 00:00:00+00:00,0.12431987875404633,0.523085159080603,0.16961781174433246
2025-02-27 00:00:00+00:00,-0.556659832436549,0.5672263861154887,-0.5245536548711504
2025-02-28 00:00:00+00:00,-0.4065956943106154,-0.8275330457486341,-0.3754639783914698
2025-03-01 00:00:00+00:00,-0.1588022421079514,1.355590833600472,-0.12415438755679839
2025-03-02 00:00:00+00:00,-1.5549987907746783,-1.4772678295556374,-1.5168697288450141
2025-03-06 00:00:00+00:00,0.09905067396654428,-0.0027472527502535177,0.13196531346605578
2025-03-07 00:00:00+00:00,0.0030305537298039695,-0.17569926425798268,0.033156028815075546
2025-03-08 00:00:00+00:00,-0.380252729699163,-0.35717585565126464,-0.34231888378688846
2025-03-13 00:00:00+00:00,0.27447205337467756,0.46966524860071857,0.3069576242873375
2025-03-14 00:00:00+00:00,0.1801393174344011,0.48348147539534125,0.20728206914991412
2025-03-15 00:00:00+00:00,0.11491024927024263,-0.09714930265704749,0.1587595692765462
2025-03-16 00:00:00+00:00,0.171976791674887,0.0065282884610540215,0.20921284740133853
2025-03-20 00:00:00+00:00,0.1167843881359704,0.2143737894151816,0.14025120991123252
2025-03-21 00:00:00+00:00,0.2813670347696992,-0.006574770823195353,0.30576905097613893
2025-03-22 00:00:00+00:00,0.036911942008737986,0.0099723278708139,0.06696525560355233
2025-03-23 00:00:00+00:00,-0.12368797913491493,-0.18505272751404944,-0.09723843404839785
2025-03-27 00:00:00+00:00,-0.13130070990823703,-0.04478624487745718,-0.09707719017934556
2025-03-28 00:00:00+00:00,-0.07558262058059409,0.2520457994583789,-0.04765152186277605
2025-03-29 00:00:00+00:00,-0.2746107451102158,-0.3687033561337723,-0.22310043323096662
2025-03-30 00:00:00+00:00,0.31096209179059203,0.31747103653866954,0.3336688334773404
2025-04-03 00:00:00+00:00,0.45970212922514836,0.2294601996025004,0.4823454671641733
2025-04-04 00:00:00+00:00,0.5669022318012953,0.21802454407865735,0.5959547702363416
2025-04-05 00:00:00+00:00,0.10644058259465795,0.43230693523406083,0.13638999500467897
2025-04-06 00:00:00+00:00,-0.9258918149166997,-1.0474821314542775,-0.8768189758967434
2025-04-10 00:00:00+00:00,0.04886253142523653,0.2983480728558455,0.0748673562629546
2025-04-11 00:00:00+00:00,0.0830548469569042,0.6594856154189261,0.11193391229630194
2025-04-12 00:00:00+00:00,-0.2565573417762202,-0.5136763939659514,-0.22158267319158345
2025-04-13 00:00:00+00:00,-0.008040316123505146,-0.4286056110550287,0.042029566082784
2025-04-17 00:00:00+00:00,0.25946103036587714,0.08830728230876758,0.29050659548252994
2025-04-18 00:00:00+00:00,0.12262092496595423,0.030293659253871646,0.16332753938213682
2025-04-19 00:00:00+00:00,-0.043040159007650645,0.1177959037636147,-0.009070778026446742
2025-04-20 00:00:00+00:00,-0.22017782967673363,-0.004906973470876569,-0.19130523872591643
2025-04-24 00:00:00+00:00,0.14345558412431297,-0.15322640525520143,0.1764757460081278
2025-04-25 00:00:00+00:00,0.1993296006943955,0.0070231673771075365,0.22451116872729798
2025-04-26 00:00:00+00:00,-0.011496138186629534,-0.11344014546989455,0.01919332330541535
2025-04-27 00:00:00+00:00,0.0963818974180606,-0.08365762984470008,0.12696074697475196
2025-05-01 00:00:00+00:00,0.27421658821909617,0.46563419604240464,0.2966225390054729
2025-05-02 00:00:00+00:00,0.07053127826385071,-0.07255196445720881,0.10889458626704844
2025-05-03 00:00:00+00:00,-0.09957575686078199,0.26120302086490754,-0.06336350841547576
2025-05-04 00:00:00+00:00,-0.1571591204263454,-0.07671082651835717,-0.1206073988933518
2025-05-08 00:00:00+00:00,-0.18528385707002817,0.7795091131824388,-0.16051657812628936
2025-05-09 00:00:00+00:00,0.2729396553198638,0.05745903797266155,0.31017983346169975
2025-05-10 00:00:00+00:00,-0.22416623914143333,-0.38805253990384925,-0.17412792289067164
2025-05-11 00:00:00+00:00,0.21813456415414584,-0.11450556922459931,0.26223432922968576
2025-05-15 00:00:00+00:00,0.02219074583061512,-0.17956100995089996,0.055209703408277355
2025-05-16 00:00:00+00:00,0.24371325071173391,0.09506319188021553,0.2654790166945425
2025-05-17 00:00:00+00:00,0.010334826325727397,0.07210751656381163,0.057432522886622005
2025-05-18 00:00:00+00:00,-0.24693081145430154,-0.17915727491866973,-0.2187946868692488
2025-05-22 00:00:00+00:00,0.06413594716724856,-0.20898938661337546,0.09145317613136245
2025-05-23 00:00:00+00:00,-0.08268771231713518,0.3691679767187414,-0.0428596314297731
2025-05-24 00:00:00+00:00,0.05272838518655945,-0.22532536982631504,0.08727176967151871
2025-05-25 00:00:00+00:00,0.1363139976339029,0.10586370639445539,0.16213400980205622
2025-05-29 00:00:00+00:00,-0.12554356249359527,-0.052205958291771076,-0.09829482850920698
2025-05-30 00:00:00+00:00,-0.02233981139342538,0.024330135902023462,0.018497730367784772
2025-05-31 00:00:00+00:00,0.086015655727753,0.009173066984721881,0.1320090757151308
2025-06-01 00:00:00+00:00,0.10402666615252484,-0.16578404440694824,0.14083332524374922
2025-06-05 00:00:00+00:00,0.17138749589235439,0.5555764706023328,0.20430266969237512
2025-06-06 00:00:00+00:00,0.03546527836568116,0.21746778512473444,0.07510826383411377
2025-06-07 00:00:00+00:00,-0.12315099918423567,0.04492422229550652,-0.08918795768532536
2025-06-08 00:00:00+00:00,-0.2783826141650654,-0.26597881724015704,-0.23813220606008056
2025-06-12 00:00:00+00:00,0.04342534439998561,0.5309778254098722,0.07663743162301072
2025-06-13 00:00:00+00:00,0.23349960167892522,0.41918029157315173,0.2682126065136187
2025-06-14 00:00:00+00:00,0.042692884978779835,-0.07924156660986165,0.0884137593406224
2025-06-15 00:00:00+00:00,0.015622823794096442,-0.21286375613641081,0.04461248140160255
2025-06-19 00:00:00+00:00,-0.12535441980025913,-0.1593666586901138,-0.08765517243782762
2025-06-20 00:00:00+00:00,-0.13565443053366807,-0.08253026405000914,-0.09163809176531582
2025-06-21 00:00:00+00:00,0.046536811298558745,0.14163674912533605,0.09211748739821687
2025-06-22 00:00:00+00:00,-0.5103752973814495,-0.39076460594246754,-0.46201507886597315
2025-06-26 00:00:00+00:00,0.19450391641855055,0.07770110468456957,0.21734489668085646
2025-06-27 00:00:00+00:00,0.11712972070017057,-0.01556024133206342,0.14469354399945925
2025-06-28 00:00:00+00:00,0.03241318184868032,-0.1510267399835422,0.0778012482278274
2025-06-29 00:00:00+00:00,-0.03057741185077011,-0.16061769279678897,0.003445182153291184
2025-07-03 00:00:00+00:00,0.04850666274353871,-0.09317648806055095,0.08168135512353043
2025-07-04 00:00:00+00:00,0.1308153486202397,0.250812718547871,0.15697504810073415
2025-07-05 00:00:00+00:00,0.09653737306073387,0.05709100696379198,0.12618499985954293
2025-07-06 00:00:00+00:00,-0.009931134066917638,0.21421186140593473,0.024261512180596412
2025-07-10 00:00:00+00:00,-0.5080615807076024,0.1322247550330875,-0.47206575064448314
2025-07-11 00:00:00+00:00,0.32502273341381704,0.2716671835995182,0.34906737686177897
2025-07-12 00:00:00+00:00,0.09497627184131428,0.3177515119284862,0.12641913500992247
2025-07-13 00:00:00+00:00,-0.22327622196875832,-0.1545131355598493,-0.1946596568137618
2025-07-17 00:00:00+00:00,0.15995347056468398,0.0234735371944354,0.19431159707756931
2025-07-18 00:00:00+00:00,0.17040557841257398,0.011207949362914582,0.19715622597176966
2025-07-19 00:00:00+00:00,0.04838735559152144,-0.009234649915414735,0.0767775117460778
2025-07-20 00:00:00+00:00,-0.24750609173295368,-0.39436104612777195,-0.2146759564193834
2025-07-24 00:00:00+00:00,-0.09244710907256307,-0.004388334696077259,-0.06860797529511689
2025-07-25 00:00:00+00:00,0.02853621853559208,-0.10208892683327311,0.06900146479148263
2025-07-26 00:00:00+00:00,0.0824286076848247,0.09725505246596355,0.1152415053346967
2025-07-27 00:00:00+00:00,-0.07270905238840622,-0.16757972064119636,-0.03567367226954565
2025-07-31 00:00:00+00:00,-0.24770812467302045,-0.13285116510502837,-0.2222143226349833
2025-08-01 00:00:00+00:00,0.18247996154245444,0.32828560029922715,0.2201461740055923
2025-08-02 00:00:00+00:00,0.004501136469053563,-0.06650906390921427,0.03546704205373788
2025-08-03 00:00:00+00:00,0.06856271608780201,-0.06668529677149759,0.10693487141485028
2025-08-07 00:00:00+00:00,-0.012498595235243638,0.144174836162418,0.0210294816277685
2025-08-08 00:00:00+00:00,0.06539364167905458,0.016351550094377963,0.10078062429232482
2025-08-09 00:00:00+00:00,-0.13680752318450892,-0.05787974459378378,-0.0961331148012122
2025-08-10 00:00:00+00:00,-0.3388973457894951,-0.5971572706620161,-0.286640537422559
2025-08-14 00:00:00+00:00,-0.10300780847592653,0.3968777417774876,-0.06892066001707522
2025-08-15 00:00:00+00:00,0.06241905365021909,-0.1860082172824537,0.10369343385028401
2025-08-16 00:00:00+00:00,-0.04540429986569741,-0.04588352064111695,-0.00960916027331922
2025-08-17 00:00:00+00:00,-0.001021592364948086,0.04892346236352395,0.03774739432634435
2025-08-21 00:00:00+00:00,-0.24127158289057044,-0.12672071425156797,-0.218078854549267
2025-08-22 00:00:00+00:00,-0.12273036640515467,0.30306099277196485,-0.08629517109985133
2025-08-23 00:00:00+00:00,-0.14423055829648398,-0.10031809942553974,-0.10804962386317173
2025-08-24 00:00:00+00:00,-0.22212605312535447,-0.1514676293920716,-0.18369644001837404
2025-08-28 00:00:00+00:00,-0.25798335666161204,-0.04450525024752186,-0.23053030192641646
2025-08-29 00:00:00+00:00,0.02634046406040079,0.5149741930543256,0.04987362766298688
2025-08-30 00:00:00+00:00,0.07134740523101027,-0.04458608070713585,0.10324673960852
2025-08-31 00:00:00+00:00,-0.2320330374461581,-0.2290711482199301,-0.18435648243974476
2025-09-04 00:00:00+00:00,0.25314957609142197,0.5291976064841393,0.27970830511101524
2025-09-05 00:00:00+00:00,0.12620010730977277,-0.24061790715356673,0.15719924272543198
2025-09-06 00:00:00+00:00,0.033517123810261416,-0.033680960163428454,0.06571770178018785
2025-09-07 00:00:00+00:00,0.039600087747620444,0.07349083672968115,0.06747734386012208
2025-09-11 00:00:00+00:00,0.03030599658625845,0.054368530808557004,0.06387780630291512
2025-09-12 00:00:00+00:00,0.013203560201659992,-0.11522973229735389,0.04142395207839361
2025-09-13 00:00:00+00:00,0.08009603379397698,-0.11471699275783481,0.11292151266489532
2025-09-14 00:00:00+00:00,0.03467442836207568,-0.1276652796589948,0.07001022265600788
2025-09-18 00:00:00+00:00,0.1288693743487299,-0.15691154104431673,0.15406330379269695
2025-09-19 00:00:00+00:00,-0.046846888786812875,0.013614720582599833,-0.013673956454726672
2025-09-20 00:00:00+00:00,0.03532912845817879,0.028892125399964292,0.06022879855381189
2025-09-21 00:00:00+00:00,-0.10944108025090371,-0.017190566381675917,-0.062024788515746616
2025-09-25 00:00:00+00:00,0.024662304512850272,0.5094980395273345,0.050050876360513995
2025-09-26 00:00:00+00:00,0.23477246945084201,0.01119325581725028,0.2569878417852677
2025-09-28 00:00:00+00:00,-0.27668098298695243,-0.16123552518630518,-0.23454902246413867
2025-10-02 00:00:00+00:00,-0.12031761009905798,-0.15148340463713644,-0.09248082284217324
2025-10-03 00:00:00+00:00,-0.19896751696488674,-0.12182786765553624,-0.15681881986549184
2025-10-04 00:00:00+00:00,-0.1229514732873857,-0.24986283473798526,-0.09379434594473308
2025-10-05 00:00:00+00:00,-0.09057385638686392,-0.21239962837519646,-0.03871676705337241
2025-10-09 00:00:00+00:00,-0.5208724344359356,-0.4795084893749974,-0.4878509349836736
2025-10-10 00:00:00+00:00,-0.7334081654271042,0.42039813306703466,-0.6892203544456963
2025-10-11 00:00:00+00:00,-0.0841941645561633,-0.05565908065681695,-0.050135812188422196
2025-10-12 00:00:00+00:00,-0.35710359320229057,-0.3882288874362619,-0.30438226014930586
2025-10-16 00:00:00+00:00,-0.22048152850344147,-0.04177459654059515,-0.19697455302409903
2025-10-17 00:00:00+00:00,0.20487471548110436,0.06341528765461918,0.24333570686009934
2025-10-18 00:00:00+00:00,0.06444587848339423,-0.05211550009569797,0.09701209006075409
2025-10-19 00:00:00+00:00,-0.08770526334933691,-0.1736418109890125,-0.039155826001020536
2025-10-23 00:00:00+00:00,0.15599419514033222,0.22086260207759273,0.17986431536164804
2025-10-24 00:00:00+00:00,0.0026338139516152697,-0.14683932385971915,0.032355072548630015
2025-10-25 00:00:00+00:00,0.007577473279352015,-0.1519740391995919,0.04158269034308858
2025-10-26 00:00:00+00:00,-0.45988890292574336,-0.38124625059552264,-0.41772228897838876
2025-10-30 00:00:00+00:00,0.2245585445744258,0.06427086167419208,0.25550850046415124
2025-10-31 00:00:00+00:00,0.11423050980457213,-0.007599844480721998,0.1507460450766788
2025-11-01 00:00:00+00:00,-0.32613515148618244,-0.26756585638542907,-0.2964188800180618
2025-11-02 00:00:00+00:00,-0.07023126844763214,0.06553163306195775,-0.039078136595965776
2025-11-06 00:00:00+00:00,-0.3360451088533092,-0.3137577391019836,-0.306960411103875
2025-11-07 00:00:00+00:00,0.29799895001957283,0.18134084642211112,0.32254006739636004
2025-11-08 00:00:00+00:00,-0.04724891920096779,0.06158699674559092,0.00017240450287363764
2025-11-09 00:00:00+00:00,-0.18920687240063983,0.1349619914036952,-0.15366107239842888
2025-11-13 00:00:00+00:00,-0.050399984546261774,0.12823271345604906,-0.017386731812397676
2025-11-14 00:00:00+00:00,0.2941155192689195,0.6128757261574858,0.32123010483789816
2025-11-15 00:00:00+00:00,0.05085846510506835,0.16040531657546378,0.09590660081558046
2025-11-16 00:00:00+00:00,0.06401960090188984,0.055070894685488314,0.09722480467505112
2025-11-20 00:00:00+00:00,-0.6470823115733408,-0.10486868581583819,-0.6174563227299272
2025-11-21 00:00:00+00:00,0.1111905749945093,-0.04029848789941387,0.14017078947220185
2025-11-22 00:00:00+00:00,0.16123164112376057,0.05924374030718148,0.18968155569713563
2025-11-23 00:00:00+00:00,0.11351475238911805,0.033011762315705837,0.16073584192130935
2025-11-27 00:00:00+00:00,0.3424754345999921,0.0535896111047538,0.364644285185981
2025-11-28 00:00:00+00:00,0.13744539272591208,-0.09340489831551521,0.16233916667273274
2025-11-29 00:00:00+00:00,0.1269047878337593,0.4339524624987293,0.15775519833657722
2025-11-30 00:00:00+00:00,-0.21626974559133075,0.07388353551775642,-0.1796146883270467
2025-12-04 00:00:00+00:00,-0.09974760624150945,-0.31327581839954405,-0.07625913679184868
2025-12-05 00:00:00+00:00,0.16661135652378972,0.5770425582938409,0.19148735151836804
2025-12-06 00:00:00+00:00,0.10127829567386125,-0.12425538876328006,0.13073550439200293
2025-12-07 00:00:00+00:00,-0.012867081537442008,-0.08883656704944518,0.03576729981372964
2025-12-11 00:00:00+00:00,0.20623903539595978,-0.1262830348303921,0.23881586068419935
2025-12-12 00:00:00+00:00,0.2752812911455982,0.3339458765979742,0.2994082884382816
2025-12-13 00:00:00+00:00,0.11974445940923402,0.09681697254640148,0.1440602653418814
2025-12-14 00:00:00+00:00,-0.17204672174995717,-0.2856696943736612,-0.1220090412202035
2025-12-18 00:00:00+00:00,-0.044179551336389414,0.15251307839657863,-0.018767354701467596
2025-12-19 00:00:00+00:00,0.10185886601464367,0.23215059157638723,0.14403982199100304
2025-12-20 00:00:00+00:00,0.08915189584907465,-0.11955904857750424,0.12032296739194469
2025-12-21 00:00:00+00:00,0.23582946054302362,0.11516459956527557,0.27728729658985124
2025-12-25 00:00:00+00:00,0.03566851160001794,0.2828579087363376,0.0646263864679323
2025-12-26 00:00:00+00:00,-0.03500803194829444,-0.22844783977640806,1.587907683407297e-05
2025-12-27 00:00:00+00:00,-0.044349799447940264,-0.2511383687231832,-0.016198430702067675
2025-12-28 00:00:00+00:00,0.1790108187704942,-0.04313375229584701,0.21476117819316223
2026-01-01 00:00:00+00:00,-0.019764930006483643,-0.12079852521204118,0.0030916001407301245
2026-01-02 00:00:00+00:00,-0.038418026915653415,-0.006895992859838204,0.003057674922062549
2026-01-03 00:00:00+00:00,-0.17574107571455114,-0.2597081584087736,-0.12561282511780242
2026-01-04 00:00:00+00:00,-0.009592853377093053,-0.2710857170922084,0.037168444109129666
2026-01-08 00:00:00+00:00,0.2981841133937224,0.05329098973646498,0.32067434549207574
2026-01-09 00:00:00+00:00,0.16041518930098717,-0.10066166223493359,0.18421606286744666
2026-01-10 00:00:00+00:00,0.13621132602792027,0.20739677757705144,0.16661425315945166
2026-01-11 00:00:00+00:00,0.15048021302041353,0.23971231420260591,0.1941136535383688
2026-01-15 00:00:00+00:00,0.20162532172358757,-0.048780661142371756,0.22692919967056327
2026-01-16 00:00:00+00:00,-0.013516101558856717,-0.16512177439165246,0.0156783488146826
2026-01-17 00:00:00+00:00,-0.13552798423469378,-0.08092232941672396,-0.10958434921693407
2026-01-18 00:00:00+00:00,-0.28306173658254313,-0.19548587980629709,-0.23376692044512465
2026-01-22 00:00:00+00:00,0.2643522408361533,-0.017931219910223173,0.292232968213093
2026-01-23 00:00:00+00:00,0.06370070158257246,-0.15708722592614063,0.09216113421770765
2026-01-24 00:00:00+00:00,-0.10883403681989173,-0.04998602775422828,-0.0823371575776177
2026-01-25 00:00:00+00:00,-0.07792118932638524,0.34438619625643635,-0.03919103930316497
2026-01-29 00:00:00+00:00,-0.4319051402524505,0.35648401155380904,-0.4066696838753157
2026-01-30 00:00:00+00:00,-0.5618825210721771,-0.6716783597842255,-0.5383376264481009
2026-01-31 00:00:00+00:00,-1.1990812692330692,-0.9486076562039888,-1.1505520057227043
2026-02-01 00:00:00+00:00,0.016095172757514268,0.14839033711963306,0.06672835948845425
2026-02-05 00:00:00+00:00,-0.8935827673526217,1.7770184013302197,-0.8621038825807059
2026-02-06 00:00:00+00:00,0.010746028046531188,1.7898377853111505,0.05013656885780508
2026-02-07 00:00:00+00:00,0.2675988507849937,0.07086866927649357,0.31240162591441706
2026-02-08 00:00:00+00:00,0.3867689666621891,0.3049013023172412,0.4320579587415765
2026-02-12 00:00:00+00:00,-0.09971969514879053,-0.39312769566939043,-0.059653707855412234
2026-02-13 00:00:00+00:00,-0.0977238055183551,0.23951130810959417,-0.05482144563887163
2026-02-14 00:00:00+00:00,-0.1466847457153856,-0.2104754175870947,-0.09611828119929047
2026-02-15 00:00:00+00:00,0.0251437812805017,-0.010367490859984858,0.05953972568398133
2026-02-19 00:00:00+00:00,0.24673842469841517,0.039176363005438086,0.27923803494185745
2026-02-20 00:00:00+00:00,0.16887688000640888,0.0720066026244686,0.19719031772137907
2026-02-21 00:00:00+00:00,0.1726233725149998,0.26189400553040004,0.19964759247450958
2026-02-22 00:00:00+00:00,-0.03414240627770891,0.05398842318815311,0.0009076846548732034
2026-02-26 00:00:00+00:00,-0.4184814741748214,-0.8041834170392573,-0.3882607955825215
2026-02-27 00:00:00+00:00,-0.5917602426336082,-0.5413166963297971,-0.5609004260388792
2026-02-28 00:00:00+00:00,-0.221923663572926,-0.11986922175999101,-0.17111041210309885
2026-03-01 00:00:00+00:00,0.30343103162981305,0.5720486821223354,0.3476496142341783
2026-03-05 00:00:00+00:00,-0.10827024675794386,-0.062491029262870486,-0.07850650665502301
2026-03-06 00:00:00+00:00,0.23329873051728192,0.545050350283837,0.26069656397535124
2026-03-07 00:00:00+00:00,0.04360003551553588,-0.0696996276036018,0.09003760903914369
2026-03-08 00:00:00+00:00,0.1967505590412296,0.043928997010175164,0.23137555123967873
2026-03-12 00:00:00+00:00,0.2878604367591384,0.11385780039179619,0.31906298222735463
2026-03-13 00:00:00+00:00,-0.11405208050937948,-0.5115372969294265,-0.07137347397538099
2026-03-14 00:00:00+00:00,0.052770416700015074,-0.08218974664536359,0.08452575107196444
2026-03-15 00:00:00+00:00,-0.12701026014089165,-0.08843705458710942,-0.09102080524198704
2026-03-19 00:00:00+00:00,0.19414491888341373,0.13206425787212311,0.23078487179171708
2026-03-20 00:00:00+00:00,-0.0502418435457389,-0.35480182923676007,-0.014517845241724064
2026-03-21 00:00:00+00:00,-0.446258631113682,-0.5914956543707054,-0.39707655448964263
2026-03-22 00:00:00+00:00,0.32932945103689965,0.1697871188991718,0.36617635275432786
2026-03-26 00:00:00+00:00,-0.018872095560105027,0.2620249022201448,0.010831632896986685
2026-03-27 00:00:00+00:00,0.3265145825452491,0.6589199004119961,0.34924739114957737
2026-03-28 00:00:00+00:00,0.14455692182193974,-0.07837244766944726,0.17244348369142562
2026-03-29 00:00:00+00:00,-0.18508729106120667,-0.6159817258389074,-0.14102055614523124
2026-04-02 00:00:00+00:00,0.25596852552586496,0.1693029497218686,0.2781546827702633
2026-04-03 00:00:00+00:00,0.23531851164794387,-0.011324050027157195,0.25857977656331715
2026-04-04 00:00:00+00:00,-0.03934925297602907,0.3139483376324646,-0.004038185133182817
2026-04-05 00:00:00+00:00,-0.33356136598198177,-0.1508989269773596,-0.29905845815063875
2026-04-09 00:00:00+00:00,0.13834884723571753,-0.03774558259770769,0.15972344277689768
2026-04-10 00:00:00+00:00,0.017459077979660044,-0.22723317807580504,0.055334042645727735
2026-04-11 00:00:00+00:00,-0.19353056373091648,-0.1742369687203328,-0.15294306674007424
2026-04-12 00:00:00+00:00,-0.20245119445149903,-0.12157894785589259,-0.15416961854078717
2026-04-16 00:00:00+00:00,0.06309449796068181,-0.026521253474556583,0.09672727932390619
2026-04-17 00:00:00+00:00,0.0333721333657977,0.29803617823245,0.05655197414394211
2026-04-18 00:00:00+00:00,-0.21544059399752516,-0.36082976489344365,-0.1659210549662115
2026-04-19 00:00:00+00:00,0.01668179676932963,-0.007566797503308877,0.049418337708054386
2026-04-23 00:00:00+00:00,0.31200948360092795,0.037060993649363605,0.33209973309632485
2026-04-24 00:00:00+00:00,0.08206728812487085,0.00013538710006182064,0.10931796361959792
2026-04-25 00:00:00+00:00,0.017234662255842678,0.01569860018209791,0.04816813229606094
2026-04-26 00:00:00+00:00,-0.476234427700255,-0.503393932777864,-0.44190614340833023
2026-04-30 00:00:00+00:00,-0.0449547230358784,-0.08949956489602195,-0.024230334161883246
2026-05-01 00:00:00+00:00,0.18752252568331718,0.3871763401554953,0.21641967481558375
2026-05-02 00:00:00+00:00,0.035951127314538645,0.029968076953238953,0.06610267288957654
2026-05-03 00:00:00+00:00,-0.1188619215945279,-0.2237073175418172,-0.08551911166282325
2026-05-07 00:00:00+00:00,0.09970379026771803,0.16210313655546296,0.12190834844420849
2026-05-08 00:00:00+00:00,0.018828029406837653,-0.17928013626198594,0.05137494763448504
2026-05-09 00:00:00+00:00,0.023469139652798583,-0.09350205043694959,0.0635129751902536
2026-05-10 00:00:00+00:00,-0.09917085282001709,-0.1846795056004666,-0.06413357458194355
2026-05-14 00:00:00+00:00,-0.14793442207335972,-0.04620467268932714,-0.11440742847364642
2026-05-15 00:00:00+00:00,-0.1770353236449931,0.07566131034660104,-0.15340004394676604
2026-05-16 00:00:00+00:00,-0.1753466021507392,-0.2259631023294799,-0.13403201956941038
2026-05-17 00:00:00+00:00,0.1918369706359774,-0.05156304980901852,0.23546805587882394
2026-05-21 00:00:00+00:00,-0.14110385422553012,-0.3443187934882517,-0.10767383063103193
2026-05-22 00:00:00+00:00,-0.07204428820824783,0.09545365798314066,-0.044262247254014585
2026-05-23 00:00:00+00:00,-0.08714194251921507,-0.08764423548969519,-0.05670617313472287
2026-05-24 00:00:00+00:00,0.11882254550658788,0.16691631404143845,0.16513694397886516
2026-05-28 00:00:00+00:00,0.10280411204406475,0.06296624551289945,0.12440851109148326
2026-05-29 00:00:00+00:00,-0.044593300774358365,-0.18841637969215996,-0.012901310513999079
2026-05-30 00:00:00+00:00,-0.023247125372847337,0.21655554588597462,0.023169930310028477
2026-05-31 00:00:00+00:00,-0.0056580038345019415,0.13027823056408794,0.028913499089215564
2026-06-04 00:00:00+00:00,0.3174626759257999,0.03490652666300492,0.34184042835752976
2026-06-05 00:00:00+00:00,0.14065307553715048,0.5421313933343067,0.17993434246675327
2026-06-06 00:00:00+00:00,-0.11362506675888316,-0.22588187404881116,-0.06908787892297344
2026-06-07 00:00:00+00:00,-0.3161076710368227,-0.6887296238211638,-0.26529454647643286
2026-06-11 00:00:00+00:00,0.13034541622017612,0.3365457601926868,0.16407080929914994
2026-06-12 00:00:00+00:00,0.01690838763917179,-0.2565515732274874,0.05759842340478104
2026-06-13 00:00:00+00:00,-0.1507899500656991,0.01743434345429587,-0.11450692738030052
2026-06-14 00:00:00+00:00,-0.037672683802828275,0.21192885028296865,-0.0014593187269885358
2026-06-18 00:00:00+00:00,-0.02064928807323642,0.20740143731573718,0.0024824302878795404
2026-06-19 00:00:00+00:00,0.047190104530838516,-0.0750503905163793,0.08211329072853193
2026-06-20 00:00:00+00:00,-0.13705365425841368,-0.1661418993958335,-0.09898111845257251
2026-06-21 00:00:00+00:00,0.12378231819742135,0.34953768709504385,0.15780073602913433
2026-06-25 00:00:00+00:00,0.116225621856177,0.13261339355796686,0.14034062206036355
2026-06-26 00:00:00+00:00,0.16545460055352842,-0.01335674179181126,0.1908519242557417
2026-06-27 00:00:00+00:00,0.15736611987512733,0.06079715644908537,0.18494972787161212
2026-06-28 00:00:00+00:00,0.0679206570943168,0.011431705804310868,0.10481177902399183
2026-07-02 00:00:00+00:00,-0.13469844093396213,0.016490406522188195,-0.11007290149623204
2026-07-03 00:00:00+00:00,-0.0016251686667708462,0.29211841548976225,0.038598280753696756
2026-07-04 00:00:00+00:00,-0.012521169154135727,0.033177247713539415,0.023018201279253664
2026-07-05 00:00:00+00:00,0.06886325910163882,-0.03907990548371128,0.10792646017475657
2026-07-09 00:00:00+00:00,-0.044867678156178495,-0.2111191068403212,-0.01405675261023393
2026-07-10 00:00:00+00:00,0.08696719250863023,0.21007851834202065,0.11037775530852807
2026-07-11 00:00:00+00:00,0.046581017288322035,0.21284393217295067,0.08530101413905831
2026-07-12 00:00:00+00:00,-0.04961058359046911,0.09856942361964421,-0.015578734369251166
2026-07-16 00:00:00+00:00,0.10824967607361273,0.12593479708724345,0.13510148698796473
2026-07-17 00:00:00+00:00,-0.03967477031726808,-0.34209843206005286,-0.007667398696414746
2026-07-18 00:00:00+00:00,-0.2199002512419719,-0.24705744523669615,-0.16832258800308578
2026-07-19 00:00:00+00:00,0.11469410484770018,0.10567119215982744,0.15360981347929592
2026-07-23 00:00:00+00:00,0.08411615307976338,0.19290809074807702,0.11246068958959225
2026-07-24 00:00:00+00:00,0.05826601293661195,-0.013675339755140029,0.09734369478421036
2026-07-25 00:00:00+00:00,-0.0253593049515093,-0.21095542128842992,0.023798349685685716
2026-07-26 00:00:00+00:00,-0.025197645892771122,-0.1300174230057516,0.02371546259928095
2026-07-31 00:00:00+00:00,0.05374442444853738,0.6871041826383296,0.08198060596216188
2026-08-01 00:00:00+00:00,-0.12938878575219473,-0.22234212255483896,-0.08723062267072255
2026-08-02 00:00:00+00:00,-0.15933926428899214,-0.32085836732674267,-0.12527219825080474
2026-08-06 00:00:00+00:00,0.1963964599830859,0.1656255467875054,0.2176815540421727
2026-08-07 00:00:00+00:00,0.12182766659955446,0.032534023213102406,0.14766674240447722
2026-08-08 00:00:00+00:00,0.05991338025844628,0.015328378876684479,0.08453481936717053
2026-08-09 00:00:00+00:00,0.08363828334056315,0.0814969546687478,0.12315830214234191
2026-08-13 00:00:00+00:00,0.1449684674447736,0.012722443531317601,0.16579982008684058
