date,outright_net,spread_net,outright_gross
2019-03-31 00:00:00+00:00,-1.2655939289930174,-0.33209332666036306,-1.2341691136055826
2020-02-20 00:00:00+00:00,0.6643223099770637,0.11184227785492562,0.7097568628989729
2020-02-22 00:00:00+00:00,0.2254628313808038,0.20174157262158202,0.25482125759238994
2020-02-23 00:00:00+00:00,-0.23266192161441965,-0.187354002588067,-0.19662582456745223
2020-02-27 00:00:00+00:00,0.2600715756640787,-0.06523106695725961,0.2975819168806863
2020-02-28 00:00:00+00:00,0.7818238374818042,0.2810174322457888,0.8113743264410752
2020-02-29 00:00:00+00:00,-0.05169730280798326,-0.5163723620874102,-0.013599721831123996
2020-03-01 00:00:00+00:00,0.7645206682070994,0.443923935107605,0.7947067545095253
2020-03-05 00:00:00+00:00,-0.07250386802766623,-0.1992033837029305,-0.04198291225767348
2020-03-06 00:00:00+00:00,-0.6659859177365219,-0.09106838967581066,-0.6320703098926161
2020-03-07 00:00:00+00:00,-0.24894183573082793,0.07517639498182879,-0.20939782990659683
2020-03-08 00:00:00+00:00,-2.6025873374323196,-2.388902367461791,-2.549632099546444
2020-03-13 00:00:00+00:00,0.39494148378600563,1.7024879047536379,0.4231399796427996
2020-03-14 00:00:00+00:00,1.2631203285409596,0.7867379191558079,1.3122135942120983
2020-03-15 00:00:00+00:00,-0.13734226257477405,0.11087849485702031,-0.10658843723148201
2020-03-19 00:00:00+00:00,0.43455304568862135,2.234744022744336,0.46129213529769086
2020-03-20 00:00:00+00:00,-0.3640068562159517,-1.1598295712109274,-0.3229627017143924
2020-03-21 00:00:00+00:00,1.4140605878641535,0.8446505282800958,1.444462923793064
2020-03-22 00:00:00+00:00,-0.4314936258316722,-1.0289003651249373,-0.3880866222499023
2020-03-27 00:00:00+00:00,0.33956157309781504,0.7774050285747904,0.38179780440073063
2020-03-28 00:00:00+00:00,1.3168764845181002,0.916120756031994,1.360720423843956
2020-04-02 00:00:00+00:00,0.45028795037480807,0.2979403864738182,0.4906806761622081
2020-04-03 00:00:00+00:00,0.42902782408287654,-0.03119274749468587,0.46629331569501
2020-04-04 00:00:00+00:00,0.34565631366596966,0.5753620674785758,0.39798008754949044
2020-04-05 00:00:00+00:00,0.2791323287636489,0.6515655923764075,0.3351795576611101
2020-04-10 00:00:00+00:00,0.7845187408994686,0.5636689108718501,0.8094808794388942
2020-04-11 00:00:00+00:00,0.58628777310239,1.2298354650875245,0.6442458023678237
2020-04-12 00:00:00+00:00,0.06162242944667346,0.4342607475278286,0.10032103891282021
2020-04-18 00:00:00+00:00,-1.0471794811323407,-1.3091050367532198,-1.0088509315400451
2020-04-24 00:00:00+00:00,-0.01627020434524334,-0.10678088302882227,0.013870254859636274
2020-04-26 00:00:00+00:00,0.2750513313704121,0.6107912516536762,0.32920029363911885
2020-05-02 00:00:00+00:00,0.9937293390398043,0.7365554696026109,1.0282758565635344
2020-05-03 00:00:00+00:00,-0.04126097776958187,-0.580962764595892,0.006523553457792627
2020-05-07 00:00:00+00:00,0.5618219729184469,0.5257908027117688,0.602994449915465
2020-05-09 00:00:00+00:00,-1.8115345941866954,-1.4761111122159025,-1.7584945092873743
2020-05-10 00:00:00+00:00,-2.896697559137653,-3.254026890752673,-2.8542793524356
2020-05-16 00:00:00+00:00,0.4310830394680123,0.0329225499412073,0.47904033514632643
2020-05-17 00:00:00+00:00,-0.7441607859033985,-0.810227771694552,-0.6815099507753322
2020-05-21 00:00:00+00:00,0.4552995123723636,0.9828564178610391,0.48260597421528423
2020-05-23 00:00:00+00:00,0.6488217083643893,0.5294477320266638,0.6821894478400539
2020-05-24 00:00:00+00:00,0.02982840584925577,-0.060755803064761166,0.06806789923231552
2020-05-30 00:00:00+00:00,-0.9058316139830339,-0.8316704017102698,-0.8479274983790697
2020-05-31 00:00:00+00:00,0.49618796585125086,0.00932526327103067,0.5316135318316779
2020-06-04 00:00:00+00:00,0.3517409781817189,-0.1665766384261227,0.3805074560480854
2020-06-06 00:00:00+00:00,0.37123616327316533,0.1748366205474628,0.40735658255668084
2020-06-07 00:00:00+00:00,0.5908575641988743,0.41654111332475174,0.6194317928017845
2020-06-11 00:00:00+00:00,0.35288431856585817,1.1034925698050384,0.39248350948699035
2020-06-12 00:00:00+00:00,0.5984004678262467,0.15661421256386948,0.6242237925090126
2020-06-13 00:00:00+00:00,0.5446977305494698,0.3043993105576742,0.580607948806605
2020-06-14 00:00:00+00:00,-0.1507757660682472,-0.1331202707545232,-0.09733530136006649
2020-06-19 00:00:00+00:00,0.5102889229092331,0.06077247524484669,0.5435522096161783
2020-06-20 00:00:00+00:00,0.39144418014852256,0.17907132825671312,0.4334313615104985
2020-06-21 00:00:00+00:00,-0.1940595623492322,-0.30942406767066943,-0.14998918769553116
2020-06-25 00:00:00+00:00,0.3444864071275585,0.19098035908893624,0.3702982219130435
2020-06-27 00:00:00+00:00,-0.4723322320354026,-0.7464533290850771,-0.4346569243522583
2020-06-28 00:00:00+00:00,0.4169193686436267,0.20305895689696143,0.452314217602098
2020-07-02 00:00:00+00:00,0.2837433905974046,0.1324367100578044,0.31317627348146715
2020-07-03 00:00:00+00:00,0.3943038516066189,0.16728666976051332,0.4185759359741642
2020-07-04 00:00:00+00:00,0.0010900197244376449,0.052499809901787965,0.02627819567378955
2020-07-05 00:00:00+00:00,-0.3324872342405956,0.6511785824211536,-0.29458193978993
2020-07-09 00:00:00+00:00,0.045020739952455674,-0.09455171413965227,0.0780308968767226
2020-07-10 00:00:00+00:00,0.42294424103557154,-0.04146611784939336,0.4499353958764714
2020-07-11 00:00:00+00:00,0.36542702849200703,0.231040533663744,0.41079359961335055
2020-07-12 00:00:00+00:00,0.17258514034482483,0.2125288219908983,0.21956822118579938
2020-07-16 00:00:00+00:00,0.34848627614898486,0.4562287225319395,0.3876638221341686
2020-07-17 00:00:00+00:00,0.20931069320947088,-0.015222615156380653,0.2345077647630282
2020-07-18 00:00:00+00:00,0.31473323827655,0.3453236720616333,0.3481824340883237
2020-07-19 00:00:00+00:00,0.10280188523348023,0.5399750577541367,0.1395421200287331
2020-07-23 00:00:00+00:00,0.26217610434820454,0.4390322514061514,0.30124389876396596
2020-07-24 00:00:00+00:00,-0.4051436138456302,-0.3807771411129281,-0.3598807722351166
2020-07-25 00:00:00+00:00,-0.6753272073331711,-0.6974498553504699,-0.6193104897269985
2020-07-26 00:00:00+00:00,0.03821541189761525,-0.11774676710310399,0.08841003769959496
2020-07-30 00:00:00+00:00,-0.6887794315308445,-0.2880790122300805,-0.6382686640458537
2020-07-31 00:00:00+00:00,-0.5718718899935479,-0.4445615371978012,-0.5266165099530749
2020-08-01 00:00:00+00:00,-1.626887184050765,-1.6131205943368896,-1.5901203332652196
2020-08-02 00:00:00+00:00,0.22336697682507964,0.16589435157292703,0.2581616005919969
2020-08-06 00:00:00+00:00,0.05459217032542216,-0.19565886806487562,0.09029016024018943
2020-08-07 00:00:00+00:00,0.08593161945072572,0.3568170335582035,0.11557259330692035
2020-08-08 00:00:00+00:00,-0.4926756370734664,-0.3331452609010408,-0.4549964734760261
2020-08-09 00:00:00+00:00,0.5112864446156463,1.1006150677357431,0.5454174644151604
2020-08-13 00:00:00+00:00,0.2715929980252903,1.5613297718006096,0.3196193847154689
2020-08-14 00:00:00+00:00,0.20271189997383865,0.016243189476412984,0.24392495724529806
2020-08-15 00:00:00+00:00,0.3739357763168209,0.09305817295487218,0.40793896624411674
2020-08-16 00:00:00+00:00,0.3736645553974955,-0.06051136617291686,0.4089960597091616
2020-08-20 00:00:00+00:00,-0.06698777560629685,-0.24135370594664127,-0.03556516974233082
2020-08-21 00:00:00+00:00,-0.29272592643391326,1.1626823899372816,-0.25050535611771607
2020-08-22 00:00:00+00:00,0.17291215850900668,0.07663496098227007,0.20898408165509652
2020-08-23 00:00:00+00:00,0.16880828563685726,0.1725118538044025,0.21468530397572716
2020-08-27 00:00:00+00:00,-0.09018016138393423,-0.27653706141192624,-0.05994435180485182
2020-08-28 00:00:00+00:00,-0.1155949342105092,0.02666882104607393,-0.07287579558444064
2020-08-29 00:00:00+00:00,-0.09893768228813055,1.2376199354692603,-0.04382113043220287
2020-08-30 00:00:00+00:00,-1.0429162275852608,0.19879294748520726,-1.0021884995388182
2020-09-05 00:00:00+00:00,-1.9348594654649178,-2.7401033618520687,-1.898252529120547
2020-09-06 00:00:00+00:00,-0.017729462779272342,-0.08097036064810412,0.020007901426985795
2020-09-11 00:00:00+00:00,-0.3194599719584109,-0.9408468989415721,-0.28360387733787945
2020-09-12 00:00:00+00:00,-0.4016116239763744,-0.7418011484995097,-0.3461012165199274
2020-09-13 00:00:00+00:00,-0.4832443747389083,-0.6032956794478797,-0.44673541672050887
2020-09-18 00:00:00+00:00,0.24769691293041143,0.33391845385079416,0.27578897451391543
2020-09-19 00:00:00+00:00,0.6072714578898145,0.8092199436457312,0.6421230076394938
2020-09-20 00:00:00+00:00,-0.06009766817431717,0.2643664840435771,-0.008022334143357391
2020-09-24 00:00:00+00:00,0.13062110770050123,0.8483267478395344,0.159174752554722
2020-09-26 00:00:00+00:00,0.5502679684067391,0.5874801711304614,0.5802395649112628
2020-09-27 00:00:00+00:00,0.4017922336017629,0.7418385713001606,0.4305668436021388
2020-10-01 00:00:00+00:00,0.25451759258348733,0.39207164597082667,0.28596776216913794
2020-10-03 00:00:00+00:00,0.5015235926779863,0.2740459932213171,0.549645756340869
2020-10-04 00:00:00+00:00,0.29982884183694747,0.1661242073692221,0.3491441105266778
2020-10-08 00:00:00+00:00,-0.5512947888627922,-0.37530131921797694,-0.5055785572441263
2020-10-09 00:00:00+00:00,-0.6558661373270886,-0.05175778559803634,-0.6111389991830095
2020-10-10 00:00:00+00:00,0.5057723891820723,0.2646313130463153,0.5504550220775942
2020-10-11 00:00:00+00:00,0.23584206191708096,0.17016457913470534,0.27002219704425545
2020-10-17 00:00:00+00:00,0.25708997851633064,0.49139302191868334,0.30086930715964333
2020-10-18 00:00:00+00:00,0.026176837746758802,0.38757746965741213,0.07863539153525351
2020-10-23 00:00:00+00:00,0.6968015151039733,0.26077392621245477,0.7214320188066434
2020-10-24 00:00:00+00:00,0.49972824286751694,0.43619553430764946,0.5354325538675283
2020-10-25 00:00:00+00:00,0.2155130251341911,0.20428972701697193,0.25995407834922596
2020-10-31 00:00:00+00:00,0.3541729680532282,0.6572466153403584,0.3844210587517641
2020-11-01 00:00:00+00:00,-0.11783901187965838,0.3298314748393015,-0.06578668318498009
2020-11-05 00:00:00+00:00,-0.8261945147338147,-0.6960840771294721,-0.7801475916037961
2020-11-06 00:00:00+00:00,-0.773240265391571,0.6320181498600997,-0.7380858325159639
2020-11-07 00:00:00+00:00,-0.3247206709770776,-0.28786191821002105,-0.28475515553960284
2020-11-08 00:00:00+00:00,0.19896798467257937,0.2565354485074341,0.24983037465174282
2020-11-14 00:00:00+00:00,0.03425497931198512,0.05114757853190026,0.0697645697109054
2020-11-15 00:00:00+00:00,-0.174168744176047,-0.24983030598723588,-0.12179428821970285
2020-11-19 00:00:00+00:00,-0.5339160021089621,-0.3948340845672815,-0.5005053148428239
2020-11-21 00:00:00+00:00,-0.6958312988685703,1.0169476121662173,-0.6599697448394445
2020-11-22 00:00:00+00:00,0.14585138795947,1.8542762780687396,0.17951609480636985
2020-11-28 00:00:00+00:00,-0.044708171192563054,0.23785495513151622,-0.004124099882149111
2020-11-29 00:00:00+00:00,-0.40527326467503594,-0.6382028430727942,-0.3720537826542469
2020-12-03 00:00:00+00:00,-0.01119749777677741,-0.5637507785256968,0.02678952289717253
2020-12-05 00:00:00+00:00,-0.5001993564267381,-0.3204586749039441,-0.46253806997365393
2020-12-06 00:00:00+00:00,0.36618913373965983,0.18619781067926713,0.39738418922074864
2020-12-11 00:00:00+00:00,-0.03420562127617415,-0.6071709017176418,-0.00563038337130002
2020-12-12 00:00:00+00:00,0.008707186869420316,0.14639089346952444,0.05656877531390898
2020-12-13 00:00:00+00:00,-0.023808328127614062,0.6379547827738662,0.029954242150286848
2020-12-17 00:00:00+00:00,0.7236819396401332,0.12049205927385653,0.7644430368854471
2020-12-25 00:00:00+00:00,-0.17102588387230439,-0.3272018597771374,-0.1442188636516983
2020-12-26 00:00:00+00:00,0.26874904920863324,0.5352934712514612,0.3150159637443846
2020-12-31 00:00:00+00:00,0.8046055934376443,-0.3403776878599344,0.8344607175340415
2021-01-01 00:00:00+00:00,-0.7602810401843334,-1.5635110110770363,-0.7341814321804755
2021-01-02 00:00:00+00:00,-0.8168105869174855,0.3356215033288936,-0.7763582969354401
2021-01-03 00:00:00+00:00,-4.67938918217614,-4.319472895328501,-4.6195500004691965
2021-01-07 00:00:00+00:00,0.8367243526152842,-0.544175355409298,0.8629212064991554
2021-01-08 00:00:00+00:00,-0.3954260257034209,-1.761237792783425,-0.35965000595938673
2021-01-09 00:00:00+00:00,0.21677129048895014,0.12589237244684773,0.26882372327293097
2021-01-10 00:00:00+00:00,-0.8969059460357547,-0.5693032351827625,-0.8536105893610021
2021-01-15 00:00:00+00:00,1.0519838383384328,0.6073223211679735,1.0883813100638815
2021-01-16 00:00:00+00:00,1.0440613725803602,0.6044191290087184,1.0734285592530235
2021-01-17 00:00:00+00:00,1.3166149666847229,1.163952482837884,1.3466340945548874
2021-01-21 00:00:00+00:00,0.4829569513935872,3.2159781749273195,0.510850076006919
2021-01-22 00:00:00+00:00,-0.37805074500533853,0.2611909288988068,-0.3459341724533435
2021-01-23 00:00:00+00:00,0.20350703240398102,-0.6824737676494456,0.23610273562218326
2021-01-24 00:00:00+00:00,-1.2801148567447669,-1.9915099863783303,-1.2217757740724167
2021-01-29 00:00:00+00:00,1.0919121244746608,0.4265574338729853,1.129408204675964
2021-01-30 00:00:00+00:00,1.0507941687601132,0.8746321670918451,1.083390208788689
2021-01-31 00:00:00+00:00,-0.0375295466012654,0.06930793658999687,0.014698724156472442
2021-02-05 00:00:00+00:00,0.8955120766892373,0.12069473770963068,0.9210417194274486
2021-02-06 00:00:00+00:00,0.06994238357849088,-0.1021650642629466,0.1052384036177339
2021-02-07 00:00:00+00:00,0.4752135368080418,0.29350753471090835,0.5261034328615573
2021-02-12 00:00:00+00:00,0.5082342064356457,-0.1764122409089639,0.5467129898358316
2021-02-13 00:00:00+00:00,0.3508260446778407,-0.2683334509748542,0.38537643183319015
2021-02-14 00:00:00+00:00,0.18533473625551153,-0.20566394235294308,0.21813296716743816
2021-02-19 00:00:00+00:00,0.42884465140349876,-0.01925873066910211,0.46431027715524387
2021-02-20 00:00:00+00:00,0.11724562266691796,0.40925988462749935,0.1520026325525245
2021-02-21 00:00:00+00:00,0.6717641044920462,2.07693524819179,0.7039657324634437
2021-02-27 00:00:00+00:00,0.03973352420107617,-0.22639641392769472,0.07711462103301099
2021-02-28 00:00:00+00:00,1.2030605239330205,1.0069926752599343,1.2344125486021649
2021-03-04 00:00:00+00:00,-0.7666787674301564,-1.0521687283498493,-0.7354377525562509
2021-03-05 00:00:00+00:00,-0.5776419631983364,-0.8194085515409854,-0.5332109134611279
2021-03-06 00:00:00+00:00,-0.8280081083420409,-0.6323380751192714,-0.7724991245387064
2021-03-07 00:00:00+00:00,-0.09301318140318007,-0.06812809394930572,-0.05702816854957447
2021-03-11 00:00:00+00:00,0.481725148284546,-0.19369622305742545,0.523747224018254
2021-03-13 00:00:00+00:00,-0.9485165017302456,-1.2030416755225635,-0.8938800233713798
2021-03-14 00:00:00+00:00,0.1359692208368001,-0.11608796251613182,0.18250675202349997
2021-03-20 00:00:00+00:00,0.3720199531646693,0.3881955738771295,0.4050749925907171
2021-03-21 00:00:00+00:00,0.22476529667239933,0.36130682443718193,0.27423985291087105
2021-03-27 00:00:00+00:00,0.5856760390021543,0.5773905854707042,0.6148975811613043
2021-03-28 00:00:00+00:00,0.10885164690610226,0.284805036970875,0.14731903448887848
2021-04-01 00:00:00+00:00,-0.370847655401669,-0.5972046533493536,-0.33737089270123527
2021-04-02 00:00:00+00:00,-0.0123984873214206,0.9245148011604468,0.018979505474995974
2021-04-03 00:00:00+00:00,-0.3684702297908245,-0.508288106985906,-0.3269795696087763
2021-04-04 00:00:00+00:00,0.06320820271556932,0.16379235940772008,0.10331329945335657
2021-04-08 00:00:00+00:00,-0.2816970326401174,0.3096714685311725,-0.23960559523466934
2021-04-10 00:00:00+00:00,0.03826566259993563,0.22503343349501984,0.09079147202324879
2021-04-11 00:00:00+00:00,0.5051223278342827,0.5819650049821419,0.5502076266302516
2021-04-15 00:00:00+00:00,0.24706708800513902,0.2715067581010485,0.28956818109644844
2021-04-17 00:00:00+00:00,-0.6651292400074442,2.7660522343090435,-0.6239317797153994
2021-04-22 00:00:00+00:00,-1.31618036292708,-0.04935938685087615,-1.278077599482419
2021-04-24 00:00:00+00:00,0.26458857222447857,0.4695026746247368,0.29934612621962436
2021-04-25 00:00:00+00:00,-0.9389232793919863,-0.805902033529889,-0.8813975298887204
2021-04-30 00:00:00+00:00,0.31275431790168523,0.27025751929003183,0.34051844446213114
2021-05-01 00:00:00+00:00,-0.46118002193413643,-0.23339857819900917,-0.4067592556672327
2021-05-02 00:00:00+00:00,-0.06293509086922945,0.3162904430336715,-0.03262903480063903
2021-05-06 00:00:00+00:00,0.5576375790571197,0.08307614349970205,0.5848447610299404
2021-05-08 00:00:00+00:00,-1.4875019464710397,-1.4445974525260936,-1.4326348342243052
2021-05-09 00:00:00+00:00,-0.012687305960293667,0.6476030497138789,0.030522505970907485
2021-05-14 00:00:00+00:00,0.7332674155106802,1.7581973545241754,0.7588998412617219
2021-05-15 00:00:00+00:00,-1.2676668262387532,-0.8579453397362713,-1.2308672350891667
2021-05-16 00:00:00+00:00,0.31562561409315676,1.0272053860607897,0.3643710562501774
2021-05-21 00:00:00+00:00,-0.6421815723479493,0.29761490491410003,-0.6101927531022054
2021-05-22 00:00:00+00:00,0.5311036539219325,0.2731442097546,0.5638434166573216
2021-05-23 00:00:00+00:00,-0.03112975174100601,0.39207378583184166,0.0038377269537151044
2021-05-27 00:00:00+00:00,-0.39097178425587054,-0.5537950955068408,-0.34974326234180564
2021-05-28 00:00:00+00:00,1.329039699827705,2.050182102661293,1.3648922298685446
2021-05-29 00:00:00+00:00,0.6941795731685487,0.1025727274179834,0.7300360403792715
2021-05-30 00:00:00+00:00,0.9667125006673333,0.24218726889853437,1.0153509025327943
2021-06-05 00:00:00+00:00,0.39368140099666254,0.06915728908402846,0.42961948713638176
2021-06-06 00:00:00+00:00,0.5744667495775061,0.04412217506463045,0.6249382911072768
2021-06-11 00:00:00+00:00,0.3097437358588789,0.2116268346460886,0.34990360761489897
2021-06-12 00:00:00+00:00,0.7152285019843116,0.12783098979726526,0.7603285341967193
2021-06-13 00:00:00+00:00,-0.06402223459450498,-0.3972686426956187,-0.010831730207761134
2021-06-18 00:00:00+00:00,-0.09941313092739588,-0.023457419016560274,-0.0567709885290833
2021-06-19 00:00:00+00:00,0.35088551003559587,0.2660643289994656,0.38636703409841866
2021-06-20 00:00:00+00:00,-2.0340203004061608,-2.1847509169082606,-1.982098964475118
2021-06-25 00:00:00+00:00,-0.560012422466189,0.5963662583657506,-0.5284086688550876
2021-06-26 00:00:00+00:00,0.6010758292613311,0.7521523510176569,0.6316934633932516
2021-06-27 00:00:00+00:00,-0.586946171859576,-0.6223004122094802,-0.5314957249217868
2021-07-02 00:00:00+00:00,-0.22447123898985227,-0.638841292250705,-0.18030106463482382
2021-07-03 00:00:00+00:00,-0.0634836482800709,-0.18298898047460985,-0.026895618221547984
2021-07-04 00:00:00+00:00,0.3859145880932085,0.6527822344325729,0.43556282893261145
2021-07-09 00:00:00+00:00,0.5197593489868999,-0.136232644727174,0.5618486876190864
2021-07-10 00:00:00+00:00,0.0926509529178728,0.10307974029944973,0.12935684090190658
2021-07-11 00:00:00+00:00,0.6526344843950774,0.6651330613539883,0.6832690705794582
2021-07-15 00:00:00+00:00,-0.037256965200994634,0.0005380935205205745,0.006678397490217861
2021-07-16 00:00:00+00:00,-0.07075878497635951,-0.45068014056347167,-0.03225838214875183
2021-07-17 00:00:00+00:00,0.052704729796558276,0.4209417540263826,0.08944018340813972
2021-07-18 00:00:00+00:00,0.46227674627639553,0.808369557403166,0.503017840997932
2021-07-22 00:00:00+00:00,0.04855013993489913,-0.49138885225878043,0.08933223470087383
2021-07-23 00:00:00+00:00,-0.10337126353790346,-0.2432917156902312,-0.057784614163750525
2021-07-24 00:00:00+00:00,0.5993335854262577,0.6565434591184596,0.6434142778754872
2021-07-25 00:00:00+00:00,0.003544872713162013,0.22111636315995536,0.03339544872325111
2021-07-29 00:00:00+00:00,0.07293481843275519,-0.09625075340504037,0.10136388014377727
2021-07-31 00:00:00+00:00,0.044682970725586094,0.10318484842278491,0.07953590792975322
2021-08-01 00:00:00+00:00,0.48318468132939657,0.33142506372727126,0.5271316643682977
2021-08-05 00:00:00+00:00,-0.2767572864190979,-0.5788683215172117,-0.24603596633084965
2021-08-06 00:00:00+00:00,-0.24294412853779168,-0.6356730738863862,-0.2094195397261444
2021-08-07 00:00:00+00:00,-0.9908593473873689,-1.066230639703635,-0.9329441260755427
2021-08-08 00:00:00+00:00,-0.09286664690621718,-0.6400948801351996,-0.05686832555347631
2021-08-12 00:00:00+00:00,0.08477071602935964,0.3487296052256449,0.12791859467765543
2021-08-13 00:00:00+00:00,0.6439430346036015,1.3465713280978937,0.6693728732430925
2021-08-14 00:00:00+00:00,0.25648202879451953,0.04775063091466755,0.28857579130281613
2021-08-15 00:00:00+00:00,0.5139347533115237,0.44575058123005407,0.5475661186102536
2021-08-19 00:00:00+00:00,-0.5366785825527437,-0.2507957129472584,-0.5022491122042291
2021-08-20 00:00:00+00:00,0.6253687763247541,0.20633349806607465,0.6640820051374495
2021-08-21 00:00:00+00:00,0.5726836936484171,0.3042171168288883,0.6194052922209382
2021-08-22 00:00:00+00:00,0.25733980650566113,-0.07111205593779613,0.3077622367624351
2021-08-26 00:00:00+00:00,0.16881536067962394,0.4577349802047113,0.20941412693423203
2021-08-27 00:00:00+00:00,0.5430718561343574,0.9052497364453471,0.5818535403560874
2021-08-28 00:00:00+00:00,0.259462333903678,0.5358089576881838,0.2926241137580442
2021-08-29 00:00:00+00:00,0.30908426816989565,0.3230095777716558,0.3571538787939683
2021-09-02 00:00:00+00:00,0.08080426838943364,-0.9506022865612138,0.11226570987514017
2021-09-03 00:00:00+00:00,0.7126628926150266,0.817063598495698,0.7476944601700186
2021-09-04 00:00:00+00:00,0.4623142472017308,0.5748677159341243,0.508630719523723
2021-09-05 00:00:00+00:00,0.418189874772965,0.5161686618252722,0.4508106527383
2021-09-09 00:00:00+00:00,-0.20892360844996458,-0.38940934070045363,-0.1704348685171551
2021-09-10 00:00:00+00:00,0.483108427964959,1.1683724078646383,0.5223389202772544
2021-09-11 00:00:00+00:00,0.5529611011326047,0.32385617656333854,0.5961304132098183
2021-09-12 00:00:00+00:00,-1.0734285540539945,-1.31373203895632,-1.0346430943561515
2021-09-16 00:00:00+00:00,0.7006691144878705,-0.06824616351727453,0.7287173496843206
2021-09-17 00:00:00+00:00,0.2597883849132573,0.5857583394065404,0.28509992977450777
2021-09-18 00:00:00+00:00,0.45757395465626316,0.6805453726264947,0.48800201645590713
2021-09-19 00:00:00+00:00,-0.0983744000052463,0.22270559893948458,-0.04881565443207905
2021-09-23 00:00:00+00:00,-0.7184075711790424,-0.8394357779424806,-0.685110396676536
2021-09-24 00:00:00+00:00,0.17564930288108924,0.923938625534481,0.1999248817243238
2021-09-25 00:00:00+00:00,0.0974201797927294,0.29101011043315705,0.1270048762135044
2021-09-26 00:00:00+00:00,-0.1566969680838929,0.06081023572179248,-0.10363726694485365
2021-10-02 00:00:00+00:00,0.11360199255222489,-0.010476688592047909,0.15096328218779909
2021-10-03 00:00:00+00:00,0.6727707923652774,0.428173906008504,0.7190274060163288
2021-10-07 00:00:00+00:00,0.5593681406769161,0.20919319944835718,0.58695257760058
2021-10-08 00:00:00+00:00,0.807079776224906,0.062228296953948825,0.8324183276727762
2021-10-09 00:00:00+00:00,0.5925252394982335,0.4617169116544029,0.625444941872554
2021-10-10 00:00:00+00:00,-0.25796840428081225,-0.05878193531033518,-0.22429532890518494
2021-10-14 00:00:00+00:00,4.16121154451798e-05,0.1747967501601727,0.031178488360276535
2021-10-16 00:00:00+00:00,0.6801717978293897,0.5638785100194095,0.7104030940255701
2021-10-17 00:00:00+00:00,0.44285166159855166,0.40800229279046457,0.4746790604008823
2021-10-21 00:00:00+00:00,-0.07248232824432595,-0.4996897945328299,-0.031004137317898337
2021-10-22 00:00:00+00:00,0.5803683454073395,-0.1530405946334633,0.612131480318858
2021-10-23 00:00:00+00:00,0.010025123642528506,0.16678813586045801,0.06200793351209213
2021-10-24 00:00:00+00:00,0.20491944967832473,0.09365596929340009,0.24087264234531722
2021-10-28 00:00:00+00:00,0.05643203255863951,0.8961384162321927,0.08968543907809397
2021-10-29 00:00:00+00:00,0.7578571643640442,0.5512501941553459,0.783701933936965
2021-10-30 00:00:00+00:00,0.500159778890681,-0.10531633663652173,0.541662014582962
2021-10-31 00:00:00+00:00,0.37428908743961103,0.12195173175455165,0.4074133511693595
2021-11-04 00:00:00+00:00,0.20600836062721664,-0.32593907836442226,0.234356244420422
2021-11-06 00:00:00+00:00,0.6952122517628474,0.2714211036053764,0.729056760958675
2021-11-07 00:00:00+00:00,0.043267137036377315,-0.43361201753176976,0.09202953507292017
2021-11-11 00:00:00+00:00,0.1515033363741171,-0.6358036562415726,0.19506498534963376
2021-11-12 00:00:00+00:00,0.28656630563247526,-0.2855446777233131,0.3240516498307572
2021-11-13 00:00:00+00:00,0.26713638034861925,0.2785466421937593,0.30253865756627435
2021-11-14 00:00:00+00:00,0.49657957687989496,0.5397639080547869,0.5261776030472723
2021-11-19 00:00:00+00:00,0.017029244961124675,0.5864285333752519,0.058469125630342705
2021-11-20 00:00:00+00:00,0.0274759607449723,-0.2692978792343613,0.08201906018400255
2021-11-21 00:00:00+00:00,-0.26649066290754436,-0.6061838005269471,-0.21568287202056619
2021-11-25 00:00:00+00:00,-1.1530811457726267,-0.676491376697316,-1.1214576101878577
2021-11-27 00:00:00+00:00,0.4109059552979037,0.42296348238119613,0.44414765396994726
2021-11-28 00:00:00+00:00,-0.5896763520175694,-0.3232574770415436,-0.5353571989454603
2021-12-02 00:00:00+00:00,-1.3975766266481195,-1.9690279489852553,-1.3621975814314424
2021-12-03 00:00:00+00:00,-1.276295538027255,-0.47261929939737635,-1.2312855122727746
2021-12-04 00:00:00+00:00,0.6412354105071151,0.6722962571480089,0.6751982565028087
2021-12-05 00:00:00+00:00,0.6627444926152417,0.5214420601923607,0.6918898559051068
2021-12-09 00:00:00+00:00,-0.004897604017509223,1.0149933888905807,0.02494098771429179
2021-12-10 00:00:00+00:00,0.587199130024136,1.1316231411500195,0.6148307451046064
2021-12-11 00:00:00+00:00,0.10570132175693642,-0.23477883847994224,0.15712880704761484
2021-12-12 00:00:00+00:00,0.0652234502538636,0.008732029119382118,0.09461513347268069
2021-12-17 00:00:00+00:00,0.6396890491546785,0.3503174442337473,0.6744240324032977
2021-12-18 00:00:00+00:00,0.36730017517225283,-0.12315246642970468,0.4035507774851321
2021-12-19 00:00:00+00:00,0.13713630741362265,0.1973787412912292,0.18659438383513252
2021-12-23 00:00:00+00:00,0.16238875015004056,0.13500204547118358,0.19889934813042773
2021-12-25 00:00:00+00:00,0.3322988991827884,0.16311312420054067,0.36564908594653384
2021-12-26 00:00:00+00:00,0.33008226480409714,0.23185671634440252,0.3620003164438528
2021-12-30 00:00:00+00:00,0.4491112951910653,-0.054544756119192184,0.47924178878145696
2021-12-31 00:00:00+00:00,0.5987067456337216,0.07555770593326583,0.6241990826609245
2022-01-01 00:00:00+00:00,0.12697730140433278,0.24116279949605413,0.16170022132721296
2022-01-02 00:00:00+00:00,0.4406305421702037,0.9270835666208919,0.4855212138071844
2022-01-06 00:00:00+00:00,0.24122060526253566,0.3978653862766832,0.2714297673811852
2022-01-07 00:00:00+00:00,0.495009710013822,1.0449852636700647,0.5298669410155348
2022-01-08 00:00:00+00:00,-0.17094083185379447,-0.22346627653271361,-0.13677412432662747
2022-01-09 00:00:00+00:00,0.17499799625917206,0.015300131045793586,0.20999974199921373
2022-01-13 00:00:00+00:00,-0.0022583664693402116,0.2359951852905239,0.040290396255167046
2022-01-14 00:00:00+00:00,0.41520618646683355,0.251436989253546,0.4527003206043021
2022-01-15 00:00:00+00:00,0.254955273459995,0.24734820477005276,0.28676100048446473
2022-01-16 00:00:00+00:00,-0.1622123795425431,-0.17212701135135403,-0.12425753053358435
2022-01-20 00:00:00+00:00,-1.5623120512076911,-1.2869959959331854,-1.5191388809358026
2022-01-22 00:00:00+00:00,-0.5075219991667927,-0.41999665026866834,-0.4553664644831884
2022-01-23 00:00:00+00:00,-0.029204894541985982,-0.02407169046975838,0.019647298993626047
2022-01-27 00:00:00+00:00,-0.6208775363906198,-0.8164979459837818,-0.5914823604471918
2022-01-29 00:00:00+00:00,0.5803094882268843,0.48647568441601763,0.6258346959438466
2022-01-30 00:00:00+00:00,0.3708787482088692,0.9489486389068376,0.40301445978825856
2022-02-03 00:00:00+00:00,-0.5793135937339033,-0.077266713133046,-0.5422028530974954
2022-02-04 00:00:00+00:00,-0.2252098078962085,1.3231271465759447,-0.18199620173343184
2022-02-05 00:00:00+00:00,0.7047621747933873,0.31679960386753736,0.7492739018251762
2022-02-06 00:00:00+00:00,0.09915265101266625,0.1332030201055817,0.12746771693487782
2022-02-10 00:00:00+00:00,-0.6282381683026412,0.10050996613239915,-0.5920467329010543
2022-02-11 00:00:00+00:00,-0.2814128101273015,-0.34315003770107055,-0.23969639098367568
2022-02-12 00:00:00+00:00,0.5578306055224799,0.5814465036518225,0.5869950914927291
2022-02-13 00:00:00+00:00,0.522036280831221,0.5621000791980764,0.5546574889682396
2022-02-18 00:00:00+00:00,-0.31790640816211435,-0.4456311447971296,-0.2787399850355555
2022-02-19 00:00:00+00:00,-0.021718984184788136,0.15245403005238442,0.028057597694760888
2022-02-20 00:00:00+00:00,-0.2876141896185212,1.1656437416811098,-0.23229991803135325
2022-02-25 00:00:00+00:00,-0.3099095709558299,0.017158185581621965,-0.2658819992096209
2022-02-26 00:00:00+00:00,0.42965122916581466,1.079172685829334,0.47336999119235595
2022-02-27 00:00:00+00:00,-0.4129796171811784,0.9798373021762756,-0.37738650240610216
2022-03-04 00:00:00+00:00,0.2291208358304939,1.1615289320767685,0.2691570858358778
2022-03-05 00:00:00+00:00,0.4588652751845521,0.31296981911722127,0.5083256670351284
2022-03-06 00:00:00+00:00,-0.3836251900919003,-0.24514539143879113,-0.3477001785106827
2022-03-12 00:00:00+00:00,0.5581166616501317,0.39661692173732316,0.5879051835491882
2022-03-13 00:00:00+00:00,0.09788060887046354,0.13918183253277686,0.13245321543568395
2022-03-18 00:00:00+00:00,-0.24979243534575557,0.25055097679118643,-0.2064610271557349
2022-03-19 00:00:00+00:00,0.14711279828563667,0.11820699868969872,0.18166180845854085
2022-03-20 00:00:00+00:00,0.4869997802660807,0.44584697896448877,0.5215304402297051
2022-03-25 00:00:00+00:00,0.2331082396999244,-0.12105611946510025,0.2591389446177786
2022-03-26 00:00:00+00:00,0.22517716616271544,0.2776649466076575,0.2579915080828366
2022-03-27 00:00:00+00:00,-0.3477442917150947,-0.3339260785534577,-0.29076328304598287
2022-04-01 00:00:00+00:00,-0.4713886551427134,-0.07294771396829225,-0.42701696037992826
2022-04-02 00:00:00+00:00,0.43534119889556244,0.5270290667335107,0.46594323606582605
2022-04-03 00:00:00+00:00,0.09636366418109314,0.16477852699324658,0.13203557253514475
2022-04-08 00:00:00+00:00,0.0015839028345461992,-0.5140616633438199,0.03231775898946945
2022-04-09 00:00:00+00:00,0.31417274921738286,0.4361982674909454,0.34996890628634214
2022-04-10 00:00:00+00:00,-0.0779338331939495,0.16011717867773584,-0.04603793748486188
2022-04-16 00:00:00+00:00,0.2943921528582436,0.5144659709946361,0.32573529956949593
2022-04-17 00:00:00+00:00,-0.7209574114824905,-0.23380073402949564,-0.6892554274635382
2022-04-22 00:00:00+00:00,0.1368035595934842,-0.14189740860921793,0.17580531204827277
2022-04-23 00:00:00+00:00,0.10302913056876364,0.10751482009731993,0.13788668142123905
2022-04-24 00:00:00+00:00,-0.056262063245523866,-0.3447080575767209,-0.004353309516234121
2022-04-28 00:00:00+00:00,0.18819718251429085,-0.14682988983581702,0.22633661423689755
2022-04-29 00:00:00+00:00,-0.1301179107052767,-0.054040006933871315,-0.09652970714104787
2022-04-30 00:00:00+00:00,-0.08599182073400022,0.2950789489942113,-0.041734398015794344
2022-05-01 00:00:00+00:00,-0.22826401791948292,0.16568169534949218,-0.19234743540131763
2022-05-07 00:00:00+00:00,-0.051104174988498355,0.1617497462472534,-0.014839126294610074
2022-05-08 00:00:00+00:00,-0.30377282124900595,0.13401108242388904,-0.2599299907503492
2022-05-13 00:00:00+00:00,0.6332922301694197,-0.0887613546076349,0.659622038754997
2022-05-14 00:00:00+00:00,0.6372069484713689,0.2715147385066721,0.6844554237262647
2022-05-15 00:00:00+00:00,-0.6800957481677926,-1.101254874432192,-0.645284481906921
2022-05-20 00:00:00+00:00,0.38705264807801,0.4434626815831553,0.4245619315385909
2022-05-21 00:00:00+00:00,0.4716477696087731,0.5143948076260965,0.5043355281841381
2022-05-22 00:00:00+00:00,-0.05447402502123167,0.13288721351934366,-0.0020079748056485475
2022-05-26 00:00:00+00:00,-0.9329684490934109,0.5094069254650595,-0.8896760716420197
2022-05-28 00:00:00+00:00,0.004577330539905089,-0.10903642829667858,0.04048958319803846
2022-05-29 00:00:00+00:00,-0.49439435997158926,-0.525107441230465,-0.45020670699750254
2022-06-03 00:00:00+00:00,0.02106646982854332,-0.22336725899124585,0.05044815491607779
2022-06-04 00:00:00+00:00,0.208670931212704,0.15014059676616465,0.2422387677262434
2022-06-05 00:00:00+00:00,-0.05966867787642089,0.010529898246975915,-0.02023239957476861
2022-06-09 00:00:00+00:00,-0.40113123500348474,-0.9430198318001,-0.3694160490571936
2022-06-10 00:00:00+00:00,-1.171653528275626,-0.33567117118994383,-1.1344645072384094
2022-06-11 00:00:00+00:00,-0.9799776788897591,-0.3165179691930905,-0.9362762482857402
2022-06-12 00:00:00+00:00,-0.9158456933164298,-0.5483358901212391,-0.8786223995205793
2022-06-16 00:00:00+00:00,0.2564733710733123,2.0261353647720095,0.29170031100294147
2022-06-17 00:00:00+00:00,-0.4165136013749558,-0.5583705175610357,-0.38375563392154005
2022-06-18 00:00:00+00:00,-0.9604723217657418,-1.156783271969101,-0.922557462050309
2022-06-19 00:00:00+00:00,-1.0943834132857455,-0.8296169330385783,-1.0527663092380268
2022-06-25 00:00:00+00:00,0.4154584443271963,0.3566601710979596,0.44856274365010795
2022-06-26 00:00:00+00:00,0.4368055611924194,0.562615100555088,0.47160585825757717
2022-06-30 00:00:00+00:00,0.7431028750686659,0.6492922435572553,0.7845382135427912
2022-07-01 00:00:00+00:00,0.43094203746393545,-0.3501822620044839,0.45791984178001666
2022-07-02 00:00:00+00:00,0.6110255887060331,0.5469235893753854,0.642538571501141
2022-07-03 00:00:00+00:00,0.6139172393536636,0.9683281358839737,0.6547312691291899
2022-07-07 00:00:00+00:00,0.346607734969006,0.4768353139149909,0.38691748263615316
2022-07-09 00:00:00+00:00,0.44509585867647816,0.6218941457613284,0.48761502789238764
2022-07-10 00:00:00+00:00,-0.15210959093447254,0.1582646759138233,-0.10045949162607899
2022-07-15 00:00:00+00:00,-1.3966812021456851,-1.6875803920629537,-1.371868675802117
2022-07-16 00:00:00+00:00,-1.7659458968020387,-1.0100147650468791,-1.708939888938849
2022-07-17 00:00:00+00:00,-1.2513383557877906,-1.1340088581783578,-1.2038817019326669
2022-07-22 00:00:00+00:00,0.868300225123615,0.44614560171130085,0.8995384399034506
2022-07-23 00:00:00+00:00,0.23707350332739252,0.9162274796569734,0.2711524969734969
2022-07-24 00:00:00+00:00,-0.03385271865822893,1.3725798737020736,0.011844627747964125
2022-07-29 00:00:00+00:00,0.8267663850051179,-0.09372272959058103,0.8532768013597516
2022-07-30 00:00:00+00:00,0.8811156337125836,0.7362495857036543,0.9108966519969784
2022-07-31 00:00:00+00:00,0.8457307886268349,0.19686910640895816,0.8896286676088018
2022-08-04 00:00:00+00:00,0.0665014840950157,-0.25377277967096,0.09455475676017343
2022-08-05 00:00:00+00:00,0.24460253534166632,1.1154219552111801,0.2735983075630453
2022-08-06 00:00:00+00:00,0.08977546729083995,0.15826856272292517,0.12584287584297266
2022-08-07 00:00:00+00:00,0.33707831051502085,0.5205206689716946,0.3792822083945989
2022-08-13 00:00:00+00:00,0.24016926330951793,0.0569372563891655,0.2873029816480115
2022-08-14 00:00:00+00:00,-0.03583257094059472,-0.28613893647047983,0.014791476532054395
2022-08-18 00:00:00+00:00,-0.4429007028776093,-0.28403770449276944,-0.41036359966845365
2022-08-20 00:00:00+00:00,0.7250052730619733,0.07369249610853956,0.7610577762646711
2022-08-21 00:00:00+00:00,-0.39201980536245556,-0.7069250200047601,-0.3587387707951955
2022-08-26 00:00:00+00:00,-0.6959936724790936,0.8945862292106634,-0.6664411417510308
2022-08-27 00:00:00+00:00,0.8821001338422682,0.905947294224579,0.9178150394520674
2022-08-28 00:00:00+00:00,0.06670967508976948,0.040991452221076204,0.10209692382657214
2022-09-01 00:00:00+00:00,-0.020285195033849342,-0.4385847167106421,0.013002461254461093
2022-09-02 00:00:00+00:00,0.21647438834794394,-0.1530564223371735,0.2456686950153592
2022-09-03 00:00:00+00:00,0.1675181530875866,0.39665097628825763,0.20145504086027993
2022-09-04 00:00:00+00:00,0.2582555199035662,0.4255679545295318,0.29359177997436836
2022-09-08 00:00:00+00:00,0.18202836626071028,0.02162715189937886,0.22345526065162813
2022-09-10 00:00:00+00:00,-0.041630265192506004,-0.17134872410581586,0.01115290572085798
2022-09-11 00:00:00+00:00,0.7419998061400853,0.6617226192895587,0.7702035381953877
2022-09-16 00:00:00+00:00,0.7177880139984573,0.030767794017727224,0.7448929115233265
2022-09-17 00:00:00+00:00,0.7716951478609338,0.9285820764508008,0.809047180814696
2022-09-18 00:00:00+00:00,-1.1197123449088824,-1.2825055178429323,-1.068581612999458
2022-09-22 00:00:00+00:00,0.645788803734796,0.8112142125051003,0.6850292060408609
2022-09-23 00:00:00+00:00,0.51350082190185,0.08237625085183475,0.5394104538908776
2022-09-24 00:00:00+00:00,0.6028374064307083,0.6836339755508701,0.6333371181568551
2022-09-29 00:00:00+00:00,0.5474090712233743,-0.08671624699454017,0.5735099759558097
2022-09-30 00:00:00+00:00,0.25580173241761783,-0.23496049717925277,0.28208176141415875
2022-10-01 00:00:00+00:00,0.12644085757580253,-0.40166768922774726,0.16068358900158852
2022-10-02 00:00:00+00:00,0.03247458963335344,-0.2545527969916446,0.08311040111642055
2022-10-06 00:00:00+00:00,0.3347524630467604,-0.23583059333750117,0.37913416052540977
2022-10-13 00:00:00+00:00,-0.40748483110397243,-0.8956087033061249,-0.36938445798501246
2022-10-14 00:00:00+00:00,-0.20337947385253277,-0.6456499025819222,-0.17355795241358346
2022-10-15 00:00:00+00:00,0.03026557965990908,-0.4044335417718644,0.06788487709704061
2022-10-16 00:00:00+00:00,0.17834298166769694,-0.2894720979255394,0.23151613039248034
2022-10-20 00:00:00+00:00,0.2754996534119502,-0.07187349328826259,0.30965089835901793
2022-10-21 00:00:00+00:00,0.03223557951479889,-0.3940172128741499,0.06221991085065432
2022-10-22 00:00:00+00:00,0.2523886265654911,0.6898052941876878,0.29990455762679996
2022-10-23 00:00:00+00:00,-0.4580311000761258,0.28748471347692317,-0.42096338142958245
2022-10-27 00:00:00+00:00,-0.1562635655547658,-0.23071740245732056,-0.12647152338677356
2022-10-28 00:00:00+00:00,-0.8494124613806239,-0.7712745823343008,-0.8165142772201168
2022-10-29 00:00:00+00:00,-0.4299023655037561,-0.6806035152002519,-0.3905529032686791
2022-10-30 00:00:00+00:00,0.376586383381044,-0.17041728279460988,0.42107825911507146
2022-11-04 00:00:00+00:00,-0.08293301936363007,0.8983372095198154,-0.03981859755928166
2022-11-05 00:00:00+00:00,0.4690201536000006,0.6464319907337455,0.505847808259713
2022-11-06 00:00:00+00:00,-0.05895010365292325,0.5393959661511274,-0.008700308053403497
2022-11-10 00:00:00+00:00,0.611549530419069,1.972394301461285,0.6405551366738217
2022-11-11 00:00:00+00:00,0.5021094700910405,-0.04826075657876905,0.5279633446938827
2022-11-12 00:00:00+00:00,0.4976380428594685,-0.10008375435922551,0.543226086851344
2022-11-13 00:00:00+00:00,0.17365982657540188,-0.31009551408664715,0.20884581358394508
2022-11-19 00:00:00+00:00,0.41388194109743454,0.4354621740512969,0.46164726894477903
2022-11-20 00:00:00+00:00,-0.8511988798501718,-1.3746806661687776,-0.814211192176752
2022-11-25 00:00:00+00:00,0.11287365761687919,-0.19369238116269966,0.14584234887603575
2022-11-26 00:00:00+00:00,0.26067227935018733,0.25895818688922795,0.29252644174172754
2022-11-27 00:00:00+00:00,0.031105578961353745,0.11232420890504576,0.07412598814395599
2022-12-01 00:00:00+00:00,0.3194122683646138,-0.36558713208303417,0.3443758992285301
2022-12-02 00:00:00+00:00,0.15655718492232046,-0.2925119621842875,0.1862573841817006
2022-12-03 00:00:00+00:00,-0.5002734086771427,-0.6329472664904545,-0.4488944279514841
2022-12-04 00:00:00+00:00,-0.16156411263776757,-0.3304295447195208,-0.10884559195260793
2022-12-08 00:00:00+00:00,0.23018704143358093,0.47615825873933754,0.2759298698126672
2022-12-09 00:00:00+00:00,0.34947646196585674,-0.015740068047113753,0.37672376994330925
2022-12-10 00:00:00+00:00,0.24263635630035002,-0.007067458240823443,0.28182688940435413
2022-12-11 00:00:00+00:00,0.10258392045160865,-0.20262561142554109,0.13612970453896175
2022-12-15 00:00:00+00:00,-0.6005274278057605,-0.4251195904337689,-0.5559136278881954
2022-12-16 00:00:00+00:00,0.17355370587210342,1.3849846874689793,0.2158926813028382
2022-12-17 00:00:00+00:00,0.5289062746162702,0.24377194590536183,0.5640490519312477
2022-12-18 00:00:00+00:00,0.37406899700962687,0.00810663952902041,0.40331288071065036
2022-12-22 00:00:00+00:00,-0.015283890789056233,-0.3994117278123963,0.030426754824356205
2022-12-23 00:00:00+00:00,0.215919283535161,-0.09470052558903425,0.24110740561613123
2022-12-24 00:00:00+00:00,0.25458306300091094,-0.06351163000107585,0.28399051055200186
2022-12-25 00:00:00+00:00,0.1233889221704732,-0.17341438296953798,0.15628076529782092
2022-12-29 00:00:00+00:00,0.2151126543128496,-0.0023838510212485786,0.23963046570928798
2022-12-30 00:00:00+00:00,0.2085158042406587,-0.02087823220083318,0.23319057943822552
2022-12-31 00:00:00+00:00,0.056937831798951864,0.042409592508891716,0.09120192624252936
2023-01-01 00:00:00+00:00,-0.08541995683849209,-0.07772003975828451,-0.04254556851449413
2023-01-06 00:00:00+00:00,0.055256623161196755,0.025314629014178365,0.095495444922075
2023-01-12 00:00:00+00:00,-0.4008961969662115,-0.6162005058503636,-0.3556589823130856
2023-01-13 00:00:00+00:00,-0.9701322187495008,-0.8823596664373146,-0.9230684017558569
2023-01-14 00:00:00+00:00,-0.770703511737117,-1.075846187018009,-0.7173008241574967
2023-01-15 00:00:00+00:00,0.7901394707359838,0.5993305641700698,0.8372498408186867
2023-01-19 00:00:00+00:00,-0.5582136317973456,-0.6386139656163722,-0.5137142288551356
2023-01-20 00:00:00+00:00,-0.7478672795152735,0.4984441695454157,-0.7135549503392675
2023-01-21 00:00:00+00:00,0.3226548264028674,0.34144653136295616,0.3591969526173039
2023-01-22 00:00:00+00:00,0.4659568505247641,0.38100324133293606,0.4943889443969649
2023-01-26 00:00:00+00:00,0.15864094209947616,-0.22314029758303577,0.18674256035876993
2023-01-27 00:00:00+00:00,0.2737953980941379,0.08638428489051797,0.2997951195231962
2023-01-28 00:00:00+00:00,0.180484872041529,0.19595200468473972,0.22984829651259384
2023-01-29 00:00:00+00:00,-0.5140570447686668,-0.37754828039430577,-0.47111695751050153
2023-02-02 00:00:00+00:00,0.18989551594996099,-0.33359613636143937,0.21900091930863147
2023-02-03 00:00:00+00:00,0.3082298500417595,-0.04095053625402767,0.34559026025034906
2023-02-04 00:00:00+00:00,0.27642510251449076,0.2823234440260603,0.3079065978084056
2023-02-05 00:00:00+00:00,0.1038077546440846,0.24157385111889168,0.14770311549832937
2023-02-09 00:00:00+00:00,-0.6545458559114602,0.1574405138593158,-0.60552714441462
2023-02-10 00:00:00+00:00,0.1238371880614659,0.047210264821961195,0.1637182528645411
2023-02-11 00:00:00+00:00,0.244837534772168,0.4612546928451533,0.285533990108769
2023-02-12 00:00:00+00:00,0.17475549487343556,0.4807543557990509,0.21550752059374145
2023-02-16 00:00:00+00:00,0.3518240476442238,0.3152497099609196,0.39143455712756653
2023-02-17 00:00:00+00:00,0.3071979307115198,0.18938179485265166,0.3391437656707663
2023-02-18 00:00:00+00:00,0.46143998258436303,0.0814432149595562,0.49063912632125883
2023-02-19 00:00:00+00:00,0.33480107081808524,0.1407349192509312,0.36791681104453017
2023-02-23 00:00:00+00:00,0.09820363424839104,-0.3211498593101626,0.13605198997302909
2023-02-24 00:00:00+00:00,-0.13564655575806747,-0.0037172356951361007,-0.09409915618625692
2023-02-25 00:00:00+00:00,0.27457091855388743,0.4550046213266987,0.30932938306261004
2023-02-26 00:00:00+00:00,-0.18337935061839866,-0.06302081102863187,-0.14133120680250727
2023-03-04 00:00:00+00:00,0.24388411203063323,0.17182323178070008,0.27487547390200723
2023-03-05 00:00:00+00:00,0.19285210437143793,0.5615887807890778,0.2237685693104376
2023-03-09 00:00:00+00:00,-0.18550115136377604,0.847605012927686,-0.13697053349498656
2023-03-10 00:00:00+00:00,-0.06512621506997326,-0.29717502492394365,-0.03417907604790142
2023-03-11 00:00:00+00:00,-0.26151536546359655,0.2735358909104564,-0.2221257945414762
2023-03-12 00:00:00+00:00,-0.9735122024257535,-0.23791473757741188,-0.9335232360796103
2023-03-17 00:00:00+00:00,-0.4423931118535552,0.7597562259220709,-0.4087750871337145
2023-03-18 00:00:00+00:00,0.3084665563615134,0.05695332540553982,0.3434162617212067
2023-03-19 00:00:00+00:00,0.2594284244219685,0.09404796821594472,0.292012100642437
2023-03-23 00:00:00+00:00,0.04746438273469794,0.386005081418594,0.08105473257315264
2023-03-24 00:00:00+00:00,-0.07372920946823268,0.1415926680189526,-0.032404454055829736
2023-03-25 00:00:00+00:00,0.40894573811188883,-0.018247556674946097,0.4396888860808711
2023-03-26 00:00:00+00:00,0.08566792383215047,-0.021171521680090122,0.12477255020397524
2023-04-01 00:00:00+00:00,0.30711672464453554,0.29833712621946706,0.3381073419314515
2023-04-02 00:00:00+00:00,0.05463588492746245,-0.05968842510270743,0.10562670838365458
2023-04-08 00:00:00+00:00,0.06559939680381145,0.27538220254556356,0.09898268981704642
2023-04-09 00:00:00+00:00,0.18548143094005573,0.25344652580555255,0.21886826493089134
2023-04-13 00:00:00+00:00,-1.2040290408486551,-0.7891716858326496,-1.16946746685184
2023-04-15 00:00:00+00:00,0.3734402512804814,0.4739880123382108,0.40474305984005376
2023-04-16 00:00:00+00:00,0.2987194399490147,0.3403319563796287,0.33256957891873473
2023-04-20 00:00:00+00:00,-0.06883215182741913,-0.3099189913427392,-0.039166964476652445
2023-04-21 00:00:00+00:00,-0.18861988756646073,0.37306893060877555,-0.14473342963058944
2023-04-22 00:00:00+00:00,0.1050614830913993,-0.23727821929511345,0.15392023771711133
2023-04-23 00:00:00+00:00,0.24568661072408762,0.14802737317315767,0.2706762689218584
2023-04-27 00:00:00+00:00,0.3315262488986331,0.3641645783240203,0.35884984905119977
2023-04-28 00:00:00+00:00,0.33904882198540864,0.1403039794430008,0.36511904021515723
2023-04-29 00:00:00+00:00,0.17865937246473046,-0.008613706107608116,0.22467800081292955
2023-04-30 00:00:00+00:00,-0.06068987859601833,-0.2695620515322629,-0.012770514826518909
2023-05-04 00:00:00+00:00,0.20796622197677894,-0.12590751560735625,0.24246274089897357
2023-05-05 00:00:00+00:00,0.0994102367234233,0.9803232411921243,0.14134068729913518
2023-05-06 00:00:00+00:00,-0.696564981962625,-0.5959062801388647,-0.6584845968485883
2023-05-07 00:00:00+00:00,-0.0101739958979121,-0.018132712980644262,0.038269570534014356
2023-05-11 00:00:00+00:00,0.09935505150810268,0.18714600706873252,0.12934183087562717
2023-05-12 00:00:00+00:00,0.07215332666087891,-0.3314726797402892,0.10542307772045843
2023-05-13 00:00:00+00:00,0.23328866270162227,-0.12282266337040679,0.26420240840002585
2023-05-14 00:00:00+00:00,-0.1633866576708882,-0.50472301755079,-0.11816766129495036
2023-05-18 00:00:00+00:00,0.13433433328442512,0.004944885470459043,0.15763372466589895
2023-05-19 00:00:00+00:00,0.20690156355440031,-0.020717083206551357,0.2324961953527097
2023-05-20 00:00:00+00:00,0.1024854160035253,0.10396307437184675,0.14551789265772605
2023-05-21 00:00:00+00:00,-0.15005662459158484,-0.20732194178795804,-0.10877579287960078
2023-05-25 00:00:00+00:00,0.019934143827333117,-0.17668056610094643,0.05596027347824627
2023-05-26 00:00:00+00:00,0.04411251153048432,0.01607953155995478,0.0828829230689294
2023-05-27 00:00:00+00:00,0.017742927070609968,-0.023077817433352334,0.04772869624524628
2023-05-28 00:00:00+00:00,-0.6784369592783296,-0.8016223998520798,-0.640580695338571
2023-06-01 00:00:00+00:00,-0.004610069792501078,-0.13180103559469877,0.032029496093981404
2023-06-02 00:00:00+00:00,0.22028670553413535,0.44819210802500475,0.2502467327299375
2023-06-03 00:00:00+00:00,0.14363835399453057,0.3713778683447561,0.1772560345456188
2023-06-04 00:00:00+00:00,0.0479252869751764,0.09927385640598314,0.08094932925070271
2023-06-08 00:00:00+00:00,-0.43982456610472087,-0.585156354353138,-0.40323351421650677
2023-06-09 00:00:00+00:00,-0.7353335180894539,-0.1543761844436673,-0.7030152940827371
2023-06-10 00:00:00+00:00,-1.1127932209968452,-1.1105005318034076,-1.058355281277318
2023-06-11 00:00:00+00:00,0.19180948097961464,0.4890750044655478,0.22332513623822975
2023-06-15 00:00:00+00:00,-0.25278528349256557,-0.48163654031465686,-0.2145293867775638
2023-06-16 00:00:00+00:00,-0.3818943251333817,-0.10913690854243707,-0.3499389607224468
2023-06-17 00:00:00+00:00,0.18595791703131412,0.49757305904344273,0.2304271007143222
2023-06-18 00:00:00+00:00,0.23836913617443772,0.7512954341380116,0.2721083493123475
2023-06-22 00:00:00+00:00,0.27744722958597623,0.013816330186764314,0.310324408475836
2023-06-23 00:00:00+00:00,0.055424056538476534,-0.2160606798541136,0.0961137098298018
2023-06-24 00:00:00+00:00,-0.046988511375672296,-0.260311077803087,-0.010749359307713414
2023-06-25 00:00:00+00:00,0.04303110563590776,-0.10262674808282349,0.08142339561743177
2023-06-29 00:00:00+00:00,-0.08512605703485678,-0.038678017036659455,-0.05399844417256186
2023-06-30 00:00:00+00:00,-0.004651406676847547,0.5910146685992741,0.025018963310724153
2023-07-01 00:00:00+00:00,0.09948495057681316,0.1490104386820168,0.132209195653629
2023-07-02 00:00:00+00:00,0.009898232007834316,-0.0614027894827033,0.046860516326930425
2023-07-06 00:00:00+00:00,-0.06795130902368623,0.24390829101454936,-0.03997158054323231
2023-07-07 00:00:00+00:00,0.20869907786055117,0.15243072396296223,0.24785933349505807
2023-07-08 00:00:00+00:00,0.147816411046302,0.6329322981026164,0.1951181522873256
2023-07-09 00:00:00+00:00,0.05007007916861739,0.06917320917805186,0.08491262249016239
2023-07-13 00:00:00+00:00,-0.6296959103157613,0.5466959040078994,-0.5918373901419848
2023-07-14 00:00:00+00:00,-0.10790510537386475,0.11212724374277694,-0.0755882847672244
2023-07-15 00:00:00+00:00,0.2226531755565928,0.07649061050164363,0.252031749713139
2023-07-16 00:00:00+00:00,0.24678375461852084,0.08370166490010306,0.28792332655521924
2023-07-20 00:00:00+00:00,0.026041546047151188,-0.21837029315698758,0.05114195360698558
2023-07-21 00:00:00+00:00,0.09530048139661672,-0.0704521313707072,0.12076893656066737
2023-07-22 00:00:00+00:00,-0.19491291863088495,-0.25449552322707286,-0.1579082270020669
2023-07-23 00:00:00+00:00,-0.09439940491603223,-0.3050057664927379,-0.05768996326654529
2023-07-28 00:00:00+00:00,0.059652762948582724,-0.16237280920445052,0.0895663131171067
2023-07-29 00:00:00+00:00,0.11743498283591658,0.022332361212829485,0.15407816084539727
2023-07-30 00:00:00+00:00,-0.0007822579501416016,-0.027137303905898236,0.04005568850789184
2023-08-03 00:00:00+00:00,0.10756889255334517,-0.07714097067312628,0.14291417332102024
2023-08-04 00:00:00+00:00,0.05241622961932625,-0.025461814090723373,0.08267737259793237
2023-08-05 00:00:00+00:00,0.04740181322160921,-0.09335165815272556,0.0980069463511747
2023-08-06 00:00:00+00:00,0.06022306527996646,-0.18731217664636768,0.12006438207478067
2023-08-10 00:00:00+00:00,0.2583881618703367,0.03167203597084506,0.28599030018439836
2023-08-11 00:00:00+00:00,0.17375678356754692,-0.0117426444553132,0.20262881448756262
2023-08-12 00:00:00+00:00,0.09867376743851676,0.12368484800879936,0.12813270836403026
2023-08-13 00:00:00+00:00,0.059920099883548086,0.09406765016048546,0.09581504961862307
2023-08-17 00:00:00+00:00,-0.6868487530460345,0.6896450500638864,-0.6569198683071176
2023-08-18 00:00:00+00:00,0.274722224142112,0.06553018306333463,0.30370160338451585
2023-08-19 00:00:00+00:00,0.11047345849317534,-0.15219840174733074,0.15208451133401107
2023-08-20 00:00:00+00:00,0.22668598437666218,0.16529493588001606,0.2701048627355479
2023-08-24 00:00:00+00:00,0.11442221542659546,-0.04738610894356425,0.14856240693864328
2023-08-25 00:00:00+00:00,0.28206940982601836,-0.07582258116658108,0.31316350107177066
2023-08-26 00:00:00+00:00,0.12714208811214125,0.3550143896672304,0.1599594420554286
2023-08-27 00:00:00+00:00,-0.1079707918690685,0.0588495578722498,-0.07221424667494304
2023-08-31 00:00:00+00:00,-0.22137191572900564,0.16724758411097398,-0.18488702270847765
2023-09-01 00:00:00+00:00,0.05952376376177634,0.015286107572514807,0.10495410402524256
2023-09-02 00:00:00+00:00,0.027774272525631864,-0.17043267901763065,0.07814212949454045
2023-09-07 00:00:00+00:00,0.19000344002424527,0.09279383500448198,0.21623754597589573
2023-09-08 00:00:00+00:00,0.047958472304616986,-0.03578334174240917,0.09137988212896841
2023-09-09 00:00:00+00:00,-0.017802493224774757,0.004384025188061091,0.024237085751269642
2023-09-10 00:00:00+00:00,-0.027784202625124238,0.10883518000280037,0.016883177200650377
2023-09-14 00:00:00+00:00,0.21529332175636104,0.22610667809236043,0.24681412571463152
2023-09-15 00:00:00+00:00,0.15847053316265464,0.09774698190585496,0.19754113340874557
2023-09-16 00:00:00+00:00,0.005375697819142484,-0.05681339284111562,0.040293774138476283
2023-09-17 00:00:00+00:00,-0.016790092937726906,-0.02947738107071657,0.01559216419572782
2023-09-21 00:00:00+00:00,-0.0004369560190566128,0.2108168357058449,0.03584190333656514
2023-09-22 00:00:00+00:00,0.13961819282147475,0.015844451705505885,0.1797871311159183
2023-09-23 00:00:00+00:00,0.02756401524511061,0.09465880164374686,0.0769607047671425
2023-09-28 00:00:00+00:00,-0.23934413277880598,0.2948958016901442,-0.2014944572392636
2023-09-29 00:00:00+00:00,0.20813918648458904,0.24321218011925155,0.23394870430389308
2023-09-30 00:00:00+00:00,0.07139362768959208,0.2617477057979927,0.11206662579585783
2023-10-01 00:00:00+00:00,-0.5534367466670291,-0.6018999073640013,-0.5115833460225176
2023-10-05 00:00:00+00:00,0.14799348730403927,0.3729412257320373,0.18372621039058168
2023-10-06 00:00:00+00:00,0.13034401339809482,0.26028510797397914,0.17192830290805805
2023-10-07 00:00:00+00:00,-0.03421290442481081,0.013323798387758462,0.001385413754038439
2023-10-08 00:00:00+00:00,0.07195469189231486,0.10791937664029266,0.11585597332619463
2023-10-12 00:00:00+00:00,0.24141422601580997,-0.08286081392991784,0.2637410189451722
2023-10-13 00:00:00+00:00,0.13359328874543863,-0.12085255080898338,0.1662203285348773
2023-10-14 00:00:00+00:00,0.09794891662745882,0.06672368561175643,0.12608179479562448
2023-10-15 00:00:00+00:00,-0.017406775004653083,-0.04216365388399494,0.017462224275527457
2023-10-20 00:00:00+00:00,-0.08571679108119716,0.20311960440901733,-0.047597646050741675
2023-10-21 00:00:00+00:00,-0.17743227908372702,0.020734551934407708,-0.140688893707448
2023-10-22 00:00:00+00:00,-0.09711285712234269,0.13735860439675757,-0.060808301793623516
2023-10-26 00:00:00+00:00,-0.04086788699354647,-0.22241804202247917,-0.00613595128620025
2023-10-27 00:00:00+00:00,0.20274742005453775,-0.10021052346278006,0.24305670266357088
2023-10-28 00:00:00+00:00,0.07233220167437603,0.02830770056536243,0.11397378121917494
2023-10-29 00:00:00+00:00,0.034079392883792914,-0.1501709775962805,0.0843573101118579
2023-11-03 00:00:00+00:00,-0.2574319993432152,-0.3992073849643079,-0.2123773006560995
2023-11-04 00:00:00+00:00,-0.09773251518863083,-0.07415342417504936,-0.061279324815220505
2023-11-05 00:00:00+00:00,-0.021232513580751244,0.5085850736389499,0.03069613710582832
2023-11-09 00:00:00+00:00,-0.7369858758163504,1.1081474314139945,-0.6971230503234795
2023-11-10 00:00:00+00:00,0.22935014099447448,0.02863683379645754,0.26336465790657326
2023-11-11 00:00:00+00:00,0.12877094494990435,0.2130630448006326,0.1664410199040327
2023-11-12 00:00:00+00:00,0.3979362784246732,0.34112249335491,0.42904868581502204
2023-11-16 00:00:00+00:00,-0.04614763276819838,0.3468077572499539,-0.020584724183724305
2023-11-17 00:00:00+00:00,0.2690736654670112,0.059131352019931055,0.2965565340002439
2023-11-18 00:00:00+00:00,0.2186330369802726,0.41573922386334095,0.24897151040945295
2023-11-19 00:00:00+00:00,-0.18490919239427223,-0.019027390329284077,-0.13014491617625806
2023-11-23 00:00:00+00:00,0.2922881015365779,0.10890516570670103,0.3242071310102566
2023-11-24 00:00:00+00:00,0.34429073017982476,0.10650245798984548,0.3696097442513366
2023-11-25 00:00:00+00:00,0.13117701773967672,-0.04012777262145009,0.16146313749139454
2023-11-26 00:00:00+00:00,0.07115350742710955,-0.08792781134806166,0.11594270582170453
2023-11-30 00:00:00+00:00,-0.20932441013940045,-0.21383448700944108,-0.17160022110884945
2023-12-01 00:00:00+00:00,-0.16643303107974147,-0.13461416738207882,-0.12424585927606187
2023-12-02 00:00:00+00:00,-0.48967637461476654,-0.39438492562085037,-0.4455914757237455
2023-12-03 00:00:00+00:00,-0.03590755964904325,0.044894155728242076,0.018680164851327515
2023-12-07 00:00:00+00:00,-0.28127811246113554,0.3729360403142784,-0.253577828004999
2023-12-08 00:00:00+00:00,0.3421316746119476,0.15238873030147287,0.36851824353497353
2023-12-09 00:00:00+00:00,0.10514058985391565,0.24254957554379852,0.1551032530858472
2023-12-10 00:00:00+00:00,-0.5594664219335532,-0.4008187550831147,-0.5174278589090834
2023-12-14 00:00:00+00:00,0.10430772004509116,0.21438582655636845,0.12831261779595102
2023-12-15 00:00:00+00:00,-0.035155668721452836,0.4049771852088388,-0.004144077996237733
2023-12-16 00:00:00+00:00,0.09713017802105199,-0.02451122241124773,0.12930346060208717
2023-12-17 00:00:00+00:00,-0.03876828714311678,-0.11264006182969269,0.009752720805628948
2023-12-21 00:00:00+00:00,0.00762149916292262,0.05446358664044579,0.0431994063090374
2023-12-22 00:00:00+00:00,0.23978443744068123,0.5943896360523614,0.26777719524143595
2023-12-23 00:00:00+00:00,0.042272090007716305,0.26519254900862266,0.07899210032753409
2023-12-24 00:00:00+00:00,-0.024401246063256263,0.1908660832959842,0.011075064124918684
2023-12-28 00:00:00+00:00,0.14374291491725602,-0.028236412765476587,0.17915873525650935
2023-12-29 00:00:00+00:00,-0.09850201850053618,-0.12118332041034399,-0.053758076188965664
2023-12-30 00:00:00+00:00,0.25424868465485545,0.4286896043462929,0.28517683263778526
2023-12-31 00:00:00+00:00,0.27208621989687565,0.5640101369309708,0.31612938347142516
2024-01-04 00:00:00+00:00,0.17937875109912366,0.1253322020108643,0.20329350911218932
2024-01-05 00:00:00+00:00,0.18471224740433614,-0.2960057788251558,0.21489717571180636
2024-01-06 00:00:00+00:00,0.14234839404201827,0.14810051955536338,0.19166697337512145
2024-01-07 00:00:00+00:00,0.14304371378572422,0.3232747963246913,0.19176107681219348
2024-01-11 00:00:00+00:00,0.28468631382592174,-0.44052412140761216,0.30834382566623786
2024-01-12 00:00:00+00:00,-0.008523976107298615,0.22720578484537854,0.026309913796553314
2024-01-13 00:00:00+00:00,0.08136841781420241,-0.19867140599481925,0.11806966659858481
2024-01-14 00:00:00+00:00,-0.35255773046501243,-0.6287644646398294,-0.3054751229385084
2024-01-18 00:00:00+00:00,-0.07617692656060358,0.06332147181188287,-0.040897547280045674
2024-01-19 00:00:00+00:00,0.3544594451013255,0.03629925342130241,0.38400734420296534
2024-01-20 00:00:00+00:00,0.02738894549644758,0.2096562071363147,0.07755016438840431
2024-01-21 00:00:00+00:00,0.02437405623068438,0.22847803497541763,0.05826484411082844
2024-01-25 00:00:00+00:00,0.13328241716690256,0.04357920119326911,0.16824011221616494
2024-01-26 00:00:00+00:00,0.033943205910993014,0.17267770462124649,0.0627997458532558
2024-01-27 00:00:00+00:00,0.09378141161538013,0.05814773173258536,0.13805106499260866
2024-01-28 00:00:00+00:00,0.07747544062625422,0.07693337813972391,0.12622038809448627
2024-02-01 00:00:00+00:00,0.2317170631935804,0.106879237062018,0.25637533842974547
2024-02-02 00:00:00+00:00,0.16962247660085347,-0.020672551853237242,0.21621751257221802
2024-02-03 00:00:00+00:00,0.05979071447392148,0.08264875157368914,0.09886551006837302
2024-02-04 00:00:00+00:00,-0.11950935176812266,-0.09641536615609271,-0.0829767494687318
2024-02-08 00:00:00+00:00,-0.009791515366166802,-0.16664265802868886,0.017936769308250743
2024-02-09 00:00:00+00:00,0.06844834025004341,0.37386299094945646,0.10463640825966047
2024-02-10 00:00:00+00:00,0.023174604739625664,0.305955906934687,0.055475714999007456
2024-02-11 00:00:00+00:00,0.25346280888101475,0.7520689175069784,0.28506642001902943
2024-02-15 00:00:00+00:00,0.25746977279169075,0.13489765542804524,0.28322797658628185
2024-02-16 00:00:00+00:00,0.33844265251205224,0.06398565268865825,0.37119616085603346
2024-02-17 00:00:00+00:00,0.24718574341289504,0.260513562511202,0.28925848688765665
2024-02-18 00:00:00+00:00,-0.3594485176050382,-0.5780173298491443,-0.3215494177612842
2024-02-22 00:00:00+00:00,0.17708802795734074,-0.18505376634863568,0.20145905654092103
2024-02-23 00:00:00+00:00,0.0003990560569148423,-0.22283470268628786,0.03664283593697914
2024-02-24 00:00:00+00:00,-0.07418838003626432,-0.008171740687283074,-0.022698811059590325
2024-02-25 00:00:00+00:00,-0.4339906000565919,-0.3463435112795143,-0.39176034325040404
2024-02-29 00:00:00+00:00,0.35150557656846304,-0.34444009326116776,0.3745421135081615
2024-03-01 00:00:00+00:00,0.2679967615365009,0.13710838977254375,0.30623066801789667
2024-03-02 00:00:00+00:00,0.11626784845308798,0.1187548207735032,0.14956332834296512
2024-03-03 00:00:00+00:00,-0.027493020216552883,0.01036062205603976,0.008754283734982923
2024-03-07 00:00:00+00:00,0.6256169887380978,0.31460632016536355,0.6584927633969381
2024-03-08 00:00:00+00:00,0.5098510343599054,0.05191668678341255,0.5515240096002016
2024-03-09 00:00:00+00:00,0.2583892374392222,-0.014950679903871167,0.29962106659417614
2024-03-10 00:00:00+00:00,-0.4179609936683691,-0.42902619651082596,-0.38272023429937396
2024-03-15 00:00:00+00:00,-0.5772070411227347,-0.37778021461831457,-0.5362231313069973
2024-03-16 00:00:00+00:00,-0.5708258958957453,-0.47672455849588324,-0.528507882528182
2024-03-17 00:00:00+00:00,0.15627745388238898,0.6578971398112435,0.20584582564466916
2024-03-21 00:00:00+00:00,-0.01131205642924388,-0.5598312868546191,0.023945332379840444
2024-03-22 00:00:00+00:00,-0.2677502942432774,0.05843199469298732,-0.23675062159703927
2024-03-23 00:00:00+00:00,0.3238882416545925,0.27239827407949746,0.369582040505405
2024-03-24 00:00:00+00:00,0.027263855921862798,-0.44062161446890014,0.06523636233838312
2024-03-28 00:00:00+00:00,0.27081977419490566,-0.09216565806820032,0.2937416392161244
2024-03-29 00:00:00+00:00,-0.11327386354560866,-0.31995592051020455,-0.08525070372530544
2024-03-30 00:00:00+00:00,-0.44422772111249914,-0.3526114275390613,-0.41219825704278734
2024-03-31 00:00:00+00:00,-0.38385480004027056,-0.28098384876124105,-0.3310370046118293
2024-04-04 00:00:00+00:00,0.28909442628537857,-0.09331483782233452,0.3138540738660816
2024-04-05 00:00:00+00:00,0.2009193487059553,-0.29940300291960076,0.2387261085721601
2024-04-06 00:00:00+00:00,0.06143687952306981,0.1788918146273465,0.11010406746903587
2024-04-07 00:00:00+00:00,-0.5648434003210836,-0.737860127470694,-0.5213040017374037
2024-04-11 00:00:00+00:00,-0.36794128396473225,-0.8368507242980944,-0.33991639159899795
2024-04-12 00:00:00+00:00,-1.1080562750701466,0.1629414294799012,-1.062934878522299
2024-04-13 00:00:00+00:00,-0.7229284883068573,-0.402989688316369,-0.6871167957078171
2024-04-14 00:00:00+00:00,-0.1711051968810839,-0.34313200549389533,-0.11859822283641681
2024-04-18 00:00:00+00:00,-0.12932499418794488,-0.20743728592327598,-0.09430874857395768
2024-04-19 00:00:00+00:00,-0.16962794858823316,-0.5069041568431057,-0.12550904544176333
2024-04-20 00:00:00+00:00,-0.08077046762291486,-0.3909942413857909,-0.02859517357776209
2024-04-21 00:00:00+00:00,0.38226684186849935,0.21211573980814935,0.4074193198077052
2024-04-25 00:00:00+00:00,-0.2887454037313415,-0.7823097502646204,-0.2675486063307396
2024-04-26 00:00:00+00:00,-0.5068777330177299,-0.9004131860356066,-0.47904380672628394
2024-04-27 00:00:00+00:00,-0.4645207008461001,-0.1770549462550512,-0.42595093355708286
2024-04-28 00:00:00+00:00,-0.17850622208290043,0.006760602920479614,-0.1339246276259062
2024-05-02 00:00:00+00:00,-0.13578997100271267,-0.5098431507971029,-0.09764624365104563
2024-05-03 00:00:00+00:00,-0.7438645608376749,-0.43135862364763794,-0.7079239429809333
2024-05-04 00:00:00+00:00,0.3210175598466495,0.16257017808321095,0.3532959648324114
2024-05-05 00:00:00+00:00,0.15966592111432096,-0.09789739302995518,0.1934985671034208
2024-05-09 00:00:00+00:00,0.059602403248337085,-0.13427640057717932,0.09754696544797722
2024-05-10 00:00:00+00:00,-0.36253124907370515,0.03420759909621346,-0.3195334686298287
2024-05-11 00:00:00+00:00,0.3508037073719011,0.26510185287897026,0.39655662184363916
2024-05-12 00:00:00+00:00,0.11875071440093726,-0.03086635417702882,0.1517856537363269
2024-05-16 00:00:00+00:00,0.088862970522894,0.1645800924058816,0.12463386720869456
2024-05-17 00:00:00+00:00,0.09362921955125786,0.7148288966586773,0.13817262820200882
2024-05-18 00:00:00+00:00,0.16685989349667654,1.9576576652767075,0.20340796373215364
2024-05-19 00:00:00+00:00,0.019330257758240262,1.8837325305404056,0.053762042700183456
2024-05-23 00:00:00+00:00,0.4669273496256854,-0.03471213389898886,0.49006738601611427
2024-05-24 00:00:00+00:00,0.3482462307012575,-0.15772684429444117,0.37466036065512864
2024-05-25 00:00:00+00:00,0.07363153232197633,-0.20206174795774462,0.10733131355530226
2024-05-26 00:00:00+00:00,-0.22268624995940323,-0.4802616188705033,-0.16855753911413984
2024-05-30 00:00:00+00:00,0.1641738711731314,-0.3569866692867708,0.18851281503590547
2024-05-31 00:00:00+00:00,0.3604141756619471,-0.0027715050183148016,0.38887295877134087
2024-06-01 00:00:00+00:00,0.15974412468250945,-0.1525424123486636,0.20832496880769485
2024-06-02 00:00:00+00:00,0.19284521355473147,-0.30045495386712173,0.22592305298326176
2024-06-06 00:00:00+00:00,0.0067740879207764245,-0.2012496575710224,0.04192335383099082
2024-06-07 00:00:00+00:00,-0.16069914097934024,0.16091659207240328,-0.1305684507175737
2024-06-08 00:00:00+00:00,0.20765569101055698,0.16479917973873184,0.23798857445743057
2024-06-09 00:00:00+00:00,0.06877721587705785,0.02011539500725104,0.11530019559599802
2024-06-13 00:00:00+00:00,0.2173427194989284,0.19187016857883654,0.24132090022282346
2024-06-14 00:00:00+00:00,0.2229532200897442,0.0285479021391791,0.2514058572991851
2024-06-15 00:00:00+00:00,-0.13944361383907253,-0.36569397539222726,-0.10165560525703995
2024-06-16 00:00:00+00:00,-0.059932471501767455,-0.12461691585690202,-0.020691578711551667
2024-06-20 00:00:00+00:00,0.16636825674315692,0.008325461135954448,0.20093335780159657
2024-06-21 00:00:00+00:00,0.2716485678006463,-0.02129142661565181,0.2983801251958391
2024-06-22 00:00:00+00:00,0.2211888338524847,0.04040444142223362,0.25259103673259603
2024-06-23 00:00:00+00:00,-0.15753845419933563,-0.212366629263126,-0.10596437921534382
2024-06-27 00:00:00+00:00,0.2483289208376571,0.1448036362246108,0.27421388417779513
2024-06-28 00:00:00+00:00,0.1565716330437844,-0.006064976316360521,0.18936131370835657
2024-06-29 00:00:00+00:00,0.13259977615390675,0.13178109153498024,0.16166027151707382
2024-06-30 00:00:00+00:00,-0.11775781488245136,0.30593829200755185,-0.07996669934753682
2024-07-04 00:00:00+00:00,-0.9555113234087629,0.23452419968795724,-0.9282777566640752
2024-07-05 00:00:00+00:00,-0.2554837631231739,-0.4469186384302354,-0.22298587138573137
2024-07-06 00:00:00+00:00,-0.1995617138771678,-0.3614290997789914,-0.16042340418925993
2024-07-07 00:00:00+00:00,-0.45657462648167896,-0.46905485079362075,-0.40425288544123067
2024-07-11 00:00:00+00:00,0.09171672555983892,-0.21916124973520526,0.13039507643311019
2024-07-12 00:00:00+00:00,-0.07544202390139912,-0.3007198727138479,-0.034721349019653736
2024-07-13 00:00:00+00:00,-0.12866220512284043,-0.000293155538694273,-0.0902261822284127
2024-07-14 00:00:00+00:00,-0.02403693303430864,-0.0019788435312910538,0.010909416981469373
2024-07-18 00:00:00+00:00,-0.046133370402218314,-0.4178985098871801,-0.017850778732339558
2024-07-19 00:00:00+00:00,-0.07714183968318208,-0.0012918896966308824,-0.046510048056449566
2024-07-20 00:00:00+00:00,0.18131626638578166,0.11166469713065336,0.2253323643378522
2024-07-21 00:00:00+00:00,0.06543079666249949,0.23754667240109092,0.09618626620848235
2024-07-26 00:00:00+00:00,0.25267075878088213,0.36104789323562514,0.2831205103889379
2024-07-27 00:00:00+00:00,0.4241407703444581,0.07027263556002517,0.46837692749749715
2024-07-28 00:00:00+00:00,-0.11889038882292936,0.027772810114141774,-0.07077290705011785
2024-08-01 00:00:00+00:00,-0.1271167238774823,-0.1473251374523639,-0.09778547114485575
2024-08-02 00:00:00+00:00,-0.549942279565276,0.41344296556767424,-0.5156074634768965
2024-08-03 00:00:00+00:00,-0.2613392462110234,0.25837379288159984,-0.22192869359783746
2024-08-04 00:00:00+00:00,-1.3322829173498307,-0.4840342081572052,-1.2832726619756711
2024-08-08 00:00:00+00:00,-0.6738653062213964,1.4631302911946436,-0.6436477331734605
2024-08-09 00:00:00+00:00,0.26695125210401693,0.07671682262357202,0.292954205545013
2024-08-10 00:00:00+00:00,-0.06071528640787948,-0.23214691240302404,-0.029959498214649088
2024-08-11 00:00:00+00:00,0.18387321438946702,-0.3156460565188912,0.23214081461106678
2024-08-15 00:00:00+00:00,0.33530287023466726,0.42978833918183335,0.35783145067300637
2024-08-16 00:00:00+00:00,0.41977421200704856,-0.008630470533748769,0.44379967677922305
2024-08-17 00:00:00+00:00,0.2814506914755686,-0.04239134994851529,0.3268147549914551
2024-08-18 00:00:00+00:00,0.28885361550808986,0.10824038249229659,0.3176595708418147
2024-08-23 00:00:00+00:00,-0.08082376972766937,0.364567929123605,-0.04635143119124161
2024-08-24 00:00:00+00:00,0.11589680252953848,0.2645863274141066,0.15884793109559894
2024-08-25 00:00:00+00:00,0.18244161240627665,0.25143778495961566,0.2280778102488486
2024-08-29 00:00:00+00:00,0.19338616113091436,-0.14445761089530537,0.2257741082697143
2024-08-30 00:00:00+00:00,0.37529596505549256,-0.14024570211405885,0.41274510170896744
2024-08-31 00:00:00+00:00,0.041255330894671274,0.08612196377135913,0.08569808101516854
2024-09-01 00:00:00+00:00,-0.4133688508307097,-0.6035137525946852,-0.3609047233869334
2024-09-05 00:00:00+00:00,0.01586023710765279,0.1927841086930478,0.05147489964758004
2024-09-06 00:00:00+00:00,-0.29952916055899026,0.3365734637753539,-0.26554409628686915
2024-09-07 00:00:00+00:00,-0.01410640465197842,-0.4508080608603336,0.036513639410617124
2024-09-08 00:00:00+00:00,0.037772696929371984,-0.15326259885094412,0.07900541763133431
2024-09-12 00:00:00+00:00,0.10270084981849927,-0.3218934351383155,0.1294797800240042
2024-09-13 00:00:00+00:00,-0.11929809024575,0.12584023586359294,-0.08603445794371696
2024-09-14 00:00:00+00:00,0.09820908642522454,0.45849791425559994,0.13262554580369543
2024-09-15 00:00:00+00:00,-0.24496304628464494,-0.12166108173862933,-0.21648109328117454
2024-09-20 00:00:00+00:00,0.20820399785234583,0.5168676375302725,0.23636627629507959
2024-09-21 00:00:00+00:00,-0.28353597740326564,-0.3763823972444724,-0.24635641499736988
2024-09-22 00:00:00+00:00,-0.09560184582848066,-0.4159067901564274,-0.057342842350045276
2024-09-26 00:00:00+00:00,0.29727438100268994,0.26722185290401274,0.3312269482571887
2024-09-27 00:00:00+00:00,0.20483643486416617,0.27978864200724296,0.2479046498299445
2024-09-28 00:00:00+00:00,-0.016069653840107855,0.058392805147268405,0.020583831463276383
2024-09-29 00:00:00+00:00,-0.011875063580460123,0.14666924691608968,0.03874207387136304
2024-10-03 00:00:00+00:00,0.23917462440851256,-0.09212812592487751,0.2638605831662086
2024-10-04 00:00:00+00:00,0.392914227416935,0.4363957072312471,0.42058620482894943
2024-10-05 00:00:00+00:00,0.187848971799594,-0.04513571972587527,0.21912176239511608
2024-10-06 00:00:00+00:00,-0.3535200394252041,-0.5702194999402198,-0.29899826845997557
2024-10-11 00:00:00+00:00,0.06844540471239087,0.036693542529142906,0.10909185186013018
2024-10-12 00:00:00+00:00,-0.08546583281089454,0.1214902335997208,-0.04125832572093361
2024-10-13 00:00:00+00:00,-0.5478362114505756,-0.5276595130079073,-0.5124425789108881
2024-10-17 00:00:00+00:00,0.4590081129697046,0.3363014874061744,0.48044354161507635
2024-10-18 00:00:00+00:00,0.17944108317102117,0.10578167549246167,0.21750206774120232
2024-10-19 00:00:00+00:00,0.22643766377009214,0.3045407110322664,0.2565976417075865
2024-10-20 00:00:00+00:00,-0.16382021921252105,-0.000875947016584111,-0.13430040314418878
2024-10-24 00:00:00+00:00,0.07627208396393734,0.07721054815016257,0.11123729002571033
2024-10-25 00:00:00+00:00,-0.41912575769930666,0.10103442603421026,-0.38314989890472556
2024-10-26 00:00:00+00:00,-0.03191324865770847,-0.26014192054759205,0.005552460323037554
2024-10-27 00:00:00+00:00,-0.016299041662915733,0.06737580464191598,0.012526644929689298
2024-10-31 00:00:00+00:00,-0.3970353737134543,0.3125096900827702,-0.35448767227476163
2024-11-01 00:00:00+00:00,-0.026888674404236326,-0.4313353340858653,0.006117278380637787
2024-11-02 00:00:00+00:00,-0.038287675853213236,0.37257040806015457,-0.0028644841397205832
2024-11-03 00:00:00+00:00,-0.04910183953464426,0.22988269326707883,0.0019085823985940421
2024-11-07 00:00:00+00:00,-0.12905358076091034,0.7357231153750919,-0.10154995261917599
2024-11-08 00:00:00+00:00,-0.30754837998513496,-0.3094229518489608,-0.2623997594483799
2024-11-09 00:00:00+00:00,-0.9234747383145244,-0.8657614649262241,-0.8793896220032564
2024-11-10 00:00:00+00:00,0.46548013836992214,0.6980371693071677,0.5001108150013943
2024-11-14 00:00:00+00:00,0.11990584310621503,0.2048569375884683,0.1553431682230303
2024-11-15 00:00:00+00:00,0.244435676005815,-0.2982315046846951,0.27563284152184403
2024-11-16 00:00:00+00:00,0.07824743252182009,0.2891316801524545,0.1277230413701663
2024-11-17 00:00:00+00:00,-0.11308989963284427,0.1570861369607871,-0.0743807721808118
2024-11-21 00:00:00+00:00,-0.4626100881696508,0.8020842972156219,-0.434819096310647
2024-11-22 00:00:00+00:00,0.1794338244819499,-0.4114154350419915,0.20556374504170258
2024-11-23 00:00:00+00:00,-0.05046541099475913,0.2919245348751945,0.0014114422221610183
2024-11-24 00:00:00+00:00,0.3969825377644379,0.2651838376937275,0.4310837059994497
2024-11-28 00:00:00+00:00,0.15058806205904415,-0.34137380384548444,0.17819956910628507
2024-11-29 00:00:00+00:00,0.07420305263546116,0.23835706267277224,0.1062208198863186
2024-11-30 00:00:00+00:00,-0.33814635522491093,-0.33967070381104464,-0.29158623556396446
2024-12-01 00:00:00+00:00,0.22122981208412662,0.013964070635860387,0.26230044192029617
2024-12-05 00:00:00+00:00,0.21587509651407927,0.03412907716238084,0.24064748822648788
2024-12-06 00:00:00+00:00,0.05716578732372003,0.5513048020539115,0.10050266828660889
2024-12-07 00:00:00+00:00,0.31793238186411116,0.2672460079093797,0.3583045995129024
2024-12-08 00:00:00+00:00,0.03355610436723037,-0.017792787891471484,0.07464935976522856
2024-12-12 00:00:00+00:00,0.4355464286154812,-0.2094007373955964,0.46660312055884917
2024-12-13 00:00:00+00:00,0.23132486413249922,-0.18506955661035238,0.2595805101275562
2024-12-14 00:00:00+00:00,0.13614749867967563,0.17443909904791766,0.1819105680171653
2024-12-15 00:00:00+00:00,0.2988075183991297,0.44887857941498266,0.33684451957813316
2024-12-19 00:00:00+00:00,-1.14780592498759,-0.6180839256565608,-1.1118047405424936
2024-12-20 00:00:00+00:00,0.16205806287184027,-0.06817186153779403,0.19408813568503927
2024-12-21 00:00:00+00:00,-0.3633441127208511,-0.35854662917448965,-0.3250513441630433
2024-12-22 00:00:00+00:00,0.3028401705078025,-0.027737867427652108,0.3501717525024511
2024-12-26 00:00:00+00:00,0.42051674823074575,0.8838556558144537,0.44544862254720474
2024-12-27 00:00:00+00:00,0.3856242365179832,-0.0209160420002103,0.4133468774489985
2024-12-28 00:00:00+00:00,0.11346188090045457,-0.4283307305545549,0.15313538590832088
2024-12-29 00:00:00+00:00,0.08639859125213069,-0.24154587364463004,0.12194669884582807
2025-01-02 00:00:00+00:00,-0.001215074028269987,-0.07453323566941542,0.03607403031094784
2025-01-03 00:00:00+00:00,-0.26527084068802365,0.09615301081531125,-0.21675426253728688
2025-01-04 00:00:00+00:00,0.15635156274062603,0.41810724459031245,0.19561141028539888
2025-01-05 00:00:00+00:00,0.2630427163201724,0.5281028577727701,0.31033009255339244
2025-01-09 00:00:00+00:00,0.4561673173742169,0.5511120249943727,0.48020412679520313
2025-01-10 00:00:00+00:00,0.3162710762235621,-0.2651799227089563,0.3453371712157641
2025-01-11 00:00:00+00:00,0.273243062282625,0.4940738737788038,0.30436312057901366
2025-01-12 00:00:00+00:00,-0.09698486474612446,-0.3287742536381655,-0.05553244570454966
2025-01-16 00:00:00+00:00,0.32760349026800517,0.5669939356118516,0.3622874925473036
2025-01-17 00:00:00+00:00,-0.11693444072521804,0.6841342889489205,-0.07334992122526353
2025-01-18 00:00:00+00:00,-0.40951239315058074,-0.5842399852755442,-0.36916663642726616
2025-01-19 00:00:00+00:00,-1.190931593358433,-1.715595408034114,-1.1520646140639952
2025-01-23 00:00:00+00:00,-0.086318668479461,-0.034722204196163335,-0.058277067945183315
2025-01-24 00:00:00+00:00,-0.1362004640013562,-0.4593416356345562,-0.09210282854770377
2025-01-25 00:00:00+00:00,0.25014193866149415,0.1881907033352419,0.2825397392267363
2025-01-26 00:00:00+00:00,-0.033663821425736665,0.2006079979637781,-0.004327986831323234
2025-01-30 00:00:00+00:00,-0.20251500320797267,0.1901706594631526,-0.17927884536481353
2025-01-31 00:00:00+00:00,-0.21128224071999677,-0.25045600288179415,-0.17125537036825622
2025-02-01 00:00:00+00:00,-0.5888514026170852,-0.29339731392830637,-0.5496112452923458
2025-02-02 00:00:00+00:00,-0.7378014169127103,-0.5730031448286047,-0.6987654720402181
2025-02-06 00:00:00+00:00,-0.1697024758993386,-0.12066673911169946,-0.14230814785244514
2025-02-07 00:00:00+00:00,-0.5657823445577528,-0.6678333914362812,-0.5329853441051475
2025-02-08 00:00:00+00:00,0.24423449711060488,-0.0025880737698408818,0.2754189576194285
2025-02-09 00:00:00+00:00,0.3644065741945382,0.14541661910958648,0.4103954028612165
2025-02-13 00:00:00+00:00,0.7167960844763351,0.549653964563285,0.7463605156408192
2025-02-14 00:00:00+00:00,0.4741746553793503,0.38712908292747766,0.5009130777216985
2025-02-15 00:00:00+00:00,0.10355984003846898,-0.1978086287872905,0.15207264067112017
2025-02-16 00:00:00+00:00,0.1951269569707423,-0.10931032310411573,0.2293203514335991
2025-02-20 00:00:00+00:00,-0.07148836439188813,-0.2738828309062822,-0.044125243637692844
2025-02-21 00:00:00+00:00,-0.02483446680848703,0.19494522185526098,0.018845667523234338
2025-02-22 00:00:00+00:00,-0.4990259112841989,0.19478369179596594,-0.4450084106456883
2025-02-23 00:00:00+00:00,-0.5132140685050113,0.17309020847160306,-0.4763307375612792
2025-02-27 00:00:00+00:00,-0.9435308676423172,-0.520630831016782,-0.9060280967651066
2025-02-28 00:00:00+00:00,0.17796079663223652,0.29008186522423085,0.20988543649081168
2025-03-01 00:00:00+00:00,0.26491242303444584,1.5502083596997704,0.2970666237970654
2025-03-02 00:00:00+00:00,-2.2554929601336893,-1.8931349887167808,-2.200930505265506
2025-03-06 00:00:00+00:00,0.17046104042463608,-0.06244187164528611,0.2056507255200569
2025-03-07 00:00:00+00:00,0.6626515321169355,0.41666164504247416,0.7016201465422944
2025-03-08 00:00:00+00:00,-0.08295441456134652,0.26001140823704016,-0.031218785097821607
2025-03-09 00:00:00+00:00,-1.1443525746122114,-0.8914387281226688,-1.093922499367063
2025-03-13 00:00:00+00:00,0.23142747306357572,-0.33701882389496773,0.25618513168757673
2025-03-14 00:00:00+00:00,0.5899541680101021,0.4346760024459422,0.6209988851102216
2025-03-15 00:00:00+00:00,0.07206189861926929,-0.09025599899989192,0.10706767988484923
2025-03-16 00:00:00+00:00,0.010884702710035036,-0.21063484920621298,0.06113591751304436
2025-03-20 00:00:00+00:00,0.2946755419959417,0.39551165180309117,0.31905414573694424
2025-03-21 00:00:00+00:00,0.02522668919836091,-0.4174513435434172,0.05782369744635288
2025-03-22 00:00:00+00:00,-0.06345205396387901,0.05227341312556469,-0.018529243713695936
2025-03-23 00:00:00+00:00,-0.16355811131625464,-0.07666620090590431,-0.11410135138365265
2025-03-27 00:00:00+00:00,-0.4240478937706125,0.036107602044205545,-0.38829890979791815
2025-03-28 00:00:00+00:00,0.06233287092076177,0.5549493967155175,0.10096588125005765
2025-03-29 00:00:00+00:00,-0.4750010447289985,-0.5536806889187121,-0.43619596833006574
2025-03-30 00:00:00+00:00,0.2346519675860521,0.00321818589242584,0.2678294574726587
2025-04-03 00:00:00+00:00,0.31868578253095564,-0.22363745401266127,0.34133206796872617
2025-04-04 00:00:00+00:00,0.5032338982457126,0.050259491637926534,0.529876321424056
2025-04-05 00:00:00+00:00,0.37846080274775395,1.0729600977023916,0.4196228603119348
2025-04-06 00:00:00+00:00,-1.782566148747854,-1.1851631264561586,-1.7477970973854606
2025-04-10 00:00:00+00:00,0.3598842641194421,1.3528987334415588,0.38581749196565446
2025-04-11 00:00:00+00:00,0.1775516298955304,0.009553919130064897,0.20678281709851581
2025-04-12 00:00:00+00:00,-0.5654550006205834,-0.9628840443325382,-0.5283262966130138
2025-04-13 00:00:00+00:00,0.050336408628963145,-0.3568363887992196,0.1009651037493165
2025-04-17 00:00:00+00:00,0.3225392239620543,-0.0858321530913515,0.34471070836475576
2025-04-18 00:00:00+00:00,0.19992260469380774,-0.27613887491763295,0.22758340427491738
2025-04-19 00:00:00+00:00,0.08570348529397939,0.6485741909419218,0.1220248028853207
2025-04-20 00:00:00+00:00,-0.605124663252726,0.03871540932379858,-0.5524705190347731
2025-04-24 00:00:00+00:00,0.08502357467977922,-0.22329963568296823,0.1232325567508571
2025-04-25 00:00:00+00:00,0.5926372884129261,0.45413790972377865,0.6228662083544932
2025-04-26 00:00:00+00:00,0.3414910682531211,0.14682761807945524,0.3806968206974096
2025-04-27 00:00:00+00:00,0.08804864528863661,-0.31804177714676857,0.1375855862764388
2025-05-01 00:00:00+00:00,0.4416908400877555,0.3452377179335875,0.4630660624959142
2025-05-02 00:00:00+00:00,0.327590570281947,-0.16455722044995214,0.3691026601231807
2025-05-03 00:00:00+00:00,0.18293966719925123,1.3915015758008198,0.21535235848236506
2025-05-04 00:00:00+00:00,0.18535945451348496,0.5951584889099446,0.22086456007358557
2025-05-08 00:00:00+00:00,-3.5496748554261712,-0.2555234259684105,-3.5057419725414274
2025-05-09 00:00:00+00:00,0.209120313420988,0.9319781836442481,0.23420574246016385
2025-05-10 00:00:00+00:00,-1.5251269953402908,-1.1971203163139257,-1.471266627401864
2025-05-11 00:00:00+00:00,0.20585506854103428,0.20708740674295237,0.2423897579487643
2025-05-15 00:00:00+00:00,0.3867540097497303,0.2920306653972463,0.4216659032824016
2025-05-16 00:00:00+00:00,-0.26170170595248243,-0.501876763731767,-0.21766558299391678
2025-05-17 00:00:00+00:00,0.033300742765637485,-0.1727171008190307,0.06732874943122343
2025-05-18 00:00:00+00:00,-0.6054719552765485,-0.4887559557092686,-0.5601942124464593
2025-05-22 00:00:00+00:00,-0.12890085824967773,-0.20618323715986273,-0.10119906000695673
2025-05-23 00:00:00+00:00,-0.12356043527961733,0.3275792950230655,-0.09238434795182576
2025-05-24 00:00:00+00:00,0.11017190537151657,-0.10261759809199296,0.14212377622270972
2025-05-25 00:00:00+00:00,0.24283302644486898,-0.2070523711790997,0.28572857949223635
2025-05-29 00:00:00+00:00,-0.10586284896744128,-0.17114637386701367,-0.08016878314247138
2025-05-30 00:00:00+00:00,-0.16169291446312103,0.05087613983498632,-0.1196795801090173
2025-05-31 00:00:00+00:00,0.26393736558051606,0.434131189405092,0.30534704525464434
2025-06-01 00:00:00+00:00,0.2218373322082582,0.13601645292001124,0.26610590263602163
2025-06-05 00:00:00+00:00,-0.2299528009294321,0.9654008166550097,-0.20165567224621575
2025-06-06 00:00:00+00:00,0.17908217533435947,0.1584829973581736,0.205845841327546
2025-06-07 00:00:00+00:00,-0.04288155899388115,0.1510596346439051,-0.0049334427310060045
2025-06-08 00:00:00+00:00,0.14784048786927517,0.43182183299732263,0.18032452813056624
2025-06-12 00:00:00+00:00,-0.5688092716975341,0.4666823000626774,-0.5416513523841808
2025-06-13 00:00:00+00:00,0.1441579052605688,0.040666493961054484,0.1650204218893422
2025-06-14 00:00:00+00:00,0.10528192843195816,-0.48352890869821963,0.15363666550717806
2025-06-15 00:00:00+00:00,-0.07840564409539957,-0.5236027765698454,-0.04683711213767259
2025-06-19 00:00:00+00:00,-0.19791931542164004,-0.690543166110344,-0.16977152055993522
2025-06-20 00:00:00+00:00,-0.44660048931330143,0.10661101185212485,-0.4027897423737701
2025-06-21 00:00:00+00:00,-0.44451228561509576,-0.48245853646440284,-0.39355855980623056
2025-06-22 00:00:00+00:00,0.15402433299275176,0.23378986741005542,0.20288177511309285
2025-06-26 00:00:00+00:00,0.49766218083240693,0.20761779395158814,0.5257096030643142
2025-06-27 00:00:00+00:00,0.34472612988669044,-0.13154059976157367,0.37256945780373824
2025-06-28 00:00:00+00:00,0.1469660645877711,0.4131405898935556,0.1803255708670266
2025-06-29 00:00:00+00:00,-0.26472866252678307,-0.11157969917312419,-0.21064528831800858
2025-07-03 00:00:00+00:00,0.17206382517196286,-0.011598210613002091,0.2005212454870139
2025-07-04 00:00:00+00:00,0.09659575058048113,0.3668755736560526,0.13658302814807552
2025-07-05 00:00:00+00:00,0.13969635233940797,0.13600803547542475,0.18685778785988097
2025-07-06 00:00:00+00:00,-0.13378216723385186,-0.06347295628712787,-0.0916840101930994
2025-07-10 00:00:00+00:00,-0.2788596920662446,0.533661970719911,-0.24028892345299624
2025-07-11 00:00:00+00:00,0.3717613660772307,-0.22622528948258153,0.4093460478600397
2025-07-12 00:00:00+00:00,0.2841889784057701,0.49019448108475894,0.3172337631145481
2025-07-13 00:00:00+00:00,-0.013734788784601088,0.5913353093118825,0.0212075081118719
2025-07-17 00:00:00+00:00,-0.1068272538575397,0.08306850877669207,-0.08072900981178421
2025-07-18 00:00:00+00:00,0.04585637189643588,-0.46749729471101986,0.073353612062752
2025-07-19 00:00:00+00:00,-0.005726266121984026,-0.31725084720581637,0.029119241077311887
2025-07-20 00:00:00+00:00,-0.42977521710128674,-0.6860773686340753,-0.3917205471916439
2025-07-24 00:00:00+00:00,0.23143882353334116,0.047136937934229295,0.2669288720348058
2025-07-25 00:00:00+00:00,0.06639828731132176,-0.18429042869929496,0.09637912740817287
2025-07-26 00:00:00+00:00,0.11588569788076619,0.22554806669593822,0.1478968698628347
2025-07-27 00:00:00+00:00,-0.32199075412854095,-0.5079278282632488,-0.2802243606634308
2025-07-31 00:00:00+00:00,-0.4481010770247029,-0.40977669361755276,-0.41215099642399505
2025-08-01 00:00:00+00:00,-0.20883330026253868,0.2898432976217973,-0.1668961693170605
2025-08-02 00:00:00+00:00,0.06812935812298022,0.15858557381653376,0.1180815368721379
2025-08-03 00:00:00+00:00,0.01715329050436072,0.04929377087546096,0.06803375170143743
2025-08-07 00:00:00+00:00,-0.38636382742650954,0.45895461794494097,-0.3575710963917705
2025-08-08 00:00:00+00:00,-0.6940783083750882,-0.561318122201601,-0.6444594430605226
2025-08-09 00:00:00+00:00,-0.8874289953193545,-0.8523058958904749,-0.8492622740917678
2025-08-10 00:00:00+00:00,0.435759604701198,0.4852884987843439,0.46391866298906764
2025-08-14 00:00:00+00:00,-0.07185491830432186,0.0239578679813455,-0.03629884430171299
2025-08-15 00:00:00+00:00,-0.2601780515572775,-0.6312992269837001,-0.21756815834766108
2025-08-16 00:00:00+00:00,0.3637138946693644,0.2521615959286331,0.3957604338564475
2025-08-17 00:00:00+00:00,-0.9026047517574267,-0.8439444075420618,-0.8546551158560514
2025-08-21 00:00:00+00:00,-1.3643393910721722,-1.5053742409598596,-1.3341237686292147
2025-08-22 00:00:00+00:00,-0.7141018787340082,1.2898709697717146,-0.6690129198383024
2025-08-23 00:00:00+00:00,0.22248450184197047,0.273539719101529,0.267754421330529
2025-08-24 00:00:00+00:00,-0.6025626435763585,-0.46216485631326804,-0.5606889476695517
2025-08-28 00:00:00+00:00,0.2398971442492855,0.12270936648126138,0.265025150017946
2025-08-29 00:00:00+00:00,0.1706901670657404,0.3993566651899184,0.20869464145572675
2025-08-30 00:00:00+00:00,-0.005174103785034263,-0.4265361996577833,0.027565351090115767
2025-08-31 00:00:00+00:00,-0.09821221574733305,-0.4370639941690697,-0.054704091632139004
2025-09-04 00:00:00+00:00,0.07270647720992654,0.25887831090460983,0.10755470279585645
2025-09-05 00:00:00+00:00,0.22366958392722594,-0.40368073726090115,0.2525248339418812
2025-09-06 00:00:00+00:00,0.31120203410567154,0.014969819919858462,0.34566601441918743
2025-09-07 00:00:00+00:00,0.33894296466708834,0.1207789856241662,0.37202246499698904
2025-09-11 00:00:00+00:00,-0.21433038174590693,-0.1586419414748241,-0.1772376468884957
2025-09-12 00:00:00+00:00,-0.30011014350789905,0.3186692594707535,-0.2684027413723381
2025-09-13 00:00:00+00:00,0.12762180788293337,-0.13176657967653332,0.1734076040200411
2025-09-14 00:00:00+00:00,0.009081074583554696,-0.14875924134167684,0.058277700450503095
2025-09-18 00:00:00+00:00,0.09874035823903701,-0.23317177554209764,0.13438324895062387
2025-09-19 00:00:00+00:00,0.23532277994816375,0.4078514350601675,0.2743331801755967
2025-09-20 00:00:00+00:00,0.2282249758981046,0.2573294193476007,0.2597513992604862
2025-09-21 00:00:00+00:00,-0.10743992736611932,0.13135250974748927,-0.054640107508917145
2025-09-25 00:00:00+00:00,0.1884517307239464,1.075540519061748,0.21122195195181562
2025-09-26 00:00:00+00:00,0.19901721144175666,0.29148309292587027,0.2276675016528246
2025-09-27 00:00:00+00:00,0.2908494003568021,0.2689497413172957,0.3326417719202217
2025-09-28 00:00:00+00:00,-0.1916949873163891,-0.11153389249171873,-0.13903579975613686
2025-10-02 00:00:00+00:00,0.16182717767999535,0.25213890939206623,0.19318618065307233
2025-10-03 00:00:00+00:00,0.3204597116011281,-0.14762485329702058,0.35070319827966245
2025-10-04 00:00:00+00:00,-0.32931742583153834,-0.28020434767030944,-0.2982264277771565
2025-10-05 00:00:00+00:00,0.20390392998239887,0.2297652044982736,0.24578774624571517
2025-10-09 00:00:00+00:00,-0.9653085201782478,-0.7043063088750434,-0.9316888724942782
2025-10-10 00:00:00+00:00,-1.5495695937865157,0.6946206541271864,-1.5075285832982614
2025-10-11 00:00:00+00:00,0.07205525820423819,0.5639906910510211,0.1227758685288329
2025-10-12 00:00:00+00:00,-1.561458225281563,-0.8851391069541843,-1.5065945606214455
2025-10-16 00:00:00+00:00,0.3193254241890519,0.40658036270747383,0.35400623619668
2025-10-17 00:00:00+00:00,0.32181269575177585,-0.13272795066986903,0.36200733615377384
2025-10-18 00:00:00+00:00,0.2690493600328268,-0.10181486081078406,0.31590866184062233
2025-10-19 00:00:00+00:00,-0.00848899769486816,-0.22649402824167184,0.02905540968144552
2025-10-23 00:00:00+00:00,0.45841287430600125,0.23951044435685193,0.4924013587416849
2025-10-24 00:00:00+00:00,0.3666925737148087,-0.024343278151502945,0.3914807373335717
2025-10-25 00:00:00+00:00,0.25716484443892657,0.11473857756971567,0.2933491376898971
2025-10-26 00:00:00+00:00,-0.9129561160647425,-0.8942220421688958,-0.8574754814612294
2025-10-30 00:00:00+00:00,0.4929034348767046,0.38734295179749895,0.5164087741947795
2025-10-31 00:00:00+00:00,0.31562111917678387,0.038074777275704075,0.3523653335061267
2025-11-01 00:00:00+00:00,0.12353147900329178,0.603004272738162,0.16876731917689844
2025-11-02 00:00:00+00:00,-0.8929061855941749,-0.6719990279621582,-0.8590848432133368
2025-11-06 00:00:00+00:00,0.11667495442966666,0.06451994286543287,0.1463489487622312
2025-11-07 00:00:00+00:00,-0.2826457943360153,-0.21667047495144953,-0.23668104935178652
2025-11-08 00:00:00+00:00,0.2601205201744285,0.5250832561014882,0.30345808293011367
2025-11-09 00:00:00+00:00,-0.5075290900254841,-0.5239336657159575,-0.45431187406183277
2025-11-13 00:00:00+00:00,-0.024777691457676474,0.6561689925922876,0.010341368038161734
2025-11-14 00:00:00+00:00,0.5471814111624986,0.13097103860527082,0.583957151218325
2025-11-15 00:00:00+00:00,0.2707710904274659,0.13406880289735779,0.30362248354008453
2025-11-16 00:00:00+00:00,-0.03280838322839007,-0.05769477056135819,0.01530706139880525
2025-11-20 00:00:00+00:00,-0.14542739303437757,0.2799733960271841,-0.10998097760165206
2025-11-21 00:00:00+00:00,0.4183931438562863,-0.06721669631549776,0.4432402514234041
2025-11-22 00:00:00+00:00,0.47706079025400006,0.2680631884234979,0.5065763650535211
2025-11-23 00:00:00+00:00,0.47377267218619185,0.2633989230077801,0.5072052387993307
2025-11-27 00:00:00+00:00,0.4134665089938027,-0.09764979627590825,0.4351757824791997
2025-11-28 00:00:00+00:00,0.12586278315192392,-0.10864512274207852,0.15622916168817816
2025-11-29 00:00:00+00:00,0.08135021869247598,0.5642718616455831,0.13043425564899228
2025-11-30 00:00:00+00:00,-0.3082819493151602,0.09033030216107385,-0.27314101414824515
2025-12-04 00:00:00+00:00,-0.03578146342742182,-0.6007237670838274,-0.010460606967120884
2025-12-05 00:00:00+00:00,-0.03352054497322845,0.164698390278323,0.0014513216738890132
2025-12-06 00:00:00+00:00,0.2891552804092093,0.2578001671723331,0.32246213067465135
2025-12-07 00:00:00+00:00,0.09850336271913938,0.14215987076058342,0.15128625814033222
2025-12-11 00:00:00+00:00,-0.1256270715132084,-0.24625065677048058,-0.0994858944087026
2025-12-12 00:00:00+00:00,0.20605290063950657,0.5473431797425095,0.23819767558852506
2025-12-13 00:00:00+00:00,0.1255289972925283,0.06748279895943934,0.1582197125791406
2025-12-14 00:00:00+00:00,0.16071673637267103,0.3224337511462636,0.19965820565881484
2025-12-18 00:00:00+00:00,-0.06560568367390301,0.12704254917574617,-0.02869445270237563
2025-12-19 00:00:00+00:00,0.34864615692120665,0.7610024243679576,0.38667782976816717
2025-12-20 00:00:00+00:00,0.23343563972265177,-0.16540916363536615,0.26292149590539804
2025-12-21 00:00:00+00:00,0.1737865944200266,-0.19228719923449697,0.2233946491312089
2025-12-25 00:00:00+00:00,0.05877377057042229,-0.21558354282048317,0.09101195487243686
2025-12-26 00:00:00+00:00,0.09017128310379896,-0.17833506117978315,0.1317990905234648
2025-12-27 00:00:00+00:00,0.13611176933931185,0.034254902759157685,0.17041318842137057
2025-12-28 00:00:00+00:00,-0.1040092098435198,-0.29730305264027745,-0.06202891351776936
2026-01-01 00:00:00+00:00,-0.1169947977713803,-0.30438041943908956,-0.07982656031077452
2026-01-02 00:00:00+00:00,-0.09489037994349384,0.33818856295842825,-0.0651111012742849
2026-01-03 00:00:00+00:00,0.29680323382742635,0.09947139139376046,0.32744684547994174
2026-01-04 00:00:00+00:00,0.3127031878721177,0.1587542285135798,0.3542970555079742
2026-01-08 00:00:00+00:00,0.34233168991884,0.1980560906577656,0.3722102483776203
2026-01-09 00:00:00+00:00,0.3127274548488595,-0.08326947969119641,0.33869829997984385
2026-01-10 00:00:00+00:00,0.12930726576049587,0.3507203551396193,0.1607218031023133
2026-01-11 00:00:00+00:00,0.06174695631054193,0.4303099254964057,0.09668143654441357
2026-01-15 00:00:00+00:00,0.25965535600471373,0.027013583467000307,0.28436593144271516
2026-01-16 00:00:00+00:00,-0.186880217621946,-0.39189591878587493,-0.1549466984410112
2026-01-17 00:00:00+00:00,0.1240067433636781,0.2501385984569362,0.16257449615001082
2026-01-18 00:00:00+00:00,-0.396829996652097,-0.26766097449665055,-0.3548717860429233
2026-01-22 00:00:00+00:00,0.11281177958345236,-0.03017725419824456,0.14782251175051792
2026-01-23 00:00:00+00:00,0.20963549584803315,-0.20488400976664234,0.2374159421333206
2026-01-24 00:00:00+00:00,0.10214567741387509,0.6510658889212955,0.14405282779112819
2026-01-25 00:00:00+00:00,-0.49360811326642345,-0.08288245393935811,-0.4387075688038462
2026-01-29 00:00:00+00:00,-0.48102902172363154,0.4849318965339215,-0.45476854242655484
2026-01-30 00:00:00+00:00,-0.7000845078658307,-0.3038686064998481,-0.6585146684038139
2026-01-31 00:00:00+00:00,-1.5763321916636195,-1.096507271590674,-1.5373363590211924
2026-02-01 00:00:00+00:00,-0.37410992961528106,-0.3107817279152509,-0.33923085037165346
2026-02-05 00:00:00+00:00,-0.34410845522122874,1.8285147873215293,-0.3114003316973061
2026-02-06 00:00:00+00:00,-0.12926759265589532,1.158924133877403,-0.10151790381687772
2026-02-07 00:00:00+00:00,0.238582820041204,-0.04287815801942557,0.27339010759879323
2026-02-08 00:00:00+00:00,0.6242286635758261,0.4374217917350369,0.6546950434388037
2026-02-11 00:00:00+00:00,-0.005505337925167066,-0.10298225347719396,0.021476118058485167
2026-02-12 00:00:00+00:00,-0.3737236985434064,-0.9224733533273795,-0.3458533887305358
2026-02-13 00:00:00+00:00,-0.28387620012153886,0.3105389136461278,-0.25634647973691743
2026-02-14 00:00:00+00:00,-0.009181537851093045,-0.01191458061149532,0.029564585162733543
2026-02-15 00:00:00+00:00,-0.5883178846936282,-0.6232121976718384,-0.5523245311696486
2026-02-19 00:00:00+00:00,0.08348630653911872,-0.3039969163661526,0.10358974275783019
2026-02-20 00:00:00+00:00,0.44830575762792574,0.01580652107812619,0.4766275028700342
2026-02-21 00:00:00+00:00,0.2691323471731359,0.686435705633456,0.30128233686583455
2026-02-22 00:00:00+00:00,-0.13705331741496063,0.19885156573201512,-0.10227358477965715
2026-02-26 00:00:00+00:00,-0.843026342444538,-1.311137931372072,-0.8109832589593968
2026-02-27 00:00:00+00:00,-0.6666326351220749,-0.3293771867230493,-0.6331871496253343
2026-02-28 00:00:00+00:00,-0.05802783205737949,0.0785870788313793,-0.02097374824920665
2026-03-01 00:00:00+00:00,0.1881270033114527,0.21622423523966763,0.22175239760175464
2026-03-05 00:00:00+00:00,-0.004151853545995786,-0.16992502810720103,0.019730866861223686
2026-03-06 00:00:00+00:00,-0.04442046862357507,0.18299024368948072,-0.01198259462901429
2026-03-07 00:00:00+00:00,0.16723236283918574,-0.03049494702896141,0.19840546404562678
2026-03-08 00:00:00+00:00,0.15665735091267757,-0.0725358588924406,0.19135552106531056
2026-03-12 00:00:00+00:00,0.1387698746638822,0.06533363535432017,0.1663720895841037
2026-03-13 00:00:00+00:00,0.040769818179743116,-0.26741589526679704,0.07057214983537381
2026-03-14 00:00:00+00:00,0.1568192171215863,0.09426991494489227,0.18808911573214745
2026-03-15 00:00:00+00:00,-0.39575238036187754,-0.1864598442112249,-0.3414167548061352
2026-03-19 00:00:00+00:00,0.13877256973080412,0.21351349610708342,0.16128768558582077
2026-03-20 00:00:00+00:00,0.02652711368708745,-0.4535854764999187,0.06420133176741685
2026-03-21 00:00:00+00:00,-0.561302480256857,-0.6264512221664502,-0.5225439979526786
2026-03-22 00:00:00+00:00,0.3800996382394232,0.19168707193775283,0.40905763166497244
2026-03-26 00:00:00+00:00,-0.01624284504553245,0.399476997640363,0.007193269190868385
2026-03-27 00:00:00+00:00,0.1295129000248217,0.13999859320514754,0.1688877894960242
2026-03-28 00:00:00+00:00,0.19805588079559786,-0.13955349139578718,0.22915420665683756
2026-03-29 00:00:00+00:00,-0.2049595736764138,-0.3686460812560341,-0.176329895289094
2026-04-02 00:00:00+00:00,0.17571142983571034,0.3786591610637963,0.20945444457538276
2026-04-03 00:00:00+00:00,-0.3546081184498577,-0.6656763280259842,-0.32088486424248597
2026-04-04 00:00:00+00:00,-0.07864950399188443,-0.04102116565667551,-0.032057143844937144
2026-04-05 00:00:00+00:00,-0.25616699371529705,0.05828173304271883,-0.20136414158024937
2026-04-09 00:00:00+00:00,0.1769569583180336,-0.13472451296598664,0.1993533297693357
2026-04-10 00:00:00+00:00,-0.03753568670314754,0.07221562278458861,-0.016354715329063078
2026-04-11 00:00:00+00:00,-0.5112906550187839,-0.3120773335821857,-0.4734021570869551
2026-04-12 00:00:00+00:00,-0.2837306633267555,-0.1656933830004475,-0.24617507037172298
2026-04-16 00:00:00+00:00,-0.03625104792032604,-0.47447895171294796,-0.004967256461951508
2026-04-17 00:00:00+00:00,0.21559019626698037,0.43953233844334916,0.23616535997684007
2026-04-18 00:00:00+00:00,-0.18020960471361522,-0.34462243903507034,-0.1515352699541099
2026-04-19 00:00:00+00:00,-0.2107151331751455,-0.3350203822178932,-0.17158639576588977
2026-04-23 00:00:00+00:00,0.13773410213348558,0.021426455839172076,0.15936325389108333
2026-04-24 00:00:00+00:00,0.2839162377658636,0.0074599555960164765,0.31874881590767085
2026-04-25 00:00:00+00:00,0.16058887207613567,-0.04009146995953419,0.20000686898328734
2026-04-26 00:00:00+00:00,-0.2594932650417218,-0.33962389063390236,-0.22660751844939236
2026-04-30 00:00:00+00:00,0.16125634686265358,-0.04715898580290323,0.18838943616138132
2026-05-01 00:00:00+00:00,0.09000543843420514,0.05843896402451527,0.11817896347014792
2026-05-02 00:00:00+00:00,0.0373154101137494,-0.06279681091482772,0.08645698624027578
2026-05-03 00:00:00+00:00,-0.18723021386394267,-0.31046067163455504,-0.14408056296176425
2026-05-07 00:00:00+00:00,0.07307464976275073,0.22348850494901767,0.09745550598853879
2026-05-08 00:00:00+00:00,0.1689129355963188,-0.013938473085990805,0.20556572105117218
2026-05-09 00:00:00+00:00,-0.0021582644761881115,-0.17572596182663858,0.03375716025591192
2026-05-10 00:00:00+00:00,0.09267571377717833,-0.02205650892977072,0.14051057766452824
2026-05-14 00:00:00+00:00,-0.030115955357940837,-0.13331645953775587,0.0016289331911463157
2026-05-15 00:00:00+00:00,-0.196974223877405,0.010657695104718007,-0.16015180462963158
2026-05-16 00:00:00+00:00,-0.23889990912259873,-0.19372578305984234,-0.18711702799679866
2026-05-17 00:00:00+00:00,-0.29786249443869844,-0.34150859417639506,-0.2627824041943651
2026-05-21 00:00:00+00:00,-0.224302411863163,-0.417130139375108,-0.19819585382704205
2026-05-22 00:00:00+00:00,-0.3069402623460287,0.07518520850246058,-0.2732746618070634
2026-05-23 00:00:00+00:00,-0.3109411591816075,-0.4170423858915845,-0.2556010481969281
2026-05-24 00:00:00+00:00,0.279767128610504,0.1561183651117387,0.3115651472425226
2026-05-28 00:00:00+00:00,0.26845249276184163,-0.11879013950914985,0.2931754230370516
2026-05-29 00:00:00+00:00,0.037502125595108515,-0.17156166829607533,0.06618092916724098
2026-05-30 00:00:00+00:00,-0.1401103935464678,0.04336138289789568,-0.10486097642772724
2026-05-31 00:00:00+00:00,-0.070590160273225,0.09198284734126484,-0.01954300840608751
2026-06-04 00:00:00+00:00,-0.7958546040637382,-0.6145644326303683,-0.7587175127753979
2026-06-05 00:00:00+00:00,-0.044894379457330956,1.2461130697134681,-0.016701297459055003
2026-06-06 00:00:00+00:00,0.2650049647693668,0.06892895320766418,0.2955765632147619
2026-06-07 00:00:00+00:00,-0.6731768219842635,-0.9983426923779704,-0.636528633708761
2026-06-11 00:00:00+00:00,0.4582782890189005,0.506610479895105,0.48246032642262093
2026-06-12 00:00:00+00:00,0.1757762898813461,-0.30137913292430296,0.20217797342221258
2026-06-13 00:00:00+00:00,0.1668460596674342,0.14240348570240197,0.20117949116646508
2026-06-14 00:00:00+00:00,-0.2155941011126461,0.3576850773315966,-0.16273861758871194
2026-06-18 00:00:00+00:00,0.1288224325117108,0.2473268182698112,0.16286785468641335
2026-06-19 00:00:00+00:00,0.08459025732166565,-0.1518570448953997,0.12417684021236709
2026-06-20 00:00:00+00:00,0.015645247755889474,0.009347119984035354,0.05998088690770348
2026-06-25 00:00:00+00:00,0.03120609364927171,0.012586452880409865,0.05749645437324752
2026-06-26 00:00:00+00:00,0.44276338328041087,0.021048403164858676,0.47042687965173324
2026-06-27 00:00:00+00:00,0.26885681406607914,0.3531584814835525,0.30149188126595233
2026-06-28 00:00:00+00:00,0.3025957188965276,0.2737389853571566,0.3347471802138987
2026-07-02 00:00:00+00:00,-0.26512093470627296,0.4226615598984833,-0.2400371349965593
2026-07-03 00:00:00+00:00,0.11480322277903711,0.26301992158020054,0.1537451295072416
2026-07-04 00:00:00+00:00,0.029202029584864467,-0.08895000982085907,0.06371269023407419
2026-07-05 00:00:00+00:00,0.39496691192556554,0.2787234679242104,0.4286188683433672
2026-07-09 00:00:00+00:00,-0.04181106351032127,-0.1608930941185599,-0.0035748230560056138
2026-07-10 00:00:00+00:00,0.3092663449744668,0.5864611076213144,0.3370928311128109
2026-07-11 00:00:00+00:00,0.1081660950795215,0.24532318993041796,0.14212336784804647
2026-07-12 00:00:00+00:00,-0.029882948405101025,0.2924550217931033,0.006038010227432558
2026-07-16 00:00:00+00:00,-0.28100087391457396,-0.061571360593858426,-0.25197669566154746
2026-07-17 00:00:00+00:00,0.13842032512838584,-0.1871907188101978,0.17418820036781502
2026-07-18 00:00:00+00:00,-0.01650739133161749,-0.0812667947453203,0.034710309876427585
2026-07-19 00:00:00+00:00,0.054390865710856676,0.06743431725519607,0.08965874151682349
2026-07-23 00:00:00+00:00,-0.34972915968891694,-0.09735695337177086,-0.3244360581679656
2026-07-24 00:00:00+00:00,0.11108433208240995,-0.08580256854201754,0.13843026370169512
2026-07-25 00:00:00+00:00,-0.14560985257350786,-0.13343648328021387,-0.10516375608635906
2026-07-26 00:00:00+00:00,-0.4565358551104829,-0.6549486338451599,-0.4029919156310095
2026-07-30 00:00:00+00:00,0.06639195614497291,-0.06342977131070889,0.09591001664954073
2026-07-31 00:00:00+00:00,0.15689660543434777,0.30987723855951144,0.1979729492519815
2026-08-01 00:00:00+00:00,-0.261472929811262,-0.4177288352696268,-0.2095251196142336
2026-08-02 00:00:00+00:00,-0.09683669210499485,-0.29114532836939067,-0.041881002957253034
2026-08-06 00:00:00+00:00,0.3064539364194628,0.11274109083039227,0.3339559529460587
2026-08-07 00:00:00+00:00,0.27236907838104363,0.07872180359358014,0.2985955184630091
2026-08-08 00:00:00+00:00,0.08073740466885933,-0.13946340447871286,0.12187601220458014
2026-08-09 00:00:00+00:00,0.1467459153106828,-0.03167930537073449,0.1900382739537165
2026-08-13 00:00:00+00:00,0.20491870245726396,-0.012190119120588289,0.22795567008292755
